dataset,image_id,image_path,mask_path,image_domain,overlaps_isic2019,isic2019_split,isic2019_lesion_id,isic2019_lesion_status,cv2_eligible
isic2018_task1,ISIC_0000000,data/raw/isic2018/images/ISIC2018_Task1-2_Training_Input/ISIC_0000000.jpg,data/raw/isic2018/masks/ISIC2018_Task1_Training_GroundTruth/ISIC_0000000_segmentation.png,dermoscopic,True,train,,unknown,True
isic2018_task1,ISIC_0000001,data/raw/isic2018/images/ISIC2018_Task1-2_Training_Input/ISIC_0000001.jpg,data/raw/isic2018/masks/ISIC2018_Task1_Training_GroundTruth/ISIC_0000001_segmentation.png,dermoscopic,True,train,,unknown,True
isic2018_task1,ISIC_0000003,data/raw/isic2018/images/ISIC2018_Task1-2_Training_Input/ISIC_0000003.jpg,data/raw/isic2018/masks/ISIC2018_Task1_Training_GroundTruth/ISIC_0000003_segmentation.png,dermoscopic,True,train,,unknown,True
isic2018_task1,ISIC_0000004,data/raw/isic2018/images/ISIC2018_Task1-2_Training_Input/ISIC_0000004.jpg,data/raw/isic2018/masks/ISIC2018_Task1_Training_GroundTruth/ISIC_0000004_segmentation.png,dermoscopic,True,train,,unknown,True
isic2018_task1,ISIC_0000006,data/raw/isic2018/images/ISIC2018_Task1-2_Training_Input/ISIC_0000006.jpg,data/raw/isic2018/masks/ISIC2018_Task1_Training_GroundTruth/ISIC_0000006_segmentation.png,dermoscopic,True,train,,unknown,True
isic2018_task1,ISIC_0000007,data/raw/isic2018/images/ISIC2018_Task1-2_Training_Input/ISIC_0000007.jpg,data/raw/isic2018/masks/ISIC2018_Task1_Training_GroundTruth/ISIC_0000007_segmentation.png,dermoscopic,True,train,,unknown,True
isic2018_task1,ISIC_0000008,data/raw/isic2018/images/ISIC2018_Task1-2_Training_Input/ISIC_0000008.jpg,data/raw/isic2018/masks/ISIC2018_Task1_Training_GroundTruth/ISIC_0000008_segmentation.png,dermoscopic,True,train,,unknown,True
isic2018_task1,ISIC_0000009,data/raw/isic2018/images/ISIC2018_Task1-2_Training_Input/ISIC_0000009.jpg,data/raw/isic2018/masks/ISIC2018_Task1_Training_GroundTruth/ISIC_0000009_segmentation.png,dermoscopic,True,train,,unknown,True
isic2018_task1,ISIC_0000011,data/raw/isic2018/images/ISIC2018_Task1-2_Training_Input/ISIC_0000011.jpg,data/raw/isic2018/masks/ISIC2018_Task1_Training_GroundTruth/ISIC_0000011_segmentation.png,dermoscopic,True,train,,unknown,True
isic2018_task1,ISIC_0000012,data/raw/isic2018/images/ISIC2018_Task1-2_Training_Input/ISIC_0000012.jpg,data/raw/isic2018/masks/ISIC2018_Task1_Training_GroundTruth/ISIC_0000012_segmentation.png,dermoscopic,True,train,,unknown,True
isic2018_task1,ISIC_0000013,data/raw/isic2018/images/ISIC2018_Task1-2_Training_Input/ISIC_0000013.jpg,data/raw/isic2018/masks/ISIC2018_Task1_Training_GroundTruth/ISIC_0000013_segmentation.png,dermoscopic,True,train,,unknown,True
isic2018_task1,ISIC_0000014,data/raw/isic2018/images/ISIC2018_Task1-2_Training_Input/ISIC_0000014.jpg,data/raw/isic2018/masks/ISIC2018_Task1_Training_GroundTruth/ISIC_0000014_segmentation.png,dermoscopic,True,train,,unknown,True
isic2018_task1,ISIC_0000015,data/raw/isic2018/images/ISIC2018_Task1-2_Training_Input/ISIC_0000015.jpg,data/raw/isic2018/masks/ISIC2018_Task1_Training_GroundTruth/ISIC_0000015_segmentation.png,dermoscopic,True,train,,unknown,True
isic2018_task1,ISIC_0000016,data/raw/isic2018/images/ISIC2018_Task1-2_Training_Input/ISIC_0000016.jpg,data/raw/isic2018/masks/ISIC2018_Task1_Training_GroundTruth/ISIC_0000016_segmentation.png,dermoscopic,True,train,,unknown,True
isic2018_task1,ISIC_0000017,data/raw/isic2018/images/ISIC2018_Task1-2_Training_Input/ISIC_0000017.jpg,data/raw/isic2018/masks/ISIC2018_Task1_Training_GroundTruth/ISIC_0000017_segmentation.png,dermoscopic,False,,,,True
isic2018_task1,ISIC_0000018,data/raw/isic2018/images/ISIC2018_Task1-2_Training_Input/ISIC_0000018.jpg,data/raw/isic2018/masks/ISIC2018_Task1_Training_GroundTruth/ISIC_0000018_segmentation.png,dermoscopic,False,,,,True
isic2018_task1,ISIC_0000019,data/raw/isic2018/images/ISIC2018_Task1-2_Training_Input/ISIC_0000019.jpg,data/raw/isic2018/masks/ISIC2018_Task1_Training_GroundTruth/ISIC_0000019_segmentation.png,dermoscopic,False,,,,True
isic2018_task1,ISIC_0000020,data/raw/isic2018/images/ISIC2018_Task1-2_Training_Input/ISIC_0000020.jpg,data/raw/isic2018/masks/ISIC2018_Task1_Training_GroundTruth/ISIC_0000020_segmentation.png,dermoscopic,False,,,,True
isic2018_task1,ISIC_0000021,data/raw/isic2018/images/ISIC2018_Task1-2_Training_Input/ISIC_0000021.jpg,data/raw/isic2018/masks/ISIC2018_Task1_Training_GroundTruth/ISIC_0000021_segmentation.png,dermoscopic,False,,,,True
isic2018_task1,ISIC_0000022,data/raw/isic2018/images/ISIC2018_Task1-2_Training_Input/ISIC_0000022.jpg,data/raw/isic2018/masks/ISIC2018_Task1_Training_GroundTruth/ISIC_0000022_segmentation.png,dermoscopic,False,,,,True
isic2018_task1,ISIC_0000023,data/raw/isic2018/images/ISIC2018_Task1-2_Training_Input/ISIC_0000023.jpg,data/raw/isic2018/masks/ISIC2018_Task1_Training_GroundTruth/ISIC_0000023_segmentation.png,dermoscopic,False,,,,True
isic2018_task1,ISIC_0000024,data/raw/isic2018/images/ISIC2018_Task1-2_Training_Input/ISIC_0000024.jpg,data/raw/isic2018/masks/ISIC2018_Task1_Training_GroundTruth/ISIC_0000024_segmentation.png,dermoscopic,False,,,,True
isic2018_task1,ISIC_0000025,data/raw/isic2018/images/ISIC2018_Task1-2_Training_Input/ISIC_0000025.jpg,data/raw/isic2018/masks/ISIC2018_Task1_Training_GroundTruth/ISIC_0000025_segmentation.png,dermoscopic,False,,,,True
isic2018_task1,ISIC_0000026,data/raw/isic2018/images/ISIC2018_Task1-2_Training_Input/ISIC_0000026.jpg,data/raw/isic2018/masks/ISIC2018_Task1_Training_GroundTruth/ISIC_0000026_segmentation.png,dermoscopic,False,,,,True
isic2018_task1,ISIC_0000027,data/raw/isic2018/images/ISIC2018_Task1-2_Training_Input/ISIC_0000027.jpg,data/raw/isic2018/masks/ISIC2018_Task1_Training_GroundTruth/ISIC_0000027_segmentation.png,dermoscopic,False,,,,True
isic2018_task1,ISIC_0000028,data/raw/isic2018/images/ISIC2018_Task1-2_Training_Input/ISIC_0000028.jpg,data/raw/isic2018/masks/ISIC2018_Task1_Training_GroundTruth/ISIC_0000028_segmentation.png,dermoscopic,False,,,,True
isic2018_task1,ISIC_0000029,data/raw/isic2018/images/ISIC2018_Task1-2_Training_Input/ISIC_0000029.jpg,data/raw/isic2018/masks/ISIC2018_Task1_Training_GroundTruth/ISIC_0000029_segmentation.png,dermoscopic,False,,,,True
isic2018_task1,ISIC_0000030,data/raw/isic2018/images/ISIC2018_Task1-2_Training_Input/ISIC_0000030.jpg,data/raw/isic2018/masks/ISIC2018_Task1_Training_GroundTruth/ISIC_0000030_segmentation.png,dermoscopic,False,,,,True
isic2018_task1,ISIC_0000031,data/raw/isic2018/images/ISIC2018_Task1-2_Training_Input/ISIC_0000031.jpg,data/raw/isic2018/masks/ISIC2018_Task1_Training_GroundTruth/ISIC_0000031_segmentation.png,dermoscopic,False,,,,True
isic2018_task1,ISIC_0000035,data/raw/isic2018/images/ISIC2018_Task1-2_Training_Input/ISIC_0000035.jpg,data/raw/isic2018/masks/ISIC2018_Task1_Training_GroundTruth/ISIC_0000035_segmentation.png,dermoscopic,False,,,,True
isic2018_task1,ISIC_0000036,data/raw/isic2018/images/ISIC2018_Task1-2_Training_Input/ISIC_0000036.jpg,data/raw/isic2018/masks/ISIC2018_Task1_Training_GroundTruth/ISIC_0000036_segmentation.png,dermoscopic,False,,,,True
isic2018_task1,ISIC_0000037,data/raw/isic2018/images/ISIC2018_Task1-2_Training_Input/ISIC_0000037.jpg,data/raw/isic2018/masks/ISIC2018_Task1_Training_GroundTruth/ISIC_0000037_segmentation.png,dermoscopic,False,,,,True
isic2018_task1,ISIC_0000038,data/raw/isic2018/images/ISIC2018_Task1-2_Training_Input/ISIC_0000038.jpg,data/raw/isic2018/masks/ISIC2018_Task1_Training_GroundTruth/ISIC_0000038_segmentation.png,dermoscopic,False,,,,True
isic2018_task1,ISIC_0000039,data/raw/isic2018/images/ISIC2018_Task1-2_Training_Input/ISIC_0000039.jpg,data/raw/isic2018/masks/ISIC2018_Task1_Training_GroundTruth/ISIC_0000039_segmentation.png,dermoscopic,False,,,,True
isic2018_task1,ISIC_0000040,data/raw/isic2018/images/ISIC2018_Task1-2_Training_Input/ISIC_0000040.jpg,data/raw/isic2018/masks/ISIC2018_Task1_Training_GroundTruth/ISIC_0000040_segmentation.png,dermoscopic,False,,,,True
isic2018_task1,ISIC_0000041,data/raw/isic2018/images/ISIC2018_Task1-2_Training_Input/ISIC_0000041.jpg,data/raw/isic2018/masks/ISIC2018_Task1_Training_GroundTruth/ISIC_0000041_segmentation.png,dermoscopic,False,,,,True
isic2018_task1,ISIC_0000042,data/raw/isic2018/images/ISIC2018_Task1-2_Training_Input/ISIC_0000042.jpg,data/raw/isic2018/masks/ISIC2018_Task1_Training_GroundTruth/ISIC_0000042_segmentation.png,dermoscopic,False,,,,True
isic2018_task1,ISIC_0000043,data/raw/isic2018/images/ISIC2018_Task1-2_Training_Input/ISIC_0000043.jpg,data/raw/isic2018/masks/ISIC2018_Task1_Training_GroundTruth/ISIC_0000043_segmentation.png,dermoscopic,False,,,,True
isic2018_task1,ISIC_0000044,data/raw/isic2018/images/ISIC2018_Task1-2_Training_Input/ISIC_0000044.jpg,data/raw/isic2018/masks/ISIC2018_Task1_Training_GroundTruth/ISIC_0000044_segmentation.png,dermoscopic,False,,,,True
isic2018_task1,ISIC_0000045,data/raw/isic2018/images/ISIC2018_Task1-2_Training_Input/ISIC_0000045.jpg,data/raw/isic2018/masks/ISIC2018_Task1_Training_GroundTruth/ISIC_0000045_segmentation.png,dermoscopic,False,,,,True
isic2018_task1,ISIC_0000046,data/raw/isic2018/images/ISIC2018_Task1-2_Training_Input/ISIC_0000046.jpg,data/raw/isic2018/masks/ISIC2018_Task1_Training_GroundTruth/ISIC_0000046_segmentation.png,dermoscopic,False,,,,True
isic2018_task1,ISIC_0000049,data/raw/isic2018/images/ISIC2018_Task1-2_Training_Input/ISIC_0000049.jpg,data/raw/isic2018/masks/ISIC2018_Task1_Training_GroundTruth/ISIC_0000049_segmentation.png,dermoscopic,False,,,,True
isic2018_task1,ISIC_0000050,data/raw/isic2018/images/ISIC2018_Task1-2_Training_Input/ISIC_0000050.jpg,data/raw/isic2018/masks/ISIC2018_Task1_Training_GroundTruth/ISIC_0000050_segmentation.png,dermoscopic,False,,,,True
isic2018_task1,ISIC_0000051,data/raw/isic2018/images/ISIC2018_Task1-2_Training_Input/ISIC_0000051.jpg,data/raw/isic2018/masks/ISIC2018_Task1_Training_GroundTruth/ISIC_0000051_segmentation.png,dermoscopic,False,,,,True
isic2018_task1,ISIC_0000054,data/raw/isic2018/images/ISIC2018_Task1-2_Training_Input/ISIC_0000054.jpg,data/raw/isic2018/masks/ISIC2018_Task1_Training_GroundTruth/ISIC_0000054_segmentation.png,dermoscopic,False,,,,True
isic2018_task1,ISIC_0000056,data/raw/isic2018/images/ISIC2018_Task1-2_Training_Input/ISIC_0000056.jpg,data/raw/isic2018/masks/ISIC2018_Task1_Training_GroundTruth/ISIC_0000056_segmentation.png,dermoscopic,False,,,,True
isic2018_task1,ISIC_0000057,data/raw/isic2018/images/ISIC2018_Task1-2_Training_Input/ISIC_0000057.jpg,data/raw/isic2018/masks/ISIC2018_Task1_Training_GroundTruth/ISIC_0000057_segmentation.png,dermoscopic,False,,,,True
isic2018_task1,ISIC_0000058,data/raw/isic2018/images/ISIC2018_Task1-2_Training_Input/ISIC_0000058.jpg,data/raw/isic2018/masks/ISIC2018_Task1_Training_GroundTruth/ISIC_0000058_segmentation.png,dermoscopic,False,,,,True
isic2018_task1,ISIC_0000059,data/raw/isic2018/images/ISIC2018_Task1-2_Training_Input/ISIC_0000059.jpg,data/raw/isic2018/masks/ISIC2018_Task1_Training_GroundTruth/ISIC_0000059_segmentation.png,dermoscopic,False,,,,True
isic2018_task1,ISIC_0000062,data/raw/isic2018/images/ISIC2018_Task1-2_Training_Input/ISIC_0000062.jpg,data/raw/isic2018/masks/ISIC2018_Task1_Training_GroundTruth/ISIC_0000062_segmentation.png,dermoscopic,False,,,,True
isic2018_task1,ISIC_0000063,data/raw/isic2018/images/ISIC2018_Task1-2_Training_Input/ISIC_0000063.jpg,data/raw/isic2018/masks/ISIC2018_Task1_Training_GroundTruth/ISIC_0000063_segmentation.png,dermoscopic,False,,,,True
isic2018_task1,ISIC_0000064,data/raw/isic2018/images/ISIC2018_Task1-2_Training_Input/ISIC_0000064.jpg,data/raw/isic2018/masks/ISIC2018_Task1_Training_GroundTruth/ISIC_0000064_segmentation.png,dermoscopic,False,,,,True
isic2018_task1,ISIC_0000065,data/raw/isic2018/images/ISIC2018_Task1-2_Training_Input/ISIC_0000065.jpg,data/raw/isic2018/masks/ISIC2018_Task1_Training_GroundTruth/ISIC_0000065_segmentation.png,dermoscopic,False,,,,True
isic2018_task1,ISIC_0000066,data/raw/isic2018/images/ISIC2018_Task1-2_Training_Input/ISIC_0000066.jpg,data/raw/isic2018/masks/ISIC2018_Task1_Training_GroundTruth/ISIC_0000066_segmentation.png,dermoscopic,True,train,,unknown,True
isic2018_task1,ISIC_0000067,data/raw/isic2018/images/ISIC2018_Task1-2_Training_Input/ISIC_0000067.jpg,data/raw/isic2018/masks/ISIC2018_Task1_Training_GroundTruth/ISIC_0000067_segmentation.png,dermoscopic,True,train,,unknown,True
isic2018_task1,ISIC_0000068,data/raw/isic2018/images/ISIC2018_Task1-2_Training_Input/ISIC_0000068.jpg,data/raw/isic2018/masks/ISIC2018_Task1_Training_GroundTruth/ISIC_0000068_segmentation.png,dermoscopic,True,train,,unknown,True
isic2018_task1,ISIC_0000069,data/raw/isic2018/images/ISIC2018_Task1-2_Training_Input/ISIC_0000069.jpg,data/raw/isic2018/masks/ISIC2018_Task1_Training_GroundTruth/ISIC_0000069_segmentation.png,dermoscopic,True,train,,unknown,True
isic2018_task1,ISIC_0000071,data/raw/isic2018/images/ISIC2018_Task1-2_Training_Input/ISIC_0000071.jpg,data/raw/isic2018/masks/ISIC2018_Task1_Training_GroundTruth/ISIC_0000071_segmentation.png,dermoscopic,True,train,,unknown,True
isic2018_task1,ISIC_0000073,data/raw/isic2018/images/ISIC2018_Task1-2_Training_Input/ISIC_0000073.jpg,data/raw/isic2018/masks/ISIC2018_Task1_Training_GroundTruth/ISIC_0000073_segmentation.png,dermoscopic,True,train,,unknown,True
isic2018_task1,ISIC_0000077,data/raw/isic2018/images/ISIC2018_Task1-2_Training_Input/ISIC_0000077.jpg,data/raw/isic2018/masks/ISIC2018_Task1_Training_GroundTruth/ISIC_0000077_segmentation.png,dermoscopic,False,,,,True
isic2018_task1,ISIC_0000078,data/raw/isic2018/images/ISIC2018_Task1-2_Training_Input/ISIC_0000078.jpg,data/raw/isic2018/masks/ISIC2018_Task1_Training_GroundTruth/ISIC_0000078_segmentation.png,dermoscopic,False,,,,True
isic2018_task1,ISIC_0000080,data/raw/isic2018/images/ISIC2018_Task1-2_Training_Input/ISIC_0000080.jpg,data/raw/isic2018/masks/ISIC2018_Task1_Training_GroundTruth/ISIC_0000080_segmentation.png,dermoscopic,False,,,,True
isic2018_task1,ISIC_0000081,data/raw/isic2018/images/ISIC2018_Task1-2_Training_Input/ISIC_0000081.jpg,data/raw/isic2018/masks/ISIC2018_Task1_Training_GroundTruth/ISIC_0000081_segmentation.png,dermoscopic,False,,,,True
isic2018_task1,ISIC_0000085,data/raw/isic2018/images/ISIC2018_Task1-2_Training_Input/ISIC_0000085.jpg,data/raw/isic2018/masks/ISIC2018_Task1_Training_GroundTruth/ISIC_0000085_segmentation.png,dermoscopic,False,,,,True
isic2018_task1,ISIC_0000086,data/raw/isic2018/images/ISIC2018_Task1-2_Training_Input/ISIC_0000086.jpg,data/raw/isic2018/masks/ISIC2018_Task1_Training_GroundTruth/ISIC_0000086_segmentation.png,dermoscopic,False,,,,True
isic2018_task1,ISIC_0000087,data/raw/isic2018/images/ISIC2018_Task1-2_Training_Input/ISIC_0000087.jpg,data/raw/isic2018/masks/ISIC2018_Task1_Training_GroundTruth/ISIC_0000087_segmentation.png,dermoscopic,False,,,,True
isic2018_task1,ISIC_0000088,data/raw/isic2018/images/ISIC2018_Task1-2_Training_Input/ISIC_0000088.jpg,data/raw/isic2018/masks/ISIC2018_Task1_Training_GroundTruth/ISIC_0000088_segmentation.png,dermoscopic,False,,,,True
isic2018_task1,ISIC_0000089,data/raw/isic2018/images/ISIC2018_Task1-2_Training_Input/ISIC_0000089.jpg,data/raw/isic2018/masks/ISIC2018_Task1_Training_GroundTruth/ISIC_0000089_segmentation.png,dermoscopic,False,,,,True
isic2018_task1,ISIC_0000091,data/raw/isic2018/images/ISIC2018_Task1-2_Training_Input/ISIC_0000091.jpg,data/raw/isic2018/masks/ISIC2018_Task1_Training_GroundTruth/ISIC_0000091_segmentation.png,dermoscopic,False,,,,True
isic2018_task1,ISIC_0000092,data/raw/isic2018/images/ISIC2018_Task1-2_Training_Input/ISIC_0000092.jpg,data/raw/isic2018/masks/ISIC2018_Task1_Training_GroundTruth/ISIC_0000092_segmentation.png,dermoscopic,False,,,,True
isic2018_task1,ISIC_0000093,data/raw/isic2018/images/ISIC2018_Task1-2_Training_Input/ISIC_0000093.jpg,data/raw/isic2018/masks/ISIC2018_Task1_Training_GroundTruth/ISIC_0000093_segmentation.png,dermoscopic,False,,,,True
isic2018_task1,ISIC_0000094,data/raw/isic2018/images/ISIC2018_Task1-2_Training_Input/ISIC_0000094.jpg,data/raw/isic2018/masks/ISIC2018_Task1_Training_GroundTruth/ISIC_0000094_segmentation.png,dermoscopic,False,,,,True
isic2018_task1,ISIC_0000095,data/raw/isic2018/images/ISIC2018_Task1-2_Training_Input/ISIC_0000095.jpg,data/raw/isic2018/masks/ISIC2018_Task1_Training_GroundTruth/ISIC_0000095_segmentation.png,dermoscopic,False,,,,True
isic2018_task1,ISIC_0000096,data/raw/isic2018/images/ISIC2018_Task1-2_Training_Input/ISIC_0000096.jpg,data/raw/isic2018/masks/ISIC2018_Task1_Training_GroundTruth/ISIC_0000096_segmentation.png,dermoscopic,False,,,,True
isic2018_task1,ISIC_0000097,data/raw/isic2018/images/ISIC2018_Task1-2_Training_Input/ISIC_0000097.jpg,data/raw/isic2018/masks/ISIC2018_Task1_Training_GroundTruth/ISIC_0000097_segmentation.png,dermoscopic,False,,,,True
isic2018_task1,ISIC_0000098,data/raw/isic2018/images/ISIC2018_Task1-2_Training_Input/ISIC_0000098.jpg,data/raw/isic2018/masks/ISIC2018_Task1_Training_GroundTruth/ISIC_0000098_segmentation.png,dermoscopic,False,,,,True
isic2018_task1,ISIC_0000099,data/raw/isic2018/images/ISIC2018_Task1-2_Training_Input/ISIC_0000099.jpg,data/raw/isic2018/masks/ISIC2018_Task1_Training_GroundTruth/ISIC_0000099_segmentation.png,dermoscopic,False,,,,True
isic2018_task1,ISIC_0000100,data/raw/isic2018/images/ISIC2018_Task1-2_Training_Input/ISIC_0000100.jpg,data/raw/isic2018/masks/ISIC2018_Task1_Training_GroundTruth/ISIC_0000100_segmentation.png,dermoscopic,False,,,,True
isic2018_task1,ISIC_0000101,data/raw/isic2018/images/ISIC2018_Task1-2_Training_Input/ISIC_0000101.jpg,data/raw/isic2018/masks/ISIC2018_Task1_Training_GroundTruth/ISIC_0000101_segmentation.png,dermoscopic,False,,,,True
isic2018_task1,ISIC_0000103,data/raw/isic2018/images/ISIC2018_Task1-2_Training_Input/ISIC_0000103.jpg,data/raw/isic2018/masks/ISIC2018_Task1_Training_GroundTruth/ISIC_0000103_segmentation.png,dermoscopic,False,,,,True
isic2018_task1,ISIC_0000104,data/raw/isic2018/images/ISIC2018_Task1-2_Training_Input/ISIC_0000104.jpg,data/raw/isic2018/masks/ISIC2018_Task1_Training_GroundTruth/ISIC_0000104_segmentation.png,dermoscopic,False,,,,True
isic2018_task1,ISIC_0000107,data/raw/isic2018/images/ISIC2018_Task1-2_Training_Input/ISIC_0000107.jpg,data/raw/isic2018/masks/ISIC2018_Task1_Training_GroundTruth/ISIC_0000107_segmentation.png,dermoscopic,False,,,,True
isic2018_task1,ISIC_0000108,data/raw/isic2018/images/ISIC2018_Task1-2_Training_Input/ISIC_0000108.jpg,data/raw/isic2018/masks/ISIC2018_Task1_Training_GroundTruth/ISIC_0000108_segmentation.png,dermoscopic,False,,,,True
isic2018_task1,ISIC_0000109,data/raw/isic2018/images/ISIC2018_Task1-2_Training_Input/ISIC_0000109.jpg,data/raw/isic2018/masks/ISIC2018_Task1_Training_GroundTruth/ISIC_0000109_segmentation.png,dermoscopic,False,,,,True
isic2018_task1,ISIC_0000111,data/raw/isic2018/images/ISIC2018_Task1-2_Training_Input/ISIC_0000111.jpg,data/raw/isic2018/masks/ISIC2018_Task1_Training_GroundTruth/ISIC_0000111_segmentation.png,dermoscopic,False,,,,True
isic2018_task1,ISIC_0000112,data/raw/isic2018/images/ISIC2018_Task1-2_Training_Input/ISIC_0000112.jpg,data/raw/isic2018/masks/ISIC2018_Task1_Training_GroundTruth/ISIC_0000112_segmentation.png,dermoscopic,False,,,,True
isic2018_task1,ISIC_0000113,data/raw/isic2018/images/ISIC2018_Task1-2_Training_Input/ISIC_0000113.jpg,data/raw/isic2018/masks/ISIC2018_Task1_Training_GroundTruth/ISIC_0000113_segmentation.png,dermoscopic,False,,,,True
isic2018_task1,ISIC_0000115,data/raw/isic2018/images/ISIC2018_Task1-2_Training_Input/ISIC_0000115.jpg,data/raw/isic2018/masks/ISIC2018_Task1_Training_GroundTruth/ISIC_0000115_segmentation.png,dermoscopic,False,,,,True
isic2018_task1,ISIC_0000116,data/raw/isic2018/images/ISIC2018_Task1-2_Training_Input/ISIC_0000116.jpg,data/raw/isic2018/masks/ISIC2018_Task1_Training_GroundTruth/ISIC_0000116_segmentation.png,dermoscopic,False,,,,True
isic2018_task1,ISIC_0000117,data/raw/isic2018/images/ISIC2018_Task1-2_Training_Input/ISIC_0000117.jpg,data/raw/isic2018/masks/ISIC2018_Task1_Training_GroundTruth/ISIC_0000117_segmentation.png,dermoscopic,False,,,,True
isic2018_task1,ISIC_0000119,data/raw/isic2018/images/ISIC2018_Task1-2_Training_Input/ISIC_0000119.jpg,data/raw/isic2018/masks/ISIC2018_Task1_Training_GroundTruth/ISIC_0000119_segmentation.png,dermoscopic,False,,,,True
isic2018_task1,ISIC_0000120,data/raw/isic2018/images/ISIC2018_Task1-2_Training_Input/ISIC_0000120.jpg,data/raw/isic2018/masks/ISIC2018_Task1_Training_GroundTruth/ISIC_0000120_segmentation.png,dermoscopic,False,,,,True
isic2018_task1,ISIC_0000122,data/raw/isic2018/images/ISIC2018_Task1-2_Training_Input/ISIC_0000122.jpg,data/raw/isic2018/masks/ISIC2018_Task1_Training_GroundTruth/ISIC_0000122_segmentation.png,dermoscopic,False,,,,True
isic2018_task1,ISIC_0000124,data/raw/isic2018/images/ISIC2018_Task1-2_Training_Input/ISIC_0000124.jpg,data/raw/isic2018/masks/ISIC2018_Task1_Training_GroundTruth/ISIC_0000124_segmentation.png,dermoscopic,False,,,,True
isic2018_task1,ISIC_0000125,data/raw/isic2018/images/ISIC2018_Task1-2_Training_Input/ISIC_0000125.jpg,data/raw/isic2018/masks/ISIC2018_Task1_Training_GroundTruth/ISIC_0000125_segmentation.png,dermoscopic,False,,,,True
isic2018_task1,ISIC_0000126,data/raw/isic2018/images/ISIC2018_Task1-2_Training_Input/ISIC_0000126.jpg,data/raw/isic2018/masks/ISIC2018_Task1_Training_GroundTruth/ISIC_0000126_segmentation.png,dermoscopic,False,,,,True
isic2018_task1,ISIC_0000127,data/raw/isic2018/images/ISIC2018_Task1-2_Training_Input/ISIC_0000127.jpg,data/raw/isic2018/masks/ISIC2018_Task1_Training_GroundTruth/ISIC_0000127_segmentation.png,dermoscopic,False,,,,True
isic2018_task1,ISIC_0000128,data/raw/isic2018/images/ISIC2018_Task1-2_Training_Input/ISIC_0000128.jpg,data/raw/isic2018/masks/ISIC2018_Task1_Training_GroundTruth/ISIC_0000128_segmentation.png,dermoscopic,False,,,,True
isic2018_task1,ISIC_0000129,data/raw/isic2018/images/ISIC2018_Task1-2_Training_Input/ISIC_0000129.jpg,data/raw/isic2018/masks/ISIC2018_Task1_Training_GroundTruth/ISIC_0000129_segmentation.png,dermoscopic,False,,,,True
isic2018_task1,ISIC_0000131,data/raw/isic2018/images/ISIC2018_Task1-2_Training_Input/ISIC_0000131.jpg,data/raw/isic2018/masks/ISIC2018_Task1_Training_GroundTruth/ISIC_0000131_segmentation.png,dermoscopic,False,,,,True
isic2018_task1,ISIC_0000132,data/raw/isic2018/images/ISIC2018_Task1-2_Training_Input/ISIC_0000132.jpg,data/raw/isic2018/masks/ISIC2018_Task1_Training_GroundTruth/ISIC_0000132_segmentation.png,dermoscopic,False,,,,True
isic2018_task1,ISIC_0000133,data/raw/isic2018/images/ISIC2018_Task1-2_Training_Input/ISIC_0000133.jpg,data/raw/isic2018/masks/ISIC2018_Task1_Training_GroundTruth/ISIC_0000133_segmentation.png,dermoscopic,False,,,,True
isic2018_task1,ISIC_0000134,data/raw/isic2018/images/ISIC2018_Task1-2_Training_Input/ISIC_0000134.jpg,data/raw/isic2018/masks/ISIC2018_Task1_Training_GroundTruth/ISIC_0000134_segmentation.png,dermoscopic,False,,,,True
isic2018_task1,ISIC_0000135,data/raw/isic2018/images/ISIC2018_Task1-2_Training_Input/ISIC_0000135.jpg,data/raw/isic2018/masks/ISIC2018_Task1_Training_GroundTruth/ISIC_0000135_segmentation.png,dermoscopic,False,,,,True
isic2018_task1,ISIC_0000136,data/raw/isic2018/images/ISIC2018_Task1-2_Training_Input/ISIC_0000136.jpg,data/raw/isic2018/masks/ISIC2018_Task1_Training_GroundTruth/ISIC_0000136_segmentation.png,dermoscopic,False,,,,True
isic2018_task1,ISIC_0000138,data/raw/isic2018/images/ISIC2018_Task1-2_Training_Input/ISIC_0000138.jpg,data/raw/isic2018/masks/ISIC2018_Task1_Training_GroundTruth/ISIC_0000138_segmentation.png,dermoscopic,False,,,,True
isic2018_task1,ISIC_0000139,data/raw/isic2018/images/ISIC2018_Task1-2_Training_Input/ISIC_0000139.jpg,data/raw/isic2018/masks/ISIC2018_Task1_Training_GroundTruth/ISIC_0000139_segmentation.png,dermoscopic,False,,,,True
isic2018_task1,ISIC_0000140,data/raw/isic2018/images/ISIC2018_Task1-2_Training_Input/ISIC_0000140.jpg,data/raw/isic2018/masks/ISIC2018_Task1_Training_GroundTruth/ISIC_0000140_segmentation.png,dermoscopic,False,,,,True
isic2018_task1,ISIC_0000141,data/raw/isic2018/images/ISIC2018_Task1-2_Training_Input/ISIC_0000141.jpg,data/raw/isic2018/masks/ISIC2018_Task1_Training_GroundTruth/ISIC_0000141_segmentation.png,dermoscopic,False,,,,True
isic2018_task1,ISIC_0000142,data/raw/isic2018/images/ISIC2018_Task1-2_Training_Input/ISIC_0000142.jpg,data/raw/isic2018/masks/ISIC2018_Task1_Training_GroundTruth/ISIC_0000142_segmentation.png,dermoscopic,False,,,,True
isic2018_task1,ISIC_0000143,data/raw/isic2018/images/ISIC2018_Task1-2_Training_Input/ISIC_0000143.jpg,data/raw/isic2018/masks/ISIC2018_Task1_Training_GroundTruth/ISIC_0000143_segmentation.png,dermoscopic,False,,,,True
isic2018_task1,ISIC_0000145,data/raw/isic2018/images/ISIC2018_Task1-2_Training_Input/ISIC_0000145.jpg,data/raw/isic2018/masks/ISIC2018_Task1_Training_GroundTruth/ISIC_0000145_segmentation.png,dermoscopic,False,,,,True
isic2018_task1,ISIC_0000146,data/raw/isic2018/images/ISIC2018_Task1-2_Training_Input/ISIC_0000146.jpg,data/raw/isic2018/masks/ISIC2018_Task1_Training_GroundTruth/ISIC_0000146_segmentation.png,dermoscopic,False,,,,True
isic2018_task1,ISIC_0000147,data/raw/isic2018/images/ISIC2018_Task1-2_Training_Input/ISIC_0000147.jpg,data/raw/isic2018/masks/ISIC2018_Task1_Training_GroundTruth/ISIC_0000147_segmentation.png,dermoscopic,False,,,,True
isic2018_task1,ISIC_0000150,data/raw/isic2018/images/ISIC2018_Task1-2_Training_Input/ISIC_0000150.jpg,data/raw/isic2018/masks/ISIC2018_Task1_Training_GroundTruth/ISIC_0000150_segmentation.png,dermoscopic,False,,,,True
isic2018_task1,ISIC_0000151,data/raw/isic2018/images/ISIC2018_Task1-2_Training_Input/ISIC_0000151.jpg,data/raw/isic2018/masks/ISIC2018_Task1_Training_GroundTruth/ISIC_0000151_segmentation.png,dermoscopic,False,,,,True
isic2018_task1,ISIC_0000152,data/raw/isic2018/images/ISIC2018_Task1-2_Training_Input/ISIC_0000152.jpg,data/raw/isic2018/masks/ISIC2018_Task1_Training_GroundTruth/ISIC_0000152_segmentation.png,dermoscopic,False,,,,True
isic2018_task1,ISIC_0000153,data/raw/isic2018/images/ISIC2018_Task1-2_Training_Input/ISIC_0000153.jpg,data/raw/isic2018/masks/ISIC2018_Task1_Training_GroundTruth/ISIC_0000153_segmentation.png,dermoscopic,False,,,,True
isic2018_task1,ISIC_0000154,data/raw/isic2018/images/ISIC2018_Task1-2_Training_Input/ISIC_0000154.jpg,data/raw/isic2018/masks/ISIC2018_Task1_Training_GroundTruth/ISIC_0000154_segmentation.png,dermoscopic,False,,,,True
isic2018_task1,ISIC_0000156,data/raw/isic2018/images/ISIC2018_Task1-2_Training_Input/ISIC_0000156.jpg,data/raw/isic2018/masks/ISIC2018_Task1_Training_GroundTruth/ISIC_0000156_segmentation.png,dermoscopic,False,,,,True
isic2018_task1,ISIC_0000157,data/raw/isic2018/images/ISIC2018_Task1-2_Training_Input/ISIC_0000157.jpg,data/raw/isic2018/masks/ISIC2018_Task1_Training_GroundTruth/ISIC_0000157_segmentation.png,dermoscopic,True,train,,unknown,True
isic2018_task1,ISIC_0000159,data/raw/isic2018/images/ISIC2018_Task1-2_Training_Input/ISIC_0000159.jpg,data/raw/isic2018/masks/ISIC2018_Task1_Training_GroundTruth/ISIC_0000159_segmentation.png,dermoscopic,True,train,,unknown,True
isic2018_task1,ISIC_0000160,data/raw/isic2018/images/ISIC2018_Task1-2_Training_Input/ISIC_0000160.jpg,data/raw/isic2018/masks/ISIC2018_Task1_Training_GroundTruth/ISIC_0000160_segmentation.png,dermoscopic,True,train,,unknown,True
isic2018_task1,ISIC_0000161,data/raw/isic2018/images/ISIC2018_Task1-2_Training_Input/ISIC_0000161.jpg,data/raw/isic2018/masks/ISIC2018_Task1_Training_GroundTruth/ISIC_0000161_segmentation.png,dermoscopic,True,train,,unknown,True
isic2018_task1,ISIC_0000162,data/raw/isic2018/images/ISIC2018_Task1-2_Training_Input/ISIC_0000162.jpg,data/raw/isic2018/masks/ISIC2018_Task1_Training_GroundTruth/ISIC_0000162_segmentation.png,dermoscopic,True,train,,unknown,True
isic2018_task1,ISIC_0000163,data/raw/isic2018/images/ISIC2018_Task1-2_Training_Input/ISIC_0000163.jpg,data/raw/isic2018/masks/ISIC2018_Task1_Training_GroundTruth/ISIC_0000163_segmentation.png,dermoscopic,True,train,,unknown,True
isic2018_task1,ISIC_0000165,data/raw/isic2018/images/ISIC2018_Task1-2_Training_Input/ISIC_0000165.jpg,data/raw/isic2018/masks/ISIC2018_Task1_Training_GroundTruth/ISIC_0000165_segmentation.png,dermoscopic,True,train,,unknown,True
isic2018_task1,ISIC_0000166,data/raw/isic2018/images/ISIC2018_Task1-2_Training_Input/ISIC_0000166.jpg,data/raw/isic2018/masks/ISIC2018_Task1_Training_GroundTruth/ISIC_0000166_segmentation.png,dermoscopic,True,train,,unknown,True
isic2018_task1,ISIC_0000167,data/raw/isic2018/images/ISIC2018_Task1-2_Training_Input/ISIC_0000167.jpg,data/raw/isic2018/masks/ISIC2018_Task1_Training_GroundTruth/ISIC_0000167_segmentation.png,dermoscopic,True,train,,unknown,True
isic2018_task1,ISIC_0000169,data/raw/isic2018/images/ISIC2018_Task1-2_Training_Input/ISIC_0000169.jpg,data/raw/isic2018/masks/ISIC2018_Task1_Training_GroundTruth/ISIC_0000169_segmentation.png,dermoscopic,True,train,,unknown,True
isic2018_task1,ISIC_0000170,data/raw/isic2018/images/ISIC2018_Task1-2_Training_Input/ISIC_0000170.jpg,data/raw/isic2018/masks/ISIC2018_Task1_Training_GroundTruth/ISIC_0000170_segmentation.png,dermoscopic,True,train,,unknown,True
isic2018_task1,ISIC_0000171,data/raw/isic2018/images/ISIC2018_Task1-2_Training_Input/ISIC_0000171.jpg,data/raw/isic2018/masks/ISIC2018_Task1_Training_GroundTruth/ISIC_0000171_segmentation.png,dermoscopic,True,train,,unknown,True
isic2018_task1,ISIC_0000172,data/raw/isic2018/images/ISIC2018_Task1-2_Training_Input/ISIC_0000172.jpg,data/raw/isic2018/masks/ISIC2018_Task1_Training_GroundTruth/ISIC_0000172_segmentation.png,dermoscopic,True,train,,unknown,True
isic2018_task1,ISIC_0000175,data/raw/isic2018/images/ISIC2018_Task1-2_Training_Input/ISIC_0000175.jpg,data/raw/isic2018/masks/ISIC2018_Task1_Training_GroundTruth/ISIC_0000175_segmentation.png,dermoscopic,True,train,,unknown,True
isic2018_task1,ISIC_0000176,data/raw/isic2018/images/ISIC2018_Task1-2_Training_Input/ISIC_0000176.jpg,data/raw/isic2018/masks/ISIC2018_Task1_Training_GroundTruth/ISIC_0000176_segmentation.png,dermoscopic,False,,,,True
isic2018_task1,ISIC_0000177,data/raw/isic2018/images/ISIC2018_Task1-2_Training_Input/ISIC_0000177.jpg,data/raw/isic2018/masks/ISIC2018_Task1_Training_GroundTruth/ISIC_0000177_segmentation.png,dermoscopic,False,,,,True
isic2018_task1,ISIC_0000179,data/raw/isic2018/images/ISIC2018_Task1-2_Training_Input/ISIC_0000179.jpg,data/raw/isic2018/masks/ISIC2018_Task1_Training_GroundTruth/ISIC_0000179_segmentation.png,dermoscopic,False,,,,True
isic2018_task1,ISIC_0000181,data/raw/isic2018/images/ISIC2018_Task1-2_Training_Input/ISIC_0000181.jpg,data/raw/isic2018/masks/ISIC2018_Task1_Training_GroundTruth/ISIC_0000181_segmentation.png,dermoscopic,False,,,,True
isic2018_task1,ISIC_0000183,data/raw/isic2018/images/ISIC2018_Task1-2_Training_Input/ISIC_0000183.jpg,data/raw/isic2018/masks/ISIC2018_Task1_Training_GroundTruth/ISIC_0000183_segmentation.png,dermoscopic,False,,,,True
isic2018_task1,ISIC_0000184,data/raw/isic2018/images/ISIC2018_Task1-2_Training_Input/ISIC_0000184.jpg,data/raw/isic2018/masks/ISIC2018_Task1_Training_GroundTruth/ISIC_0000184_segmentation.png,dermoscopic,False,,,,True
isic2018_task1,ISIC_0000186,data/raw/isic2018/images/ISIC2018_Task1-2_Training_Input/ISIC_0000186.jpg,data/raw/isic2018/masks/ISIC2018_Task1_Training_GroundTruth/ISIC_0000186_segmentation.png,dermoscopic,False,,,,True
isic2018_task1,ISIC_0000188,data/raw/isic2018/images/ISIC2018_Task1-2_Training_Input/ISIC_0000188.jpg,data/raw/isic2018/masks/ISIC2018_Task1_Training_GroundTruth/ISIC_0000188_segmentation.png,dermoscopic,False,,,,True
isic2018_task1,ISIC_0000190,data/raw/isic2018/images/ISIC2018_Task1-2_Training_Input/ISIC_0000190.jpg,data/raw/isic2018/masks/ISIC2018_Task1_Training_GroundTruth/ISIC_0000190_segmentation.png,dermoscopic,True,train,,unknown,True
isic2018_task1,ISIC_0000191,data/raw/isic2018/images/ISIC2018_Task1-2_Training_Input/ISIC_0000191.jpg,data/raw/isic2018/masks/ISIC2018_Task1_Training_GroundTruth/ISIC_0000191_segmentation.png,dermoscopic,False,,,,True
isic2018_task1,ISIC_0000193,data/raw/isic2018/images/ISIC2018_Task1-2_Training_Input/ISIC_0000193.jpg,data/raw/isic2018/masks/ISIC2018_Task1_Training_GroundTruth/ISIC_0000193_segmentation.png,dermoscopic,False,,,,True
isic2018_task1,ISIC_0000197,data/raw/isic2018/images/ISIC2018_Task1-2_Training_Input/ISIC_0000197.jpg,data/raw/isic2018/masks/ISIC2018_Task1_Training_GroundTruth/ISIC_0000197_segmentation.png,dermoscopic,False,,,,True
isic2018_task1,ISIC_0000198,data/raw/isic2018/images/ISIC2018_Task1-2_Training_Input/ISIC_0000198.jpg,data/raw/isic2018/masks/ISIC2018_Task1_Training_GroundTruth/ISIC_0000198_segmentation.png,dermoscopic,True,train,,unknown,True
isic2018_task1,ISIC_0000201,data/raw/isic2018/images/ISIC2018_Task1-2_Training_Input/ISIC_0000201.jpg,data/raw/isic2018/masks/ISIC2018_Task1_Training_GroundTruth/ISIC_0000201_segmentation.png,dermoscopic,False,,,,True
isic2018_task1,ISIC_0000202,data/raw/isic2018/images/ISIC2018_Task1-2_Training_Input/ISIC_0000202.jpg,data/raw/isic2018/masks/ISIC2018_Task1_Training_GroundTruth/ISIC_0000202_segmentation.png,dermoscopic,False,,,,True
isic2018_task1,ISIC_0000203,data/raw/isic2018/images/ISIC2018_Task1-2_Training_Input/ISIC_0000203.jpg,data/raw/isic2018/masks/ISIC2018_Task1_Training_GroundTruth/ISIC_0000203_segmentation.png,dermoscopic,False,,,,True
isic2018_task1,ISIC_0000204,data/raw/isic2018/images/ISIC2018_Task1-2_Training_Input/ISIC_0000204.jpg,data/raw/isic2018/masks/ISIC2018_Task1_Training_GroundTruth/ISIC_0000204_segmentation.png,dermoscopic,False,,,,True
isic2018_task1,ISIC_0000205,data/raw/isic2018/images/ISIC2018_Task1-2_Training_Input/ISIC_0000205.jpg,data/raw/isic2018/masks/ISIC2018_Task1_Training_GroundTruth/ISIC_0000205_segmentation.png,dermoscopic,False,,,,True
isic2018_task1,ISIC_0000206,data/raw/isic2018/images/ISIC2018_Task1-2_Training_Input/ISIC_0000206.jpg,data/raw/isic2018/masks/ISIC2018_Task1_Training_GroundTruth/ISIC_0000206_segmentation.png,dermoscopic,False,,,,True
isic2018_task1,ISIC_0000207,data/raw/isic2018/images/ISIC2018_Task1-2_Training_Input/ISIC_0000207.jpg,data/raw/isic2018/masks/ISIC2018_Task1_Training_GroundTruth/ISIC_0000207_segmentation.png,dermoscopic,False,,,,True
isic2018_task1,ISIC_0000208,data/raw/isic2018/images/ISIC2018_Task1-2_Training_Input/ISIC_0000208.jpg,data/raw/isic2018/masks/ISIC2018_Task1_Training_GroundTruth/ISIC_0000208_segmentation.png,dermoscopic,False,,,,True
isic2018_task1,ISIC_0000210,data/raw/isic2018/images/ISIC2018_Task1-2_Training_Input/ISIC_0000210.jpg,data/raw/isic2018/masks/ISIC2018_Task1_Training_GroundTruth/ISIC_0000210_segmentation.png,dermoscopic,True,train,,unknown,True
isic2018_task1,ISIC_0000211,data/raw/isic2018/images/ISIC2018_Task1-2_Training_Input/ISIC_0000211.jpg,data/raw/isic2018/masks/ISIC2018_Task1_Training_GroundTruth/ISIC_0000211_segmentation.png,dermoscopic,True,train,,unknown,True
isic2018_task1,ISIC_0000212,data/raw/isic2018/images/ISIC2018_Task1-2_Training_Input/ISIC_0000212.jpg,data/raw/isic2018/masks/ISIC2018_Task1_Training_GroundTruth/ISIC_0000212_segmentation.png,dermoscopic,True,train,,unknown,True
isic2018_task1,ISIC_0000213,data/raw/isic2018/images/ISIC2018_Task1-2_Training_Input/ISIC_0000213.jpg,data/raw/isic2018/masks/ISIC2018_Task1_Training_GroundTruth/ISIC_0000213_segmentation.png,dermoscopic,True,train,,unknown,True
isic2018_task1,ISIC_0000214,data/raw/isic2018/images/ISIC2018_Task1-2_Training_Input/ISIC_0000214.jpg,data/raw/isic2018/masks/ISIC2018_Task1_Training_GroundTruth/ISIC_0000214_segmentation.png,dermoscopic,True,train,,unknown,True
isic2018_task1,ISIC_0000216,data/raw/isic2018/images/ISIC2018_Task1-2_Training_Input/ISIC_0000216.jpg,data/raw/isic2018/masks/ISIC2018_Task1_Training_GroundTruth/ISIC_0000216_segmentation.png,dermoscopic,True,train,,unknown,True
isic2018_task1,ISIC_0000218,data/raw/isic2018/images/ISIC2018_Task1-2_Training_Input/ISIC_0000218.jpg,data/raw/isic2018/masks/ISIC2018_Task1_Training_GroundTruth/ISIC_0000218_segmentation.png,dermoscopic,False,,,,True
isic2018_task1,ISIC_0000219,data/raw/isic2018/images/ISIC2018_Task1-2_Training_Input/ISIC_0000219.jpg,data/raw/isic2018/masks/ISIC2018_Task1_Training_GroundTruth/ISIC_0000219_segmentation.png,dermoscopic,True,train,,unknown,True
isic2018_task1,ISIC_0000221,data/raw/isic2018/images/ISIC2018_Task1-2_Training_Input/ISIC_0000221.jpg,data/raw/isic2018/masks/ISIC2018_Task1_Training_GroundTruth/ISIC_0000221_segmentation.png,dermoscopic,True,train,,unknown,True
isic2018_task1,ISIC_0000222,data/raw/isic2018/images/ISIC2018_Task1-2_Training_Input/ISIC_0000222.jpg,data/raw/isic2018/masks/ISIC2018_Task1_Training_GroundTruth/ISIC_0000222_segmentation.png,dermoscopic,True,train,,unknown,True
isic2018_task1,ISIC_0000223,data/raw/isic2018/images/ISIC2018_Task1-2_Training_Input/ISIC_0000223.jpg,data/raw/isic2018/masks/ISIC2018_Task1_Training_GroundTruth/ISIC_0000223_segmentation.png,dermoscopic,True,train,,unknown,True
isic2018_task1,ISIC_0000224,data/raw/isic2018/images/ISIC2018_Task1-2_Training_Input/ISIC_0000224.jpg,data/raw/isic2018/masks/ISIC2018_Task1_Training_GroundTruth/ISIC_0000224_segmentation.png,dermoscopic,True,train,,unknown,True
isic2018_task1,ISIC_0000225,data/raw/isic2018/images/ISIC2018_Task1-2_Training_Input/ISIC_0000225.jpg,data/raw/isic2018/masks/ISIC2018_Task1_Training_GroundTruth/ISIC_0000225_segmentation.png,dermoscopic,True,train,,unknown,True
isic2018_task1,ISIC_0000226,data/raw/isic2018/images/ISIC2018_Task1-2_Training_Input/ISIC_0000226.jpg,data/raw/isic2018/masks/ISIC2018_Task1_Training_GroundTruth/ISIC_0000226_segmentation.png,dermoscopic,True,train,,unknown,True
isic2018_task1,ISIC_0000227,data/raw/isic2018/images/ISIC2018_Task1-2_Training_Input/ISIC_0000227.jpg,data/raw/isic2018/masks/ISIC2018_Task1_Training_GroundTruth/ISIC_0000227_segmentation.png,dermoscopic,True,train,,unknown,True
isic2018_task1,ISIC_0000228,data/raw/isic2018/images/ISIC2018_Task1-2_Training_Input/ISIC_0000228.jpg,data/raw/isic2018/masks/ISIC2018_Task1_Training_GroundTruth/ISIC_0000228_segmentation.png,dermoscopic,True,train,,unknown,True
isic2018_task1,ISIC_0000230,data/raw/isic2018/images/ISIC2018_Task1-2_Training_Input/ISIC_0000230.jpg,data/raw/isic2018/masks/ISIC2018_Task1_Training_GroundTruth/ISIC_0000230_segmentation.png,dermoscopic,True,train,,unknown,True
isic2018_task1,ISIC_0000234,data/raw/isic2018/images/ISIC2018_Task1-2_Training_Input/ISIC_0000234.jpg,data/raw/isic2018/masks/ISIC2018_Task1_Training_GroundTruth/ISIC_0000234_segmentation.png,dermoscopic,True,train,,unknown,True
isic2018_task1,ISIC_0000235,data/raw/isic2018/images/ISIC2018_Task1-2_Training_Input/ISIC_0000235.jpg,data/raw/isic2018/masks/ISIC2018_Task1_Training_GroundTruth/ISIC_0000235_segmentation.png,dermoscopic,True,train,,unknown,True
isic2018_task1,ISIC_0000236,data/raw/isic2018/images/ISIC2018_Task1-2_Training_Input/ISIC_0000236.jpg,data/raw/isic2018/masks/ISIC2018_Task1_Training_GroundTruth/ISIC_0000236_segmentation.png,dermoscopic,True,train,,unknown,True
isic2018_task1,ISIC_0000239,data/raw/isic2018/images/ISIC2018_Task1-2_Training_Input/ISIC_0000239.jpg,data/raw/isic2018/masks/ISIC2018_Task1_Training_GroundTruth/ISIC_0000239_segmentation.png,dermoscopic,True,train,,unknown,True
isic2018_task1,ISIC_0000240,data/raw/isic2018/images/ISIC2018_Task1-2_Training_Input/ISIC_0000240.jpg,data/raw/isic2018/masks/ISIC2018_Task1_Training_GroundTruth/ISIC_0000240_segmentation.png,dermoscopic,True,train,,unknown,True
isic2018_task1,ISIC_0000243,data/raw/isic2018/images/ISIC2018_Task1-2_Training_Input/ISIC_0000243.jpg,data/raw/isic2018/masks/ISIC2018_Task1_Training_GroundTruth/ISIC_0000243_segmentation.png,dermoscopic,True,train,,unknown,True
isic2018_task1,ISIC_0000244,data/raw/isic2018/images/ISIC2018_Task1-2_Training_Input/ISIC_0000244.jpg,data/raw/isic2018/masks/ISIC2018_Task1_Training_GroundTruth/ISIC_0000244_segmentation.png,dermoscopic,True,train,,unknown,True
isic2018_task1,ISIC_0000246,data/raw/isic2018/images/ISIC2018_Task1-2_Training_Input/ISIC_0000246.jpg,data/raw/isic2018/masks/ISIC2018_Task1_Training_GroundTruth/ISIC_0000246_segmentation.png,dermoscopic,True,train,,unknown,True
isic2018_task1,ISIC_0000247,data/raw/isic2018/images/ISIC2018_Task1-2_Training_Input/ISIC_0000247.jpg,data/raw/isic2018/masks/ISIC2018_Task1_Training_GroundTruth/ISIC_0000247_segmentation.png,dermoscopic,True,train,,unknown,True
isic2018_task1,ISIC_0000249,data/raw/isic2018/images/ISIC2018_Task1-2_Training_Input/ISIC_0000249.jpg,data/raw/isic2018/masks/ISIC2018_Task1_Training_GroundTruth/ISIC_0000249_segmentation.png,dermoscopic,True,train,,unknown,True
isic2018_task1,ISIC_0000250,data/raw/isic2018/images/ISIC2018_Task1-2_Training_Input/ISIC_0000250.jpg,data/raw/isic2018/masks/ISIC2018_Task1_Training_GroundTruth/ISIC_0000250_segmentation.png,dermoscopic,True,train,,unknown,True
isic2018_task1,ISIC_0000251,data/raw/isic2018/images/ISIC2018_Task1-2_Training_Input/ISIC_0000251.jpg,data/raw/isic2018/masks/ISIC2018_Task1_Training_GroundTruth/ISIC_0000251_segmentation.png,dermoscopic,True,train,,unknown,True
isic2018_task1,ISIC_0000252,data/raw/isic2018/images/ISIC2018_Task1-2_Training_Input/ISIC_0000252.jpg,data/raw/isic2018/masks/ISIC2018_Task1_Training_GroundTruth/ISIC_0000252_segmentation.png,dermoscopic,True,train,,unknown,True
isic2018_task1,ISIC_0000253,data/raw/isic2018/images/ISIC2018_Task1-2_Training_Input/ISIC_0000253.jpg,data/raw/isic2018/masks/ISIC2018_Task1_Training_GroundTruth/ISIC_0000253_segmentation.png,dermoscopic,True,train,,unknown,True
isic2018_task1,ISIC_0000255,data/raw/isic2018/images/ISIC2018_Task1-2_Training_Input/ISIC_0000255.jpg,data/raw/isic2018/masks/ISIC2018_Task1_Training_GroundTruth/ISIC_0000255_segmentation.png,dermoscopic,True,train,,unknown,True
isic2018_task1,ISIC_0000258,data/raw/isic2018/images/ISIC2018_Task1-2_Training_Input/ISIC_0000258.jpg,data/raw/isic2018/masks/ISIC2018_Task1_Training_GroundTruth/ISIC_0000258_segmentation.png,dermoscopic,True,train,,unknown,True
isic2018_task1,ISIC_0000260,data/raw/isic2018/images/ISIC2018_Task1-2_Training_Input/ISIC_0000260.jpg,data/raw/isic2018/masks/ISIC2018_Task1_Training_GroundTruth/ISIC_0000260_segmentation.png,dermoscopic,True,train,,unknown,True
isic2018_task1,ISIC_0000261,data/raw/isic2018/images/ISIC2018_Task1-2_Training_Input/ISIC_0000261.jpg,data/raw/isic2018/masks/ISIC2018_Task1_Training_GroundTruth/ISIC_0000261_segmentation.png,dermoscopic,True,train,,unknown,True
isic2018_task1,ISIC_0000262,data/raw/isic2018/images/ISIC2018_Task1-2_Training_Input/ISIC_0000262.jpg,data/raw/isic2018/masks/ISIC2018_Task1_Training_GroundTruth/ISIC_0000262_segmentation.png,dermoscopic,True,train,,unknown,True
isic2018_task1,ISIC_0000264,data/raw/isic2018/images/ISIC2018_Task1-2_Training_Input/ISIC_0000264.jpg,data/raw/isic2018/masks/ISIC2018_Task1_Training_GroundTruth/ISIC_0000264_segmentation.png,dermoscopic,True,train,,unknown,True
isic2018_task1,ISIC_0000268,data/raw/isic2018/images/ISIC2018_Task1-2_Training_Input/ISIC_0000268.jpg,data/raw/isic2018/masks/ISIC2018_Task1_Training_GroundTruth/ISIC_0000268_segmentation.png,dermoscopic,True,train,,unknown,True
isic2018_task1,ISIC_0000269,data/raw/isic2018/images/ISIC2018_Task1-2_Training_Input/ISIC_0000269.jpg,data/raw/isic2018/masks/ISIC2018_Task1_Training_GroundTruth/ISIC_0000269_segmentation.png,dermoscopic,True,train,,unknown,True
isic2018_task1,ISIC_0000271,data/raw/isic2018/images/ISIC2018_Task1-2_Training_Input/ISIC_0000271.jpg,data/raw/isic2018/masks/ISIC2018_Task1_Training_GroundTruth/ISIC_0000271_segmentation.png,dermoscopic,True,train,,unknown,True
isic2018_task1,ISIC_0000274,data/raw/isic2018/images/ISIC2018_Task1-2_Training_Input/ISIC_0000274.jpg,data/raw/isic2018/masks/ISIC2018_Task1_Training_GroundTruth/ISIC_0000274_segmentation.png,dermoscopic,True,train,,unknown,True
isic2018_task1,ISIC_0000275,data/raw/isic2018/images/ISIC2018_Task1-2_Training_Input/ISIC_0000275.jpg,data/raw/isic2018/masks/ISIC2018_Task1_Training_GroundTruth/ISIC_0000275_segmentation.png,dermoscopic,True,train,,unknown,True
isic2018_task1,ISIC_0000276,data/raw/isic2018/images/ISIC2018_Task1-2_Training_Input/ISIC_0000276.jpg,data/raw/isic2018/masks/ISIC2018_Task1_Training_GroundTruth/ISIC_0000276_segmentation.png,dermoscopic,True,train,,unknown,True
isic2018_task1,ISIC_0000279,data/raw/isic2018/images/ISIC2018_Task1-2_Training_Input/ISIC_0000279.jpg,data/raw/isic2018/masks/ISIC2018_Task1_Training_GroundTruth/ISIC_0000279_segmentation.png,dermoscopic,True,train,,unknown,True
isic2018_task1,ISIC_0000281,data/raw/isic2018/images/ISIC2018_Task1-2_Training_Input/ISIC_0000281.jpg,data/raw/isic2018/masks/ISIC2018_Task1_Training_GroundTruth/ISIC_0000281_segmentation.png,dermoscopic,True,train,,unknown,True
isic2018_task1,ISIC_0000282,data/raw/isic2018/images/ISIC2018_Task1-2_Training_Input/ISIC_0000282.jpg,data/raw/isic2018/masks/ISIC2018_Task1_Training_GroundTruth/ISIC_0000282_segmentation.png,dermoscopic,True,train,,unknown,True
isic2018_task1,ISIC_0000288,data/raw/isic2018/images/ISIC2018_Task1-2_Training_Input/ISIC_0000288.jpg,data/raw/isic2018/masks/ISIC2018_Task1_Training_GroundTruth/ISIC_0000288_segmentation.png,dermoscopic,True,train,,unknown,True
isic2018_task1,ISIC_0000292,data/raw/isic2018/images/ISIC2018_Task1-2_Training_Input/ISIC_0000292.jpg,data/raw/isic2018/masks/ISIC2018_Task1_Training_GroundTruth/ISIC_0000292_segmentation.png,dermoscopic,True,train,,unknown,True
isic2018_task1,ISIC_0000293,data/raw/isic2018/images/ISIC2018_Task1-2_Training_Input/ISIC_0000293.jpg,data/raw/isic2018/masks/ISIC2018_Task1_Training_GroundTruth/ISIC_0000293_segmentation.png,dermoscopic,True,train,,unknown,True
isic2018_task1,ISIC_0000295,data/raw/isic2018/images/ISIC2018_Task1-2_Training_Input/ISIC_0000295.jpg,data/raw/isic2018/masks/ISIC2018_Task1_Training_GroundTruth/ISIC_0000295_segmentation.png,dermoscopic,True,train,,unknown,True
isic2018_task1,ISIC_0000298,data/raw/isic2018/images/ISIC2018_Task1-2_Training_Input/ISIC_0000298.jpg,data/raw/isic2018/masks/ISIC2018_Task1_Training_GroundTruth/ISIC_0000298_segmentation.png,dermoscopic,True,train,,unknown,True
isic2018_task1,ISIC_0000300,data/raw/isic2018/images/ISIC2018_Task1-2_Training_Input/ISIC_0000300.jpg,data/raw/isic2018/masks/ISIC2018_Task1_Training_GroundTruth/ISIC_0000300_segmentation.png,dermoscopic,True,train,,unknown,True
isic2018_task1,ISIC_0000301,data/raw/isic2018/images/ISIC2018_Task1-2_Training_Input/ISIC_0000301.jpg,data/raw/isic2018/masks/ISIC2018_Task1_Training_GroundTruth/ISIC_0000301_segmentation.png,dermoscopic,True,train,,unknown,True
isic2018_task1,ISIC_0000303,data/raw/isic2018/images/ISIC2018_Task1-2_Training_Input/ISIC_0000303.jpg,data/raw/isic2018/masks/ISIC2018_Task1_Training_GroundTruth/ISIC_0000303_segmentation.png,dermoscopic,True,train,,unknown,True
isic2018_task1,ISIC_0000306,data/raw/isic2018/images/ISIC2018_Task1-2_Training_Input/ISIC_0000306.jpg,data/raw/isic2018/masks/ISIC2018_Task1_Training_GroundTruth/ISIC_0000306_segmentation.png,dermoscopic,True,train,,unknown,True
isic2018_task1,ISIC_0000307,data/raw/isic2018/images/ISIC2018_Task1-2_Training_Input/ISIC_0000307.jpg,data/raw/isic2018/masks/ISIC2018_Task1_Training_GroundTruth/ISIC_0000307_segmentation.png,dermoscopic,True,train,,unknown,True
isic2018_task1,ISIC_0000310,data/raw/isic2018/images/ISIC2018_Task1-2_Training_Input/ISIC_0000310.jpg,data/raw/isic2018/masks/ISIC2018_Task1_Training_GroundTruth/ISIC_0000310_segmentation.png,dermoscopic,True,train,,unknown,True
isic2018_task1,ISIC_0000311,data/raw/isic2018/images/ISIC2018_Task1-2_Training_Input/ISIC_0000311.jpg,data/raw/isic2018/masks/ISIC2018_Task1_Training_GroundTruth/ISIC_0000311_segmentation.png,dermoscopic,True,train,,unknown,True
isic2018_task1,ISIC_0000313,data/raw/isic2018/images/ISIC2018_Task1-2_Training_Input/ISIC_0000313.jpg,data/raw/isic2018/masks/ISIC2018_Task1_Training_GroundTruth/ISIC_0000313_segmentation.png,dermoscopic,True,train,,unknown,True
isic2018_task1,ISIC_0000314,data/raw/isic2018/images/ISIC2018_Task1-2_Training_Input/ISIC_0000314.jpg,data/raw/isic2018/masks/ISIC2018_Task1_Training_GroundTruth/ISIC_0000314_segmentation.png,dermoscopic,True,train,,unknown,True
isic2018_task1,ISIC_0000315,data/raw/isic2018/images/ISIC2018_Task1-2_Training_Input/ISIC_0000315.jpg,data/raw/isic2018/masks/ISIC2018_Task1_Training_GroundTruth/ISIC_0000315_segmentation.png,dermoscopic,True,train,,unknown,True
isic2018_task1,ISIC_0000316,data/raw/isic2018/images/ISIC2018_Task1-2_Training_Input/ISIC_0000316.jpg,data/raw/isic2018/masks/ISIC2018_Task1_Training_GroundTruth/ISIC_0000316_segmentation.png,dermoscopic,True,train,,unknown,True
isic2018_task1,ISIC_0000317,data/raw/isic2018/images/ISIC2018_Task1-2_Training_Input/ISIC_0000317.jpg,data/raw/isic2018/masks/ISIC2018_Task1_Training_GroundTruth/ISIC_0000317_segmentation.png,dermoscopic,True,train,,unknown,True
isic2018_task1,ISIC_0000319,data/raw/isic2018/images/ISIC2018_Task1-2_Training_Input/ISIC_0000319.jpg,data/raw/isic2018/masks/ISIC2018_Task1_Training_GroundTruth/ISIC_0000319_segmentation.png,dermoscopic,True,train,,unknown,True
isic2018_task1,ISIC_0000320,data/raw/isic2018/images/ISIC2018_Task1-2_Training_Input/ISIC_0000320.jpg,data/raw/isic2018/masks/ISIC2018_Task1_Training_GroundTruth/ISIC_0000320_segmentation.png,dermoscopic,True,train,,unknown,True
isic2018_task1,ISIC_0000321,data/raw/isic2018/images/ISIC2018_Task1-2_Training_Input/ISIC_0000321.jpg,data/raw/isic2018/masks/ISIC2018_Task1_Training_GroundTruth/ISIC_0000321_segmentation.png,dermoscopic,True,train,,unknown,True
isic2018_task1,ISIC_0000322,data/raw/isic2018/images/ISIC2018_Task1-2_Training_Input/ISIC_0000322.jpg,data/raw/isic2018/masks/ISIC2018_Task1_Training_GroundTruth/ISIC_0000322_segmentation.png,dermoscopic,True,train,,unknown,True
isic2018_task1,ISIC_0000323,data/raw/isic2018/images/ISIC2018_Task1-2_Training_Input/ISIC_0000323.jpg,data/raw/isic2018/masks/ISIC2018_Task1_Training_GroundTruth/ISIC_0000323_segmentation.png,dermoscopic,True,train,,unknown,True
isic2018_task1,ISIC_0000325,data/raw/isic2018/images/ISIC2018_Task1-2_Training_Input/ISIC_0000325.jpg,data/raw/isic2018/masks/ISIC2018_Task1_Training_GroundTruth/ISIC_0000325_segmentation.png,dermoscopic,True,train,,unknown,True
isic2018_task1,ISIC_0000326,data/raw/isic2018/images/ISIC2018_Task1-2_Training_Input/ISIC_0000326.jpg,data/raw/isic2018/masks/ISIC2018_Task1_Training_GroundTruth/ISIC_0000326_segmentation.png,dermoscopic,True,train,,unknown,True
isic2018_task1,ISIC_0000328,data/raw/isic2018/images/ISIC2018_Task1-2_Training_Input/ISIC_0000328.jpg,data/raw/isic2018/masks/ISIC2018_Task1_Training_GroundTruth/ISIC_0000328_segmentation.png,dermoscopic,True,train,,unknown,True
isic2018_task1,ISIC_0000329,data/raw/isic2018/images/ISIC2018_Task1-2_Training_Input/ISIC_0000329.jpg,data/raw/isic2018/masks/ISIC2018_Task1_Training_GroundTruth/ISIC_0000329_segmentation.png,dermoscopic,True,train,,unknown,True
isic2018_task1,ISIC_0000330,data/raw/isic2018/images/ISIC2018_Task1-2_Training_Input/ISIC_0000330.jpg,data/raw/isic2018/masks/ISIC2018_Task1_Training_GroundTruth/ISIC_0000330_segmentation.png,dermoscopic,True,train,,unknown,True
isic2018_task1,ISIC_0000331,data/raw/isic2018/images/ISIC2018_Task1-2_Training_Input/ISIC_0000331.jpg,data/raw/isic2018/masks/ISIC2018_Task1_Training_GroundTruth/ISIC_0000331_segmentation.png,dermoscopic,True,train,,unknown,True
isic2018_task1,ISIC_0000332,data/raw/isic2018/images/ISIC2018_Task1-2_Training_Input/ISIC_0000332.jpg,data/raw/isic2018/masks/ISIC2018_Task1_Training_GroundTruth/ISIC_0000332_segmentation.png,dermoscopic,True,train,,unknown,True
isic2018_task1,ISIC_0000336,data/raw/isic2018/images/ISIC2018_Task1-2_Training_Input/ISIC_0000336.jpg,data/raw/isic2018/masks/ISIC2018_Task1_Training_GroundTruth/ISIC_0000336_segmentation.png,dermoscopic,True,train,,unknown,True
isic2018_task1,ISIC_0000338,data/raw/isic2018/images/ISIC2018_Task1-2_Training_Input/ISIC_0000338.jpg,data/raw/isic2018/masks/ISIC2018_Task1_Training_GroundTruth/ISIC_0000338_segmentation.png,dermoscopic,True,train,,unknown,True
isic2018_task1,ISIC_0000340,data/raw/isic2018/images/ISIC2018_Task1-2_Training_Input/ISIC_0000340.jpg,data/raw/isic2018/masks/ISIC2018_Task1_Training_GroundTruth/ISIC_0000340_segmentation.png,dermoscopic,True,train,,unknown,True
isic2018_task1,ISIC_0000341,data/raw/isic2018/images/ISIC2018_Task1-2_Training_Input/ISIC_0000341.jpg,data/raw/isic2018/masks/ISIC2018_Task1_Training_GroundTruth/ISIC_0000341_segmentation.png,dermoscopic,True,train,,unknown,True
isic2018_task1,ISIC_0000342,data/raw/isic2018/images/ISIC2018_Task1-2_Training_Input/ISIC_0000342.jpg,data/raw/isic2018/masks/ISIC2018_Task1_Training_GroundTruth/ISIC_0000342_segmentation.png,dermoscopic,True,train,,unknown,True
isic2018_task1,ISIC_0000343,data/raw/isic2018/images/ISIC2018_Task1-2_Training_Input/ISIC_0000343.jpg,data/raw/isic2018/masks/ISIC2018_Task1_Training_GroundTruth/ISIC_0000343_segmentation.png,dermoscopic,True,train,,unknown,True
isic2018_task1,ISIC_0000345,data/raw/isic2018/images/ISIC2018_Task1-2_Training_Input/ISIC_0000345.jpg,data/raw/isic2018/masks/ISIC2018_Task1_Training_GroundTruth/ISIC_0000345_segmentation.png,dermoscopic,True,train,,unknown,True
isic2018_task1,ISIC_0000348,data/raw/isic2018/images/ISIC2018_Task1-2_Training_Input/ISIC_0000348.jpg,data/raw/isic2018/masks/ISIC2018_Task1_Training_GroundTruth/ISIC_0000348_segmentation.png,dermoscopic,True,train,,unknown,True
isic2018_task1,ISIC_0000349,data/raw/isic2018/images/ISIC2018_Task1-2_Training_Input/ISIC_0000349.jpg,data/raw/isic2018/masks/ISIC2018_Task1_Training_GroundTruth/ISIC_0000349_segmentation.png,dermoscopic,True,train,,unknown,True
isic2018_task1,ISIC_0000350,data/raw/isic2018/images/ISIC2018_Task1-2_Training_Input/ISIC_0000350.jpg,data/raw/isic2018/masks/ISIC2018_Task1_Training_GroundTruth/ISIC_0000350_segmentation.png,dermoscopic,True,train,,unknown,True
isic2018_task1,ISIC_0000351,data/raw/isic2018/images/ISIC2018_Task1-2_Training_Input/ISIC_0000351.jpg,data/raw/isic2018/masks/ISIC2018_Task1_Training_GroundTruth/ISIC_0000351_segmentation.png,dermoscopic,True,train,,unknown,True
isic2018_task1,ISIC_0000352,data/raw/isic2018/images/ISIC2018_Task1-2_Training_Input/ISIC_0000352.jpg,data/raw/isic2018/masks/ISIC2018_Task1_Training_GroundTruth/ISIC_0000352_segmentation.png,dermoscopic,True,train,,unknown,True
isic2018_task1,ISIC_0000353,data/raw/isic2018/images/ISIC2018_Task1-2_Training_Input/ISIC_0000353.jpg,data/raw/isic2018/masks/ISIC2018_Task1_Training_GroundTruth/ISIC_0000353_segmentation.png,dermoscopic,True,train,,unknown,True
isic2018_task1,ISIC_0000354,data/raw/isic2018/images/ISIC2018_Task1-2_Training_Input/ISIC_0000354.jpg,data/raw/isic2018/masks/ISIC2018_Task1_Training_GroundTruth/ISIC_0000354_segmentation.png,dermoscopic,True,train,,unknown,True
isic2018_task1,ISIC_0000355,data/raw/isic2018/images/ISIC2018_Task1-2_Training_Input/ISIC_0000355.jpg,data/raw/isic2018/masks/ISIC2018_Task1_Training_GroundTruth/ISIC_0000355_segmentation.png,dermoscopic,True,train,,unknown,True
isic2018_task1,ISIC_0000357,data/raw/isic2018/images/ISIC2018_Task1-2_Training_Input/ISIC_0000357.jpg,data/raw/isic2018/masks/ISIC2018_Task1_Training_GroundTruth/ISIC_0000357_segmentation.png,dermoscopic,True,train,,unknown,True
isic2018_task1,ISIC_0000358,data/raw/isic2018/images/ISIC2018_Task1-2_Training_Input/ISIC_0000358.jpg,data/raw/isic2018/masks/ISIC2018_Task1_Training_GroundTruth/ISIC_0000358_segmentation.png,dermoscopic,True,train,,unknown,True
isic2018_task1,ISIC_0000359,data/raw/isic2018/images/ISIC2018_Task1-2_Training_Input/ISIC_0000359.jpg,data/raw/isic2018/masks/ISIC2018_Task1_Training_GroundTruth/ISIC_0000359_segmentation.png,dermoscopic,True,train,,unknown,True
isic2018_task1,ISIC_0000360,data/raw/isic2018/images/ISIC2018_Task1-2_Training_Input/ISIC_0000360.jpg,data/raw/isic2018/masks/ISIC2018_Task1_Training_GroundTruth/ISIC_0000360_segmentation.png,dermoscopic,True,train,,unknown,True
isic2018_task1,ISIC_0000361,data/raw/isic2018/images/ISIC2018_Task1-2_Training_Input/ISIC_0000361.jpg,data/raw/isic2018/masks/ISIC2018_Task1_Training_GroundTruth/ISIC_0000361_segmentation.png,dermoscopic,True,train,,unknown,True
isic2018_task1,ISIC_0000363,data/raw/isic2018/images/ISIC2018_Task1-2_Training_Input/ISIC_0000363.jpg,data/raw/isic2018/masks/ISIC2018_Task1_Training_GroundTruth/ISIC_0000363_segmentation.png,dermoscopic,True,train,,unknown,True
isic2018_task1,ISIC_0000364,data/raw/isic2018/images/ISIC2018_Task1-2_Training_Input/ISIC_0000364.jpg,data/raw/isic2018/masks/ISIC2018_Task1_Training_GroundTruth/ISIC_0000364_segmentation.png,dermoscopic,True,train,,unknown,True
isic2018_task1,ISIC_0000365,data/raw/isic2018/images/ISIC2018_Task1-2_Training_Input/ISIC_0000365.jpg,data/raw/isic2018/masks/ISIC2018_Task1_Training_GroundTruth/ISIC_0000365_segmentation.png,dermoscopic,True,train,,unknown,True
isic2018_task1,ISIC_0000367,data/raw/isic2018/images/ISIC2018_Task1-2_Training_Input/ISIC_0000367.jpg,data/raw/isic2018/masks/ISIC2018_Task1_Training_GroundTruth/ISIC_0000367_segmentation.png,dermoscopic,True,train,,unknown,True
isic2018_task1,ISIC_0000368,data/raw/isic2018/images/ISIC2018_Task1-2_Training_Input/ISIC_0000368.jpg,data/raw/isic2018/masks/ISIC2018_Task1_Training_GroundTruth/ISIC_0000368_segmentation.png,dermoscopic,True,train,,unknown,True
isic2018_task1,ISIC_0000372,data/raw/isic2018/images/ISIC2018_Task1-2_Training_Input/ISIC_0000372.jpg,data/raw/isic2018/masks/ISIC2018_Task1_Training_GroundTruth/ISIC_0000372_segmentation.png,dermoscopic,True,train,,unknown,True
isic2018_task1,ISIC_0000374,data/raw/isic2018/images/ISIC2018_Task1-2_Training_Input/ISIC_0000374.jpg,data/raw/isic2018/masks/ISIC2018_Task1_Training_GroundTruth/ISIC_0000374_segmentation.png,dermoscopic,True,train,,unknown,True
isic2018_task1,ISIC_0000378,data/raw/isic2018/images/ISIC2018_Task1-2_Training_Input/ISIC_0000378.jpg,data/raw/isic2018/masks/ISIC2018_Task1_Training_GroundTruth/ISIC_0000378_segmentation.png,dermoscopic,False,,,,True
isic2018_task1,ISIC_0000380,data/raw/isic2018/images/ISIC2018_Task1-2_Training_Input/ISIC_0000380.jpg,data/raw/isic2018/masks/ISIC2018_Task1_Training_GroundTruth/ISIC_0000380_segmentation.png,dermoscopic,False,,,,True
isic2018_task1,ISIC_0000381,data/raw/isic2018/images/ISIC2018_Task1-2_Training_Input/ISIC_0000381.jpg,data/raw/isic2018/masks/ISIC2018_Task1_Training_GroundTruth/ISIC_0000381_segmentation.png,dermoscopic,False,,,,True
isic2018_task1,ISIC_0000382,data/raw/isic2018/images/ISIC2018_Task1-2_Training_Input/ISIC_0000382.jpg,data/raw/isic2018/masks/ISIC2018_Task1_Training_GroundTruth/ISIC_0000382_segmentation.png,dermoscopic,False,,,,True
isic2018_task1,ISIC_0000383,data/raw/isic2018/images/ISIC2018_Task1-2_Training_Input/ISIC_0000383.jpg,data/raw/isic2018/masks/ISIC2018_Task1_Training_GroundTruth/ISIC_0000383_segmentation.png,dermoscopic,False,,,,True
isic2018_task1,ISIC_0000384,data/raw/isic2018/images/ISIC2018_Task1-2_Training_Input/ISIC_0000384.jpg,data/raw/isic2018/masks/ISIC2018_Task1_Training_GroundTruth/ISIC_0000384_segmentation.png,dermoscopic,False,,,,True
isic2018_task1,ISIC_0000385,data/raw/isic2018/images/ISIC2018_Task1-2_Training_Input/ISIC_0000385.jpg,data/raw/isic2018/masks/ISIC2018_Task1_Training_GroundTruth/ISIC_0000385_segmentation.png,dermoscopic,False,,,,True
isic2018_task1,ISIC_0000386,data/raw/isic2018/images/ISIC2018_Task1-2_Training_Input/ISIC_0000386.jpg,data/raw/isic2018/masks/ISIC2018_Task1_Training_GroundTruth/ISIC_0000386_segmentation.png,dermoscopic,False,,,,True
isic2018_task1,ISIC_0000388,data/raw/isic2018/images/ISIC2018_Task1-2_Training_Input/ISIC_0000388.jpg,data/raw/isic2018/masks/ISIC2018_Task1_Training_GroundTruth/ISIC_0000388_segmentation.png,dermoscopic,False,,,,True
isic2018_task1,ISIC_0000390,data/raw/isic2018/images/ISIC2018_Task1-2_Training_Input/ISIC_0000390.jpg,data/raw/isic2018/masks/ISIC2018_Task1_Training_GroundTruth/ISIC_0000390_segmentation.png,dermoscopic,False,,,,True
isic2018_task1,ISIC_0000391,data/raw/isic2018/images/ISIC2018_Task1-2_Training_Input/ISIC_0000391.jpg,data/raw/isic2018/masks/ISIC2018_Task1_Training_GroundTruth/ISIC_0000391_segmentation.png,dermoscopic,False,,,,True
isic2018_task1,ISIC_0000392,data/raw/isic2018/images/ISIC2018_Task1-2_Training_Input/ISIC_0000392.jpg,data/raw/isic2018/masks/ISIC2018_Task1_Training_GroundTruth/ISIC_0000392_segmentation.png,dermoscopic,False,,,,True
isic2018_task1,ISIC_0000393,data/raw/isic2018/images/ISIC2018_Task1-2_Training_Input/ISIC_0000393.jpg,data/raw/isic2018/masks/ISIC2018_Task1_Training_GroundTruth/ISIC_0000393_segmentation.png,dermoscopic,False,,,,True
isic2018_task1,ISIC_0000395,data/raw/isic2018/images/ISIC2018_Task1-2_Training_Input/ISIC_0000395.jpg,data/raw/isic2018/masks/ISIC2018_Task1_Training_GroundTruth/ISIC_0000395_segmentation.png,dermoscopic,False,,,,True
isic2018_task1,ISIC_0000396,data/raw/isic2018/images/ISIC2018_Task1-2_Training_Input/ISIC_0000396.jpg,data/raw/isic2018/masks/ISIC2018_Task1_Training_GroundTruth/ISIC_0000396_segmentation.png,dermoscopic,False,,,,True
isic2018_task1,ISIC_0000397,data/raw/isic2018/images/ISIC2018_Task1-2_Training_Input/ISIC_0000397.jpg,data/raw/isic2018/masks/ISIC2018_Task1_Training_GroundTruth/ISIC_0000397_segmentation.png,dermoscopic,False,,,,True
isic2018_task1,ISIC_0000403,data/raw/isic2018/images/ISIC2018_Task1-2_Training_Input/ISIC_0000403.jpg,data/raw/isic2018/masks/ISIC2018_Task1_Training_GroundTruth/ISIC_0000403_segmentation.png,dermoscopic,False,,,,True
isic2018_task1,ISIC_0000407,data/raw/isic2018/images/ISIC2018_Task1-2_Training_Input/ISIC_0000407.jpg,data/raw/isic2018/masks/ISIC2018_Task1_Training_GroundTruth/ISIC_0000407_segmentation.png,dermoscopic,False,,,,True
isic2018_task1,ISIC_0000408,data/raw/isic2018/images/ISIC2018_Task1-2_Training_Input/ISIC_0000408.jpg,data/raw/isic2018/masks/ISIC2018_Task1_Training_GroundTruth/ISIC_0000408_segmentation.png,dermoscopic,False,,,,True
isic2018_task1,ISIC_0000409,data/raw/isic2018/images/ISIC2018_Task1-2_Training_Input/ISIC_0000409.jpg,data/raw/isic2018/masks/ISIC2018_Task1_Training_GroundTruth/ISIC_0000409_segmentation.png,dermoscopic,False,,,,True
isic2018_task1,ISIC_0000410,data/raw/isic2018/images/ISIC2018_Task1-2_Training_Input/ISIC_0000410.jpg,data/raw/isic2018/masks/ISIC2018_Task1_Training_GroundTruth/ISIC_0000410_segmentation.png,dermoscopic,False,,,,True
isic2018_task1,ISIC_0000412,data/raw/isic2018/images/ISIC2018_Task1-2_Training_Input/ISIC_0000412.jpg,data/raw/isic2018/masks/ISIC2018_Task1_Training_GroundTruth/ISIC_0000412_segmentation.png,dermoscopic,False,,,,True
isic2018_task1,ISIC_0000415,data/raw/isic2018/images/ISIC2018_Task1-2_Training_Input/ISIC_0000415.jpg,data/raw/isic2018/masks/ISIC2018_Task1_Training_GroundTruth/ISIC_0000415_segmentation.png,dermoscopic,False,,,,True
isic2018_task1,ISIC_0000416,data/raw/isic2018/images/ISIC2018_Task1-2_Training_Input/ISIC_0000416.jpg,data/raw/isic2018/masks/ISIC2018_Task1_Training_GroundTruth/ISIC_0000416_segmentation.png,dermoscopic,False,,,,True
isic2018_task1,ISIC_0000418,data/raw/isic2018/images/ISIC2018_Task1-2_Training_Input/ISIC_0000418.jpg,data/raw/isic2018/masks/ISIC2018_Task1_Training_GroundTruth/ISIC_0000418_segmentation.png,dermoscopic,False,,,,True
isic2018_task1,ISIC_0000419,data/raw/isic2018/images/ISIC2018_Task1-2_Training_Input/ISIC_0000419.jpg,data/raw/isic2018/masks/ISIC2018_Task1_Training_GroundTruth/ISIC_0000419_segmentation.png,dermoscopic,False,,,,True
isic2018_task1,ISIC_0000420,data/raw/isic2018/images/ISIC2018_Task1-2_Training_Input/ISIC_0000420.jpg,data/raw/isic2018/masks/ISIC2018_Task1_Training_GroundTruth/ISIC_0000420_segmentation.png,dermoscopic,False,,,,True
isic2018_task1,ISIC_0000425,data/raw/isic2018/images/ISIC2018_Task1-2_Training_Input/ISIC_0000425.jpg,data/raw/isic2018/masks/ISIC2018_Task1_Training_GroundTruth/ISIC_0000425_segmentation.png,dermoscopic,False,,,,True
isic2018_task1,ISIC_0000426,data/raw/isic2018/images/ISIC2018_Task1-2_Training_Input/ISIC_0000426.jpg,data/raw/isic2018/masks/ISIC2018_Task1_Training_GroundTruth/ISIC_0000426_segmentation.png,dermoscopic,False,,,,True
isic2018_task1,ISIC_0000427,data/raw/isic2018/images/ISIC2018_Task1-2_Training_Input/ISIC_0000427.jpg,data/raw/isic2018/masks/ISIC2018_Task1_Training_GroundTruth/ISIC_0000427_segmentation.png,dermoscopic,False,,,,True
isic2018_task1,ISIC_0000431,data/raw/isic2018/images/ISIC2018_Task1-2_Training_Input/ISIC_0000431.jpg,data/raw/isic2018/masks/ISIC2018_Task1_Training_GroundTruth/ISIC_0000431_segmentation.png,dermoscopic,False,,,,True
isic2018_task1,ISIC_0000433,data/raw/isic2018/images/ISIC2018_Task1-2_Training_Input/ISIC_0000433.jpg,data/raw/isic2018/masks/ISIC2018_Task1_Training_GroundTruth/ISIC_0000433_segmentation.png,dermoscopic,False,,,,True
isic2018_task1,ISIC_0000434,data/raw/isic2018/images/ISIC2018_Task1-2_Training_Input/ISIC_0000434.jpg,data/raw/isic2018/masks/ISIC2018_Task1_Training_GroundTruth/ISIC_0000434_segmentation.png,dermoscopic,False,,,,True
isic2018_task1,ISIC_0000436,data/raw/isic2018/images/ISIC2018_Task1-2_Training_Input/ISIC_0000436.jpg,data/raw/isic2018/masks/ISIC2018_Task1_Training_GroundTruth/ISIC_0000436_segmentation.png,dermoscopic,False,,,,True
isic2018_task1,ISIC_0000439,data/raw/isic2018/images/ISIC2018_Task1-2_Training_Input/ISIC_0000439.jpg,data/raw/isic2018/masks/ISIC2018_Task1_Training_GroundTruth/ISIC_0000439_segmentation.png,dermoscopic,False,,,,True
isic2018_task1,ISIC_0000442,data/raw/isic2018/images/ISIC2018_Task1-2_Training_Input/ISIC_0000442.jpg,data/raw/isic2018/masks/ISIC2018_Task1_Training_GroundTruth/ISIC_0000442_segmentation.png,dermoscopic,False,,,,True
isic2018_task1,ISIC_0000443,data/raw/isic2018/images/ISIC2018_Task1-2_Training_Input/ISIC_0000443.jpg,data/raw/isic2018/masks/ISIC2018_Task1_Training_GroundTruth/ISIC_0000443_segmentation.png,dermoscopic,False,,,,True
isic2018_task1,ISIC_0000444,data/raw/isic2018/images/ISIC2018_Task1-2_Training_Input/ISIC_0000444.jpg,data/raw/isic2018/masks/ISIC2018_Task1_Training_GroundTruth/ISIC_0000444_segmentation.png,dermoscopic,False,,,,True
isic2018_task1,ISIC_0000447,data/raw/isic2018/images/ISIC2018_Task1-2_Training_Input/ISIC_0000447.jpg,data/raw/isic2018/masks/ISIC2018_Task1_Training_GroundTruth/ISIC_0000447_segmentation.png,dermoscopic,False,,,,True
isic2018_task1,ISIC_0000451,data/raw/isic2018/images/ISIC2018_Task1-2_Training_Input/ISIC_0000451.jpg,data/raw/isic2018/masks/ISIC2018_Task1_Training_GroundTruth/ISIC_0000451_segmentation.png,dermoscopic,False,,,,True
isic2018_task1,ISIC_0000453,data/raw/isic2018/images/ISIC2018_Task1-2_Training_Input/ISIC_0000453.jpg,data/raw/isic2018/masks/ISIC2018_Task1_Training_GroundTruth/ISIC_0000453_segmentation.png,dermoscopic,False,,,,True
isic2018_task1,ISIC_0000455,data/raw/isic2018/images/ISIC2018_Task1-2_Training_Input/ISIC_0000455.jpg,data/raw/isic2018/masks/ISIC2018_Task1_Training_GroundTruth/ISIC_0000455_segmentation.png,dermoscopic,False,,,,True
isic2018_task1,ISIC_0000456,data/raw/isic2018/images/ISIC2018_Task1-2_Training_Input/ISIC_0000456.jpg,data/raw/isic2018/masks/ISIC2018_Task1_Training_GroundTruth/ISIC_0000456_segmentation.png,dermoscopic,False,,,,True
isic2018_task1,ISIC_0000457,data/raw/isic2018/images/ISIC2018_Task1-2_Training_Input/ISIC_0000457.jpg,data/raw/isic2018/masks/ISIC2018_Task1_Training_GroundTruth/ISIC_0000457_segmentation.png,dermoscopic,False,,,,True
isic2018_task1,ISIC_0000458,data/raw/isic2018/images/ISIC2018_Task1-2_Training_Input/ISIC_0000458.jpg,data/raw/isic2018/masks/ISIC2018_Task1_Training_GroundTruth/ISIC_0000458_segmentation.png,dermoscopic,True,train,,unknown,True
isic2018_task1,ISIC_0000460,data/raw/isic2018/images/ISIC2018_Task1-2_Training_Input/ISIC_0000460.jpg,data/raw/isic2018/masks/ISIC2018_Task1_Training_GroundTruth/ISIC_0000460_segmentation.png,dermoscopic,True,train,,unknown,True
isic2018_task1,ISIC_0000461,data/raw/isic2018/images/ISIC2018_Task1-2_Training_Input/ISIC_0000461.jpg,data/raw/isic2018/masks/ISIC2018_Task1_Training_GroundTruth/ISIC_0000461_segmentation.png,dermoscopic,True,train,,unknown,True
isic2018_task1,ISIC_0000463,data/raw/isic2018/images/ISIC2018_Task1-2_Training_Input/ISIC_0000463.jpg,data/raw/isic2018/masks/ISIC2018_Task1_Training_GroundTruth/ISIC_0000463_segmentation.png,dermoscopic,False,,,,True
isic2018_task1,ISIC_0000465,data/raw/isic2018/images/ISIC2018_Task1-2_Training_Input/ISIC_0000465.jpg,data/raw/isic2018/masks/ISIC2018_Task1_Training_GroundTruth/ISIC_0000465_segmentation.png,dermoscopic,True,train,,unknown,True
isic2018_task1,ISIC_0000466,data/raw/isic2018/images/ISIC2018_Task1-2_Training_Input/ISIC_0000466.jpg,data/raw/isic2018/masks/ISIC2018_Task1_Training_GroundTruth/ISIC_0000466_segmentation.png,dermoscopic,True,train,,unknown,True
isic2018_task1,ISIC_0000469,data/raw/isic2018/images/ISIC2018_Task1-2_Training_Input/ISIC_0000469.jpg,data/raw/isic2018/masks/ISIC2018_Task1_Training_GroundTruth/ISIC_0000469_segmentation.png,dermoscopic,True,train,,unknown,True
isic2018_task1,ISIC_0000470,data/raw/isic2018/images/ISIC2018_Task1-2_Training_Input/ISIC_0000470.jpg,data/raw/isic2018/masks/ISIC2018_Task1_Training_GroundTruth/ISIC_0000470_segmentation.png,dermoscopic,True,train,,unknown,True
isic2018_task1,ISIC_0000471,data/raw/isic2018/images/ISIC2018_Task1-2_Training_Input/ISIC_0000471.jpg,data/raw/isic2018/masks/ISIC2018_Task1_Training_GroundTruth/ISIC_0000471_segmentation.png,dermoscopic,True,train,,unknown,True
isic2018_task1,ISIC_0000473,data/raw/isic2018/images/ISIC2018_Task1-2_Training_Input/ISIC_0000473.jpg,data/raw/isic2018/masks/ISIC2018_Task1_Training_GroundTruth/ISIC_0000473_segmentation.png,dermoscopic,False,,,,True
isic2018_task1,ISIC_0000474,data/raw/isic2018/images/ISIC2018_Task1-2_Training_Input/ISIC_0000474.jpg,data/raw/isic2018/masks/ISIC2018_Task1_Training_GroundTruth/ISIC_0000474_segmentation.png,dermoscopic,True,train,,unknown,True
isic2018_task1,ISIC_0000476,data/raw/isic2018/images/ISIC2018_Task1-2_Training_Input/ISIC_0000476.jpg,data/raw/isic2018/masks/ISIC2018_Task1_Training_GroundTruth/ISIC_0000476_segmentation.png,dermoscopic,True,train,,unknown,True
isic2018_task1,ISIC_0000477,data/raw/isic2018/images/ISIC2018_Task1-2_Training_Input/ISIC_0000477.jpg,data/raw/isic2018/masks/ISIC2018_Task1_Training_GroundTruth/ISIC_0000477_segmentation.png,dermoscopic,True,train,,unknown,True
isic2018_task1,ISIC_0000480,data/raw/isic2018/images/ISIC2018_Task1-2_Training_Input/ISIC_0000480.jpg,data/raw/isic2018/masks/ISIC2018_Task1_Training_GroundTruth/ISIC_0000480_segmentation.png,dermoscopic,True,train,,unknown,True
isic2018_task1,ISIC_0000481,data/raw/isic2018/images/ISIC2018_Task1-2_Training_Input/ISIC_0000481.jpg,data/raw/isic2018/masks/ISIC2018_Task1_Training_GroundTruth/ISIC_0000481_segmentation.png,dermoscopic,True,train,,unknown,True
isic2018_task1,ISIC_0000482,data/raw/isic2018/images/ISIC2018_Task1-2_Training_Input/ISIC_0000482.jpg,data/raw/isic2018/masks/ISIC2018_Task1_Training_GroundTruth/ISIC_0000482_segmentation.png,dermoscopic,True,train,,unknown,True
isic2018_task1,ISIC_0000483,data/raw/isic2018/images/ISIC2018_Task1-2_Training_Input/ISIC_0000483.jpg,data/raw/isic2018/masks/ISIC2018_Task1_Training_GroundTruth/ISIC_0000483_segmentation.png,dermoscopic,True,train,,unknown,True
isic2018_task1,ISIC_0000484,data/raw/isic2018/images/ISIC2018_Task1-2_Training_Input/ISIC_0000484.jpg,data/raw/isic2018/masks/ISIC2018_Task1_Training_GroundTruth/ISIC_0000484_segmentation.png,dermoscopic,True,train,,unknown,True
isic2018_task1,ISIC_0000486,data/raw/isic2018/images/ISIC2018_Task1-2_Training_Input/ISIC_0000486.jpg,data/raw/isic2018/masks/ISIC2018_Task1_Training_GroundTruth/ISIC_0000486_segmentation.png,dermoscopic,True,train,,unknown,True
isic2018_task1,ISIC_0000487,data/raw/isic2018/images/ISIC2018_Task1-2_Training_Input/ISIC_0000487.jpg,data/raw/isic2018/masks/ISIC2018_Task1_Training_GroundTruth/ISIC_0000487_segmentation.png,dermoscopic,True,train,,unknown,True
isic2018_task1,ISIC_0000488,data/raw/isic2018/images/ISIC2018_Task1-2_Training_Input/ISIC_0000488.jpg,data/raw/isic2018/masks/ISIC2018_Task1_Training_GroundTruth/ISIC_0000488_segmentation.png,dermoscopic,True,train,,unknown,True
isic2018_task1,ISIC_0000489,data/raw/isic2018/images/ISIC2018_Task1-2_Training_Input/ISIC_0000489.jpg,data/raw/isic2018/masks/ISIC2018_Task1_Training_GroundTruth/ISIC_0000489_segmentation.png,dermoscopic,True,train,,unknown,True
isic2018_task1,ISIC_0000490,data/raw/isic2018/images/ISIC2018_Task1-2_Training_Input/ISIC_0000490.jpg,data/raw/isic2018/masks/ISIC2018_Task1_Training_GroundTruth/ISIC_0000490_segmentation.png,dermoscopic,True,train,,unknown,True
isic2018_task1,ISIC_0000491,data/raw/isic2018/images/ISIC2018_Task1-2_Training_Input/ISIC_0000491.jpg,data/raw/isic2018/masks/ISIC2018_Task1_Training_GroundTruth/ISIC_0000491_segmentation.png,dermoscopic,True,train,,unknown,True
isic2018_task1,ISIC_0000492,data/raw/isic2018/images/ISIC2018_Task1-2_Training_Input/ISIC_0000492.jpg,data/raw/isic2018/masks/ISIC2018_Task1_Training_GroundTruth/ISIC_0000492_segmentation.png,dermoscopic,True,train,,unknown,True
isic2018_task1,ISIC_0000493,data/raw/isic2018/images/ISIC2018_Task1-2_Training_Input/ISIC_0000493.jpg,data/raw/isic2018/masks/ISIC2018_Task1_Training_GroundTruth/ISIC_0000493_segmentation.png,dermoscopic,True,train,,unknown,True
isic2018_task1,ISIC_0000495,data/raw/isic2018/images/ISIC2018_Task1-2_Training_Input/ISIC_0000495.jpg,data/raw/isic2018/masks/ISIC2018_Task1_Training_GroundTruth/ISIC_0000495_segmentation.png,dermoscopic,True,train,,unknown,True
isic2018_task1,ISIC_0000496,data/raw/isic2018/images/ISIC2018_Task1-2_Training_Input/ISIC_0000496.jpg,data/raw/isic2018/masks/ISIC2018_Task1_Training_GroundTruth/ISIC_0000496_segmentation.png,dermoscopic,True,train,,unknown,True
isic2018_task1,ISIC_0000498,data/raw/isic2018/images/ISIC2018_Task1-2_Training_Input/ISIC_0000498.jpg,data/raw/isic2018/masks/ISIC2018_Task1_Training_GroundTruth/ISIC_0000498_segmentation.png,dermoscopic,True,train,,unknown,True
isic2018_task1,ISIC_0000499,data/raw/isic2018/images/ISIC2018_Task1-2_Training_Input/ISIC_0000499.jpg,data/raw/isic2018/masks/ISIC2018_Task1_Training_GroundTruth/ISIC_0000499_segmentation.png,dermoscopic,True,train,,unknown,True
isic2018_task1,ISIC_0000503,data/raw/isic2018/images/ISIC2018_Task1-2_Training_Input/ISIC_0000503.jpg,data/raw/isic2018/masks/ISIC2018_Task1_Training_GroundTruth/ISIC_0000503_segmentation.png,dermoscopic,True,train,,unknown,True
isic2018_task1,ISIC_0000506,data/raw/isic2018/images/ISIC2018_Task1-2_Training_Input/ISIC_0000506.jpg,data/raw/isic2018/masks/ISIC2018_Task1_Training_GroundTruth/ISIC_0000506_segmentation.png,dermoscopic,True,train,,unknown,True
isic2018_task1,ISIC_0000507,data/raw/isic2018/images/ISIC2018_Task1-2_Training_Input/ISIC_0000507.jpg,data/raw/isic2018/masks/ISIC2018_Task1_Training_GroundTruth/ISIC_0000507_segmentation.png,dermoscopic,True,train,,unknown,True
isic2018_task1,ISIC_0000509,data/raw/isic2018/images/ISIC2018_Task1-2_Training_Input/ISIC_0000509.jpg,data/raw/isic2018/masks/ISIC2018_Task1_Training_GroundTruth/ISIC_0000509_segmentation.png,dermoscopic,True,train,,unknown,True
isic2018_task1,ISIC_0000510,data/raw/isic2018/images/ISIC2018_Task1-2_Training_Input/ISIC_0000510.jpg,data/raw/isic2018/masks/ISIC2018_Task1_Training_GroundTruth/ISIC_0000510_segmentation.png,dermoscopic,True,train,,unknown,True
isic2018_task1,ISIC_0000511,data/raw/isic2018/images/ISIC2018_Task1-2_Training_Input/ISIC_0000511.jpg,data/raw/isic2018/masks/ISIC2018_Task1_Training_GroundTruth/ISIC_0000511_segmentation.png,dermoscopic,True,train,,unknown,True
isic2018_task1,ISIC_0000513,data/raw/isic2018/images/ISIC2018_Task1-2_Training_Input/ISIC_0000513.jpg,data/raw/isic2018/masks/ISIC2018_Task1_Training_GroundTruth/ISIC_0000513_segmentation.png,dermoscopic,True,train,,unknown,True
isic2018_task1,ISIC_0000514,data/raw/isic2018/images/ISIC2018_Task1-2_Training_Input/ISIC_0000514.jpg,data/raw/isic2018/masks/ISIC2018_Task1_Training_GroundTruth/ISIC_0000514_segmentation.png,dermoscopic,True,train,,unknown,True
isic2018_task1,ISIC_0000517,data/raw/isic2018/images/ISIC2018_Task1-2_Training_Input/ISIC_0000517.jpg,data/raw/isic2018/masks/ISIC2018_Task1_Training_GroundTruth/ISIC_0000517_segmentation.png,dermoscopic,True,train,,unknown,True
isic2018_task1,ISIC_0000519,data/raw/isic2018/images/ISIC2018_Task1-2_Training_Input/ISIC_0000519.jpg,data/raw/isic2018/masks/ISIC2018_Task1_Training_GroundTruth/ISIC_0000519_segmentation.png,dermoscopic,False,,,,True
isic2018_task1,ISIC_0000520,data/raw/isic2018/images/ISIC2018_Task1-2_Training_Input/ISIC_0000520.jpg,data/raw/isic2018/masks/ISIC2018_Task1_Training_GroundTruth/ISIC_0000520_segmentation.png,dermoscopic,False,,,,True
isic2018_task1,ISIC_0000521,data/raw/isic2018/images/ISIC2018_Task1-2_Training_Input/ISIC_0000521.jpg,data/raw/isic2018/masks/ISIC2018_Task1_Training_GroundTruth/ISIC_0000521_segmentation.png,dermoscopic,False,,,,True
isic2018_task1,ISIC_0000522,data/raw/isic2018/images/ISIC2018_Task1-2_Training_Input/ISIC_0000522.jpg,data/raw/isic2018/masks/ISIC2018_Task1_Training_GroundTruth/ISIC_0000522_segmentation.png,dermoscopic,True,train,,unknown,True
isic2018_task1,ISIC_0000523,data/raw/isic2018/images/ISIC2018_Task1-2_Training_Input/ISIC_0000523.jpg,data/raw/isic2018/masks/ISIC2018_Task1_Training_GroundTruth/ISIC_0000523_segmentation.png,dermoscopic,True,train,,unknown,True
isic2018_task1,ISIC_0000524,data/raw/isic2018/images/ISIC2018_Task1-2_Training_Input/ISIC_0000524.jpg,data/raw/isic2018/masks/ISIC2018_Task1_Training_GroundTruth/ISIC_0000524_segmentation.png,dermoscopic,True,train,,unknown,True
isic2018_task1,ISIC_0000525,data/raw/isic2018/images/ISIC2018_Task1-2_Training_Input/ISIC_0000525.jpg,data/raw/isic2018/masks/ISIC2018_Task1_Training_GroundTruth/ISIC_0000525_segmentation.png,dermoscopic,True,train,,unknown,True
isic2018_task1,ISIC_0000528,data/raw/isic2018/images/ISIC2018_Task1-2_Training_Input/ISIC_0000528.jpg,data/raw/isic2018/masks/ISIC2018_Task1_Training_GroundTruth/ISIC_0000528_segmentation.png,dermoscopic,True,train,,unknown,True
isic2018_task1,ISIC_0000531,data/raw/isic2018/images/ISIC2018_Task1-2_Training_Input/ISIC_0000531.jpg,data/raw/isic2018/masks/ISIC2018_Task1_Training_GroundTruth/ISIC_0000531_segmentation.png,dermoscopic,True,train,,unknown,True
isic2018_task1,ISIC_0000534,data/raw/isic2018/images/ISIC2018_Task1-2_Training_Input/ISIC_0000534.jpg,data/raw/isic2018/masks/ISIC2018_Task1_Training_GroundTruth/ISIC_0000534_segmentation.png,dermoscopic,True,train,,unknown,True
isic2018_task1,ISIC_0000536,data/raw/isic2018/images/ISIC2018_Task1-2_Training_Input/ISIC_0000536.jpg,data/raw/isic2018/masks/ISIC2018_Task1_Training_GroundTruth/ISIC_0000536_segmentation.png,dermoscopic,True,train,,unknown,True
isic2018_task1,ISIC_0000538,data/raw/isic2018/images/ISIC2018_Task1-2_Training_Input/ISIC_0000538.jpg,data/raw/isic2018/masks/ISIC2018_Task1_Training_GroundTruth/ISIC_0000538_segmentation.png,dermoscopic,True,train,,unknown,True
isic2018_task1,ISIC_0000539,data/raw/isic2018/images/ISIC2018_Task1-2_Training_Input/ISIC_0000539.jpg,data/raw/isic2018/masks/ISIC2018_Task1_Training_GroundTruth/ISIC_0000539_segmentation.png,dermoscopic,True,train,,unknown,True
isic2018_task1,ISIC_0000541,data/raw/isic2018/images/ISIC2018_Task1-2_Training_Input/ISIC_0000541.jpg,data/raw/isic2018/masks/ISIC2018_Task1_Training_GroundTruth/ISIC_0000541_segmentation.png,dermoscopic,True,train,,unknown,True
isic2018_task1,ISIC_0000543,data/raw/isic2018/images/ISIC2018_Task1-2_Training_Input/ISIC_0000543.jpg,data/raw/isic2018/masks/ISIC2018_Task1_Training_GroundTruth/ISIC_0000543_segmentation.png,dermoscopic,True,train,,unknown,True
isic2018_task1,ISIC_0000544,data/raw/isic2018/images/ISIC2018_Task1-2_Training_Input/ISIC_0000544.jpg,data/raw/isic2018/masks/ISIC2018_Task1_Training_GroundTruth/ISIC_0000544_segmentation.png,dermoscopic,True,train,,unknown,True
isic2018_task1,ISIC_0000545,data/raw/isic2018/images/ISIC2018_Task1-2_Training_Input/ISIC_0000545.jpg,data/raw/isic2018/masks/ISIC2018_Task1_Training_GroundTruth/ISIC_0000545_segmentation.png,dermoscopic,True,train,,unknown,True
isic2018_task1,ISIC_0000546,data/raw/isic2018/images/ISIC2018_Task1-2_Training_Input/ISIC_0000546.jpg,data/raw/isic2018/masks/ISIC2018_Task1_Training_GroundTruth/ISIC_0000546_segmentation.png,dermoscopic,True,train,,unknown,True
isic2018_task1,ISIC_0000548,data/raw/isic2018/images/ISIC2018_Task1-2_Training_Input/ISIC_0000548.jpg,data/raw/isic2018/masks/ISIC2018_Task1_Training_GroundTruth/ISIC_0000548_segmentation.png,dermoscopic,True,train,,unknown,True
isic2018_task1,ISIC_0000549,data/raw/isic2018/images/ISIC2018_Task1-2_Training_Input/ISIC_0000549.jpg,data/raw/isic2018/masks/ISIC2018_Task1_Training_GroundTruth/ISIC_0000549_segmentation.png,dermoscopic,True,train,,unknown,True
isic2018_task1,ISIC_0000550,data/raw/isic2018/images/ISIC2018_Task1-2_Training_Input/ISIC_0000550.jpg,data/raw/isic2018/masks/ISIC2018_Task1_Training_GroundTruth/ISIC_0000550_segmentation.png,dermoscopic,True,train,,unknown,True
isic2018_task1,ISIC_0000552,data/raw/isic2018/images/ISIC2018_Task1-2_Training_Input/ISIC_0000552.jpg,data/raw/isic2018/masks/ISIC2018_Task1_Training_GroundTruth/ISIC_0000552_segmentation.png,dermoscopic,True,train,,unknown,True
isic2018_task1,ISIC_0000554,data/raw/isic2018/images/ISIC2018_Task1-2_Training_Input/ISIC_0000554.jpg,data/raw/isic2018/masks/ISIC2018_Task1_Training_GroundTruth/ISIC_0000554_segmentation.png,dermoscopic,True,train,,unknown,True
isic2018_task1,ISIC_0000555,data/raw/isic2018/images/ISIC2018_Task1-2_Training_Input/ISIC_0000555.jpg,data/raw/isic2018/masks/ISIC2018_Task1_Training_GroundTruth/ISIC_0000555_segmentation.png,dermoscopic,True,train,,unknown,True
isic2018_task1,ISIC_0000882,data/raw/isic2018/images/ISIC2018_Task1-2_Training_Input/ISIC_0000882.jpg,data/raw/isic2018/masks/ISIC2018_Task1_Training_GroundTruth/ISIC_0000882_segmentation.png,dermoscopic,False,,,,True
isic2018_task1,ISIC_0000900,data/raw/isic2018/images/ISIC2018_Task1-2_Training_Input/ISIC_0000900.jpg,data/raw/isic2018/masks/ISIC2018_Task1_Training_GroundTruth/ISIC_0000900_segmentation.png,dermoscopic,False,,,,True
isic2018_task1,ISIC_0000999,data/raw/isic2018/images/ISIC2018_Task1-2_Training_Input/ISIC_0000999.jpg,data/raw/isic2018/masks/ISIC2018_Task1_Training_GroundTruth/ISIC_0000999_segmentation.png,dermoscopic,False,,,,True
isic2018_task1,ISIC_0001102,data/raw/isic2018/images/ISIC2018_Task1-2_Training_Input/ISIC_0001102.jpg,data/raw/isic2018/masks/ISIC2018_Task1_Training_GroundTruth/ISIC_0001102_segmentation.png,dermoscopic,False,,,,True
isic2018_task1,ISIC_0001106,data/raw/isic2018/images/ISIC2018_Task1-2_Training_Input/ISIC_0001106.jpg,data/raw/isic2018/masks/ISIC2018_Task1_Training_GroundTruth/ISIC_0001106_segmentation.png,dermoscopic,False,,,,True
isic2018_task1,ISIC_0001118,data/raw/isic2018/images/ISIC2018_Task1-2_Training_Input/ISIC_0001118.jpg,data/raw/isic2018/masks/ISIC2018_Task1_Training_GroundTruth/ISIC_0001118_segmentation.png,dermoscopic,False,,,,True
isic2018_task1,ISIC_0001119,data/raw/isic2018/images/ISIC2018_Task1-2_Training_Input/ISIC_0001119.jpg,data/raw/isic2018/masks/ISIC2018_Task1_Training_GroundTruth/ISIC_0001119_segmentation.png,dermoscopic,False,,,,True
isic2018_task1,ISIC_0001126,data/raw/isic2018/images/ISIC2018_Task1-2_Training_Input/ISIC_0001126.jpg,data/raw/isic2018/masks/ISIC2018_Task1_Training_GroundTruth/ISIC_0001126_segmentation.png,dermoscopic,False,,,,True
isic2018_task1,ISIC_0001128,data/raw/isic2018/images/ISIC2018_Task1-2_Training_Input/ISIC_0001128.jpg,data/raw/isic2018/masks/ISIC2018_Task1_Training_GroundTruth/ISIC_0001128_segmentation.png,dermoscopic,False,,,,True
isic2018_task1,ISIC_0001131,data/raw/isic2018/images/ISIC2018_Task1-2_Training_Input/ISIC_0001131.jpg,data/raw/isic2018/masks/ISIC2018_Task1_Training_GroundTruth/ISIC_0001131_segmentation.png,dermoscopic,False,,,,True
isic2018_task1,ISIC_0001134,data/raw/isic2018/images/ISIC2018_Task1-2_Training_Input/ISIC_0001134.jpg,data/raw/isic2018/masks/ISIC2018_Task1_Training_GroundTruth/ISIC_0001134_segmentation.png,dermoscopic,False,,,,True
isic2018_task1,ISIC_0001140,data/raw/isic2018/images/ISIC2018_Task1-2_Training_Input/ISIC_0001140.jpg,data/raw/isic2018/masks/ISIC2018_Task1_Training_GroundTruth/ISIC_0001140_segmentation.png,dermoscopic,False,,,,True
isic2018_task1,ISIC_0001142,data/raw/isic2018/images/ISIC2018_Task1-2_Training_Input/ISIC_0001142.jpg,data/raw/isic2018/masks/ISIC2018_Task1_Training_GroundTruth/ISIC_0001142_segmentation.png,dermoscopic,False,,,,True
isic2018_task1,ISIC_0001148,data/raw/isic2018/images/ISIC2018_Task1-2_Training_Input/ISIC_0001148.jpg,data/raw/isic2018/masks/ISIC2018_Task1_Training_GroundTruth/ISIC_0001148_segmentation.png,dermoscopic,False,,,,True
isic2018_task1,ISIC_0001152,data/raw/isic2018/images/ISIC2018_Task1-2_Training_Input/ISIC_0001152.jpg,data/raw/isic2018/masks/ISIC2018_Task1_Training_GroundTruth/ISIC_0001152_segmentation.png,dermoscopic,False,,,,True
isic2018_task1,ISIC_0001163,data/raw/isic2018/images/ISIC2018_Task1-2_Training_Input/ISIC_0001163.jpg,data/raw/isic2018/masks/ISIC2018_Task1_Training_GroundTruth/ISIC_0001163_segmentation.png,dermoscopic,False,,,,True
isic2018_task1,ISIC_0001186,data/raw/isic2018/images/ISIC2018_Task1-2_Training_Input/ISIC_0001186.jpg,data/raw/isic2018/masks/ISIC2018_Task1_Training_GroundTruth/ISIC_0001186_segmentation.png,dermoscopic,False,,,,True
isic2018_task1,ISIC_0001190,data/raw/isic2018/images/ISIC2018_Task1-2_Training_Input/ISIC_0001190.jpg,data/raw/isic2018/masks/ISIC2018_Task1_Training_GroundTruth/ISIC_0001190_segmentation.png,dermoscopic,False,,,,True
isic2018_task1,ISIC_0001191,data/raw/isic2018/images/ISIC2018_Task1-2_Training_Input/ISIC_0001191.jpg,data/raw/isic2018/masks/ISIC2018_Task1_Training_GroundTruth/ISIC_0001191_segmentation.png,dermoscopic,False,,,,True
isic2018_task1,ISIC_0001213,data/raw/isic2018/images/ISIC2018_Task1-2_Training_Input/ISIC_0001213.jpg,data/raw/isic2018/masks/ISIC2018_Task1_Training_GroundTruth/ISIC_0001213_segmentation.png,dermoscopic,False,,,,True
isic2018_task1,ISIC_0001216,data/raw/isic2018/images/ISIC2018_Task1-2_Training_Input/ISIC_0001216.jpg,data/raw/isic2018/masks/ISIC2018_Task1_Training_GroundTruth/ISIC_0001216_segmentation.png,dermoscopic,False,,,,True
isic2018_task1,ISIC_0001242,data/raw/isic2018/images/ISIC2018_Task1-2_Training_Input/ISIC_0001242.jpg,data/raw/isic2018/masks/ISIC2018_Task1_Training_GroundTruth/ISIC_0001242_segmentation.png,dermoscopic,False,,,,True
isic2018_task1,ISIC_0001247,data/raw/isic2018/images/ISIC2018_Task1-2_Training_Input/ISIC_0001247.jpg,data/raw/isic2018/masks/ISIC2018_Task1_Training_GroundTruth/ISIC_0001247_segmentation.png,dermoscopic,False,,,,True
isic2018_task1,ISIC_0001254,data/raw/isic2018/images/ISIC2018_Task1-2_Training_Input/ISIC_0001254.jpg,data/raw/isic2018/masks/ISIC2018_Task1_Training_GroundTruth/ISIC_0001254_segmentation.png,dermoscopic,False,,,,True
isic2018_task1,ISIC_0001262,data/raw/isic2018/images/ISIC2018_Task1-2_Training_Input/ISIC_0001262.jpg,data/raw/isic2018/masks/ISIC2018_Task1_Training_GroundTruth/ISIC_0001262_segmentation.png,dermoscopic,False,,,,True
isic2018_task1,ISIC_0001267,data/raw/isic2018/images/ISIC2018_Task1-2_Training_Input/ISIC_0001267.jpg,data/raw/isic2018/masks/ISIC2018_Task1_Training_GroundTruth/ISIC_0001267_segmentation.png,dermoscopic,False,,,,True
isic2018_task1,ISIC_0001275,data/raw/isic2018/images/ISIC2018_Task1-2_Training_Input/ISIC_0001275.jpg,data/raw/isic2018/masks/ISIC2018_Task1_Training_GroundTruth/ISIC_0001275_segmentation.png,dermoscopic,False,,,,True
isic2018_task1,ISIC_0001292,data/raw/isic2018/images/ISIC2018_Task1-2_Training_Input/ISIC_0001292.jpg,data/raw/isic2018/masks/ISIC2018_Task1_Training_GroundTruth/ISIC_0001292_segmentation.png,dermoscopic,False,,,,True
isic2018_task1,ISIC_0001296,data/raw/isic2018/images/ISIC2018_Task1-2_Training_Input/ISIC_0001296.jpg,data/raw/isic2018/masks/ISIC2018_Task1_Training_GroundTruth/ISIC_0001296_segmentation.png,dermoscopic,False,,,,True
isic2018_task1,ISIC_0001306,data/raw/isic2018/images/ISIC2018_Task1-2_Training_Input/ISIC_0001306.jpg,data/raw/isic2018/masks/ISIC2018_Task1_Training_GroundTruth/ISIC_0001306_segmentation.png,dermoscopic,False,,,,True
isic2018_task1,ISIC_0001367,data/raw/isic2018/images/ISIC2018_Task1-2_Training_Input/ISIC_0001367.jpg,data/raw/isic2018/masks/ISIC2018_Task1_Training_GroundTruth/ISIC_0001367_segmentation.png,dermoscopic,False,,,,True
isic2018_task1,ISIC_0001372,data/raw/isic2018/images/ISIC2018_Task1-2_Training_Input/ISIC_0001372.jpg,data/raw/isic2018/masks/ISIC2018_Task1_Training_GroundTruth/ISIC_0001372_segmentation.png,dermoscopic,False,,,,True
isic2018_task1,ISIC_0001374,data/raw/isic2018/images/ISIC2018_Task1-2_Training_Input/ISIC_0001374.jpg,data/raw/isic2018/masks/ISIC2018_Task1_Training_GroundTruth/ISIC_0001374_segmentation.png,dermoscopic,False,,,,True
isic2018_task1,ISIC_0001385,data/raw/isic2018/images/ISIC2018_Task1-2_Training_Input/ISIC_0001385.jpg,data/raw/isic2018/masks/ISIC2018_Task1_Training_GroundTruth/ISIC_0001385_segmentation.png,dermoscopic,False,,,,True
isic2018_task1,ISIC_0001423,data/raw/isic2018/images/ISIC2018_Task1-2_Training_Input/ISIC_0001423.jpg,data/raw/isic2018/masks/ISIC2018_Task1_Training_GroundTruth/ISIC_0001423_segmentation.png,dermoscopic,False,,,,True
isic2018_task1,ISIC_0001427,data/raw/isic2018/images/ISIC2018_Task1-2_Training_Input/ISIC_0001427.jpg,data/raw/isic2018/masks/ISIC2018_Task1_Training_GroundTruth/ISIC_0001427_segmentation.png,dermoscopic,False,,,,True
isic2018_task1,ISIC_0001442,data/raw/isic2018/images/ISIC2018_Task1-2_Training_Input/ISIC_0001442.jpg,data/raw/isic2018/masks/ISIC2018_Task1_Training_GroundTruth/ISIC_0001442_segmentation.png,dermoscopic,False,,,,True
isic2018_task1,ISIC_0001871,data/raw/isic2018/images/ISIC2018_Task1-2_Training_Input/ISIC_0001871.jpg,data/raw/isic2018/masks/ISIC2018_Task1_Training_GroundTruth/ISIC_0001871_segmentation.png,dermoscopic,False,,,,True
isic2018_task1,ISIC_0001960,data/raw/isic2018/images/ISIC2018_Task1-2_Training_Input/ISIC_0001960.jpg,data/raw/isic2018/masks/ISIC2018_Task1_Training_GroundTruth/ISIC_0001960_segmentation.png,dermoscopic,False,,,,True
isic2018_task1,ISIC_0002093,data/raw/isic2018/images/ISIC2018_Task1-2_Training_Input/ISIC_0002093.jpg,data/raw/isic2018/masks/ISIC2018_Task1_Training_GroundTruth/ISIC_0002093_segmentation.png,dermoscopic,False,,,,True
isic2018_task1,ISIC_0002107,data/raw/isic2018/images/ISIC2018_Task1-2_Training_Input/ISIC_0002107.jpg,data/raw/isic2018/masks/ISIC2018_Task1_Training_GroundTruth/ISIC_0002107_segmentation.png,dermoscopic,False,,,,True
isic2018_task1,ISIC_0002206,data/raw/isic2018/images/ISIC2018_Task1-2_Training_Input/ISIC_0002206.jpg,data/raw/isic2018/masks/ISIC2018_Task1_Training_GroundTruth/ISIC_0002206_segmentation.png,dermoscopic,False,,,,True
isic2018_task1,ISIC_0002246,data/raw/isic2018/images/ISIC2018_Task1-2_Training_Input/ISIC_0002246.jpg,data/raw/isic2018/masks/ISIC2018_Task1_Training_GroundTruth/ISIC_0002246_segmentation.png,dermoscopic,False,,,,True
isic2018_task1,ISIC_0002251,data/raw/isic2018/images/ISIC2018_Task1-2_Training_Input/ISIC_0002251.jpg,data/raw/isic2018/masks/ISIC2018_Task1_Training_GroundTruth/ISIC_0002251_segmentation.png,dermoscopic,False,,,,True
isic2018_task1,ISIC_0002287,data/raw/isic2018/images/ISIC2018_Task1-2_Training_Input/ISIC_0002287.jpg,data/raw/isic2018/masks/ISIC2018_Task1_Training_GroundTruth/ISIC_0002287_segmentation.png,dermoscopic,False,,,,True
isic2018_task1,ISIC_0002374,data/raw/isic2018/images/ISIC2018_Task1-2_Training_Input/ISIC_0002374.jpg,data/raw/isic2018/masks/ISIC2018_Task1_Training_GroundTruth/ISIC_0002374_segmentation.png,dermoscopic,False,,,,True
isic2018_task1,ISIC_0002438,data/raw/isic2018/images/ISIC2018_Task1-2_Training_Input/ISIC_0002438.jpg,data/raw/isic2018/masks/ISIC2018_Task1_Training_GroundTruth/ISIC_0002438_segmentation.png,dermoscopic,False,,,,True
isic2018_task1,ISIC_0002459,data/raw/isic2018/images/ISIC2018_Task1-2_Training_Input/ISIC_0002459.jpg,data/raw/isic2018/masks/ISIC2018_Task1_Training_GroundTruth/ISIC_0002459_segmentation.png,dermoscopic,False,,,,True
isic2018_task1,ISIC_0002469,data/raw/isic2018/images/ISIC2018_Task1-2_Training_Input/ISIC_0002469.jpg,data/raw/isic2018/masks/ISIC2018_Task1_Training_GroundTruth/ISIC_0002469_segmentation.png,dermoscopic,False,,,,True
isic2018_task1,ISIC_0002476,data/raw/isic2018/images/ISIC2018_Task1-2_Training_Input/ISIC_0002476.jpg,data/raw/isic2018/masks/ISIC2018_Task1_Training_GroundTruth/ISIC_0002476_segmentation.png,dermoscopic,False,,,,True
isic2018_task1,ISIC_0002488,data/raw/isic2018/images/ISIC2018_Task1-2_Training_Input/ISIC_0002488.jpg,data/raw/isic2018/masks/ISIC2018_Task1_Training_GroundTruth/ISIC_0002488_segmentation.png,dermoscopic,False,,,,True
isic2018_task1,ISIC_0002647,data/raw/isic2018/images/ISIC2018_Task1-2_Training_Input/ISIC_0002647.jpg,data/raw/isic2018/masks/ISIC2018_Task1_Training_GroundTruth/ISIC_0002647_segmentation.png,dermoscopic,False,,,,True
isic2018_task1,ISIC_0002780,data/raw/isic2018/images/ISIC2018_Task1-2_Training_Input/ISIC_0002780.jpg,data/raw/isic2018/masks/ISIC2018_Task1_Training_GroundTruth/ISIC_0002780_segmentation.png,dermoscopic,False,,,,True
isic2018_task1,ISIC_0002829,data/raw/isic2018/images/ISIC2018_Task1-2_Training_Input/ISIC_0002829.jpg,data/raw/isic2018/masks/ISIC2018_Task1_Training_GroundTruth/ISIC_0002829_segmentation.png,dermoscopic,False,,,,True
isic2018_task1,ISIC_0002836,data/raw/isic2018/images/ISIC2018_Task1-2_Training_Input/ISIC_0002836.jpg,data/raw/isic2018/masks/ISIC2018_Task1_Training_GroundTruth/ISIC_0002836_segmentation.png,dermoscopic,False,,,,True
isic2018_task1,ISIC_0002871,data/raw/isic2018/images/ISIC2018_Task1-2_Training_Input/ISIC_0002871.jpg,data/raw/isic2018/masks/ISIC2018_Task1_Training_GroundTruth/ISIC_0002871_segmentation.png,dermoscopic,False,,,,True
isic2018_task1,ISIC_0002879,data/raw/isic2018/images/ISIC2018_Task1-2_Training_Input/ISIC_0002879.jpg,data/raw/isic2018/masks/ISIC2018_Task1_Training_GroundTruth/ISIC_0002879_segmentation.png,dermoscopic,False,,,,True
isic2018_task1,ISIC_0002885,data/raw/isic2018/images/ISIC2018_Task1-2_Training_Input/ISIC_0002885.jpg,data/raw/isic2018/masks/ISIC2018_Task1_Training_GroundTruth/ISIC_0002885_segmentation.png,dermoscopic,False,,,,True
isic2018_task1,ISIC_0002948,data/raw/isic2018/images/ISIC2018_Task1-2_Training_Input/ISIC_0002948.jpg,data/raw/isic2018/masks/ISIC2018_Task1_Training_GroundTruth/ISIC_0002948_segmentation.png,dermoscopic,False,,,,True
isic2018_task1,ISIC_0002975,data/raw/isic2018/images/ISIC2018_Task1-2_Training_Input/ISIC_0002975.jpg,data/raw/isic2018/masks/ISIC2018_Task1_Training_GroundTruth/ISIC_0002975_segmentation.png,dermoscopic,False,,,,True
isic2018_task1,ISIC_0002976,data/raw/isic2018/images/ISIC2018_Task1-2_Training_Input/ISIC_0002976.jpg,data/raw/isic2018/masks/ISIC2018_Task1_Training_GroundTruth/ISIC_0002976_segmentation.png,dermoscopic,False,,,,True
isic2018_task1,ISIC_0003005,data/raw/isic2018/images/ISIC2018_Task1-2_Training_Input/ISIC_0003005.jpg,data/raw/isic2018/masks/ISIC2018_Task1_Training_GroundTruth/ISIC_0003005_segmentation.png,dermoscopic,False,,,,True
isic2018_task1,ISIC_0003056,data/raw/isic2018/images/ISIC2018_Task1-2_Training_Input/ISIC_0003056.jpg,data/raw/isic2018/masks/ISIC2018_Task1_Training_GroundTruth/ISIC_0003056_segmentation.png,dermoscopic,False,,,,True
isic2018_task1,ISIC_0003174,data/raw/isic2018/images/ISIC2018_Task1-2_Training_Input/ISIC_0003174.jpg,data/raw/isic2018/masks/ISIC2018_Task1_Training_GroundTruth/ISIC_0003174_segmentation.png,dermoscopic,False,,,,True
isic2018_task1,ISIC_0003346,data/raw/isic2018/images/ISIC2018_Task1-2_Training_Input/ISIC_0003346.jpg,data/raw/isic2018/masks/ISIC2018_Task1_Training_GroundTruth/ISIC_0003346_segmentation.png,dermoscopic,False,,,,True
isic2018_task1,ISIC_0003462,data/raw/isic2018/images/ISIC2018_Task1-2_Training_Input/ISIC_0003462.jpg,data/raw/isic2018/masks/ISIC2018_Task1_Training_GroundTruth/ISIC_0003462_segmentation.png,dermoscopic,False,,,,True
isic2018_task1,ISIC_0003539,data/raw/isic2018/images/ISIC2018_Task1-2_Training_Input/ISIC_0003539.jpg,data/raw/isic2018/masks/ISIC2018_Task1_Training_GroundTruth/ISIC_0003539_segmentation.png,dermoscopic,False,,,,True
isic2018_task1,ISIC_0003559,data/raw/isic2018/images/ISIC2018_Task1-2_Training_Input/ISIC_0003559.jpg,data/raw/isic2018/masks/ISIC2018_Task1_Training_GroundTruth/ISIC_0003559_segmentation.png,dermoscopic,False,,,,True
isic2018_task1,ISIC_0003582,data/raw/isic2018/images/ISIC2018_Task1-2_Training_Input/ISIC_0003582.jpg,data/raw/isic2018/masks/ISIC2018_Task1_Training_GroundTruth/ISIC_0003582_segmentation.png,dermoscopic,False,,,,True
isic2018_task1,ISIC_0003657,data/raw/isic2018/images/ISIC2018_Task1-2_Training_Input/ISIC_0003657.jpg,data/raw/isic2018/masks/ISIC2018_Task1_Training_GroundTruth/ISIC_0003657_segmentation.png,dermoscopic,False,,,,True
isic2018_task1,ISIC_0003728,data/raw/isic2018/images/ISIC2018_Task1-2_Training_Input/ISIC_0003728.jpg,data/raw/isic2018/masks/ISIC2018_Task1_Training_GroundTruth/ISIC_0003728_segmentation.png,dermoscopic,False,,,,True
isic2018_task1,ISIC_0003805,data/raw/isic2018/images/ISIC2018_Task1-2_Training_Input/ISIC_0003805.jpg,data/raw/isic2018/masks/ISIC2018_Task1_Training_GroundTruth/ISIC_0003805_segmentation.png,dermoscopic,False,,,,True
isic2018_task1,ISIC_0004110,data/raw/isic2018/images/ISIC2018_Task1-2_Training_Input/ISIC_0004110.jpg,data/raw/isic2018/masks/ISIC2018_Task1_Training_GroundTruth/ISIC_0004110_segmentation.png,dermoscopic,False,,,,True
isic2018_task1,ISIC_0004168,data/raw/isic2018/images/ISIC2018_Task1-2_Training_Input/ISIC_0004168.jpg,data/raw/isic2018/masks/ISIC2018_Task1_Training_GroundTruth/ISIC_0004168_segmentation.png,dermoscopic,False,,,,True
isic2018_task1,ISIC_0004309,data/raw/isic2018/images/ISIC2018_Task1-2_Training_Input/ISIC_0004309.jpg,data/raw/isic2018/masks/ISIC2018_Task1_Training_GroundTruth/ISIC_0004309_segmentation.png,dermoscopic,False,,,,True
isic2018_task1,ISIC_0004337,data/raw/isic2018/images/ISIC2018_Task1-2_Training_Input/ISIC_0004337.jpg,data/raw/isic2018/masks/ISIC2018_Task1_Training_GroundTruth/ISIC_0004337_segmentation.png,dermoscopic,False,,,,True
isic2018_task1,ISIC_0004346,data/raw/isic2018/images/ISIC2018_Task1-2_Training_Input/ISIC_0004346.jpg,data/raw/isic2018/masks/ISIC2018_Task1_Training_GroundTruth/ISIC_0004346_segmentation.png,dermoscopic,False,,,,True
isic2018_task1,ISIC_0004715,data/raw/isic2018/images/ISIC2018_Task1-2_Training_Input/ISIC_0004715.jpg,data/raw/isic2018/masks/ISIC2018_Task1_Training_GroundTruth/ISIC_0004715_segmentation.png,dermoscopic,False,,,,True
isic2018_task1,ISIC_0004985,data/raw/isic2018/images/ISIC2018_Task1-2_Training_Input/ISIC_0004985.jpg,data/raw/isic2018/masks/ISIC2018_Task1_Training_GroundTruth/ISIC_0004985_segmentation.png,dermoscopic,False,,,,True
isic2018_task1,ISIC_0005000,data/raw/isic2018/images/ISIC2018_Task1-2_Training_Input/ISIC_0005000.jpg,data/raw/isic2018/masks/ISIC2018_Task1_Training_GroundTruth/ISIC_0005000_segmentation.png,dermoscopic,False,,,,True
isic2018_task1,ISIC_0005187,data/raw/isic2018/images/ISIC2018_Task1-2_Training_Input/ISIC_0005187.jpg,data/raw/isic2018/masks/ISIC2018_Task1_Training_GroundTruth/ISIC_0005187_segmentation.png,dermoscopic,False,,,,True
isic2018_task1,ISIC_0005247,data/raw/isic2018/images/ISIC2018_Task1-2_Training_Input/ISIC_0005247.jpg,data/raw/isic2018/masks/ISIC2018_Task1_Training_GroundTruth/ISIC_0005247_segmentation.png,dermoscopic,False,,,,True
isic2018_task1,ISIC_0005620,data/raw/isic2018/images/ISIC2018_Task1-2_Training_Input/ISIC_0005620.jpg,data/raw/isic2018/masks/ISIC2018_Task1_Training_GroundTruth/ISIC_0005620_segmentation.png,dermoscopic,False,,,,True
isic2018_task1,ISIC_0005787,data/raw/isic2018/images/ISIC2018_Task1-2_Training_Input/ISIC_0005787.jpg,data/raw/isic2018/masks/ISIC2018_Task1_Training_GroundTruth/ISIC_0005787_segmentation.png,dermoscopic,False,,,,True
isic2018_task1,ISIC_0006021,data/raw/isic2018/images/ISIC2018_Task1-2_Training_Input/ISIC_0006021.jpg,data/raw/isic2018/masks/ISIC2018_Task1_Training_GroundTruth/ISIC_0006021_segmentation.png,dermoscopic,False,,,,True
isic2018_task1,ISIC_0006114,data/raw/isic2018/images/ISIC2018_Task1-2_Training_Input/ISIC_0006114.jpg,data/raw/isic2018/masks/ISIC2018_Task1_Training_GroundTruth/ISIC_0006114_segmentation.png,dermoscopic,False,,,,True
isic2018_task1,ISIC_0006350,data/raw/isic2018/images/ISIC2018_Task1-2_Training_Input/ISIC_0006350.jpg,data/raw/isic2018/masks/ISIC2018_Task1_Training_GroundTruth/ISIC_0006350_segmentation.png,dermoscopic,False,,,,True
isic2018_task1,ISIC_0006612,data/raw/isic2018/images/ISIC2018_Task1-2_Training_Input/ISIC_0006612.jpg,data/raw/isic2018/masks/ISIC2018_Task1_Training_GroundTruth/ISIC_0006612_segmentation.png,dermoscopic,False,,,,True
isic2018_task1,ISIC_0006651,data/raw/isic2018/images/ISIC2018_Task1-2_Training_Input/ISIC_0006651.jpg,data/raw/isic2018/masks/ISIC2018_Task1_Training_GroundTruth/ISIC_0006651_segmentation.png,dermoscopic,False,,,,True
isic2018_task1,ISIC_0006671,data/raw/isic2018/images/ISIC2018_Task1-2_Training_Input/ISIC_0006671.jpg,data/raw/isic2018/masks/ISIC2018_Task1_Training_GroundTruth/ISIC_0006671_segmentation.png,dermoscopic,False,,,,True
isic2018_task1,ISIC_0006711,data/raw/isic2018/images/ISIC2018_Task1-2_Training_Input/ISIC_0006711.jpg,data/raw/isic2018/masks/ISIC2018_Task1_Training_GroundTruth/ISIC_0006711_segmentation.png,dermoscopic,False,,,,True
isic2018_task1,ISIC_0006776,data/raw/isic2018/images/ISIC2018_Task1-2_Training_Input/ISIC_0006776.jpg,data/raw/isic2018/masks/ISIC2018_Task1_Training_GroundTruth/ISIC_0006776_segmentation.png,dermoscopic,False,,,,True
isic2018_task1,ISIC_0006795,data/raw/isic2018/images/ISIC2018_Task1-2_Training_Input/ISIC_0006795.jpg,data/raw/isic2018/masks/ISIC2018_Task1_Training_GroundTruth/ISIC_0006795_segmentation.png,dermoscopic,False,,,,True
isic2018_task1,ISIC_0006800,data/raw/isic2018/images/ISIC2018_Task1-2_Training_Input/ISIC_0006800.jpg,data/raw/isic2018/masks/ISIC2018_Task1_Training_GroundTruth/ISIC_0006800_segmentation.png,dermoscopic,False,,,,True
isic2018_task1,ISIC_0006940,data/raw/isic2018/images/ISIC2018_Task1-2_Training_Input/ISIC_0006940.jpg,data/raw/isic2018/masks/ISIC2018_Task1_Training_GroundTruth/ISIC_0006940_segmentation.png,dermoscopic,False,,,,True
isic2018_task1,ISIC_0006982,data/raw/isic2018/images/ISIC2018_Task1-2_Training_Input/ISIC_0006982.jpg,data/raw/isic2018/masks/ISIC2018_Task1_Training_GroundTruth/ISIC_0006982_segmentation.png,dermoscopic,False,,,,True
isic2018_task1,ISIC_0007038,data/raw/isic2018/images/ISIC2018_Task1-2_Training_Input/ISIC_0007038.jpg,data/raw/isic2018/masks/ISIC2018_Task1_Training_GroundTruth/ISIC_0007038_segmentation.png,dermoscopic,False,,,,True
isic2018_task1,ISIC_0007087,data/raw/isic2018/images/ISIC2018_Task1-2_Training_Input/ISIC_0007087.jpg,data/raw/isic2018/masks/ISIC2018_Task1_Training_GroundTruth/ISIC_0007087_segmentation.png,dermoscopic,False,,,,True
isic2018_task1,ISIC_0007141,data/raw/isic2018/images/ISIC2018_Task1-2_Training_Input/ISIC_0007141.jpg,data/raw/isic2018/masks/ISIC2018_Task1_Training_GroundTruth/ISIC_0007141_segmentation.png,dermoscopic,False,,,,True
isic2018_task1,ISIC_0007156,data/raw/isic2018/images/ISIC2018_Task1-2_Training_Input/ISIC_0007156.jpg,data/raw/isic2018/masks/ISIC2018_Task1_Training_GroundTruth/ISIC_0007156_segmentation.png,dermoscopic,False,,,,True
isic2018_task1,ISIC_0007241,data/raw/isic2018/images/ISIC2018_Task1-2_Training_Input/ISIC_0007241.jpg,data/raw/isic2018/masks/ISIC2018_Task1_Training_GroundTruth/ISIC_0007241_segmentation.png,dermoscopic,False,,,,True
isic2018_task1,ISIC_0007322,data/raw/isic2018/images/ISIC2018_Task1-2_Training_Input/ISIC_0007322.jpg,data/raw/isic2018/masks/ISIC2018_Task1_Training_GroundTruth/ISIC_0007322_segmentation.png,dermoscopic,False,,,,True
isic2018_task1,ISIC_0007332,data/raw/isic2018/images/ISIC2018_Task1-2_Training_Input/ISIC_0007332.jpg,data/raw/isic2018/masks/ISIC2018_Task1_Training_GroundTruth/ISIC_0007332_segmentation.png,dermoscopic,False,,,,True
isic2018_task1,ISIC_0007344,data/raw/isic2018/images/ISIC2018_Task1-2_Training_Input/ISIC_0007344.jpg,data/raw/isic2018/masks/ISIC2018_Task1_Training_GroundTruth/ISIC_0007344_segmentation.png,dermoscopic,False,,,,True
isic2018_task1,ISIC_0007475,data/raw/isic2018/images/ISIC2018_Task1-2_Training_Input/ISIC_0007475.jpg,data/raw/isic2018/masks/ISIC2018_Task1_Training_GroundTruth/ISIC_0007475_segmentation.png,dermoscopic,False,,,,True
isic2018_task1,ISIC_0007528,data/raw/isic2018/images/ISIC2018_Task1-2_Training_Input/ISIC_0007528.jpg,data/raw/isic2018/masks/ISIC2018_Task1_Training_GroundTruth/ISIC_0007528_segmentation.png,dermoscopic,False,,,,True
isic2018_task1,ISIC_0007557,data/raw/isic2018/images/ISIC2018_Task1-2_Training_Input/ISIC_0007557.jpg,data/raw/isic2018/masks/ISIC2018_Task1_Training_GroundTruth/ISIC_0007557_segmentation.png,dermoscopic,False,,,,True
isic2018_task1,ISIC_0007760,data/raw/isic2018/images/ISIC2018_Task1-2_Training_Input/ISIC_0007760.jpg,data/raw/isic2018/masks/ISIC2018_Task1_Training_GroundTruth/ISIC_0007760_segmentation.png,dermoscopic,False,,,,True
isic2018_task1,ISIC_0007788,data/raw/isic2018/images/ISIC2018_Task1-2_Training_Input/ISIC_0007788.jpg,data/raw/isic2018/masks/ISIC2018_Task1_Training_GroundTruth/ISIC_0007788_segmentation.png,dermoscopic,False,,,,True
isic2018_task1,ISIC_0008029,data/raw/isic2018/images/ISIC2018_Task1-2_Training_Input/ISIC_0008029.jpg,data/raw/isic2018/masks/ISIC2018_Task1_Training_GroundTruth/ISIC_0008029_segmentation.png,dermoscopic,False,,,,True
isic2018_task1,ISIC_0008116,data/raw/isic2018/images/ISIC2018_Task1-2_Training_Input/ISIC_0008116.jpg,data/raw/isic2018/masks/ISIC2018_Task1_Training_GroundTruth/ISIC_0008116_segmentation.png,dermoscopic,False,,,,True
isic2018_task1,ISIC_0008207,data/raw/isic2018/images/ISIC2018_Task1-2_Training_Input/ISIC_0008207.jpg,data/raw/isic2018/masks/ISIC2018_Task1_Training_GroundTruth/ISIC_0008207_segmentation.png,dermoscopic,False,,,,True
isic2018_task1,ISIC_0008236,data/raw/isic2018/images/ISIC2018_Task1-2_Training_Input/ISIC_0008236.jpg,data/raw/isic2018/masks/ISIC2018_Task1_Training_GroundTruth/ISIC_0008236_segmentation.png,dermoscopic,False,,,,True
isic2018_task1,ISIC_0008280,data/raw/isic2018/images/ISIC2018_Task1-2_Training_Input/ISIC_0008280.jpg,data/raw/isic2018/masks/ISIC2018_Task1_Training_GroundTruth/ISIC_0008280_segmentation.png,dermoscopic,False,,,,True
isic2018_task1,ISIC_0008294,data/raw/isic2018/images/ISIC2018_Task1-2_Training_Input/ISIC_0008294.jpg,data/raw/isic2018/masks/ISIC2018_Task1_Training_GroundTruth/ISIC_0008294_segmentation.png,dermoscopic,False,,,,True
isic2018_task1,ISIC_0008347,data/raw/isic2018/images/ISIC2018_Task1-2_Training_Input/ISIC_0008347.jpg,data/raw/isic2018/masks/ISIC2018_Task1_Training_GroundTruth/ISIC_0008347_segmentation.png,dermoscopic,False,,,,True
isic2018_task1,ISIC_0008396,data/raw/isic2018/images/ISIC2018_Task1-2_Training_Input/ISIC_0008396.jpg,data/raw/isic2018/masks/ISIC2018_Task1_Training_GroundTruth/ISIC_0008396_segmentation.png,dermoscopic,False,,,,True
isic2018_task1,ISIC_0008406,data/raw/isic2018/images/ISIC2018_Task1-2_Training_Input/ISIC_0008406.jpg,data/raw/isic2018/masks/ISIC2018_Task1_Training_GroundTruth/ISIC_0008406_segmentation.png,dermoscopic,False,,,,True
isic2018_task1,ISIC_0008507,data/raw/isic2018/images/ISIC2018_Task1-2_Training_Input/ISIC_0008507.jpg,data/raw/isic2018/masks/ISIC2018_Task1_Training_GroundTruth/ISIC_0008507_segmentation.png,dermoscopic,False,,,,True
isic2018_task1,ISIC_0008528,data/raw/isic2018/images/ISIC2018_Task1-2_Training_Input/ISIC_0008528.jpg,data/raw/isic2018/masks/ISIC2018_Task1_Training_GroundTruth/ISIC_0008528_segmentation.png,dermoscopic,False,,,,True
isic2018_task1,ISIC_0008541,data/raw/isic2018/images/ISIC2018_Task1-2_Training_Input/ISIC_0008541.jpg,data/raw/isic2018/masks/ISIC2018_Task1_Training_GroundTruth/ISIC_0008541_segmentation.png,dermoscopic,False,,,,True
isic2018_task1,ISIC_0008552,data/raw/isic2018/images/ISIC2018_Task1-2_Training_Input/ISIC_0008552.jpg,data/raw/isic2018/masks/ISIC2018_Task1_Training_GroundTruth/ISIC_0008552_segmentation.png,dermoscopic,False,,,,True
isic2018_task1,ISIC_0008626,data/raw/isic2018/images/ISIC2018_Task1-2_Training_Input/ISIC_0008626.jpg,data/raw/isic2018/masks/ISIC2018_Task1_Training_GroundTruth/ISIC_0008626_segmentation.png,dermoscopic,False,,,,True
isic2018_task1,ISIC_0008659,data/raw/isic2018/images/ISIC2018_Task1-2_Training_Input/ISIC_0008659.jpg,data/raw/isic2018/masks/ISIC2018_Task1_Training_GroundTruth/ISIC_0008659_segmentation.png,dermoscopic,False,,,,True
isic2018_task1,ISIC_0008879,data/raw/isic2018/images/ISIC2018_Task1-2_Training_Input/ISIC_0008879.jpg,data/raw/isic2018/masks/ISIC2018_Task1_Training_GroundTruth/ISIC_0008879_segmentation.png,dermoscopic,False,,,,True
isic2018_task1,ISIC_0008913,data/raw/isic2018/images/ISIC2018_Task1-2_Training_Input/ISIC_0008913.jpg,data/raw/isic2018/masks/ISIC2018_Task1_Training_GroundTruth/ISIC_0008913_segmentation.png,dermoscopic,False,,,,True
isic2018_task1,ISIC_0008992,data/raw/isic2018/images/ISIC2018_Task1-2_Training_Input/ISIC_0008992.jpg,data/raw/isic2018/masks/ISIC2018_Task1_Training_GroundTruth/ISIC_0008992_segmentation.png,dermoscopic,False,,,,True
isic2018_task1,ISIC_0008993,data/raw/isic2018/images/ISIC2018_Task1-2_Training_Input/ISIC_0008993.jpg,data/raw/isic2018/masks/ISIC2018_Task1_Training_GroundTruth/ISIC_0008993_segmentation.png,dermoscopic,False,,,,True
isic2018_task1,ISIC_0008998,data/raw/isic2018/images/ISIC2018_Task1-2_Training_Input/ISIC_0008998.jpg,data/raw/isic2018/masks/ISIC2018_Task1_Training_GroundTruth/ISIC_0008998_segmentation.png,dermoscopic,False,,,,True
isic2018_task1,ISIC_0009035,data/raw/isic2018/images/ISIC2018_Task1-2_Training_Input/ISIC_0009035.jpg,data/raw/isic2018/masks/ISIC2018_Task1_Training_GroundTruth/ISIC_0009035_segmentation.png,dermoscopic,False,,,,True
isic2018_task1,ISIC_0009078,data/raw/isic2018/images/ISIC2018_Task1-2_Training_Input/ISIC_0009078.jpg,data/raw/isic2018/masks/ISIC2018_Task1_Training_GroundTruth/ISIC_0009078_segmentation.png,dermoscopic,False,,,,True
isic2018_task1,ISIC_0009083,data/raw/isic2018/images/ISIC2018_Task1-2_Training_Input/ISIC_0009083.jpg,data/raw/isic2018/masks/ISIC2018_Task1_Training_GroundTruth/ISIC_0009083_segmentation.png,dermoscopic,False,,,,True
isic2018_task1,ISIC_0009160,data/raw/isic2018/images/ISIC2018_Task1-2_Training_Input/ISIC_0009160.jpg,data/raw/isic2018/masks/ISIC2018_Task1_Training_GroundTruth/ISIC_0009160_segmentation.png,dermoscopic,False,,,,True
isic2018_task1,ISIC_0009165,data/raw/isic2018/images/ISIC2018_Task1-2_Training_Input/ISIC_0009165.jpg,data/raw/isic2018/masks/ISIC2018_Task1_Training_GroundTruth/ISIC_0009165_segmentation.png,dermoscopic,False,,,,True
isic2018_task1,ISIC_0009201,data/raw/isic2018/images/ISIC2018_Task1-2_Training_Input/ISIC_0009201.jpg,data/raw/isic2018/masks/ISIC2018_Task1_Training_GroundTruth/ISIC_0009201_segmentation.png,dermoscopic,False,,,,True
isic2018_task1,ISIC_0009252,data/raw/isic2018/images/ISIC2018_Task1-2_Training_Input/ISIC_0009252.jpg,data/raw/isic2018/masks/ISIC2018_Task1_Training_GroundTruth/ISIC_0009252_segmentation.png,dermoscopic,False,,,,True
isic2018_task1,ISIC_0009297,data/raw/isic2018/images/ISIC2018_Task1-2_Training_Input/ISIC_0009297.jpg,data/raw/isic2018/masks/ISIC2018_Task1_Training_GroundTruth/ISIC_0009297_segmentation.png,dermoscopic,False,,,,True
isic2018_task1,ISIC_0009298,data/raw/isic2018/images/ISIC2018_Task1-2_Training_Input/ISIC_0009298.jpg,data/raw/isic2018/masks/ISIC2018_Task1_Training_GroundTruth/ISIC_0009298_segmentation.png,dermoscopic,False,,,,True
isic2018_task1,ISIC_0009344,data/raw/isic2018/images/ISIC2018_Task1-2_Training_Input/ISIC_0009344.jpg,data/raw/isic2018/masks/ISIC2018_Task1_Training_GroundTruth/ISIC_0009344_segmentation.png,dermoscopic,False,,,,True
isic2018_task1,ISIC_0009430,data/raw/isic2018/images/ISIC2018_Task1-2_Training_Input/ISIC_0009430.jpg,data/raw/isic2018/masks/ISIC2018_Task1_Training_GroundTruth/ISIC_0009430_segmentation.png,dermoscopic,False,,,,True
isic2018_task1,ISIC_0009504,data/raw/isic2018/images/ISIC2018_Task1-2_Training_Input/ISIC_0009504.jpg,data/raw/isic2018/masks/ISIC2018_Task1_Training_GroundTruth/ISIC_0009504_segmentation.png,dermoscopic,False,,,,True
isic2018_task1,ISIC_0009533,data/raw/isic2018/images/ISIC2018_Task1-2_Training_Input/ISIC_0009533.jpg,data/raw/isic2018/masks/ISIC2018_Task1_Training_GroundTruth/ISIC_0009533_segmentation.png,dermoscopic,False,,,,True
isic2018_task1,ISIC_0009564,data/raw/isic2018/images/ISIC2018_Task1-2_Training_Input/ISIC_0009564.jpg,data/raw/isic2018/masks/ISIC2018_Task1_Training_GroundTruth/ISIC_0009564_segmentation.png,dermoscopic,False,,,,True
isic2018_task1,ISIC_0009583,data/raw/isic2018/images/ISIC2018_Task1-2_Training_Input/ISIC_0009583.jpg,data/raw/isic2018/masks/ISIC2018_Task1_Training_GroundTruth/ISIC_0009583_segmentation.png,dermoscopic,False,,,,True
isic2018_task1,ISIC_0009758,data/raw/isic2018/images/ISIC2018_Task1-2_Training_Input/ISIC_0009758.jpg,data/raw/isic2018/masks/ISIC2018_Task1_Training_GroundTruth/ISIC_0009758_segmentation.png,dermoscopic,False,,,,True
isic2018_task1,ISIC_0009800,data/raw/isic2018/images/ISIC2018_Task1-2_Training_Input/ISIC_0009800.jpg,data/raw/isic2018/masks/ISIC2018_Task1_Training_GroundTruth/ISIC_0009800_segmentation.png,dermoscopic,False,,,,True
isic2018_task1,ISIC_0009860,data/raw/isic2018/images/ISIC2018_Task1-2_Training_Input/ISIC_0009860.jpg,data/raw/isic2018/masks/ISIC2018_Task1_Training_GroundTruth/ISIC_0009860_segmentation.png,dermoscopic,False,,,,True
isic2018_task1,ISIC_0009869,data/raw/isic2018/images/ISIC2018_Task1-2_Training_Input/ISIC_0009869.jpg,data/raw/isic2018/masks/ISIC2018_Task1_Training_GroundTruth/ISIC_0009869_segmentation.png,dermoscopic,True,train,,unknown,True
isic2018_task1,ISIC_0009873,data/raw/isic2018/images/ISIC2018_Task1-2_Training_Input/ISIC_0009873.jpg,data/raw/isic2018/masks/ISIC2018_Task1_Training_GroundTruth/ISIC_0009873_segmentation.png,dermoscopic,True,train,,unknown,True
isic2018_task1,ISIC_0009877,data/raw/isic2018/images/ISIC2018_Task1-2_Training_Input/ISIC_0009877.jpg,data/raw/isic2018/masks/ISIC2018_Task1_Training_GroundTruth/ISIC_0009877_segmentation.png,dermoscopic,True,train,,unknown,True
isic2018_task1,ISIC_0009879,data/raw/isic2018/images/ISIC2018_Task1-2_Training_Input/ISIC_0009879.jpg,data/raw/isic2018/masks/ISIC2018_Task1_Training_GroundTruth/ISIC_0009879_segmentation.png,dermoscopic,True,train,,unknown,True
isic2018_task1,ISIC_0009883,data/raw/isic2018/images/ISIC2018_Task1-2_Training_Input/ISIC_0009883.jpg,data/raw/isic2018/masks/ISIC2018_Task1_Training_GroundTruth/ISIC_0009883_segmentation.png,dermoscopic,True,train,,unknown,True
isic2018_task1,ISIC_0009884,data/raw/isic2018/images/ISIC2018_Task1-2_Training_Input/ISIC_0009884.jpg,data/raw/isic2018/masks/ISIC2018_Task1_Training_GroundTruth/ISIC_0009884_segmentation.png,dermoscopic,True,train,,unknown,True
isic2018_task1,ISIC_0009885,data/raw/isic2018/images/ISIC2018_Task1-2_Training_Input/ISIC_0009885.jpg,data/raw/isic2018/masks/ISIC2018_Task1_Training_GroundTruth/ISIC_0009885_segmentation.png,dermoscopic,True,train,,unknown,True
isic2018_task1,ISIC_0009888,data/raw/isic2018/images/ISIC2018_Task1-2_Training_Input/ISIC_0009888.jpg,data/raw/isic2018/masks/ISIC2018_Task1_Training_GroundTruth/ISIC_0009888_segmentation.png,dermoscopic,True,train,,unknown,True
isic2018_task1,ISIC_0009889,data/raw/isic2018/images/ISIC2018_Task1-2_Training_Input/ISIC_0009889.jpg,data/raw/isic2018/masks/ISIC2018_Task1_Training_GroundTruth/ISIC_0009889_segmentation.png,dermoscopic,True,train,,unknown,True
isic2018_task1,ISIC_0009891,data/raw/isic2018/images/ISIC2018_Task1-2_Training_Input/ISIC_0009891.jpg,data/raw/isic2018/masks/ISIC2018_Task1_Training_GroundTruth/ISIC_0009891_segmentation.png,dermoscopic,True,train,,unknown,True
isic2018_task1,ISIC_0009896,data/raw/isic2018/images/ISIC2018_Task1-2_Training_Input/ISIC_0009896.jpg,data/raw/isic2018/masks/ISIC2018_Task1_Training_GroundTruth/ISIC_0009896_segmentation.png,dermoscopic,True,train,,unknown,True
isic2018_task1,ISIC_0009897,data/raw/isic2018/images/ISIC2018_Task1-2_Training_Input/ISIC_0009897.jpg,data/raw/isic2018/masks/ISIC2018_Task1_Training_GroundTruth/ISIC_0009897_segmentation.png,dermoscopic,True,train,,unknown,True
isic2018_task1,ISIC_0009898,data/raw/isic2018/images/ISIC2018_Task1-2_Training_Input/ISIC_0009898.jpg,data/raw/isic2018/masks/ISIC2018_Task1_Training_GroundTruth/ISIC_0009898_segmentation.png,dermoscopic,True,train,,unknown,True
isic2018_task1,ISIC_0009899,data/raw/isic2018/images/ISIC2018_Task1-2_Training_Input/ISIC_0009899.jpg,data/raw/isic2018/masks/ISIC2018_Task1_Training_GroundTruth/ISIC_0009899_segmentation.png,dermoscopic,True,train,,unknown,True
isic2018_task1,ISIC_0009901,data/raw/isic2018/images/ISIC2018_Task1-2_Training_Input/ISIC_0009901.jpg,data/raw/isic2018/masks/ISIC2018_Task1_Training_GroundTruth/ISIC_0009901_segmentation.png,dermoscopic,True,train,,unknown,True
isic2018_task1,ISIC_0009904,data/raw/isic2018/images/ISIC2018_Task1-2_Training_Input/ISIC_0009904.jpg,data/raw/isic2018/masks/ISIC2018_Task1_Training_GroundTruth/ISIC_0009904_segmentation.png,dermoscopic,True,train,,unknown,True
isic2018_task1,ISIC_0009909,data/raw/isic2018/images/ISIC2018_Task1-2_Training_Input/ISIC_0009909.jpg,data/raw/isic2018/masks/ISIC2018_Task1_Training_GroundTruth/ISIC_0009909_segmentation.png,dermoscopic,True,train,,unknown,True
isic2018_task1,ISIC_0009910,data/raw/isic2018/images/ISIC2018_Task1-2_Training_Input/ISIC_0009910.jpg,data/raw/isic2018/masks/ISIC2018_Task1_Training_GroundTruth/ISIC_0009910_segmentation.png,dermoscopic,True,train,,unknown,True
isic2018_task1,ISIC_0009914,data/raw/isic2018/images/ISIC2018_Task1-2_Training_Input/ISIC_0009914.jpg,data/raw/isic2018/masks/ISIC2018_Task1_Training_GroundTruth/ISIC_0009914_segmentation.png,dermoscopic,True,train,,unknown,True
isic2018_task1,ISIC_0009915,data/raw/isic2018/images/ISIC2018_Task1-2_Training_Input/ISIC_0009915.jpg,data/raw/isic2018/masks/ISIC2018_Task1_Training_GroundTruth/ISIC_0009915_segmentation.png,dermoscopic,True,train,,unknown,True
isic2018_task1,ISIC_0009917,data/raw/isic2018/images/ISIC2018_Task1-2_Training_Input/ISIC_0009917.jpg,data/raw/isic2018/masks/ISIC2018_Task1_Training_GroundTruth/ISIC_0009917_segmentation.png,dermoscopic,True,train,,unknown,True
isic2018_task1,ISIC_0009918,data/raw/isic2018/images/ISIC2018_Task1-2_Training_Input/ISIC_0009918.jpg,data/raw/isic2018/masks/ISIC2018_Task1_Training_GroundTruth/ISIC_0009918_segmentation.png,dermoscopic,True,train,,unknown,True
isic2018_task1,ISIC_0009919,data/raw/isic2018/images/ISIC2018_Task1-2_Training_Input/ISIC_0009919.jpg,data/raw/isic2018/masks/ISIC2018_Task1_Training_GroundTruth/ISIC_0009919_segmentation.png,dermoscopic,True,train,,unknown,True
isic2018_task1,ISIC_0009920,data/raw/isic2018/images/ISIC2018_Task1-2_Training_Input/ISIC_0009920.jpg,data/raw/isic2018/masks/ISIC2018_Task1_Training_GroundTruth/ISIC_0009920_segmentation.png,dermoscopic,True,train,,unknown,True
isic2018_task1,ISIC_0009921,data/raw/isic2018/images/ISIC2018_Task1-2_Training_Input/ISIC_0009921.jpg,data/raw/isic2018/masks/ISIC2018_Task1_Training_GroundTruth/ISIC_0009921_segmentation.png,dermoscopic,True,train,,unknown,True
isic2018_task1,ISIC_0009925,data/raw/isic2018/images/ISIC2018_Task1-2_Training_Input/ISIC_0009925.jpg,data/raw/isic2018/masks/ISIC2018_Task1_Training_GroundTruth/ISIC_0009925_segmentation.png,dermoscopic,True,train,,unknown,True
isic2018_task1,ISIC_0009927,data/raw/isic2018/images/ISIC2018_Task1-2_Training_Input/ISIC_0009927.jpg,data/raw/isic2018/masks/ISIC2018_Task1_Training_GroundTruth/ISIC_0009927_segmentation.png,dermoscopic,True,train,,unknown,True
isic2018_task1,ISIC_0009928,data/raw/isic2018/images/ISIC2018_Task1-2_Training_Input/ISIC_0009928.jpg,data/raw/isic2018/masks/ISIC2018_Task1_Training_GroundTruth/ISIC_0009928_segmentation.png,dermoscopic,True,train,,unknown,True
isic2018_task1,ISIC_0009929,data/raw/isic2018/images/ISIC2018_Task1-2_Training_Input/ISIC_0009929.jpg,data/raw/isic2018/masks/ISIC2018_Task1_Training_GroundTruth/ISIC_0009929_segmentation.png,dermoscopic,True,train,,unknown,True
isic2018_task1,ISIC_0009930,data/raw/isic2018/images/ISIC2018_Task1-2_Training_Input/ISIC_0009930.jpg,data/raw/isic2018/masks/ISIC2018_Task1_Training_GroundTruth/ISIC_0009930_segmentation.png,dermoscopic,True,train,,unknown,True
isic2018_task1,ISIC_0009931,data/raw/isic2018/images/ISIC2018_Task1-2_Training_Input/ISIC_0009931.jpg,data/raw/isic2018/masks/ISIC2018_Task1_Training_GroundTruth/ISIC_0009931_segmentation.png,dermoscopic,True,train,,unknown,True
isic2018_task1,ISIC_0009932,data/raw/isic2018/images/ISIC2018_Task1-2_Training_Input/ISIC_0009932.jpg,data/raw/isic2018/masks/ISIC2018_Task1_Training_GroundTruth/ISIC_0009932_segmentation.png,dermoscopic,True,train,,unknown,True
isic2018_task1,ISIC_0009933,data/raw/isic2018/images/ISIC2018_Task1-2_Training_Input/ISIC_0009933.jpg,data/raw/isic2018/masks/ISIC2018_Task1_Training_GroundTruth/ISIC_0009933_segmentation.png,dermoscopic,True,train,,unknown,True
isic2018_task1,ISIC_0009934,data/raw/isic2018/images/ISIC2018_Task1-2_Training_Input/ISIC_0009934.jpg,data/raw/isic2018/masks/ISIC2018_Task1_Training_GroundTruth/ISIC_0009934_segmentation.png,dermoscopic,True,train,,unknown,True
isic2018_task1,ISIC_0009935,data/raw/isic2018/images/ISIC2018_Task1-2_Training_Input/ISIC_0009935.jpg,data/raw/isic2018/masks/ISIC2018_Task1_Training_GroundTruth/ISIC_0009935_segmentation.png,dermoscopic,True,train,,unknown,True
isic2018_task1,ISIC_0009936,data/raw/isic2018/images/ISIC2018_Task1-2_Training_Input/ISIC_0009936.jpg,data/raw/isic2018/masks/ISIC2018_Task1_Training_GroundTruth/ISIC_0009936_segmentation.png,dermoscopic,True,train,,unknown,True
isic2018_task1,ISIC_0009937,data/raw/isic2018/images/ISIC2018_Task1-2_Training_Input/ISIC_0009937.jpg,data/raw/isic2018/masks/ISIC2018_Task1_Training_GroundTruth/ISIC_0009937_segmentation.png,dermoscopic,True,train,,unknown,True
isic2018_task1,ISIC_0009938,data/raw/isic2018/images/ISIC2018_Task1-2_Training_Input/ISIC_0009938.jpg,data/raw/isic2018/masks/ISIC2018_Task1_Training_GroundTruth/ISIC_0009938_segmentation.png,dermoscopic,True,train,,unknown,True
isic2018_task1,ISIC_0009939,data/raw/isic2018/images/ISIC2018_Task1-2_Training_Input/ISIC_0009939.jpg,data/raw/isic2018/masks/ISIC2018_Task1_Training_GroundTruth/ISIC_0009939_segmentation.png,dermoscopic,True,train,,unknown,True
isic2018_task1,ISIC_0009941,data/raw/isic2018/images/ISIC2018_Task1-2_Training_Input/ISIC_0009941.jpg,data/raw/isic2018/masks/ISIC2018_Task1_Training_GroundTruth/ISIC_0009941_segmentation.png,dermoscopic,True,train,,unknown,True
isic2018_task1,ISIC_0009942,data/raw/isic2018/images/ISIC2018_Task1-2_Training_Input/ISIC_0009942.jpg,data/raw/isic2018/masks/ISIC2018_Task1_Training_GroundTruth/ISIC_0009942_segmentation.png,dermoscopic,True,train,,unknown,True
isic2018_task1,ISIC_0009943,data/raw/isic2018/images/ISIC2018_Task1-2_Training_Input/ISIC_0009943.jpg,data/raw/isic2018/masks/ISIC2018_Task1_Training_GroundTruth/ISIC_0009943_segmentation.png,dermoscopic,True,train,,unknown,True
isic2018_task1,ISIC_0009944,data/raw/isic2018/images/ISIC2018_Task1-2_Training_Input/ISIC_0009944.jpg,data/raw/isic2018/masks/ISIC2018_Task1_Training_GroundTruth/ISIC_0009944_segmentation.png,dermoscopic,True,train,,unknown,True
isic2018_task1,ISIC_0009946,data/raw/isic2018/images/ISIC2018_Task1-2_Training_Input/ISIC_0009946.jpg,data/raw/isic2018/masks/ISIC2018_Task1_Training_GroundTruth/ISIC_0009946_segmentation.png,dermoscopic,True,train,,unknown,True
isic2018_task1,ISIC_0009947,data/raw/isic2018/images/ISIC2018_Task1-2_Training_Input/ISIC_0009947.jpg,data/raw/isic2018/masks/ISIC2018_Task1_Training_GroundTruth/ISIC_0009947_segmentation.png,dermoscopic,True,train,,unknown,True
isic2018_task1,ISIC_0009948,data/raw/isic2018/images/ISIC2018_Task1-2_Training_Input/ISIC_0009948.jpg,data/raw/isic2018/masks/ISIC2018_Task1_Training_GroundTruth/ISIC_0009948_segmentation.png,dermoscopic,True,train,,unknown,True
isic2018_task1,ISIC_0009949,data/raw/isic2018/images/ISIC2018_Task1-2_Training_Input/ISIC_0009949.jpg,data/raw/isic2018/masks/ISIC2018_Task1_Training_GroundTruth/ISIC_0009949_segmentation.png,dermoscopic,True,train,,unknown,True
isic2018_task1,ISIC_0009950,data/raw/isic2018/images/ISIC2018_Task1-2_Training_Input/ISIC_0009950.jpg,data/raw/isic2018/masks/ISIC2018_Task1_Training_GroundTruth/ISIC_0009950_segmentation.png,dermoscopic,True,train,,unknown,True
isic2018_task1,ISIC_0009951,data/raw/isic2018/images/ISIC2018_Task1-2_Training_Input/ISIC_0009951.jpg,data/raw/isic2018/masks/ISIC2018_Task1_Training_GroundTruth/ISIC_0009951_segmentation.png,dermoscopic,True,train,,unknown,True
isic2018_task1,ISIC_0009953,data/raw/isic2018/images/ISIC2018_Task1-2_Training_Input/ISIC_0009953.jpg,data/raw/isic2018/masks/ISIC2018_Task1_Training_GroundTruth/ISIC_0009953_segmentation.png,dermoscopic,True,train,,unknown,True
isic2018_task1,ISIC_0009954,data/raw/isic2018/images/ISIC2018_Task1-2_Training_Input/ISIC_0009954.jpg,data/raw/isic2018/masks/ISIC2018_Task1_Training_GroundTruth/ISIC_0009954_segmentation.png,dermoscopic,True,train,,unknown,True
isic2018_task1,ISIC_0009955,data/raw/isic2018/images/ISIC2018_Task1-2_Training_Input/ISIC_0009955.jpg,data/raw/isic2018/masks/ISIC2018_Task1_Training_GroundTruth/ISIC_0009955_segmentation.png,dermoscopic,True,train,,unknown,True
isic2018_task1,ISIC_0009956,data/raw/isic2018/images/ISIC2018_Task1-2_Training_Input/ISIC_0009956.jpg,data/raw/isic2018/masks/ISIC2018_Task1_Training_GroundTruth/ISIC_0009956_segmentation.png,dermoscopic,True,train,,unknown,True
isic2018_task1,ISIC_0009958,data/raw/isic2018/images/ISIC2018_Task1-2_Training_Input/ISIC_0009958.jpg,data/raw/isic2018/masks/ISIC2018_Task1_Training_GroundTruth/ISIC_0009958_segmentation.png,dermoscopic,True,train,,unknown,True
isic2018_task1,ISIC_0009960,data/raw/isic2018/images/ISIC2018_Task1-2_Training_Input/ISIC_0009960.jpg,data/raw/isic2018/masks/ISIC2018_Task1_Training_GroundTruth/ISIC_0009960_segmentation.png,dermoscopic,True,train,,unknown,True
isic2018_task1,ISIC_0009961,data/raw/isic2018/images/ISIC2018_Task1-2_Training_Input/ISIC_0009961.jpg,data/raw/isic2018/masks/ISIC2018_Task1_Training_GroundTruth/ISIC_0009961_segmentation.png,dermoscopic,True,train,,unknown,True
isic2018_task1,ISIC_0009962,data/raw/isic2018/images/ISIC2018_Task1-2_Training_Input/ISIC_0009962.jpg,data/raw/isic2018/masks/ISIC2018_Task1_Training_GroundTruth/ISIC_0009962_segmentation.png,dermoscopic,True,train,,unknown,True
isic2018_task1,ISIC_0009964,data/raw/isic2018/images/ISIC2018_Task1-2_Training_Input/ISIC_0009964.jpg,data/raw/isic2018/masks/ISIC2018_Task1_Training_GroundTruth/ISIC_0009964_segmentation.png,dermoscopic,True,train,,unknown,True
isic2018_task1,ISIC_0009965,data/raw/isic2018/images/ISIC2018_Task1-2_Training_Input/ISIC_0009965.jpg,data/raw/isic2018/masks/ISIC2018_Task1_Training_GroundTruth/ISIC_0009965_segmentation.png,dermoscopic,True,train,,unknown,True
isic2018_task1,ISIC_0009966,data/raw/isic2018/images/ISIC2018_Task1-2_Training_Input/ISIC_0009966.jpg,data/raw/isic2018/masks/ISIC2018_Task1_Training_GroundTruth/ISIC_0009966_segmentation.png,dermoscopic,True,train,,unknown,True
isic2018_task1,ISIC_0009967,data/raw/isic2018/images/ISIC2018_Task1-2_Training_Input/ISIC_0009967.jpg,data/raw/isic2018/masks/ISIC2018_Task1_Training_GroundTruth/ISIC_0009967_segmentation.png,dermoscopic,True,train,,unknown,True
isic2018_task1,ISIC_0009970,data/raw/isic2018/images/ISIC2018_Task1-2_Training_Input/ISIC_0009970.jpg,data/raw/isic2018/masks/ISIC2018_Task1_Training_GroundTruth/ISIC_0009970_segmentation.png,dermoscopic,True,train,,unknown,True
isic2018_task1,ISIC_0009971,data/raw/isic2018/images/ISIC2018_Task1-2_Training_Input/ISIC_0009971.jpg,data/raw/isic2018/masks/ISIC2018_Task1_Training_GroundTruth/ISIC_0009971_segmentation.png,dermoscopic,True,train,,unknown,True
isic2018_task1,ISIC_0009972,data/raw/isic2018/images/ISIC2018_Task1-2_Training_Input/ISIC_0009972.jpg,data/raw/isic2018/masks/ISIC2018_Task1_Training_GroundTruth/ISIC_0009972_segmentation.png,dermoscopic,True,train,,unknown,True
isic2018_task1,ISIC_0009973,data/raw/isic2018/images/ISIC2018_Task1-2_Training_Input/ISIC_0009973.jpg,data/raw/isic2018/masks/ISIC2018_Task1_Training_GroundTruth/ISIC_0009973_segmentation.png,dermoscopic,True,train,,unknown,True
isic2018_task1,ISIC_0009974,data/raw/isic2018/images/ISIC2018_Task1-2_Training_Input/ISIC_0009974.jpg,data/raw/isic2018/masks/ISIC2018_Task1_Training_GroundTruth/ISIC_0009974_segmentation.png,dermoscopic,True,train,,unknown,True
isic2018_task1,ISIC_0009975,data/raw/isic2018/images/ISIC2018_Task1-2_Training_Input/ISIC_0009975.jpg,data/raw/isic2018/masks/ISIC2018_Task1_Training_GroundTruth/ISIC_0009975_segmentation.png,dermoscopic,True,train,,unknown,True
isic2018_task1,ISIC_0009976,data/raw/isic2018/images/ISIC2018_Task1-2_Training_Input/ISIC_0009976.jpg,data/raw/isic2018/masks/ISIC2018_Task1_Training_GroundTruth/ISIC_0009976_segmentation.png,dermoscopic,True,train,,unknown,True
isic2018_task1,ISIC_0009977,data/raw/isic2018/images/ISIC2018_Task1-2_Training_Input/ISIC_0009977.jpg,data/raw/isic2018/masks/ISIC2018_Task1_Training_GroundTruth/ISIC_0009977_segmentation.png,dermoscopic,True,train,,unknown,True
isic2018_task1,ISIC_0009978,data/raw/isic2018/images/ISIC2018_Task1-2_Training_Input/ISIC_0009978.jpg,data/raw/isic2018/masks/ISIC2018_Task1_Training_GroundTruth/ISIC_0009978_segmentation.png,dermoscopic,True,train,,unknown,True
isic2018_task1,ISIC_0009979,data/raw/isic2018/images/ISIC2018_Task1-2_Training_Input/ISIC_0009979.jpg,data/raw/isic2018/masks/ISIC2018_Task1_Training_GroundTruth/ISIC_0009979_segmentation.png,dermoscopic,True,train,,unknown,True
isic2018_task1,ISIC_0009980,data/raw/isic2018/images/ISIC2018_Task1-2_Training_Input/ISIC_0009980.jpg,data/raw/isic2018/masks/ISIC2018_Task1_Training_GroundTruth/ISIC_0009980_segmentation.png,dermoscopic,True,train,,unknown,True
isic2018_task1,ISIC_0009981,data/raw/isic2018/images/ISIC2018_Task1-2_Training_Input/ISIC_0009981.jpg,data/raw/isic2018/masks/ISIC2018_Task1_Training_GroundTruth/ISIC_0009981_segmentation.png,dermoscopic,True,train,,unknown,True
isic2018_task1,ISIC_0009982,data/raw/isic2018/images/ISIC2018_Task1-2_Training_Input/ISIC_0009982.jpg,data/raw/isic2018/masks/ISIC2018_Task1_Training_GroundTruth/ISIC_0009982_segmentation.png,dermoscopic,True,train,,unknown,True
isic2018_task1,ISIC_0009987,data/raw/isic2018/images/ISIC2018_Task1-2_Training_Input/ISIC_0009987.jpg,data/raw/isic2018/masks/ISIC2018_Task1_Training_GroundTruth/ISIC_0009987_segmentation.png,dermoscopic,True,train,,unknown,True
isic2018_task1,ISIC_0009988,data/raw/isic2018/images/ISIC2018_Task1-2_Training_Input/ISIC_0009988.jpg,data/raw/isic2018/masks/ISIC2018_Task1_Training_GroundTruth/ISIC_0009988_segmentation.png,dermoscopic,True,train,,unknown,True
isic2018_task1,ISIC_0009990,data/raw/isic2018/images/ISIC2018_Task1-2_Training_Input/ISIC_0009990.jpg,data/raw/isic2018/masks/ISIC2018_Task1_Training_GroundTruth/ISIC_0009990_segmentation.png,dermoscopic,True,train,,unknown,True
isic2018_task1,ISIC_0009991,data/raw/isic2018/images/ISIC2018_Task1-2_Training_Input/ISIC_0009991.jpg,data/raw/isic2018/masks/ISIC2018_Task1_Training_GroundTruth/ISIC_0009991_segmentation.png,dermoscopic,True,train,,unknown,True
isic2018_task1,ISIC_0009992,data/raw/isic2018/images/ISIC2018_Task1-2_Training_Input/ISIC_0009992.jpg,data/raw/isic2018/masks/ISIC2018_Task1_Training_GroundTruth/ISIC_0009992_segmentation.png,dermoscopic,True,train,,unknown,True
isic2018_task1,ISIC_0009993,data/raw/isic2018/images/ISIC2018_Task1-2_Training_Input/ISIC_0009993.jpg,data/raw/isic2018/masks/ISIC2018_Task1_Training_GroundTruth/ISIC_0009993_segmentation.png,dermoscopic,True,train,,unknown,True
isic2018_task1,ISIC_0009994,data/raw/isic2018/images/ISIC2018_Task1-2_Training_Input/ISIC_0009994.jpg,data/raw/isic2018/masks/ISIC2018_Task1_Training_GroundTruth/ISIC_0009994_segmentation.png,dermoscopic,True,train,,unknown,True
isic2018_task1,ISIC_0009995,data/raw/isic2018/images/ISIC2018_Task1-2_Training_Input/ISIC_0009995.jpg,data/raw/isic2018/masks/ISIC2018_Task1_Training_GroundTruth/ISIC_0009995_segmentation.png,dermoscopic,True,train,,unknown,True
isic2018_task1,ISIC_0009998,data/raw/isic2018/images/ISIC2018_Task1-2_Training_Input/ISIC_0009998.jpg,data/raw/isic2018/masks/ISIC2018_Task1_Training_GroundTruth/ISIC_0009998_segmentation.png,dermoscopic,True,train,,unknown,True
isic2018_task1,ISIC_0010002,data/raw/isic2018/images/ISIC2018_Task1-2_Training_Input/ISIC_0010002.jpg,data/raw/isic2018/masks/ISIC2018_Task1_Training_GroundTruth/ISIC_0010002_segmentation.png,dermoscopic,True,train,,unknown,True
isic2018_task1,ISIC_0010003,data/raw/isic2018/images/ISIC2018_Task1-2_Training_Input/ISIC_0010003.jpg,data/raw/isic2018/masks/ISIC2018_Task1_Training_GroundTruth/ISIC_0010003_segmentation.png,dermoscopic,True,train,,unknown,True
isic2018_task1,ISIC_0010005,data/raw/isic2018/images/ISIC2018_Task1-2_Training_Input/ISIC_0010005.jpg,data/raw/isic2018/masks/ISIC2018_Task1_Training_GroundTruth/ISIC_0010005_segmentation.png,dermoscopic,True,train,,unknown,True
isic2018_task1,ISIC_0010009,data/raw/isic2018/images/ISIC2018_Task1-2_Training_Input/ISIC_0010009.jpg,data/raw/isic2018/masks/ISIC2018_Task1_Training_GroundTruth/ISIC_0010009_segmentation.png,dermoscopic,True,train,,unknown,True
isic2018_task1,ISIC_0010011,data/raw/isic2018/images/ISIC2018_Task1-2_Training_Input/ISIC_0010011.jpg,data/raw/isic2018/masks/ISIC2018_Task1_Training_GroundTruth/ISIC_0010011_segmentation.png,dermoscopic,True,train,,unknown,True
isic2018_task1,ISIC_0010013,data/raw/isic2018/images/ISIC2018_Task1-2_Training_Input/ISIC_0010013.jpg,data/raw/isic2018/masks/ISIC2018_Task1_Training_GroundTruth/ISIC_0010013_segmentation.png,dermoscopic,True,train,,unknown,True
isic2018_task1,ISIC_0010014,data/raw/isic2018/images/ISIC2018_Task1-2_Training_Input/ISIC_0010014.jpg,data/raw/isic2018/masks/ISIC2018_Task1_Training_GroundTruth/ISIC_0010014_segmentation.png,dermoscopic,True,train,,unknown,True
isic2018_task1,ISIC_0010015,data/raw/isic2018/images/ISIC2018_Task1-2_Training_Input/ISIC_0010015.jpg,data/raw/isic2018/masks/ISIC2018_Task1_Training_GroundTruth/ISIC_0010015_segmentation.png,dermoscopic,True,train,,unknown,True
isic2018_task1,ISIC_0010016,data/raw/isic2018/images/ISIC2018_Task1-2_Training_Input/ISIC_0010016.jpg,data/raw/isic2018/masks/ISIC2018_Task1_Training_GroundTruth/ISIC_0010016_segmentation.png,dermoscopic,True,train,,unknown,True
isic2018_task1,ISIC_0010017,data/raw/isic2018/images/ISIC2018_Task1-2_Training_Input/ISIC_0010017.jpg,data/raw/isic2018/masks/ISIC2018_Task1_Training_GroundTruth/ISIC_0010017_segmentation.png,dermoscopic,True,train,,unknown,True
isic2018_task1,ISIC_0010020,data/raw/isic2018/images/ISIC2018_Task1-2_Training_Input/ISIC_0010020.jpg,data/raw/isic2018/masks/ISIC2018_Task1_Training_GroundTruth/ISIC_0010020_segmentation.png,dermoscopic,True,train,,unknown,True
isic2018_task1,ISIC_0010021,data/raw/isic2018/images/ISIC2018_Task1-2_Training_Input/ISIC_0010021.jpg,data/raw/isic2018/masks/ISIC2018_Task1_Training_GroundTruth/ISIC_0010021_segmentation.png,dermoscopic,True,train,,unknown,True
isic2018_task1,ISIC_0010023,data/raw/isic2018/images/ISIC2018_Task1-2_Training_Input/ISIC_0010023.jpg,data/raw/isic2018/masks/ISIC2018_Task1_Training_GroundTruth/ISIC_0010023_segmentation.png,dermoscopic,True,train,,unknown,True
isic2018_task1,ISIC_0010025,data/raw/isic2018/images/ISIC2018_Task1-2_Training_Input/ISIC_0010025.jpg,data/raw/isic2018/masks/ISIC2018_Task1_Training_GroundTruth/ISIC_0010025_segmentation.png,dermoscopic,True,train,,unknown,True
isic2018_task1,ISIC_0010028,data/raw/isic2018/images/ISIC2018_Task1-2_Training_Input/ISIC_0010028.jpg,data/raw/isic2018/masks/ISIC2018_Task1_Training_GroundTruth/ISIC_0010028_segmentation.png,dermoscopic,True,train,,unknown,True
isic2018_task1,ISIC_0010029,data/raw/isic2018/images/ISIC2018_Task1-2_Training_Input/ISIC_0010029.jpg,data/raw/isic2018/masks/ISIC2018_Task1_Training_GroundTruth/ISIC_0010029_segmentation.png,dermoscopic,True,train,,unknown,True
isic2018_task1,ISIC_0010034,data/raw/isic2018/images/ISIC2018_Task1-2_Training_Input/ISIC_0010034.jpg,data/raw/isic2018/masks/ISIC2018_Task1_Training_GroundTruth/ISIC_0010034_segmentation.png,dermoscopic,True,train,,unknown,True
isic2018_task1,ISIC_0010037,data/raw/isic2018/images/ISIC2018_Task1-2_Training_Input/ISIC_0010037.jpg,data/raw/isic2018/masks/ISIC2018_Task1_Training_GroundTruth/ISIC_0010037_segmentation.png,dermoscopic,True,train,,unknown,True
isic2018_task1,ISIC_0010038,data/raw/isic2018/images/ISIC2018_Task1-2_Training_Input/ISIC_0010038.jpg,data/raw/isic2018/masks/ISIC2018_Task1_Training_GroundTruth/ISIC_0010038_segmentation.png,dermoscopic,True,train,,unknown,True
isic2018_task1,ISIC_0010041,data/raw/isic2018/images/ISIC2018_Task1-2_Training_Input/ISIC_0010041.jpg,data/raw/isic2018/masks/ISIC2018_Task1_Training_GroundTruth/ISIC_0010041_segmentation.png,dermoscopic,True,train,,unknown,True
isic2018_task1,ISIC_0010042,data/raw/isic2018/images/ISIC2018_Task1-2_Training_Input/ISIC_0010042.jpg,data/raw/isic2018/masks/ISIC2018_Task1_Training_GroundTruth/ISIC_0010042_segmentation.png,dermoscopic,True,train,,unknown,True
isic2018_task1,ISIC_0010044,data/raw/isic2018/images/ISIC2018_Task1-2_Training_Input/ISIC_0010044.jpg,data/raw/isic2018/masks/ISIC2018_Task1_Training_GroundTruth/ISIC_0010044_segmentation.png,dermoscopic,True,train,,unknown,True
isic2018_task1,ISIC_0010046,data/raw/isic2018/images/ISIC2018_Task1-2_Training_Input/ISIC_0010046.jpg,data/raw/isic2018/masks/ISIC2018_Task1_Training_GroundTruth/ISIC_0010046_segmentation.png,dermoscopic,True,train,,unknown,True
isic2018_task1,ISIC_0010047,data/raw/isic2018/images/ISIC2018_Task1-2_Training_Input/ISIC_0010047.jpg,data/raw/isic2018/masks/ISIC2018_Task1_Training_GroundTruth/ISIC_0010047_segmentation.png,dermoscopic,True,train,,unknown,True
isic2018_task1,ISIC_0010053,data/raw/isic2018/images/ISIC2018_Task1-2_Training_Input/ISIC_0010053.jpg,data/raw/isic2018/masks/ISIC2018_Task1_Training_GroundTruth/ISIC_0010053_segmentation.png,dermoscopic,True,train,,unknown,True
isic2018_task1,ISIC_0010054,data/raw/isic2018/images/ISIC2018_Task1-2_Training_Input/ISIC_0010054.jpg,data/raw/isic2018/masks/ISIC2018_Task1_Training_GroundTruth/ISIC_0010054_segmentation.png,dermoscopic,True,train,,unknown,True
isic2018_task1,ISIC_0010055,data/raw/isic2018/images/ISIC2018_Task1-2_Training_Input/ISIC_0010055.jpg,data/raw/isic2018/masks/ISIC2018_Task1_Training_GroundTruth/ISIC_0010055_segmentation.png,dermoscopic,True,train,,unknown,True
isic2018_task1,ISIC_0010056,data/raw/isic2018/images/ISIC2018_Task1-2_Training_Input/ISIC_0010056.jpg,data/raw/isic2018/masks/ISIC2018_Task1_Training_GroundTruth/ISIC_0010056_segmentation.png,dermoscopic,True,train,,unknown,True
isic2018_task1,ISIC_0010057,data/raw/isic2018/images/ISIC2018_Task1-2_Training_Input/ISIC_0010057.jpg,data/raw/isic2018/masks/ISIC2018_Task1_Training_GroundTruth/ISIC_0010057_segmentation.png,dermoscopic,True,train,,unknown,True
isic2018_task1,ISIC_0010058,data/raw/isic2018/images/ISIC2018_Task1-2_Training_Input/ISIC_0010058.jpg,data/raw/isic2018/masks/ISIC2018_Task1_Training_GroundTruth/ISIC_0010058_segmentation.png,dermoscopic,True,train,,unknown,True
isic2018_task1,ISIC_0010061,data/raw/isic2018/images/ISIC2018_Task1-2_Training_Input/ISIC_0010061.jpg,data/raw/isic2018/masks/ISIC2018_Task1_Training_GroundTruth/ISIC_0010061_segmentation.png,dermoscopic,True,train,,unknown,True
isic2018_task1,ISIC_0010062,data/raw/isic2018/images/ISIC2018_Task1-2_Training_Input/ISIC_0010062.jpg,data/raw/isic2018/masks/ISIC2018_Task1_Training_GroundTruth/ISIC_0010062_segmentation.png,dermoscopic,True,train,,unknown,True
isic2018_task1,ISIC_0010064,data/raw/isic2018/images/ISIC2018_Task1-2_Training_Input/ISIC_0010064.jpg,data/raw/isic2018/masks/ISIC2018_Task1_Training_GroundTruth/ISIC_0010064_segmentation.png,dermoscopic,True,train,,unknown,True
isic2018_task1,ISIC_0010066,data/raw/isic2018/images/ISIC2018_Task1-2_Training_Input/ISIC_0010066.jpg,data/raw/isic2018/masks/ISIC2018_Task1_Training_GroundTruth/ISIC_0010066_segmentation.png,dermoscopic,True,train,,unknown,True
isic2018_task1,ISIC_0010067,data/raw/isic2018/images/ISIC2018_Task1-2_Training_Input/ISIC_0010067.jpg,data/raw/isic2018/masks/ISIC2018_Task1_Training_GroundTruth/ISIC_0010067_segmentation.png,dermoscopic,True,train,,unknown,True
isic2018_task1,ISIC_0010069,data/raw/isic2018/images/ISIC2018_Task1-2_Training_Input/ISIC_0010069.jpg,data/raw/isic2018/masks/ISIC2018_Task1_Training_GroundTruth/ISIC_0010069_segmentation.png,dermoscopic,True,train,,unknown,True
isic2018_task1,ISIC_0010070,data/raw/isic2018/images/ISIC2018_Task1-2_Training_Input/ISIC_0010070.jpg,data/raw/isic2018/masks/ISIC2018_Task1_Training_GroundTruth/ISIC_0010070_segmentation.png,dermoscopic,True,train,,unknown,True
isic2018_task1,ISIC_0010071,data/raw/isic2018/images/ISIC2018_Task1-2_Training_Input/ISIC_0010071.jpg,data/raw/isic2018/masks/ISIC2018_Task1_Training_GroundTruth/ISIC_0010071_segmentation.png,dermoscopic,True,train,,unknown,True
isic2018_task1,ISIC_0010073,data/raw/isic2018/images/ISIC2018_Task1-2_Training_Input/ISIC_0010073.jpg,data/raw/isic2018/masks/ISIC2018_Task1_Training_GroundTruth/ISIC_0010073_segmentation.png,dermoscopic,True,train,,unknown,True
isic2018_task1,ISIC_0010074,data/raw/isic2018/images/ISIC2018_Task1-2_Training_Input/ISIC_0010074.jpg,data/raw/isic2018/masks/ISIC2018_Task1_Training_GroundTruth/ISIC_0010074_segmentation.png,dermoscopic,True,train,,unknown,True
isic2018_task1,ISIC_0010075,data/raw/isic2018/images/ISIC2018_Task1-2_Training_Input/ISIC_0010075.jpg,data/raw/isic2018/masks/ISIC2018_Task1_Training_GroundTruth/ISIC_0010075_segmentation.png,dermoscopic,True,train,,unknown,True
isic2018_task1,ISIC_0010077,data/raw/isic2018/images/ISIC2018_Task1-2_Training_Input/ISIC_0010077.jpg,data/raw/isic2018/masks/ISIC2018_Task1_Training_GroundTruth/ISIC_0010077_segmentation.png,dermoscopic,True,train,,unknown,True
isic2018_task1,ISIC_0010078,data/raw/isic2018/images/ISIC2018_Task1-2_Training_Input/ISIC_0010078.jpg,data/raw/isic2018/masks/ISIC2018_Task1_Training_GroundTruth/ISIC_0010078_segmentation.png,dermoscopic,True,train,,unknown,True
isic2018_task1,ISIC_0010081,data/raw/isic2018/images/ISIC2018_Task1-2_Training_Input/ISIC_0010081.jpg,data/raw/isic2018/masks/ISIC2018_Task1_Training_GroundTruth/ISIC_0010081_segmentation.png,dermoscopic,True,train,,unknown,True
isic2018_task1,ISIC_0010086,data/raw/isic2018/images/ISIC2018_Task1-2_Training_Input/ISIC_0010086.jpg,data/raw/isic2018/masks/ISIC2018_Task1_Training_GroundTruth/ISIC_0010086_segmentation.png,dermoscopic,True,train,,unknown,True
isic2018_task1,ISIC_0010088,data/raw/isic2018/images/ISIC2018_Task1-2_Training_Input/ISIC_0010088.jpg,data/raw/isic2018/masks/ISIC2018_Task1_Training_GroundTruth/ISIC_0010088_segmentation.png,dermoscopic,True,train,,unknown,True
isic2018_task1,ISIC_0010092,data/raw/isic2018/images/ISIC2018_Task1-2_Training_Input/ISIC_0010092.jpg,data/raw/isic2018/masks/ISIC2018_Task1_Training_GroundTruth/ISIC_0010092_segmentation.png,dermoscopic,True,train,,unknown,True
isic2018_task1,ISIC_0010093,data/raw/isic2018/images/ISIC2018_Task1-2_Training_Input/ISIC_0010093.jpg,data/raw/isic2018/masks/ISIC2018_Task1_Training_GroundTruth/ISIC_0010093_segmentation.png,dermoscopic,True,train,,unknown,True
isic2018_task1,ISIC_0010094,data/raw/isic2018/images/ISIC2018_Task1-2_Training_Input/ISIC_0010094.jpg,data/raw/isic2018/masks/ISIC2018_Task1_Training_GroundTruth/ISIC_0010094_segmentation.png,dermoscopic,True,train,,unknown,True
isic2018_task1,ISIC_0010100,data/raw/isic2018/images/ISIC2018_Task1-2_Training_Input/ISIC_0010100.jpg,data/raw/isic2018/masks/ISIC2018_Task1_Training_GroundTruth/ISIC_0010100_segmentation.png,dermoscopic,True,train,,unknown,True
isic2018_task1,ISIC_0010102,data/raw/isic2018/images/ISIC2018_Task1-2_Training_Input/ISIC_0010102.jpg,data/raw/isic2018/masks/ISIC2018_Task1_Training_GroundTruth/ISIC_0010102_segmentation.png,dermoscopic,True,train,,unknown,True
isic2018_task1,ISIC_0010104,data/raw/isic2018/images/ISIC2018_Task1-2_Training_Input/ISIC_0010104.jpg,data/raw/isic2018/masks/ISIC2018_Task1_Training_GroundTruth/ISIC_0010104_segmentation.png,dermoscopic,True,train,,unknown,True
isic2018_task1,ISIC_0010105,data/raw/isic2018/images/ISIC2018_Task1-2_Training_Input/ISIC_0010105.jpg,data/raw/isic2018/masks/ISIC2018_Task1_Training_GroundTruth/ISIC_0010105_segmentation.png,dermoscopic,True,train,,unknown,True
isic2018_task1,ISIC_0010169,data/raw/isic2018/images/ISIC2018_Task1-2_Training_Input/ISIC_0010169.jpg,data/raw/isic2018/masks/ISIC2018_Task1_Training_GroundTruth/ISIC_0010169_segmentation.png,dermoscopic,True,train,,unknown,True
isic2018_task1,ISIC_0010171,data/raw/isic2018/images/ISIC2018_Task1-2_Training_Input/ISIC_0010171.jpg,data/raw/isic2018/masks/ISIC2018_Task1_Training_GroundTruth/ISIC_0010171_segmentation.png,dermoscopic,True,train,,unknown,True
isic2018_task1,ISIC_0010173,data/raw/isic2018/images/ISIC2018_Task1-2_Training_Input/ISIC_0010173.jpg,data/raw/isic2018/masks/ISIC2018_Task1_Training_GroundTruth/ISIC_0010173_segmentation.png,dermoscopic,True,train,,unknown,True
isic2018_task1,ISIC_0010174,data/raw/isic2018/images/ISIC2018_Task1-2_Training_Input/ISIC_0010174.jpg,data/raw/isic2018/masks/ISIC2018_Task1_Training_GroundTruth/ISIC_0010174_segmentation.png,dermoscopic,True,train,,unknown,True
isic2018_task1,ISIC_0010175,data/raw/isic2018/images/ISIC2018_Task1-2_Training_Input/ISIC_0010175.jpg,data/raw/isic2018/masks/ISIC2018_Task1_Training_GroundTruth/ISIC_0010175_segmentation.png,dermoscopic,True,train,,unknown,True
isic2018_task1,ISIC_0010176,data/raw/isic2018/images/ISIC2018_Task1-2_Training_Input/ISIC_0010176.jpg,data/raw/isic2018/masks/ISIC2018_Task1_Training_GroundTruth/ISIC_0010176_segmentation.png,dermoscopic,True,train,,unknown,True
isic2018_task1,ISIC_0010177,data/raw/isic2018/images/ISIC2018_Task1-2_Training_Input/ISIC_0010177.jpg,data/raw/isic2018/masks/ISIC2018_Task1_Training_GroundTruth/ISIC_0010177_segmentation.png,dermoscopic,True,train,,unknown,True
isic2018_task1,ISIC_0010178,data/raw/isic2018/images/ISIC2018_Task1-2_Training_Input/ISIC_0010178.jpg,data/raw/isic2018/masks/ISIC2018_Task1_Training_GroundTruth/ISIC_0010178_segmentation.png,dermoscopic,True,train,,unknown,True
isic2018_task1,ISIC_0010182,data/raw/isic2018/images/ISIC2018_Task1-2_Training_Input/ISIC_0010182.jpg,data/raw/isic2018/masks/ISIC2018_Task1_Training_GroundTruth/ISIC_0010182_segmentation.png,dermoscopic,True,train,,unknown,True
isic2018_task1,ISIC_0010184,data/raw/isic2018/images/ISIC2018_Task1-2_Training_Input/ISIC_0010184.jpg,data/raw/isic2018/masks/ISIC2018_Task1_Training_GroundTruth/ISIC_0010184_segmentation.png,dermoscopic,True,train,,unknown,True
isic2018_task1,ISIC_0010185,data/raw/isic2018/images/ISIC2018_Task1-2_Training_Input/ISIC_0010185.jpg,data/raw/isic2018/masks/ISIC2018_Task1_Training_GroundTruth/ISIC_0010185_segmentation.png,dermoscopic,True,train,,unknown,True
isic2018_task1,ISIC_0010186,data/raw/isic2018/images/ISIC2018_Task1-2_Training_Input/ISIC_0010186.jpg,data/raw/isic2018/masks/ISIC2018_Task1_Training_GroundTruth/ISIC_0010186_segmentation.png,dermoscopic,True,train,,unknown,True
isic2018_task1,ISIC_0010187,data/raw/isic2018/images/ISIC2018_Task1-2_Training_Input/ISIC_0010187.jpg,data/raw/isic2018/masks/ISIC2018_Task1_Training_GroundTruth/ISIC_0010187_segmentation.png,dermoscopic,True,train,,unknown,True
isic2018_task1,ISIC_0010189,data/raw/isic2018/images/ISIC2018_Task1-2_Training_Input/ISIC_0010189.jpg,data/raw/isic2018/masks/ISIC2018_Task1_Training_GroundTruth/ISIC_0010189_segmentation.png,dermoscopic,True,train,,unknown,True
isic2018_task1,ISIC_0010190,data/raw/isic2018/images/ISIC2018_Task1-2_Training_Input/ISIC_0010190.jpg,data/raw/isic2018/masks/ISIC2018_Task1_Training_GroundTruth/ISIC_0010190_segmentation.png,dermoscopic,True,train,,unknown,True
isic2018_task1,ISIC_0010191,data/raw/isic2018/images/ISIC2018_Task1-2_Training_Input/ISIC_0010191.jpg,data/raw/isic2018/masks/ISIC2018_Task1_Training_GroundTruth/ISIC_0010191_segmentation.png,dermoscopic,True,train,,unknown,True
isic2018_task1,ISIC_0010194,data/raw/isic2018/images/ISIC2018_Task1-2_Training_Input/ISIC_0010194.jpg,data/raw/isic2018/masks/ISIC2018_Task1_Training_GroundTruth/ISIC_0010194_segmentation.png,dermoscopic,True,train,,unknown,True
isic2018_task1,ISIC_0010201,data/raw/isic2018/images/ISIC2018_Task1-2_Training_Input/ISIC_0010201.jpg,data/raw/isic2018/masks/ISIC2018_Task1_Training_GroundTruth/ISIC_0010201_segmentation.png,dermoscopic,True,train,,unknown,True
isic2018_task1,ISIC_0010202,data/raw/isic2018/images/ISIC2018_Task1-2_Training_Input/ISIC_0010202.jpg,data/raw/isic2018/masks/ISIC2018_Task1_Training_GroundTruth/ISIC_0010202_segmentation.png,dermoscopic,True,train,,unknown,True
isic2018_task1,ISIC_0010204,data/raw/isic2018/images/ISIC2018_Task1-2_Training_Input/ISIC_0010204.jpg,data/raw/isic2018/masks/ISIC2018_Task1_Training_GroundTruth/ISIC_0010204_segmentation.png,dermoscopic,True,train,,unknown,True
isic2018_task1,ISIC_0010205,data/raw/isic2018/images/ISIC2018_Task1-2_Training_Input/ISIC_0010205.jpg,data/raw/isic2018/masks/ISIC2018_Task1_Training_GroundTruth/ISIC_0010205_segmentation.png,dermoscopic,True,train,,unknown,True
isic2018_task1,ISIC_0010206,data/raw/isic2018/images/ISIC2018_Task1-2_Training_Input/ISIC_0010206.jpg,data/raw/isic2018/masks/ISIC2018_Task1_Training_GroundTruth/ISIC_0010206_segmentation.png,dermoscopic,True,train,,unknown,True
isic2018_task1,ISIC_0010207,data/raw/isic2018/images/ISIC2018_Task1-2_Training_Input/ISIC_0010207.jpg,data/raw/isic2018/masks/ISIC2018_Task1_Training_GroundTruth/ISIC_0010207_segmentation.png,dermoscopic,True,train,,unknown,True
isic2018_task1,ISIC_0010212,data/raw/isic2018/images/ISIC2018_Task1-2_Training_Input/ISIC_0010212.jpg,data/raw/isic2018/masks/ISIC2018_Task1_Training_GroundTruth/ISIC_0010212_segmentation.png,dermoscopic,True,train,,unknown,True
isic2018_task1,ISIC_0010213,data/raw/isic2018/images/ISIC2018_Task1-2_Training_Input/ISIC_0010213.jpg,data/raw/isic2018/masks/ISIC2018_Task1_Training_GroundTruth/ISIC_0010213_segmentation.png,dermoscopic,True,train,,unknown,True
isic2018_task1,ISIC_0010216,data/raw/isic2018/images/ISIC2018_Task1-2_Training_Input/ISIC_0010216.jpg,data/raw/isic2018/masks/ISIC2018_Task1_Training_GroundTruth/ISIC_0010216_segmentation.png,dermoscopic,True,train,,unknown,True
isic2018_task1,ISIC_0010220,data/raw/isic2018/images/ISIC2018_Task1-2_Training_Input/ISIC_0010220.jpg,data/raw/isic2018/masks/ISIC2018_Task1_Training_GroundTruth/ISIC_0010220_segmentation.png,dermoscopic,True,train,,unknown,True
isic2018_task1,ISIC_0010222,data/raw/isic2018/images/ISIC2018_Task1-2_Training_Input/ISIC_0010222.jpg,data/raw/isic2018/masks/ISIC2018_Task1_Training_GroundTruth/ISIC_0010222_segmentation.png,dermoscopic,True,train,,unknown,True
isic2018_task1,ISIC_0010225,data/raw/isic2018/images/ISIC2018_Task1-2_Training_Input/ISIC_0010225.jpg,data/raw/isic2018/masks/ISIC2018_Task1_Training_GroundTruth/ISIC_0010225_segmentation.png,dermoscopic,True,train,,unknown,True
isic2018_task1,ISIC_0010226,data/raw/isic2018/images/ISIC2018_Task1-2_Training_Input/ISIC_0010226.jpg,data/raw/isic2018/masks/ISIC2018_Task1_Training_GroundTruth/ISIC_0010226_segmentation.png,dermoscopic,True,train,,unknown,True
isic2018_task1,ISIC_0010227,data/raw/isic2018/images/ISIC2018_Task1-2_Training_Input/ISIC_0010227.jpg,data/raw/isic2018/masks/ISIC2018_Task1_Training_GroundTruth/ISIC_0010227_segmentation.png,dermoscopic,True,train,,unknown,True
isic2018_task1,ISIC_0010228,data/raw/isic2018/images/ISIC2018_Task1-2_Training_Input/ISIC_0010228.jpg,data/raw/isic2018/masks/ISIC2018_Task1_Training_GroundTruth/ISIC_0010228_segmentation.png,dermoscopic,True,train,,unknown,True
isic2018_task1,ISIC_0010229,data/raw/isic2018/images/ISIC2018_Task1-2_Training_Input/ISIC_0010229.jpg,data/raw/isic2018/masks/ISIC2018_Task1_Training_GroundTruth/ISIC_0010229_segmentation.png,dermoscopic,True,train,,unknown,True
isic2018_task1,ISIC_0010231,data/raw/isic2018/images/ISIC2018_Task1-2_Training_Input/ISIC_0010231.jpg,data/raw/isic2018/masks/ISIC2018_Task1_Training_GroundTruth/ISIC_0010231_segmentation.png,dermoscopic,True,train,,unknown,True
isic2018_task1,ISIC_0010232,data/raw/isic2018/images/ISIC2018_Task1-2_Training_Input/ISIC_0010232.jpg,data/raw/isic2018/masks/ISIC2018_Task1_Training_GroundTruth/ISIC_0010232_segmentation.png,dermoscopic,True,train,,unknown,True
isic2018_task1,ISIC_0010233,data/raw/isic2018/images/ISIC2018_Task1-2_Training_Input/ISIC_0010233.jpg,data/raw/isic2018/masks/ISIC2018_Task1_Training_GroundTruth/ISIC_0010233_segmentation.png,dermoscopic,True,train,,unknown,True
isic2018_task1,ISIC_0010234,data/raw/isic2018/images/ISIC2018_Task1-2_Training_Input/ISIC_0010234.jpg,data/raw/isic2018/masks/ISIC2018_Task1_Training_GroundTruth/ISIC_0010234_segmentation.png,dermoscopic,True,train,,unknown,True
isic2018_task1,ISIC_0010235,data/raw/isic2018/images/ISIC2018_Task1-2_Training_Input/ISIC_0010235.jpg,data/raw/isic2018/masks/ISIC2018_Task1_Training_GroundTruth/ISIC_0010235_segmentation.png,dermoscopic,True,train,,unknown,True
isic2018_task1,ISIC_0010236,data/raw/isic2018/images/ISIC2018_Task1-2_Training_Input/ISIC_0010236.jpg,data/raw/isic2018/masks/ISIC2018_Task1_Training_GroundTruth/ISIC_0010236_segmentation.png,dermoscopic,True,train,,unknown,True
isic2018_task1,ISIC_0010237,data/raw/isic2018/images/ISIC2018_Task1-2_Training_Input/ISIC_0010237.jpg,data/raw/isic2018/masks/ISIC2018_Task1_Training_GroundTruth/ISIC_0010237_segmentation.png,dermoscopic,True,train,,unknown,True
isic2018_task1,ISIC_0010240,data/raw/isic2018/images/ISIC2018_Task1-2_Training_Input/ISIC_0010240.jpg,data/raw/isic2018/masks/ISIC2018_Task1_Training_GroundTruth/ISIC_0010240_segmentation.png,dermoscopic,True,train,,unknown,True
isic2018_task1,ISIC_0010244,data/raw/isic2018/images/ISIC2018_Task1-2_Training_Input/ISIC_0010244.jpg,data/raw/isic2018/masks/ISIC2018_Task1_Training_GroundTruth/ISIC_0010244_segmentation.png,dermoscopic,True,train,,unknown,True
isic2018_task1,ISIC_0010247,data/raw/isic2018/images/ISIC2018_Task1-2_Training_Input/ISIC_0010247.jpg,data/raw/isic2018/masks/ISIC2018_Task1_Training_GroundTruth/ISIC_0010247_segmentation.png,dermoscopic,True,train,,unknown,True
isic2018_task1,ISIC_0010249,data/raw/isic2018/images/ISIC2018_Task1-2_Training_Input/ISIC_0010249.jpg,data/raw/isic2018/masks/ISIC2018_Task1_Training_GroundTruth/ISIC_0010249_segmentation.png,dermoscopic,True,train,,unknown,True
isic2018_task1,ISIC_0010251,data/raw/isic2018/images/ISIC2018_Task1-2_Training_Input/ISIC_0010251.jpg,data/raw/isic2018/masks/ISIC2018_Task1_Training_GroundTruth/ISIC_0010251_segmentation.png,dermoscopic,True,train,,unknown,True
isic2018_task1,ISIC_0010252,data/raw/isic2018/images/ISIC2018_Task1-2_Training_Input/ISIC_0010252.jpg,data/raw/isic2018/masks/ISIC2018_Task1_Training_GroundTruth/ISIC_0010252_segmentation.png,dermoscopic,True,train,,unknown,True
isic2018_task1,ISIC_0010256,data/raw/isic2018/images/ISIC2018_Task1-2_Training_Input/ISIC_0010256.jpg,data/raw/isic2018/masks/ISIC2018_Task1_Training_GroundTruth/ISIC_0010256_segmentation.png,dermoscopic,True,train,,unknown,True
isic2018_task1,ISIC_0010257,data/raw/isic2018/images/ISIC2018_Task1-2_Training_Input/ISIC_0010257.jpg,data/raw/isic2018/masks/ISIC2018_Task1_Training_GroundTruth/ISIC_0010257_segmentation.png,dermoscopic,True,train,,unknown,True
isic2018_task1,ISIC_0010263,data/raw/isic2018/images/ISIC2018_Task1-2_Training_Input/ISIC_0010263.jpg,data/raw/isic2018/masks/ISIC2018_Task1_Training_GroundTruth/ISIC_0010263_segmentation.png,dermoscopic,True,train,,unknown,True
isic2018_task1,ISIC_0010264,data/raw/isic2018/images/ISIC2018_Task1-2_Training_Input/ISIC_0010264.jpg,data/raw/isic2018/masks/ISIC2018_Task1_Training_GroundTruth/ISIC_0010264_segmentation.png,dermoscopic,True,train,,unknown,True
isic2018_task1,ISIC_0010265,data/raw/isic2018/images/ISIC2018_Task1-2_Training_Input/ISIC_0010265.jpg,data/raw/isic2018/masks/ISIC2018_Task1_Training_GroundTruth/ISIC_0010265_segmentation.png,dermoscopic,True,train,,unknown,True
isic2018_task1,ISIC_0010317,data/raw/isic2018/images/ISIC2018_Task1-2_Training_Input/ISIC_0010317.jpg,data/raw/isic2018/masks/ISIC2018_Task1_Training_GroundTruth/ISIC_0010317_segmentation.png,dermoscopic,True,train,,unknown,True
isic2018_task1,ISIC_0010318,data/raw/isic2018/images/ISIC2018_Task1-2_Training_Input/ISIC_0010318.jpg,data/raw/isic2018/masks/ISIC2018_Task1_Training_GroundTruth/ISIC_0010318_segmentation.png,dermoscopic,True,train,,unknown,True
isic2018_task1,ISIC_0010319,data/raw/isic2018/images/ISIC2018_Task1-2_Training_Input/ISIC_0010319.jpg,data/raw/isic2018/masks/ISIC2018_Task1_Training_GroundTruth/ISIC_0010319_segmentation.png,dermoscopic,True,train,,unknown,True
isic2018_task1,ISIC_0010320,data/raw/isic2018/images/ISIC2018_Task1-2_Training_Input/ISIC_0010320.jpg,data/raw/isic2018/masks/ISIC2018_Task1_Training_GroundTruth/ISIC_0010320_segmentation.png,dermoscopic,True,train,,unknown,True
isic2018_task1,ISIC_0010321,data/raw/isic2018/images/ISIC2018_Task1-2_Training_Input/ISIC_0010321.jpg,data/raw/isic2018/masks/ISIC2018_Task1_Training_GroundTruth/ISIC_0010321_segmentation.png,dermoscopic,True,train,,unknown,True
isic2018_task1,ISIC_0010323,data/raw/isic2018/images/ISIC2018_Task1-2_Training_Input/ISIC_0010323.jpg,data/raw/isic2018/masks/ISIC2018_Task1_Training_GroundTruth/ISIC_0010323_segmentation.png,dermoscopic,True,train,,unknown,True
isic2018_task1,ISIC_0010327,data/raw/isic2018/images/ISIC2018_Task1-2_Training_Input/ISIC_0010327.jpg,data/raw/isic2018/masks/ISIC2018_Task1_Training_GroundTruth/ISIC_0010327_segmentation.png,dermoscopic,True,train,,unknown,True
isic2018_task1,ISIC_0010329,data/raw/isic2018/images/ISIC2018_Task1-2_Training_Input/ISIC_0010329.jpg,data/raw/isic2018/masks/ISIC2018_Task1_Training_GroundTruth/ISIC_0010329_segmentation.png,dermoscopic,True,train,,unknown,True
isic2018_task1,ISIC_0010330,data/raw/isic2018/images/ISIC2018_Task1-2_Training_Input/ISIC_0010330.jpg,data/raw/isic2018/masks/ISIC2018_Task1_Training_GroundTruth/ISIC_0010330_segmentation.png,dermoscopic,True,train,,unknown,True
isic2018_task1,ISIC_0010332,data/raw/isic2018/images/ISIC2018_Task1-2_Training_Input/ISIC_0010332.jpg,data/raw/isic2018/masks/ISIC2018_Task1_Training_GroundTruth/ISIC_0010332_segmentation.png,dermoscopic,True,train,,unknown,True
isic2018_task1,ISIC_0010333,data/raw/isic2018/images/ISIC2018_Task1-2_Training_Input/ISIC_0010333.jpg,data/raw/isic2018/masks/ISIC2018_Task1_Training_GroundTruth/ISIC_0010333_segmentation.png,dermoscopic,True,train,,unknown,True
isic2018_task1,ISIC_0010334,data/raw/isic2018/images/ISIC2018_Task1-2_Training_Input/ISIC_0010334.jpg,data/raw/isic2018/masks/ISIC2018_Task1_Training_GroundTruth/ISIC_0010334_segmentation.png,dermoscopic,True,train,,unknown,True
isic2018_task1,ISIC_0010335,data/raw/isic2018/images/ISIC2018_Task1-2_Training_Input/ISIC_0010335.jpg,data/raw/isic2018/masks/ISIC2018_Task1_Training_GroundTruth/ISIC_0010335_segmentation.png,dermoscopic,True,train,,unknown,True
isic2018_task1,ISIC_0010337,data/raw/isic2018/images/ISIC2018_Task1-2_Training_Input/ISIC_0010337.jpg,data/raw/isic2018/masks/ISIC2018_Task1_Training_GroundTruth/ISIC_0010337_segmentation.png,dermoscopic,True,train,,unknown,True
isic2018_task1,ISIC_0010339,data/raw/isic2018/images/ISIC2018_Task1-2_Training_Input/ISIC_0010339.jpg,data/raw/isic2018/masks/ISIC2018_Task1_Training_GroundTruth/ISIC_0010339_segmentation.png,dermoscopic,True,train,,unknown,True
isic2018_task1,ISIC_0010340,data/raw/isic2018/images/ISIC2018_Task1-2_Training_Input/ISIC_0010340.jpg,data/raw/isic2018/masks/ISIC2018_Task1_Training_GroundTruth/ISIC_0010340_segmentation.png,dermoscopic,True,train,,unknown,True
isic2018_task1,ISIC_0010341,data/raw/isic2018/images/ISIC2018_Task1-2_Training_Input/ISIC_0010341.jpg,data/raw/isic2018/masks/ISIC2018_Task1_Training_GroundTruth/ISIC_0010341_segmentation.png,dermoscopic,True,train,,unknown,True
isic2018_task1,ISIC_0010342,data/raw/isic2018/images/ISIC2018_Task1-2_Training_Input/ISIC_0010342.jpg,data/raw/isic2018/masks/ISIC2018_Task1_Training_GroundTruth/ISIC_0010342_segmentation.png,dermoscopic,True,train,,unknown,True
isic2018_task1,ISIC_0010344,data/raw/isic2018/images/ISIC2018_Task1-2_Training_Input/ISIC_0010344.jpg,data/raw/isic2018/masks/ISIC2018_Task1_Training_GroundTruth/ISIC_0010344_segmentation.png,dermoscopic,True,train,,unknown,True
isic2018_task1,ISIC_0010346,data/raw/isic2018/images/ISIC2018_Task1-2_Training_Input/ISIC_0010346.jpg,data/raw/isic2018/masks/ISIC2018_Task1_Training_GroundTruth/ISIC_0010346_segmentation.png,dermoscopic,True,train,,unknown,True
isic2018_task1,ISIC_0010347,data/raw/isic2018/images/ISIC2018_Task1-2_Training_Input/ISIC_0010347.jpg,data/raw/isic2018/masks/ISIC2018_Task1_Training_GroundTruth/ISIC_0010347_segmentation.png,dermoscopic,True,train,,unknown,True
isic2018_task1,ISIC_0010348,data/raw/isic2018/images/ISIC2018_Task1-2_Training_Input/ISIC_0010348.jpg,data/raw/isic2018/masks/ISIC2018_Task1_Training_GroundTruth/ISIC_0010348_segmentation.png,dermoscopic,True,train,,unknown,True
isic2018_task1,ISIC_0010349,data/raw/isic2018/images/ISIC2018_Task1-2_Training_Input/ISIC_0010349.jpg,data/raw/isic2018/masks/ISIC2018_Task1_Training_GroundTruth/ISIC_0010349_segmentation.png,dermoscopic,True,train,,unknown,True
isic2018_task1,ISIC_0010350,data/raw/isic2018/images/ISIC2018_Task1-2_Training_Input/ISIC_0010350.jpg,data/raw/isic2018/masks/ISIC2018_Task1_Training_GroundTruth/ISIC_0010350_segmentation.png,dermoscopic,True,train,,unknown,True
isic2018_task1,ISIC_0010351,data/raw/isic2018/images/ISIC2018_Task1-2_Training_Input/ISIC_0010351.jpg,data/raw/isic2018/masks/ISIC2018_Task1_Training_GroundTruth/ISIC_0010351_segmentation.png,dermoscopic,True,train,,unknown,True
isic2018_task1,ISIC_0010357,data/raw/isic2018/images/ISIC2018_Task1-2_Training_Input/ISIC_0010357.jpg,data/raw/isic2018/masks/ISIC2018_Task1_Training_GroundTruth/ISIC_0010357_segmentation.png,dermoscopic,True,train,,unknown,True
isic2018_task1,ISIC_0010358,data/raw/isic2018/images/ISIC2018_Task1-2_Training_Input/ISIC_0010358.jpg,data/raw/isic2018/masks/ISIC2018_Task1_Training_GroundTruth/ISIC_0010358_segmentation.png,dermoscopic,True,train,,unknown,True
isic2018_task1,ISIC_0010360,data/raw/isic2018/images/ISIC2018_Task1-2_Training_Input/ISIC_0010360.jpg,data/raw/isic2018/masks/ISIC2018_Task1_Training_GroundTruth/ISIC_0010360_segmentation.png,dermoscopic,True,train,,unknown,True
isic2018_task1,ISIC_0010361,data/raw/isic2018/images/ISIC2018_Task1-2_Training_Input/ISIC_0010361.jpg,data/raw/isic2018/masks/ISIC2018_Task1_Training_GroundTruth/ISIC_0010361_segmentation.png,dermoscopic,True,train,,unknown,True
isic2018_task1,ISIC_0010362,data/raw/isic2018/images/ISIC2018_Task1-2_Training_Input/ISIC_0010362.jpg,data/raw/isic2018/masks/ISIC2018_Task1_Training_GroundTruth/ISIC_0010362_segmentation.png,dermoscopic,True,train,,unknown,True
isic2018_task1,ISIC_0010364,data/raw/isic2018/images/ISIC2018_Task1-2_Training_Input/ISIC_0010364.jpg,data/raw/isic2018/masks/ISIC2018_Task1_Training_GroundTruth/ISIC_0010364_segmentation.png,dermoscopic,True,train,,unknown,True
isic2018_task1,ISIC_0010365,data/raw/isic2018/images/ISIC2018_Task1-2_Training_Input/ISIC_0010365.jpg,data/raw/isic2018/masks/ISIC2018_Task1_Training_GroundTruth/ISIC_0010365_segmentation.png,dermoscopic,True,train,,unknown,True
isic2018_task1,ISIC_0010367,data/raw/isic2018/images/ISIC2018_Task1-2_Training_Input/ISIC_0010367.jpg,data/raw/isic2018/masks/ISIC2018_Task1_Training_GroundTruth/ISIC_0010367_segmentation.png,dermoscopic,True,train,,unknown,True
isic2018_task1,ISIC_0010372,data/raw/isic2018/images/ISIC2018_Task1-2_Training_Input/ISIC_0010372.jpg,data/raw/isic2018/masks/ISIC2018_Task1_Training_GroundTruth/ISIC_0010372_segmentation.png,dermoscopic,True,train,,unknown,True
isic2018_task1,ISIC_0010374,data/raw/isic2018/images/ISIC2018_Task1-2_Training_Input/ISIC_0010374.jpg,data/raw/isic2018/masks/ISIC2018_Task1_Training_GroundTruth/ISIC_0010374_segmentation.png,dermoscopic,True,train,,unknown,True
isic2018_task1,ISIC_0010379,data/raw/isic2018/images/ISIC2018_Task1-2_Training_Input/ISIC_0010379.jpg,data/raw/isic2018/masks/ISIC2018_Task1_Training_GroundTruth/ISIC_0010379_segmentation.png,dermoscopic,True,train,,unknown,True
isic2018_task1,ISIC_0010380,data/raw/isic2018/images/ISIC2018_Task1-2_Training_Input/ISIC_0010380.jpg,data/raw/isic2018/masks/ISIC2018_Task1_Training_GroundTruth/ISIC_0010380_segmentation.png,dermoscopic,True,train,,unknown,True
isic2018_task1,ISIC_0010382,data/raw/isic2018/images/ISIC2018_Task1-2_Training_Input/ISIC_0010382.jpg,data/raw/isic2018/masks/ISIC2018_Task1_Training_GroundTruth/ISIC_0010382_segmentation.png,dermoscopic,True,train,,unknown,True
isic2018_task1,ISIC_0010435,data/raw/isic2018/images/ISIC2018_Task1-2_Training_Input/ISIC_0010435.jpg,data/raw/isic2018/masks/ISIC2018_Task1_Training_GroundTruth/ISIC_0010435_segmentation.png,dermoscopic,True,train,,unknown,True
isic2018_task1,ISIC_0010439,data/raw/isic2018/images/ISIC2018_Task1-2_Training_Input/ISIC_0010439.jpg,data/raw/isic2018/masks/ISIC2018_Task1_Training_GroundTruth/ISIC_0010439_segmentation.png,dermoscopic,True,train,,unknown,True
isic2018_task1,ISIC_0010441,data/raw/isic2018/images/ISIC2018_Task1-2_Training_Input/ISIC_0010441.jpg,data/raw/isic2018/masks/ISIC2018_Task1_Training_GroundTruth/ISIC_0010441_segmentation.png,dermoscopic,True,train,,unknown,True
isic2018_task1,ISIC_0010442,data/raw/isic2018/images/ISIC2018_Task1-2_Training_Input/ISIC_0010442.jpg,data/raw/isic2018/masks/ISIC2018_Task1_Training_GroundTruth/ISIC_0010442_segmentation.png,dermoscopic,True,train,,unknown,True
isic2018_task1,ISIC_0010443,data/raw/isic2018/images/ISIC2018_Task1-2_Training_Input/ISIC_0010443.jpg,data/raw/isic2018/masks/ISIC2018_Task1_Training_GroundTruth/ISIC_0010443_segmentation.png,dermoscopic,True,train,,unknown,True
isic2018_task1,ISIC_0010445,data/raw/isic2018/images/ISIC2018_Task1-2_Training_Input/ISIC_0010445.jpg,data/raw/isic2018/masks/ISIC2018_Task1_Training_GroundTruth/ISIC_0010445_segmentation.png,dermoscopic,True,train,,unknown,True
isic2018_task1,ISIC_0010447,data/raw/isic2018/images/ISIC2018_Task1-2_Training_Input/ISIC_0010447.jpg,data/raw/isic2018/masks/ISIC2018_Task1_Training_GroundTruth/ISIC_0010447_segmentation.png,dermoscopic,True,train,,unknown,True
isic2018_task1,ISIC_0010448,data/raw/isic2018/images/ISIC2018_Task1-2_Training_Input/ISIC_0010448.jpg,data/raw/isic2018/masks/ISIC2018_Task1_Training_GroundTruth/ISIC_0010448_segmentation.png,dermoscopic,True,train,,unknown,True
isic2018_task1,ISIC_0010449,data/raw/isic2018/images/ISIC2018_Task1-2_Training_Input/ISIC_0010449.jpg,data/raw/isic2018/masks/ISIC2018_Task1_Training_GroundTruth/ISIC_0010449_segmentation.png,dermoscopic,True,train,,unknown,True
isic2018_task1,ISIC_0010452,data/raw/isic2018/images/ISIC2018_Task1-2_Training_Input/ISIC_0010452.jpg,data/raw/isic2018/masks/ISIC2018_Task1_Training_GroundTruth/ISIC_0010452_segmentation.png,dermoscopic,True,train,,unknown,True
isic2018_task1,ISIC_0010455,data/raw/isic2018/images/ISIC2018_Task1-2_Training_Input/ISIC_0010455.jpg,data/raw/isic2018/masks/ISIC2018_Task1_Training_GroundTruth/ISIC_0010455_segmentation.png,dermoscopic,True,train,,unknown,True
isic2018_task1,ISIC_0010457,data/raw/isic2018/images/ISIC2018_Task1-2_Training_Input/ISIC_0010457.jpg,data/raw/isic2018/masks/ISIC2018_Task1_Training_GroundTruth/ISIC_0010457_segmentation.png,dermoscopic,True,train,,unknown,True
isic2018_task1,ISIC_0010459,data/raw/isic2018/images/ISIC2018_Task1-2_Training_Input/ISIC_0010459.jpg,data/raw/isic2018/masks/ISIC2018_Task1_Training_GroundTruth/ISIC_0010459_segmentation.png,dermoscopic,True,train,,unknown,True
isic2018_task1,ISIC_0010461,data/raw/isic2018/images/ISIC2018_Task1-2_Training_Input/ISIC_0010461.jpg,data/raw/isic2018/masks/ISIC2018_Task1_Training_GroundTruth/ISIC_0010461_segmentation.png,dermoscopic,True,train,,unknown,True
isic2018_task1,ISIC_0010462,data/raw/isic2018/images/ISIC2018_Task1-2_Training_Input/ISIC_0010462.jpg,data/raw/isic2018/masks/ISIC2018_Task1_Training_GroundTruth/ISIC_0010462_segmentation.png,dermoscopic,True,train,,unknown,True
isic2018_task1,ISIC_0010463,data/raw/isic2018/images/ISIC2018_Task1-2_Training_Input/ISIC_0010463.jpg,data/raw/isic2018/masks/ISIC2018_Task1_Training_GroundTruth/ISIC_0010463_segmentation.png,dermoscopic,True,train,,unknown,True
isic2018_task1,ISIC_0010466,data/raw/isic2018/images/ISIC2018_Task1-2_Training_Input/ISIC_0010466.jpg,data/raw/isic2018/masks/ISIC2018_Task1_Training_GroundTruth/ISIC_0010466_segmentation.png,dermoscopic,True,train,,unknown,True
isic2018_task1,ISIC_0010467,data/raw/isic2018/images/ISIC2018_Task1-2_Training_Input/ISIC_0010467.jpg,data/raw/isic2018/masks/ISIC2018_Task1_Training_GroundTruth/ISIC_0010467_segmentation.png,dermoscopic,True,train,,unknown,True
isic2018_task1,ISIC_0010468,data/raw/isic2018/images/ISIC2018_Task1-2_Training_Input/ISIC_0010468.jpg,data/raw/isic2018/masks/ISIC2018_Task1_Training_GroundTruth/ISIC_0010468_segmentation.png,dermoscopic,True,train,,unknown,True
isic2018_task1,ISIC_0010472,data/raw/isic2018/images/ISIC2018_Task1-2_Training_Input/ISIC_0010472.jpg,data/raw/isic2018/masks/ISIC2018_Task1_Training_GroundTruth/ISIC_0010472_segmentation.png,dermoscopic,True,train,,unknown,True
isic2018_task1,ISIC_0010474,data/raw/isic2018/images/ISIC2018_Task1-2_Training_Input/ISIC_0010474.jpg,data/raw/isic2018/masks/ISIC2018_Task1_Training_GroundTruth/ISIC_0010474_segmentation.png,dermoscopic,True,train,,unknown,True
isic2018_task1,ISIC_0010476,data/raw/isic2018/images/ISIC2018_Task1-2_Training_Input/ISIC_0010476.jpg,data/raw/isic2018/masks/ISIC2018_Task1_Training_GroundTruth/ISIC_0010476_segmentation.png,dermoscopic,True,train,,unknown,True
isic2018_task1,ISIC_0010477,data/raw/isic2018/images/ISIC2018_Task1-2_Training_Input/ISIC_0010477.jpg,data/raw/isic2018/masks/ISIC2018_Task1_Training_GroundTruth/ISIC_0010477_segmentation.png,dermoscopic,True,train,,unknown,True
isic2018_task1,ISIC_0010479,data/raw/isic2018/images/ISIC2018_Task1-2_Training_Input/ISIC_0010479.jpg,data/raw/isic2018/masks/ISIC2018_Task1_Training_GroundTruth/ISIC_0010479_segmentation.png,dermoscopic,True,train,,unknown,True
isic2018_task1,ISIC_0010480,data/raw/isic2018/images/ISIC2018_Task1-2_Training_Input/ISIC_0010480.jpg,data/raw/isic2018/masks/ISIC2018_Task1_Training_GroundTruth/ISIC_0010480_segmentation.png,dermoscopic,True,train,,unknown,True
isic2018_task1,ISIC_0010483,data/raw/isic2018/images/ISIC2018_Task1-2_Training_Input/ISIC_0010483.jpg,data/raw/isic2018/masks/ISIC2018_Task1_Training_GroundTruth/ISIC_0010483_segmentation.png,dermoscopic,True,train,,unknown,True
isic2018_task1,ISIC_0010487,data/raw/isic2018/images/ISIC2018_Task1-2_Training_Input/ISIC_0010487.jpg,data/raw/isic2018/masks/ISIC2018_Task1_Training_GroundTruth/ISIC_0010487_segmentation.png,dermoscopic,True,train,,unknown,True
isic2018_task1,ISIC_0010488,data/raw/isic2018/images/ISIC2018_Task1-2_Training_Input/ISIC_0010488.jpg,data/raw/isic2018/masks/ISIC2018_Task1_Training_GroundTruth/ISIC_0010488_segmentation.png,dermoscopic,True,train,,unknown,True
isic2018_task1,ISIC_0010490,data/raw/isic2018/images/ISIC2018_Task1-2_Training_Input/ISIC_0010490.jpg,data/raw/isic2018/masks/ISIC2018_Task1_Training_GroundTruth/ISIC_0010490_segmentation.png,dermoscopic,True,train,,unknown,True
isic2018_task1,ISIC_0010492,data/raw/isic2018/images/ISIC2018_Task1-2_Training_Input/ISIC_0010492.jpg,data/raw/isic2018/masks/ISIC2018_Task1_Training_GroundTruth/ISIC_0010492_segmentation.png,dermoscopic,True,train,,unknown,True
isic2018_task1,ISIC_0010493,data/raw/isic2018/images/ISIC2018_Task1-2_Training_Input/ISIC_0010493.jpg,data/raw/isic2018/masks/ISIC2018_Task1_Training_GroundTruth/ISIC_0010493_segmentation.png,dermoscopic,True,train,,unknown,True
isic2018_task1,ISIC_0010494,data/raw/isic2018/images/ISIC2018_Task1-2_Training_Input/ISIC_0010494.jpg,data/raw/isic2018/masks/ISIC2018_Task1_Training_GroundTruth/ISIC_0010494_segmentation.png,dermoscopic,True,train,,unknown,True
isic2018_task1,ISIC_0010496,data/raw/isic2018/images/ISIC2018_Task1-2_Training_Input/ISIC_0010496.jpg,data/raw/isic2018/masks/ISIC2018_Task1_Training_GroundTruth/ISIC_0010496_segmentation.png,dermoscopic,True,train,,unknown,True
isic2018_task1,ISIC_0010497,data/raw/isic2018/images/ISIC2018_Task1-2_Training_Input/ISIC_0010497.jpg,data/raw/isic2018/masks/ISIC2018_Task1_Training_GroundTruth/ISIC_0010497_segmentation.png,dermoscopic,True,train,,unknown,True
isic2018_task1,ISIC_0010498,data/raw/isic2018/images/ISIC2018_Task1-2_Training_Input/ISIC_0010498.jpg,data/raw/isic2018/masks/ISIC2018_Task1_Training_GroundTruth/ISIC_0010498_segmentation.png,dermoscopic,True,train,,unknown,True
isic2018_task1,ISIC_0010552,data/raw/isic2018/images/ISIC2018_Task1-2_Training_Input/ISIC_0010552.jpg,data/raw/isic2018/masks/ISIC2018_Task1_Training_GroundTruth/ISIC_0010552_segmentation.png,dermoscopic,True,train,,unknown,True
isic2018_task1,ISIC_0010553,data/raw/isic2018/images/ISIC2018_Task1-2_Training_Input/ISIC_0010553.jpg,data/raw/isic2018/masks/ISIC2018_Task1_Training_GroundTruth/ISIC_0010553_segmentation.png,dermoscopic,True,train,,unknown,True
isic2018_task1,ISIC_0010557,data/raw/isic2018/images/ISIC2018_Task1-2_Training_Input/ISIC_0010557.jpg,data/raw/isic2018/masks/ISIC2018_Task1_Training_GroundTruth/ISIC_0010557_segmentation.png,dermoscopic,True,train,,unknown,True
isic2018_task1,ISIC_0010562,data/raw/isic2018/images/ISIC2018_Task1-2_Training_Input/ISIC_0010562.jpg,data/raw/isic2018/masks/ISIC2018_Task1_Training_GroundTruth/ISIC_0010562_segmentation.png,dermoscopic,True,train,,unknown,True
isic2018_task1,ISIC_0010565,data/raw/isic2018/images/ISIC2018_Task1-2_Training_Input/ISIC_0010565.jpg,data/raw/isic2018/masks/ISIC2018_Task1_Training_GroundTruth/ISIC_0010565_segmentation.png,dermoscopic,True,train,,unknown,True
isic2018_task1,ISIC_0010566,data/raw/isic2018/images/ISIC2018_Task1-2_Training_Input/ISIC_0010566.jpg,data/raw/isic2018/masks/ISIC2018_Task1_Training_GroundTruth/ISIC_0010566_segmentation.png,dermoscopic,True,train,,unknown,True
isic2018_task1,ISIC_0010567,data/raw/isic2018/images/ISIC2018_Task1-2_Training_Input/ISIC_0010567.jpg,data/raw/isic2018/masks/ISIC2018_Task1_Training_GroundTruth/ISIC_0010567_segmentation.png,dermoscopic,True,train,,unknown,True
isic2018_task1,ISIC_0010568,data/raw/isic2018/images/ISIC2018_Task1-2_Training_Input/ISIC_0010568.jpg,data/raw/isic2018/masks/ISIC2018_Task1_Training_GroundTruth/ISIC_0010568_segmentation.png,dermoscopic,True,train,,unknown,True
isic2018_task1,ISIC_0010569,data/raw/isic2018/images/ISIC2018_Task1-2_Training_Input/ISIC_0010569.jpg,data/raw/isic2018/masks/ISIC2018_Task1_Training_GroundTruth/ISIC_0010569_segmentation.png,dermoscopic,True,train,,unknown,True
isic2018_task1,ISIC_0010570,data/raw/isic2018/images/ISIC2018_Task1-2_Training_Input/ISIC_0010570.jpg,data/raw/isic2018/masks/ISIC2018_Task1_Training_GroundTruth/ISIC_0010570_segmentation.png,dermoscopic,True,train,,unknown,True
isic2018_task1,ISIC_0010571,data/raw/isic2018/images/ISIC2018_Task1-2_Training_Input/ISIC_0010571.jpg,data/raw/isic2018/masks/ISIC2018_Task1_Training_GroundTruth/ISIC_0010571_segmentation.png,dermoscopic,True,train,,unknown,True
isic2018_task1,ISIC_0010572,data/raw/isic2018/images/ISIC2018_Task1-2_Training_Input/ISIC_0010572.jpg,data/raw/isic2018/masks/ISIC2018_Task1_Training_GroundTruth/ISIC_0010572_segmentation.png,dermoscopic,True,train,,unknown,True
isic2018_task1,ISIC_0010573,data/raw/isic2018/images/ISIC2018_Task1-2_Training_Input/ISIC_0010573.jpg,data/raw/isic2018/masks/ISIC2018_Task1_Training_GroundTruth/ISIC_0010573_segmentation.png,dermoscopic,True,train,,unknown,True
isic2018_task1,ISIC_0010574,data/raw/isic2018/images/ISIC2018_Task1-2_Training_Input/ISIC_0010574.jpg,data/raw/isic2018/masks/ISIC2018_Task1_Training_GroundTruth/ISIC_0010574_segmentation.png,dermoscopic,True,train,,unknown,True
isic2018_task1,ISIC_0010576,data/raw/isic2018/images/ISIC2018_Task1-2_Training_Input/ISIC_0010576.jpg,data/raw/isic2018/masks/ISIC2018_Task1_Training_GroundTruth/ISIC_0010576_segmentation.png,dermoscopic,True,train,,unknown,True
isic2018_task1,ISIC_0010581,data/raw/isic2018/images/ISIC2018_Task1-2_Training_Input/ISIC_0010581.jpg,data/raw/isic2018/masks/ISIC2018_Task1_Training_GroundTruth/ISIC_0010581_segmentation.png,dermoscopic,True,train,,unknown,True
isic2018_task1,ISIC_0010584,data/raw/isic2018/images/ISIC2018_Task1-2_Training_Input/ISIC_0010584.jpg,data/raw/isic2018/masks/ISIC2018_Task1_Training_GroundTruth/ISIC_0010584_segmentation.png,dermoscopic,True,train,,unknown,True
isic2018_task1,ISIC_0010585,data/raw/isic2018/images/ISIC2018_Task1-2_Training_Input/ISIC_0010585.jpg,data/raw/isic2018/masks/ISIC2018_Task1_Training_GroundTruth/ISIC_0010585_segmentation.png,dermoscopic,True,train,,unknown,True
isic2018_task1,ISIC_0010587,data/raw/isic2018/images/ISIC2018_Task1-2_Training_Input/ISIC_0010587.jpg,data/raw/isic2018/masks/ISIC2018_Task1_Training_GroundTruth/ISIC_0010587_segmentation.png,dermoscopic,True,train,,unknown,True
isic2018_task1,ISIC_0010588,data/raw/isic2018/images/ISIC2018_Task1-2_Training_Input/ISIC_0010588.jpg,data/raw/isic2018/masks/ISIC2018_Task1_Training_GroundTruth/ISIC_0010588_segmentation.png,dermoscopic,True,train,,unknown,True
isic2018_task1,ISIC_0010589,data/raw/isic2018/images/ISIC2018_Task1-2_Training_Input/ISIC_0010589.jpg,data/raw/isic2018/masks/ISIC2018_Task1_Training_GroundTruth/ISIC_0010589_segmentation.png,dermoscopic,True,train,,unknown,True
isic2018_task1,ISIC_0010590,data/raw/isic2018/images/ISIC2018_Task1-2_Training_Input/ISIC_0010590.jpg,data/raw/isic2018/masks/ISIC2018_Task1_Training_GroundTruth/ISIC_0010590_segmentation.png,dermoscopic,True,train,,unknown,True
isic2018_task1,ISIC_0010591,data/raw/isic2018/images/ISIC2018_Task1-2_Training_Input/ISIC_0010591.jpg,data/raw/isic2018/masks/ISIC2018_Task1_Training_GroundTruth/ISIC_0010591_segmentation.png,dermoscopic,True,train,,unknown,True
isic2018_task1,ISIC_0010592,data/raw/isic2018/images/ISIC2018_Task1-2_Training_Input/ISIC_0010592.jpg,data/raw/isic2018/masks/ISIC2018_Task1_Training_GroundTruth/ISIC_0010592_segmentation.png,dermoscopic,True,train,,unknown,True
isic2018_task1,ISIC_0010595,data/raw/isic2018/images/ISIC2018_Task1-2_Training_Input/ISIC_0010595.jpg,data/raw/isic2018/masks/ISIC2018_Task1_Training_GroundTruth/ISIC_0010595_segmentation.png,dermoscopic,True,train,,unknown,True
isic2018_task1,ISIC_0010596,data/raw/isic2018/images/ISIC2018_Task1-2_Training_Input/ISIC_0010596.jpg,data/raw/isic2018/masks/ISIC2018_Task1_Training_GroundTruth/ISIC_0010596_segmentation.png,dermoscopic,True,train,,unknown,True
isic2018_task1,ISIC_0010597,data/raw/isic2018/images/ISIC2018_Task1-2_Training_Input/ISIC_0010597.jpg,data/raw/isic2018/masks/ISIC2018_Task1_Training_GroundTruth/ISIC_0010597_segmentation.png,dermoscopic,True,train,,unknown,True
isic2018_task1,ISIC_0010598,data/raw/isic2018/images/ISIC2018_Task1-2_Training_Input/ISIC_0010598.jpg,data/raw/isic2018/masks/ISIC2018_Task1_Training_GroundTruth/ISIC_0010598_segmentation.png,dermoscopic,True,train,,unknown,True
isic2018_task1,ISIC_0010599,data/raw/isic2018/images/ISIC2018_Task1-2_Training_Input/ISIC_0010599.jpg,data/raw/isic2018/masks/ISIC2018_Task1_Training_GroundTruth/ISIC_0010599_segmentation.png,dermoscopic,True,train,,unknown,True
isic2018_task1,ISIC_0010602,data/raw/isic2018/images/ISIC2018_Task1-2_Training_Input/ISIC_0010602.jpg,data/raw/isic2018/masks/ISIC2018_Task1_Training_GroundTruth/ISIC_0010602_segmentation.png,dermoscopic,True,train,,unknown,True
isic2018_task1,ISIC_0010603,data/raw/isic2018/images/ISIC2018_Task1-2_Training_Input/ISIC_0010603.jpg,data/raw/isic2018/masks/ISIC2018_Task1_Training_GroundTruth/ISIC_0010603_segmentation.png,dermoscopic,True,train,,unknown,True
isic2018_task1,ISIC_0010604,data/raw/isic2018/images/ISIC2018_Task1-2_Training_Input/ISIC_0010604.jpg,data/raw/isic2018/masks/ISIC2018_Task1_Training_GroundTruth/ISIC_0010604_segmentation.png,dermoscopic,True,train,,unknown,True
isic2018_task1,ISIC_0010605,data/raw/isic2018/images/ISIC2018_Task1-2_Training_Input/ISIC_0010605.jpg,data/raw/isic2018/masks/ISIC2018_Task1_Training_GroundTruth/ISIC_0010605_segmentation.png,dermoscopic,True,train,,unknown,True
isic2018_task1,ISIC_0010606,data/raw/isic2018/images/ISIC2018_Task1-2_Training_Input/ISIC_0010606.jpg,data/raw/isic2018/masks/ISIC2018_Task1_Training_GroundTruth/ISIC_0010606_segmentation.png,dermoscopic,True,train,,unknown,True
isic2018_task1,ISIC_0010607,data/raw/isic2018/images/ISIC2018_Task1-2_Training_Input/ISIC_0010607.jpg,data/raw/isic2018/masks/ISIC2018_Task1_Training_GroundTruth/ISIC_0010607_segmentation.png,dermoscopic,True,train,,unknown,True
isic2018_task1,ISIC_0010844,data/raw/isic2018/images/ISIC2018_Task1-2_Training_Input/ISIC_0010844.jpg,data/raw/isic2018/masks/ISIC2018_Task1_Training_GroundTruth/ISIC_0010844_segmentation.png,dermoscopic,True,train,,unknown,True
isic2018_task1,ISIC_0010848,data/raw/isic2018/images/ISIC2018_Task1-2_Training_Input/ISIC_0010848.jpg,data/raw/isic2018/masks/ISIC2018_Task1_Training_GroundTruth/ISIC_0010848_segmentation.png,dermoscopic,True,train,,unknown,True
isic2018_task1,ISIC_0010849,data/raw/isic2018/images/ISIC2018_Task1-2_Training_Input/ISIC_0010849.jpg,data/raw/isic2018/masks/ISIC2018_Task1_Training_GroundTruth/ISIC_0010849_segmentation.png,dermoscopic,True,train,,unknown,True
isic2018_task1,ISIC_0010850,data/raw/isic2018/images/ISIC2018_Task1-2_Training_Input/ISIC_0010850.jpg,data/raw/isic2018/masks/ISIC2018_Task1_Training_GroundTruth/ISIC_0010850_segmentation.png,dermoscopic,True,train,,unknown,True
isic2018_task1,ISIC_0010851,data/raw/isic2018/images/ISIC2018_Task1-2_Training_Input/ISIC_0010851.jpg,data/raw/isic2018/masks/ISIC2018_Task1_Training_GroundTruth/ISIC_0010851_segmentation.png,dermoscopic,True,train,,unknown,True
isic2018_task1,ISIC_0010852,data/raw/isic2018/images/ISIC2018_Task1-2_Training_Input/ISIC_0010852.jpg,data/raw/isic2018/masks/ISIC2018_Task1_Training_GroundTruth/ISIC_0010852_segmentation.png,dermoscopic,True,train,,unknown,True
isic2018_task1,ISIC_0010853,data/raw/isic2018/images/ISIC2018_Task1-2_Training_Input/ISIC_0010853.jpg,data/raw/isic2018/masks/ISIC2018_Task1_Training_GroundTruth/ISIC_0010853_segmentation.png,dermoscopic,True,train,,unknown,True
isic2018_task1,ISIC_0010854,data/raw/isic2018/images/ISIC2018_Task1-2_Training_Input/ISIC_0010854.jpg,data/raw/isic2018/masks/ISIC2018_Task1_Training_GroundTruth/ISIC_0010854_segmentation.png,dermoscopic,True,train,,unknown,True
isic2018_task1,ISIC_0010856,data/raw/isic2018/images/ISIC2018_Task1-2_Training_Input/ISIC_0010856.jpg,data/raw/isic2018/masks/ISIC2018_Task1_Training_GroundTruth/ISIC_0010856_segmentation.png,dermoscopic,True,train,,unknown,True
isic2018_task1,ISIC_0010857,data/raw/isic2018/images/ISIC2018_Task1-2_Training_Input/ISIC_0010857.jpg,data/raw/isic2018/masks/ISIC2018_Task1_Training_GroundTruth/ISIC_0010857_segmentation.png,dermoscopic,True,train,,unknown,True
isic2018_task1,ISIC_0010858,data/raw/isic2018/images/ISIC2018_Task1-2_Training_Input/ISIC_0010858.jpg,data/raw/isic2018/masks/ISIC2018_Task1_Training_GroundTruth/ISIC_0010858_segmentation.png,dermoscopic,True,train,,unknown,True
isic2018_task1,ISIC_0010861,data/raw/isic2018/images/ISIC2018_Task1-2_Training_Input/ISIC_0010861.jpg,data/raw/isic2018/masks/ISIC2018_Task1_Training_GroundTruth/ISIC_0010861_segmentation.png,dermoscopic,True,train,,unknown,True
isic2018_task1,ISIC_0010862,data/raw/isic2018/images/ISIC2018_Task1-2_Training_Input/ISIC_0010862.jpg,data/raw/isic2018/masks/ISIC2018_Task1_Training_GroundTruth/ISIC_0010862_segmentation.png,dermoscopic,True,train,,unknown,True
isic2018_task1,ISIC_0010864,data/raw/isic2018/images/ISIC2018_Task1-2_Training_Input/ISIC_0010864.jpg,data/raw/isic2018/masks/ISIC2018_Task1_Training_GroundTruth/ISIC_0010864_segmentation.png,dermoscopic,True,train,,unknown,True
isic2018_task1,ISIC_0011079,data/raw/isic2018/images/ISIC2018_Task1-2_Training_Input/ISIC_0011079.jpg,data/raw/isic2018/masks/ISIC2018_Task1_Training_GroundTruth/ISIC_0011079_segmentation.png,dermoscopic,True,train,,unknown,True
isic2018_task1,ISIC_0011081,data/raw/isic2018/images/ISIC2018_Task1-2_Training_Input/ISIC_0011081.jpg,data/raw/isic2018/masks/ISIC2018_Task1_Training_GroundTruth/ISIC_0011081_segmentation.png,dermoscopic,True,train,,unknown,True
isic2018_task1,ISIC_0011082,data/raw/isic2018/images/ISIC2018_Task1-2_Training_Input/ISIC_0011082.jpg,data/raw/isic2018/masks/ISIC2018_Task1_Training_GroundTruth/ISIC_0011082_segmentation.png,dermoscopic,True,train,,unknown,True
isic2018_task1,ISIC_0011083,data/raw/isic2018/images/ISIC2018_Task1-2_Training_Input/ISIC_0011083.jpg,data/raw/isic2018/masks/ISIC2018_Task1_Training_GroundTruth/ISIC_0011083_segmentation.png,dermoscopic,True,train,,unknown,True
isic2018_task1,ISIC_0011084,data/raw/isic2018/images/ISIC2018_Task1-2_Training_Input/ISIC_0011084.jpg,data/raw/isic2018/masks/ISIC2018_Task1_Training_GroundTruth/ISIC_0011084_segmentation.png,dermoscopic,True,train,,unknown,True
isic2018_task1,ISIC_0011085,data/raw/isic2018/images/ISIC2018_Task1-2_Training_Input/ISIC_0011085.jpg,data/raw/isic2018/masks/ISIC2018_Task1_Training_GroundTruth/ISIC_0011085_segmentation.png,dermoscopic,True,train,,unknown,True
isic2018_task1,ISIC_0011088,data/raw/isic2018/images/ISIC2018_Task1-2_Training_Input/ISIC_0011088.jpg,data/raw/isic2018/masks/ISIC2018_Task1_Training_GroundTruth/ISIC_0011088_segmentation.png,dermoscopic,True,train,,unknown,True
isic2018_task1,ISIC_0011089,data/raw/isic2018/images/ISIC2018_Task1-2_Training_Input/ISIC_0011089.jpg,data/raw/isic2018/masks/ISIC2018_Task1_Training_GroundTruth/ISIC_0011089_segmentation.png,dermoscopic,True,train,,unknown,True
isic2018_task1,ISIC_0011090,data/raw/isic2018/images/ISIC2018_Task1-2_Training_Input/ISIC_0011090.jpg,data/raw/isic2018/masks/ISIC2018_Task1_Training_GroundTruth/ISIC_0011090_segmentation.png,dermoscopic,True,train,,unknown,True
isic2018_task1,ISIC_0011092,data/raw/isic2018/images/ISIC2018_Task1-2_Training_Input/ISIC_0011092.jpg,data/raw/isic2018/masks/ISIC2018_Task1_Training_GroundTruth/ISIC_0011092_segmentation.png,dermoscopic,True,train,,unknown,True
isic2018_task1,ISIC_0011095,data/raw/isic2018/images/ISIC2018_Task1-2_Training_Input/ISIC_0011095.jpg,data/raw/isic2018/masks/ISIC2018_Task1_Training_GroundTruth/ISIC_0011095_segmentation.png,dermoscopic,True,train,,unknown,True
isic2018_task1,ISIC_0011098,data/raw/isic2018/images/ISIC2018_Task1-2_Training_Input/ISIC_0011098.jpg,data/raw/isic2018/masks/ISIC2018_Task1_Training_GroundTruth/ISIC_0011098_segmentation.png,dermoscopic,True,train,,unknown,True
isic2018_task1,ISIC_0011099,data/raw/isic2018/images/ISIC2018_Task1-2_Training_Input/ISIC_0011099.jpg,data/raw/isic2018/masks/ISIC2018_Task1_Training_GroundTruth/ISIC_0011099_segmentation.png,dermoscopic,True,train,,unknown,True
isic2018_task1,ISIC_0011101,data/raw/isic2018/images/ISIC2018_Task1-2_Training_Input/ISIC_0011101.jpg,data/raw/isic2018/masks/ISIC2018_Task1_Training_GroundTruth/ISIC_0011101_segmentation.png,dermoscopic,True,train,,unknown,True
isic2018_task1,ISIC_0011102,data/raw/isic2018/images/ISIC2018_Task1-2_Training_Input/ISIC_0011102.jpg,data/raw/isic2018/masks/ISIC2018_Task1_Training_GroundTruth/ISIC_0011102_segmentation.png,dermoscopic,True,train,,unknown,True
isic2018_task1,ISIC_0011104,data/raw/isic2018/images/ISIC2018_Task1-2_Training_Input/ISIC_0011104.jpg,data/raw/isic2018/masks/ISIC2018_Task1_Training_GroundTruth/ISIC_0011104_segmentation.png,dermoscopic,True,train,,unknown,True
isic2018_task1,ISIC_0011107,data/raw/isic2018/images/ISIC2018_Task1-2_Training_Input/ISIC_0011107.jpg,data/raw/isic2018/masks/ISIC2018_Task1_Training_GroundTruth/ISIC_0011107_segmentation.png,dermoscopic,True,train,,unknown,True
isic2018_task1,ISIC_0011109,data/raw/isic2018/images/ISIC2018_Task1-2_Training_Input/ISIC_0011109.jpg,data/raw/isic2018/masks/ISIC2018_Task1_Training_GroundTruth/ISIC_0011109_segmentation.png,dermoscopic,True,train,,unknown,True
isic2018_task1,ISIC_0011114,data/raw/isic2018/images/ISIC2018_Task1-2_Training_Input/ISIC_0011114.jpg,data/raw/isic2018/masks/ISIC2018_Task1_Training_GroundTruth/ISIC_0011114_segmentation.png,dermoscopic,True,train,,unknown,True
isic2018_task1,ISIC_0011115,data/raw/isic2018/images/ISIC2018_Task1-2_Training_Input/ISIC_0011115.jpg,data/raw/isic2018/masks/ISIC2018_Task1_Training_GroundTruth/ISIC_0011115_segmentation.png,dermoscopic,True,train,,unknown,True
isic2018_task1,ISIC_0011117,data/raw/isic2018/images/ISIC2018_Task1-2_Training_Input/ISIC_0011117.jpg,data/raw/isic2018/masks/ISIC2018_Task1_Training_GroundTruth/ISIC_0011117_segmentation.png,dermoscopic,True,train,,unknown,True
isic2018_task1,ISIC_0011119,data/raw/isic2018/images/ISIC2018_Task1-2_Training_Input/ISIC_0011119.jpg,data/raw/isic2018/masks/ISIC2018_Task1_Training_GroundTruth/ISIC_0011119_segmentation.png,dermoscopic,True,train,,unknown,True
isic2018_task1,ISIC_0011120,data/raw/isic2018/images/ISIC2018_Task1-2_Training_Input/ISIC_0011120.jpg,data/raw/isic2018/masks/ISIC2018_Task1_Training_GroundTruth/ISIC_0011120_segmentation.png,dermoscopic,True,train,,unknown,True
isic2018_task1,ISIC_0011121,data/raw/isic2018/images/ISIC2018_Task1-2_Training_Input/ISIC_0011121.jpg,data/raw/isic2018/masks/ISIC2018_Task1_Training_GroundTruth/ISIC_0011121_segmentation.png,dermoscopic,True,train,,unknown,True
isic2018_task1,ISIC_0011123,data/raw/isic2018/images/ISIC2018_Task1-2_Training_Input/ISIC_0011123.jpg,data/raw/isic2018/masks/ISIC2018_Task1_Training_GroundTruth/ISIC_0011123_segmentation.png,dermoscopic,True,train,,unknown,True
isic2018_task1,ISIC_0011124,data/raw/isic2018/images/ISIC2018_Task1-2_Training_Input/ISIC_0011124.jpg,data/raw/isic2018/masks/ISIC2018_Task1_Training_GroundTruth/ISIC_0011124_segmentation.png,dermoscopic,True,train,,unknown,True
isic2018_task1,ISIC_0011128,data/raw/isic2018/images/ISIC2018_Task1-2_Training_Input/ISIC_0011128.jpg,data/raw/isic2018/masks/ISIC2018_Task1_Training_GroundTruth/ISIC_0011128_segmentation.png,dermoscopic,True,train,,unknown,True
isic2018_task1,ISIC_0011129,data/raw/isic2018/images/ISIC2018_Task1-2_Training_Input/ISIC_0011129.jpg,data/raw/isic2018/masks/ISIC2018_Task1_Training_GroundTruth/ISIC_0011129_segmentation.png,dermoscopic,True,train,,unknown,True
isic2018_task1,ISIC_0011130,data/raw/isic2018/images/ISIC2018_Task1-2_Training_Input/ISIC_0011130.jpg,data/raw/isic2018/masks/ISIC2018_Task1_Training_GroundTruth/ISIC_0011130_segmentation.png,dermoscopic,True,train,,unknown,True
isic2018_task1,ISIC_0011131,data/raw/isic2018/images/ISIC2018_Task1-2_Training_Input/ISIC_0011131.jpg,data/raw/isic2018/masks/ISIC2018_Task1_Training_GroundTruth/ISIC_0011131_segmentation.png,dermoscopic,True,train,,unknown,True
isic2018_task1,ISIC_0011132,data/raw/isic2018/images/ISIC2018_Task1-2_Training_Input/ISIC_0011132.jpg,data/raw/isic2018/masks/ISIC2018_Task1_Training_GroundTruth/ISIC_0011132_segmentation.png,dermoscopic,True,train,,unknown,True
isic2018_task1,ISIC_0011135,data/raw/isic2018/images/ISIC2018_Task1-2_Training_Input/ISIC_0011135.jpg,data/raw/isic2018/masks/ISIC2018_Task1_Training_GroundTruth/ISIC_0011135_segmentation.png,dermoscopic,True,train,,unknown,True
isic2018_task1,ISIC_0011137,data/raw/isic2018/images/ISIC2018_Task1-2_Training_Input/ISIC_0011137.jpg,data/raw/isic2018/masks/ISIC2018_Task1_Training_GroundTruth/ISIC_0011137_segmentation.png,dermoscopic,True,train,,unknown,True
isic2018_task1,ISIC_0011143,data/raw/isic2018/images/ISIC2018_Task1-2_Training_Input/ISIC_0011143.jpg,data/raw/isic2018/masks/ISIC2018_Task1_Training_GroundTruth/ISIC_0011143_segmentation.png,dermoscopic,True,train,,unknown,True
isic2018_task1,ISIC_0011144,data/raw/isic2018/images/ISIC2018_Task1-2_Training_Input/ISIC_0011144.jpg,data/raw/isic2018/masks/ISIC2018_Task1_Training_GroundTruth/ISIC_0011144_segmentation.png,dermoscopic,True,train,,unknown,True
isic2018_task1,ISIC_0011146,data/raw/isic2018/images/ISIC2018_Task1-2_Training_Input/ISIC_0011146.jpg,data/raw/isic2018/masks/ISIC2018_Task1_Training_GroundTruth/ISIC_0011146_segmentation.png,dermoscopic,True,train,,unknown,True
isic2018_task1,ISIC_0011149,data/raw/isic2018/images/ISIC2018_Task1-2_Training_Input/ISIC_0011149.jpg,data/raw/isic2018/masks/ISIC2018_Task1_Training_GroundTruth/ISIC_0011149_segmentation.png,dermoscopic,True,train,,unknown,True
isic2018_task1,ISIC_0011151,data/raw/isic2018/images/ISIC2018_Task1-2_Training_Input/ISIC_0011151.jpg,data/raw/isic2018/masks/ISIC2018_Task1_Training_GroundTruth/ISIC_0011151_segmentation.png,dermoscopic,True,train,,unknown,True
isic2018_task1,ISIC_0011155,data/raw/isic2018/images/ISIC2018_Task1-2_Training_Input/ISIC_0011155.jpg,data/raw/isic2018/masks/ISIC2018_Task1_Training_GroundTruth/ISIC_0011155_segmentation.png,dermoscopic,True,train,,unknown,True
isic2018_task1,ISIC_0011157,data/raw/isic2018/images/ISIC2018_Task1-2_Training_Input/ISIC_0011157.jpg,data/raw/isic2018/masks/ISIC2018_Task1_Training_GroundTruth/ISIC_0011157_segmentation.png,dermoscopic,True,train,,unknown,True
isic2018_task1,ISIC_0011158,data/raw/isic2018/images/ISIC2018_Task1-2_Training_Input/ISIC_0011158.jpg,data/raw/isic2018/masks/ISIC2018_Task1_Training_GroundTruth/ISIC_0011158_segmentation.png,dermoscopic,True,train,,unknown,True
isic2018_task1,ISIC_0011159,data/raw/isic2018/images/ISIC2018_Task1-2_Training_Input/ISIC_0011159.jpg,data/raw/isic2018/masks/ISIC2018_Task1_Training_GroundTruth/ISIC_0011159_segmentation.png,dermoscopic,True,train,,unknown,True
isic2018_task1,ISIC_0011162,data/raw/isic2018/images/ISIC2018_Task1-2_Training_Input/ISIC_0011162.jpg,data/raw/isic2018/masks/ISIC2018_Task1_Training_GroundTruth/ISIC_0011162_segmentation.png,dermoscopic,True,train,,unknown,True
isic2018_task1,ISIC_0011163,data/raw/isic2018/images/ISIC2018_Task1-2_Training_Input/ISIC_0011163.jpg,data/raw/isic2018/masks/ISIC2018_Task1_Training_GroundTruth/ISIC_0011163_segmentation.png,dermoscopic,True,train,,unknown,True
isic2018_task1,ISIC_0011164,data/raw/isic2018/images/ISIC2018_Task1-2_Training_Input/ISIC_0011164.jpg,data/raw/isic2018/masks/ISIC2018_Task1_Training_GroundTruth/ISIC_0011164_segmentation.png,dermoscopic,True,train,,unknown,True
isic2018_task1,ISIC_0011165,data/raw/isic2018/images/ISIC2018_Task1-2_Training_Input/ISIC_0011165.jpg,data/raw/isic2018/masks/ISIC2018_Task1_Training_GroundTruth/ISIC_0011165_segmentation.png,dermoscopic,True,train,,unknown,True
isic2018_task1,ISIC_0011167,data/raw/isic2018/images/ISIC2018_Task1-2_Training_Input/ISIC_0011167.jpg,data/raw/isic2018/masks/ISIC2018_Task1_Training_GroundTruth/ISIC_0011167_segmentation.png,dermoscopic,True,train,,unknown,True
isic2018_task1,ISIC_0011168,data/raw/isic2018/images/ISIC2018_Task1-2_Training_Input/ISIC_0011168.jpg,data/raw/isic2018/masks/ISIC2018_Task1_Training_GroundTruth/ISIC_0011168_segmentation.png,dermoscopic,True,train,,unknown,True
isic2018_task1,ISIC_0011169,data/raw/isic2018/images/ISIC2018_Task1-2_Training_Input/ISIC_0011169.jpg,data/raw/isic2018/masks/ISIC2018_Task1_Training_GroundTruth/ISIC_0011169_segmentation.png,dermoscopic,True,train,,unknown,True
isic2018_task1,ISIC_0011170,data/raw/isic2018/images/ISIC2018_Task1-2_Training_Input/ISIC_0011170.jpg,data/raw/isic2018/masks/ISIC2018_Task1_Training_GroundTruth/ISIC_0011170_segmentation.png,dermoscopic,True,train,,unknown,True
isic2018_task1,ISIC_0011173,data/raw/isic2018/images/ISIC2018_Task1-2_Training_Input/ISIC_0011173.jpg,data/raw/isic2018/masks/ISIC2018_Task1_Training_GroundTruth/ISIC_0011173_segmentation.png,dermoscopic,True,train,,unknown,True
isic2018_task1,ISIC_0011176,data/raw/isic2018/images/ISIC2018_Task1-2_Training_Input/ISIC_0011176.jpg,data/raw/isic2018/masks/ISIC2018_Task1_Training_GroundTruth/ISIC_0011176_segmentation.png,dermoscopic,True,train,,unknown,True
isic2018_task1,ISIC_0011177,data/raw/isic2018/images/ISIC2018_Task1-2_Training_Input/ISIC_0011177.jpg,data/raw/isic2018/masks/ISIC2018_Task1_Training_GroundTruth/ISIC_0011177_segmentation.png,dermoscopic,True,train,,unknown,True
isic2018_task1,ISIC_0011199,data/raw/isic2018/images/ISIC2018_Task1-2_Training_Input/ISIC_0011199.jpg,data/raw/isic2018/masks/ISIC2018_Task1_Training_GroundTruth/ISIC_0011199_segmentation.png,dermoscopic,True,train,,unknown,True
isic2018_task1,ISIC_0011202,data/raw/isic2018/images/ISIC2018_Task1-2_Training_Input/ISIC_0011202.jpg,data/raw/isic2018/masks/ISIC2018_Task1_Training_GroundTruth/ISIC_0011202_segmentation.png,dermoscopic,True,train,,unknown,True
isic2018_task1,ISIC_0011204,data/raw/isic2018/images/ISIC2018_Task1-2_Training_Input/ISIC_0011204.jpg,data/raw/isic2018/masks/ISIC2018_Task1_Training_GroundTruth/ISIC_0011204_segmentation.png,dermoscopic,True,train,,unknown,True
isic2018_task1,ISIC_0011205,data/raw/isic2018/images/ISIC2018_Task1-2_Training_Input/ISIC_0011205.jpg,data/raw/isic2018/masks/ISIC2018_Task1_Training_GroundTruth/ISIC_0011205_segmentation.png,dermoscopic,True,train,,unknown,True
isic2018_task1,ISIC_0011208,data/raw/isic2018/images/ISIC2018_Task1-2_Training_Input/ISIC_0011208.jpg,data/raw/isic2018/masks/ISIC2018_Task1_Training_GroundTruth/ISIC_0011208_segmentation.png,dermoscopic,True,train,,unknown,True
isic2018_task1,ISIC_0011210,data/raw/isic2018/images/ISIC2018_Task1-2_Training_Input/ISIC_0011210.jpg,data/raw/isic2018/masks/ISIC2018_Task1_Training_GroundTruth/ISIC_0011210_segmentation.png,dermoscopic,True,train,,unknown,True
isic2018_task1,ISIC_0011212,data/raw/isic2018/images/ISIC2018_Task1-2_Training_Input/ISIC_0011212.jpg,data/raw/isic2018/masks/ISIC2018_Task1_Training_GroundTruth/ISIC_0011212_segmentation.png,dermoscopic,True,train,,unknown,True
isic2018_task1,ISIC_0011213,data/raw/isic2018/images/ISIC2018_Task1-2_Training_Input/ISIC_0011213.jpg,data/raw/isic2018/masks/ISIC2018_Task1_Training_GroundTruth/ISIC_0011213_segmentation.png,dermoscopic,True,train,,unknown,True
isic2018_task1,ISIC_0011214,data/raw/isic2018/images/ISIC2018_Task1-2_Training_Input/ISIC_0011214.jpg,data/raw/isic2018/masks/ISIC2018_Task1_Training_GroundTruth/ISIC_0011214_segmentation.png,dermoscopic,True,train,,unknown,True
isic2018_task1,ISIC_0011219,data/raw/isic2018/images/ISIC2018_Task1-2_Training_Input/ISIC_0011219.jpg,data/raw/isic2018/masks/ISIC2018_Task1_Training_GroundTruth/ISIC_0011219_segmentation.png,dermoscopic,True,train,,unknown,True
isic2018_task1,ISIC_0011220,data/raw/isic2018/images/ISIC2018_Task1-2_Training_Input/ISIC_0011220.jpg,data/raw/isic2018/masks/ISIC2018_Task1_Training_GroundTruth/ISIC_0011220_segmentation.png,dermoscopic,True,train,,unknown,True
isic2018_task1,ISIC_0011223,data/raw/isic2018/images/ISIC2018_Task1-2_Training_Input/ISIC_0011223.jpg,data/raw/isic2018/masks/ISIC2018_Task1_Training_GroundTruth/ISIC_0011223_segmentation.png,dermoscopic,True,train,,unknown,True
isic2018_task1,ISIC_0011225,data/raw/isic2018/images/ISIC2018_Task1-2_Training_Input/ISIC_0011225.jpg,data/raw/isic2018/masks/ISIC2018_Task1_Training_GroundTruth/ISIC_0011225_segmentation.png,dermoscopic,True,train,,unknown,True
isic2018_task1,ISIC_0011228,data/raw/isic2018/images/ISIC2018_Task1-2_Training_Input/ISIC_0011228.jpg,data/raw/isic2018/masks/ISIC2018_Task1_Training_GroundTruth/ISIC_0011228_segmentation.png,dermoscopic,True,train,,unknown,True
isic2018_task1,ISIC_0011230,data/raw/isic2018/images/ISIC2018_Task1-2_Training_Input/ISIC_0011230.jpg,data/raw/isic2018/masks/ISIC2018_Task1_Training_GroundTruth/ISIC_0011230_segmentation.png,dermoscopic,True,train,,unknown,True
isic2018_task1,ISIC_0011292,data/raw/isic2018/images/ISIC2018_Task1-2_Training_Input/ISIC_0011292.jpg,data/raw/isic2018/masks/ISIC2018_Task1_Training_GroundTruth/ISIC_0011292_segmentation.png,dermoscopic,True,train,,unknown,True
isic2018_task1,ISIC_0011294,data/raw/isic2018/images/ISIC2018_Task1-2_Training_Input/ISIC_0011294.jpg,data/raw/isic2018/masks/ISIC2018_Task1_Training_GroundTruth/ISIC_0011294_segmentation.png,dermoscopic,True,train,,unknown,True
isic2018_task1,ISIC_0011296,data/raw/isic2018/images/ISIC2018_Task1-2_Training_Input/ISIC_0011296.jpg,data/raw/isic2018/masks/ISIC2018_Task1_Training_GroundTruth/ISIC_0011296_segmentation.png,dermoscopic,True,train,,unknown,True
isic2018_task1,ISIC_0011297,data/raw/isic2018/images/ISIC2018_Task1-2_Training_Input/ISIC_0011297.jpg,data/raw/isic2018/masks/ISIC2018_Task1_Training_GroundTruth/ISIC_0011297_segmentation.png,dermoscopic,True,train,,unknown,True
isic2018_task1,ISIC_0011298,data/raw/isic2018/images/ISIC2018_Task1-2_Training_Input/ISIC_0011298.jpg,data/raw/isic2018/masks/ISIC2018_Task1_Training_GroundTruth/ISIC_0011298_segmentation.png,dermoscopic,True,train,,unknown,True
isic2018_task1,ISIC_0011300,data/raw/isic2018/images/ISIC2018_Task1-2_Training_Input/ISIC_0011300.jpg,data/raw/isic2018/masks/ISIC2018_Task1_Training_GroundTruth/ISIC_0011300_segmentation.png,dermoscopic,True,train,,unknown,True
isic2018_task1,ISIC_0011301,data/raw/isic2018/images/ISIC2018_Task1-2_Training_Input/ISIC_0011301.jpg,data/raw/isic2018/masks/ISIC2018_Task1_Training_GroundTruth/ISIC_0011301_segmentation.png,dermoscopic,True,train,,unknown,True
isic2018_task1,ISIC_0011303,data/raw/isic2018/images/ISIC2018_Task1-2_Training_Input/ISIC_0011303.jpg,data/raw/isic2018/masks/ISIC2018_Task1_Training_GroundTruth/ISIC_0011303_segmentation.png,dermoscopic,True,train,,unknown,True
isic2018_task1,ISIC_0011306,data/raw/isic2018/images/ISIC2018_Task1-2_Training_Input/ISIC_0011306.jpg,data/raw/isic2018/masks/ISIC2018_Task1_Training_GroundTruth/ISIC_0011306_segmentation.png,dermoscopic,True,train,,unknown,True
isic2018_task1,ISIC_0011315,data/raw/isic2018/images/ISIC2018_Task1-2_Training_Input/ISIC_0011315.jpg,data/raw/isic2018/masks/ISIC2018_Task1_Training_GroundTruth/ISIC_0011315_segmentation.png,dermoscopic,True,train,,unknown,True
isic2018_task1,ISIC_0011322,data/raw/isic2018/images/ISIC2018_Task1-2_Training_Input/ISIC_0011322.jpg,data/raw/isic2018/masks/ISIC2018_Task1_Training_GroundTruth/ISIC_0011322_segmentation.png,dermoscopic,True,train,,unknown,True
isic2018_task1,ISIC_0011323,data/raw/isic2018/images/ISIC2018_Task1-2_Training_Input/ISIC_0011323.jpg,data/raw/isic2018/masks/ISIC2018_Task1_Training_GroundTruth/ISIC_0011323_segmentation.png,dermoscopic,True,train,,unknown,True
isic2018_task1,ISIC_0011324,data/raw/isic2018/images/ISIC2018_Task1-2_Training_Input/ISIC_0011324.jpg,data/raw/isic2018/masks/ISIC2018_Task1_Training_GroundTruth/ISIC_0011324_segmentation.png,dermoscopic,True,train,,unknown,True
isic2018_task1,ISIC_0011326,data/raw/isic2018/images/ISIC2018_Task1-2_Training_Input/ISIC_0011326.jpg,data/raw/isic2018/masks/ISIC2018_Task1_Training_GroundTruth/ISIC_0011326_segmentation.png,dermoscopic,True,train,,unknown,True
isic2018_task1,ISIC_0011327,data/raw/isic2018/images/ISIC2018_Task1-2_Training_Input/ISIC_0011327.jpg,data/raw/isic2018/masks/ISIC2018_Task1_Training_GroundTruth/ISIC_0011327_segmentation.png,dermoscopic,True,train,,unknown,True
isic2018_task1,ISIC_0011330,data/raw/isic2018/images/ISIC2018_Task1-2_Training_Input/ISIC_0011330.jpg,data/raw/isic2018/masks/ISIC2018_Task1_Training_GroundTruth/ISIC_0011330_segmentation.png,dermoscopic,True,train,,unknown,True
isic2018_task1,ISIC_0011333,data/raw/isic2018/images/ISIC2018_Task1-2_Training_Input/ISIC_0011333.jpg,data/raw/isic2018/masks/ISIC2018_Task1_Training_GroundTruth/ISIC_0011333_segmentation.png,dermoscopic,True,train,,unknown,True
isic2018_task1,ISIC_0011336,data/raw/isic2018/images/ISIC2018_Task1-2_Training_Input/ISIC_0011336.jpg,data/raw/isic2018/masks/ISIC2018_Task1_Training_GroundTruth/ISIC_0011336_segmentation.png,dermoscopic,True,train,,unknown,True
isic2018_task1,ISIC_0011338,data/raw/isic2018/images/ISIC2018_Task1-2_Training_Input/ISIC_0011338.jpg,data/raw/isic2018/masks/ISIC2018_Task1_Training_GroundTruth/ISIC_0011338_segmentation.png,dermoscopic,True,train,,unknown,True
isic2018_task1,ISIC_0011339,data/raw/isic2018/images/ISIC2018_Task1-2_Training_Input/ISIC_0011339.jpg,data/raw/isic2018/masks/ISIC2018_Task1_Training_GroundTruth/ISIC_0011339_segmentation.png,dermoscopic,True,train,,unknown,True
isic2018_task1,ISIC_0011341,data/raw/isic2018/images/ISIC2018_Task1-2_Training_Input/ISIC_0011341.jpg,data/raw/isic2018/masks/ISIC2018_Task1_Training_GroundTruth/ISIC_0011341_segmentation.png,dermoscopic,True,train,,unknown,True
isic2018_task1,ISIC_0011343,data/raw/isic2018/images/ISIC2018_Task1-2_Training_Input/ISIC_0011343.jpg,data/raw/isic2018/masks/ISIC2018_Task1_Training_GroundTruth/ISIC_0011343_segmentation.png,dermoscopic,True,train,,unknown,True
isic2018_task1,ISIC_0011344,data/raw/isic2018/images/ISIC2018_Task1-2_Training_Input/ISIC_0011344.jpg,data/raw/isic2018/masks/ISIC2018_Task1_Training_GroundTruth/ISIC_0011344_segmentation.png,dermoscopic,True,train,,unknown,True
isic2018_task1,ISIC_0011345,data/raw/isic2018/images/ISIC2018_Task1-2_Training_Input/ISIC_0011345.jpg,data/raw/isic2018/masks/ISIC2018_Task1_Training_GroundTruth/ISIC_0011345_segmentation.png,dermoscopic,True,train,,unknown,True
isic2018_task1,ISIC_0011348,data/raw/isic2018/images/ISIC2018_Task1-2_Training_Input/ISIC_0011348.jpg,data/raw/isic2018/masks/ISIC2018_Task1_Training_GroundTruth/ISIC_0011348_segmentation.png,dermoscopic,True,train,,unknown,True
isic2018_task1,ISIC_0011352,data/raw/isic2018/images/ISIC2018_Task1-2_Training_Input/ISIC_0011352.jpg,data/raw/isic2018/masks/ISIC2018_Task1_Training_GroundTruth/ISIC_0011352_segmentation.png,dermoscopic,True,train,,unknown,True
isic2018_task1,ISIC_0011353,data/raw/isic2018/images/ISIC2018_Task1-2_Training_Input/ISIC_0011353.jpg,data/raw/isic2018/masks/ISIC2018_Task1_Training_GroundTruth/ISIC_0011353_segmentation.png,dermoscopic,True,train,,unknown,True
isic2018_task1,ISIC_0011356,data/raw/isic2018/images/ISIC2018_Task1-2_Training_Input/ISIC_0011356.jpg,data/raw/isic2018/masks/ISIC2018_Task1_Training_GroundTruth/ISIC_0011356_segmentation.png,dermoscopic,True,train,,unknown,True
isic2018_task1,ISIC_0011357,data/raw/isic2018/images/ISIC2018_Task1-2_Training_Input/ISIC_0011357.jpg,data/raw/isic2018/masks/ISIC2018_Task1_Training_GroundTruth/ISIC_0011357_segmentation.png,dermoscopic,True,train,,unknown,True
isic2018_task1,ISIC_0011358,data/raw/isic2018/images/ISIC2018_Task1-2_Training_Input/ISIC_0011358.jpg,data/raw/isic2018/masks/ISIC2018_Task1_Training_GroundTruth/ISIC_0011358_segmentation.png,dermoscopic,True,train,,unknown,True
isic2018_task1,ISIC_0011359,data/raw/isic2018/images/ISIC2018_Task1-2_Training_Input/ISIC_0011359.jpg,data/raw/isic2018/masks/ISIC2018_Task1_Training_GroundTruth/ISIC_0011359_segmentation.png,dermoscopic,True,train,,unknown,True
isic2018_task1,ISIC_0011360,data/raw/isic2018/images/ISIC2018_Task1-2_Training_Input/ISIC_0011360.jpg,data/raw/isic2018/masks/ISIC2018_Task1_Training_GroundTruth/ISIC_0011360_segmentation.png,dermoscopic,True,train,,unknown,True
isic2018_task1,ISIC_0011361,data/raw/isic2018/images/ISIC2018_Task1-2_Training_Input/ISIC_0011361.jpg,data/raw/isic2018/masks/ISIC2018_Task1_Training_GroundTruth/ISIC_0011361_segmentation.png,dermoscopic,True,train,,unknown,True
isic2018_task1,ISIC_0011363,data/raw/isic2018/images/ISIC2018_Task1-2_Training_Input/ISIC_0011363.jpg,data/raw/isic2018/masks/ISIC2018_Task1_Training_GroundTruth/ISIC_0011363_segmentation.png,dermoscopic,True,train,,unknown,True
isic2018_task1,ISIC_0011366,data/raw/isic2018/images/ISIC2018_Task1-2_Training_Input/ISIC_0011366.jpg,data/raw/isic2018/masks/ISIC2018_Task1_Training_GroundTruth/ISIC_0011366_segmentation.png,dermoscopic,True,train,,unknown,True
isic2018_task1,ISIC_0011367,data/raw/isic2018/images/ISIC2018_Task1-2_Training_Input/ISIC_0011367.jpg,data/raw/isic2018/masks/ISIC2018_Task1_Training_GroundTruth/ISIC_0011367_segmentation.png,dermoscopic,True,train,,unknown,True
isic2018_task1,ISIC_0011372,data/raw/isic2018/images/ISIC2018_Task1-2_Training_Input/ISIC_0011372.jpg,data/raw/isic2018/masks/ISIC2018_Task1_Training_GroundTruth/ISIC_0011372_segmentation.png,dermoscopic,True,train,,unknown,True
isic2018_task1,ISIC_0011373,data/raw/isic2018/images/ISIC2018_Task1-2_Training_Input/ISIC_0011373.jpg,data/raw/isic2018/masks/ISIC2018_Task1_Training_GroundTruth/ISIC_0011373_segmentation.png,dermoscopic,True,train,,unknown,True
isic2018_task1,ISIC_0011374,data/raw/isic2018/images/ISIC2018_Task1-2_Training_Input/ISIC_0011374.jpg,data/raw/isic2018/masks/ISIC2018_Task1_Training_GroundTruth/ISIC_0011374_segmentation.png,dermoscopic,True,train,,unknown,True
isic2018_task1,ISIC_0011378,data/raw/isic2018/images/ISIC2018_Task1-2_Training_Input/ISIC_0011378.jpg,data/raw/isic2018/masks/ISIC2018_Task1_Training_GroundTruth/ISIC_0011378_segmentation.png,dermoscopic,True,train,,unknown,True
isic2018_task1,ISIC_0011382,data/raw/isic2018/images/ISIC2018_Task1-2_Training_Input/ISIC_0011382.jpg,data/raw/isic2018/masks/ISIC2018_Task1_Training_GroundTruth/ISIC_0011382_segmentation.png,dermoscopic,True,train,,unknown,True
isic2018_task1,ISIC_0011383,data/raw/isic2018/images/ISIC2018_Task1-2_Training_Input/ISIC_0011383.jpg,data/raw/isic2018/masks/ISIC2018_Task1_Training_GroundTruth/ISIC_0011383_segmentation.png,dermoscopic,True,train,,unknown,True
isic2018_task1,ISIC_0011384,data/raw/isic2018/images/ISIC2018_Task1-2_Training_Input/ISIC_0011384.jpg,data/raw/isic2018/masks/ISIC2018_Task1_Training_GroundTruth/ISIC_0011384_segmentation.png,dermoscopic,True,train,,unknown,True
isic2018_task1,ISIC_0011385,data/raw/isic2018/images/ISIC2018_Task1-2_Training_Input/ISIC_0011385.jpg,data/raw/isic2018/masks/ISIC2018_Task1_Training_GroundTruth/ISIC_0011385_segmentation.png,dermoscopic,True,train,,unknown,True
isic2018_task1,ISIC_0011386,data/raw/isic2018/images/ISIC2018_Task1-2_Training_Input/ISIC_0011386.jpg,data/raw/isic2018/masks/ISIC2018_Task1_Training_GroundTruth/ISIC_0011386_segmentation.png,dermoscopic,True,train,,unknown,True
isic2018_task1,ISIC_0011387,data/raw/isic2018/images/ISIC2018_Task1-2_Training_Input/ISIC_0011387.jpg,data/raw/isic2018/masks/ISIC2018_Task1_Training_GroundTruth/ISIC_0011387_segmentation.png,dermoscopic,True,train,,unknown,True
isic2018_task1,ISIC_0011390,data/raw/isic2018/images/ISIC2018_Task1-2_Training_Input/ISIC_0011390.jpg,data/raw/isic2018/masks/ISIC2018_Task1_Training_GroundTruth/ISIC_0011390_segmentation.png,dermoscopic,True,train,,unknown,True
isic2018_task1,ISIC_0011397,data/raw/isic2018/images/ISIC2018_Task1-2_Training_Input/ISIC_0011397.jpg,data/raw/isic2018/masks/ISIC2018_Task1_Training_GroundTruth/ISIC_0011397_segmentation.png,dermoscopic,True,train,,unknown,True
isic2018_task1,ISIC_0011402,data/raw/isic2018/images/ISIC2018_Task1-2_Training_Input/ISIC_0011402.jpg,data/raw/isic2018/masks/ISIC2018_Task1_Training_GroundTruth/ISIC_0011402_segmentation.png,dermoscopic,True,train,,unknown,True
isic2018_task1,ISIC_0012089,data/raw/isic2018/images/ISIC2018_Task1-2_Training_Input/ISIC_0012089.jpg,data/raw/isic2018/masks/ISIC2018_Task1_Training_GroundTruth/ISIC_0012089_segmentation.png,dermoscopic,False,,,,True
isic2018_task1,ISIC_0012090,data/raw/isic2018/images/ISIC2018_Task1-2_Training_Input/ISIC_0012090.jpg,data/raw/isic2018/masks/ISIC2018_Task1_Training_GroundTruth/ISIC_0012090_segmentation.png,dermoscopic,False,,,,True
isic2018_task1,ISIC_0012092,data/raw/isic2018/images/ISIC2018_Task1-2_Training_Input/ISIC_0012092.jpg,data/raw/isic2018/masks/ISIC2018_Task1_Training_GroundTruth/ISIC_0012092_segmentation.png,dermoscopic,False,,,,True
isic2018_task1,ISIC_0012094,data/raw/isic2018/images/ISIC2018_Task1-2_Training_Input/ISIC_0012094.jpg,data/raw/isic2018/masks/ISIC2018_Task1_Training_GroundTruth/ISIC_0012094_segmentation.png,dermoscopic,False,,,,True
isic2018_task1,ISIC_0012095,data/raw/isic2018/images/ISIC2018_Task1-2_Training_Input/ISIC_0012095.jpg,data/raw/isic2018/masks/ISIC2018_Task1_Training_GroundTruth/ISIC_0012095_segmentation.png,dermoscopic,False,,,,True
isic2018_task1,ISIC_0012097,data/raw/isic2018/images/ISIC2018_Task1-2_Training_Input/ISIC_0012097.jpg,data/raw/isic2018/masks/ISIC2018_Task1_Training_GroundTruth/ISIC_0012097_segmentation.png,dermoscopic,False,,,,True
isic2018_task1,ISIC_0012099,data/raw/isic2018/images/ISIC2018_Task1-2_Training_Input/ISIC_0012099.jpg,data/raw/isic2018/masks/ISIC2018_Task1_Training_GroundTruth/ISIC_0012099_segmentation.png,dermoscopic,False,,,,True
isic2018_task1,ISIC_0012105,data/raw/isic2018/images/ISIC2018_Task1-2_Training_Input/ISIC_0012105.jpg,data/raw/isic2018/masks/ISIC2018_Task1_Training_GroundTruth/ISIC_0012105_segmentation.png,dermoscopic,False,,,,True
isic2018_task1,ISIC_0012107,data/raw/isic2018/images/ISIC2018_Task1-2_Training_Input/ISIC_0012107.jpg,data/raw/isic2018/masks/ISIC2018_Task1_Training_GroundTruth/ISIC_0012107_segmentation.png,dermoscopic,False,,,,True
isic2018_task1,ISIC_0012108,data/raw/isic2018/images/ISIC2018_Task1-2_Training_Input/ISIC_0012108.jpg,data/raw/isic2018/masks/ISIC2018_Task1_Training_GroundTruth/ISIC_0012108_segmentation.png,dermoscopic,False,,,,True
isic2018_task1,ISIC_0012109,data/raw/isic2018/images/ISIC2018_Task1-2_Training_Input/ISIC_0012109.jpg,data/raw/isic2018/masks/ISIC2018_Task1_Training_GroundTruth/ISIC_0012109_segmentation.png,dermoscopic,False,,,,True
isic2018_task1,ISIC_0012116,data/raw/isic2018/images/ISIC2018_Task1-2_Training_Input/ISIC_0012116.jpg,data/raw/isic2018/masks/ISIC2018_Task1_Training_GroundTruth/ISIC_0012116_segmentation.png,dermoscopic,False,,,,True
isic2018_task1,ISIC_0012126,data/raw/isic2018/images/ISIC2018_Task1-2_Training_Input/ISIC_0012126.jpg,data/raw/isic2018/masks/ISIC2018_Task1_Training_GroundTruth/ISIC_0012126_segmentation.png,dermoscopic,False,,,,True
isic2018_task1,ISIC_0012127,data/raw/isic2018/images/ISIC2018_Task1-2_Training_Input/ISIC_0012127.jpg,data/raw/isic2018/masks/ISIC2018_Task1_Training_GroundTruth/ISIC_0012127_segmentation.png,dermoscopic,False,,,,True
isic2018_task1,ISIC_0012134,data/raw/isic2018/images/ISIC2018_Task1-2_Training_Input/ISIC_0012134.jpg,data/raw/isic2018/masks/ISIC2018_Task1_Training_GroundTruth/ISIC_0012134_segmentation.png,dermoscopic,False,,,,True
isic2018_task1,ISIC_0012135,data/raw/isic2018/images/ISIC2018_Task1-2_Training_Input/ISIC_0012135.jpg,data/raw/isic2018/masks/ISIC2018_Task1_Training_GroundTruth/ISIC_0012135_segmentation.png,dermoscopic,False,,,,True
isic2018_task1,ISIC_0012136,data/raw/isic2018/images/ISIC2018_Task1-2_Training_Input/ISIC_0012136.jpg,data/raw/isic2018/masks/ISIC2018_Task1_Training_GroundTruth/ISIC_0012136_segmentation.png,dermoscopic,False,,,,True
isic2018_task1,ISIC_0012137,data/raw/isic2018/images/ISIC2018_Task1-2_Training_Input/ISIC_0012137.jpg,data/raw/isic2018/masks/ISIC2018_Task1_Training_GroundTruth/ISIC_0012137_segmentation.png,dermoscopic,False,,,,True
isic2018_task1,ISIC_0012148,data/raw/isic2018/images/ISIC2018_Task1-2_Training_Input/ISIC_0012148.jpg,data/raw/isic2018/masks/ISIC2018_Task1_Training_GroundTruth/ISIC_0012148_segmentation.png,dermoscopic,False,,,,True
isic2018_task1,ISIC_0012149,data/raw/isic2018/images/ISIC2018_Task1-2_Training_Input/ISIC_0012149.jpg,data/raw/isic2018/masks/ISIC2018_Task1_Training_GroundTruth/ISIC_0012149_segmentation.png,dermoscopic,False,,,,True
isic2018_task1,ISIC_0012155,data/raw/isic2018/images/ISIC2018_Task1-2_Training_Input/ISIC_0012155.jpg,data/raw/isic2018/masks/ISIC2018_Task1_Training_GroundTruth/ISIC_0012155_segmentation.png,dermoscopic,False,,,,True
isic2018_task1,ISIC_0012156,data/raw/isic2018/images/ISIC2018_Task1-2_Training_Input/ISIC_0012156.jpg,data/raw/isic2018/masks/ISIC2018_Task1_Training_GroundTruth/ISIC_0012156_segmentation.png,dermoscopic,False,,,,True
isic2018_task1,ISIC_0012159,data/raw/isic2018/images/ISIC2018_Task1-2_Training_Input/ISIC_0012159.jpg,data/raw/isic2018/masks/ISIC2018_Task1_Training_GroundTruth/ISIC_0012159_segmentation.png,dermoscopic,False,,,,True
isic2018_task1,ISIC_0012160,data/raw/isic2018/images/ISIC2018_Task1-2_Training_Input/ISIC_0012160.jpg,data/raw/isic2018/masks/ISIC2018_Task1_Training_GroundTruth/ISIC_0012160_segmentation.png,dermoscopic,False,,,,True
isic2018_task1,ISIC_0012164,data/raw/isic2018/images/ISIC2018_Task1-2_Training_Input/ISIC_0012164.jpg,data/raw/isic2018/masks/ISIC2018_Task1_Training_GroundTruth/ISIC_0012164_segmentation.png,dermoscopic,False,,,,True
isic2018_task1,ISIC_0012167,data/raw/isic2018/images/ISIC2018_Task1-2_Training_Input/ISIC_0012167.jpg,data/raw/isic2018/masks/ISIC2018_Task1_Training_GroundTruth/ISIC_0012167_segmentation.png,dermoscopic,False,,,,True
isic2018_task1,ISIC_0012173,data/raw/isic2018/images/ISIC2018_Task1-2_Training_Input/ISIC_0012173.jpg,data/raw/isic2018/masks/ISIC2018_Task1_Training_GroundTruth/ISIC_0012173_segmentation.png,dermoscopic,False,,,,True
isic2018_task1,ISIC_0012177,data/raw/isic2018/images/ISIC2018_Task1-2_Training_Input/ISIC_0012177.jpg,data/raw/isic2018/masks/ISIC2018_Task1_Training_GroundTruth/ISIC_0012177_segmentation.png,dermoscopic,False,,,,True
isic2018_task1,ISIC_0012178,data/raw/isic2018/images/ISIC2018_Task1-2_Training_Input/ISIC_0012178.jpg,data/raw/isic2018/masks/ISIC2018_Task1_Training_GroundTruth/ISIC_0012178_segmentation.png,dermoscopic,False,,,,True
isic2018_task1,ISIC_0012179,data/raw/isic2018/images/ISIC2018_Task1-2_Training_Input/ISIC_0012179.jpg,data/raw/isic2018/masks/ISIC2018_Task1_Training_GroundTruth/ISIC_0012179_segmentation.png,dermoscopic,False,,,,True
isic2018_task1,ISIC_0012182,data/raw/isic2018/images/ISIC2018_Task1-2_Training_Input/ISIC_0012182.jpg,data/raw/isic2018/masks/ISIC2018_Task1_Training_GroundTruth/ISIC_0012182_segmentation.png,dermoscopic,False,,,,True
isic2018_task1,ISIC_0012187,data/raw/isic2018/images/ISIC2018_Task1-2_Training_Input/ISIC_0012187.jpg,data/raw/isic2018/masks/ISIC2018_Task1_Training_GroundTruth/ISIC_0012187_segmentation.png,dermoscopic,False,,,,True
isic2018_task1,ISIC_0012191,data/raw/isic2018/images/ISIC2018_Task1-2_Training_Input/ISIC_0012191.jpg,data/raw/isic2018/masks/ISIC2018_Task1_Training_GroundTruth/ISIC_0012191_segmentation.png,dermoscopic,False,,,,True
isic2018_task1,ISIC_0012203,data/raw/isic2018/images/ISIC2018_Task1-2_Training_Input/ISIC_0012203.jpg,data/raw/isic2018/masks/ISIC2018_Task1_Training_GroundTruth/ISIC_0012203_segmentation.png,dermoscopic,False,,,,True
isic2018_task1,ISIC_0012204,data/raw/isic2018/images/ISIC2018_Task1-2_Training_Input/ISIC_0012204.jpg,data/raw/isic2018/masks/ISIC2018_Task1_Training_GroundTruth/ISIC_0012204_segmentation.png,dermoscopic,False,,,,True
isic2018_task1,ISIC_0012205,data/raw/isic2018/images/ISIC2018_Task1-2_Training_Input/ISIC_0012205.jpg,data/raw/isic2018/masks/ISIC2018_Task1_Training_GroundTruth/ISIC_0012205_segmentation.png,dermoscopic,False,,,,True
isic2018_task1,ISIC_0012207,data/raw/isic2018/images/ISIC2018_Task1-2_Training_Input/ISIC_0012207.jpg,data/raw/isic2018/masks/ISIC2018_Task1_Training_GroundTruth/ISIC_0012207_segmentation.png,dermoscopic,False,,,,True
isic2018_task1,ISIC_0012210,data/raw/isic2018/images/ISIC2018_Task1-2_Training_Input/ISIC_0012210.jpg,data/raw/isic2018/masks/ISIC2018_Task1_Training_GroundTruth/ISIC_0012210_segmentation.png,dermoscopic,False,,,,True
isic2018_task1,ISIC_0012211,data/raw/isic2018/images/ISIC2018_Task1-2_Training_Input/ISIC_0012211.jpg,data/raw/isic2018/masks/ISIC2018_Task1_Training_GroundTruth/ISIC_0012211_segmentation.png,dermoscopic,False,,,,True
isic2018_task1,ISIC_0012213,data/raw/isic2018/images/ISIC2018_Task1-2_Training_Input/ISIC_0012213.jpg,data/raw/isic2018/masks/ISIC2018_Task1_Training_GroundTruth/ISIC_0012213_segmentation.png,dermoscopic,False,,,,True
isic2018_task1,ISIC_0012216,data/raw/isic2018/images/ISIC2018_Task1-2_Training_Input/ISIC_0012216.jpg,data/raw/isic2018/masks/ISIC2018_Task1_Training_GroundTruth/ISIC_0012216_segmentation.png,dermoscopic,False,,,,True
isic2018_task1,ISIC_0012221,data/raw/isic2018/images/ISIC2018_Task1-2_Training_Input/ISIC_0012221.jpg,data/raw/isic2018/masks/ISIC2018_Task1_Training_GroundTruth/ISIC_0012221_segmentation.png,dermoscopic,False,,,,True
isic2018_task1,ISIC_0012222,data/raw/isic2018/images/ISIC2018_Task1-2_Training_Input/ISIC_0012222.jpg,data/raw/isic2018/masks/ISIC2018_Task1_Training_GroundTruth/ISIC_0012222_segmentation.png,dermoscopic,False,,,,True
isic2018_task1,ISIC_0012223,data/raw/isic2018/images/ISIC2018_Task1-2_Training_Input/ISIC_0012223.jpg,data/raw/isic2018/masks/ISIC2018_Task1_Training_GroundTruth/ISIC_0012223_segmentation.png,dermoscopic,False,,,,True
isic2018_task1,ISIC_0012224,data/raw/isic2018/images/ISIC2018_Task1-2_Training_Input/ISIC_0012224.jpg,data/raw/isic2018/masks/ISIC2018_Task1_Training_GroundTruth/ISIC_0012224_segmentation.png,dermoscopic,False,,,,True
isic2018_task1,ISIC_0012230,data/raw/isic2018/images/ISIC2018_Task1-2_Training_Input/ISIC_0012230.jpg,data/raw/isic2018/masks/ISIC2018_Task1_Training_GroundTruth/ISIC_0012230_segmentation.png,dermoscopic,False,,,,True
isic2018_task1,ISIC_0012232,data/raw/isic2018/images/ISIC2018_Task1-2_Training_Input/ISIC_0012232.jpg,data/raw/isic2018/masks/ISIC2018_Task1_Training_GroundTruth/ISIC_0012232_segmentation.png,dermoscopic,False,,,,True
isic2018_task1,ISIC_0012233,data/raw/isic2018/images/ISIC2018_Task1-2_Training_Input/ISIC_0012233.jpg,data/raw/isic2018/masks/ISIC2018_Task1_Training_GroundTruth/ISIC_0012233_segmentation.png,dermoscopic,False,,,,True
isic2018_task1,ISIC_0012238,data/raw/isic2018/images/ISIC2018_Task1-2_Training_Input/ISIC_0012238.jpg,data/raw/isic2018/masks/ISIC2018_Task1_Training_GroundTruth/ISIC_0012238_segmentation.png,dermoscopic,False,,,,True
isic2018_task1,ISIC_0012245,data/raw/isic2018/images/ISIC2018_Task1-2_Training_Input/ISIC_0012245.jpg,data/raw/isic2018/masks/ISIC2018_Task1_Training_GroundTruth/ISIC_0012245_segmentation.png,dermoscopic,False,,,,True
isic2018_task1,ISIC_0012250,data/raw/isic2018/images/ISIC2018_Task1-2_Training_Input/ISIC_0012250.jpg,data/raw/isic2018/masks/ISIC2018_Task1_Training_GroundTruth/ISIC_0012250_segmentation.png,dermoscopic,False,,,,True
isic2018_task1,ISIC_0012256,data/raw/isic2018/images/ISIC2018_Task1-2_Training_Input/ISIC_0012256.jpg,data/raw/isic2018/masks/ISIC2018_Task1_Training_GroundTruth/ISIC_0012256_segmentation.png,dermoscopic,False,,,,True
isic2018_task1,ISIC_0012257,data/raw/isic2018/images/ISIC2018_Task1-2_Training_Input/ISIC_0012257.jpg,data/raw/isic2018/masks/ISIC2018_Task1_Training_GroundTruth/ISIC_0012257_segmentation.png,dermoscopic,False,,,,True
isic2018_task1,ISIC_0012259,data/raw/isic2018/images/ISIC2018_Task1-2_Training_Input/ISIC_0012259.jpg,data/raw/isic2018/masks/ISIC2018_Task1_Training_GroundTruth/ISIC_0012259_segmentation.png,dermoscopic,False,,,,True
isic2018_task1,ISIC_0012260,data/raw/isic2018/images/ISIC2018_Task1-2_Training_Input/ISIC_0012260.jpg,data/raw/isic2018/masks/ISIC2018_Task1_Training_GroundTruth/ISIC_0012260_segmentation.png,dermoscopic,False,,,,True
isic2018_task1,ISIC_0012263,data/raw/isic2018/images/ISIC2018_Task1-2_Training_Input/ISIC_0012263.jpg,data/raw/isic2018/masks/ISIC2018_Task1_Training_GroundTruth/ISIC_0012263_segmentation.png,dermoscopic,False,,,,True
isic2018_task1,ISIC_0012266,data/raw/isic2018/images/ISIC2018_Task1-2_Training_Input/ISIC_0012266.jpg,data/raw/isic2018/masks/ISIC2018_Task1_Training_GroundTruth/ISIC_0012266_segmentation.png,dermoscopic,False,,,,True
isic2018_task1,ISIC_0012268,data/raw/isic2018/images/ISIC2018_Task1-2_Training_Input/ISIC_0012268.jpg,data/raw/isic2018/masks/ISIC2018_Task1_Training_GroundTruth/ISIC_0012268_segmentation.png,dermoscopic,False,,,,True
isic2018_task1,ISIC_0012272,data/raw/isic2018/images/ISIC2018_Task1-2_Training_Input/ISIC_0012272.jpg,data/raw/isic2018/masks/ISIC2018_Task1_Training_GroundTruth/ISIC_0012272_segmentation.png,dermoscopic,False,,,,True
isic2018_task1,ISIC_0012273,data/raw/isic2018/images/ISIC2018_Task1-2_Training_Input/ISIC_0012273.jpg,data/raw/isic2018/masks/ISIC2018_Task1_Training_GroundTruth/ISIC_0012273_segmentation.png,dermoscopic,False,,,,True
isic2018_task1,ISIC_0012281,data/raw/isic2018/images/ISIC2018_Task1-2_Training_Input/ISIC_0012281.jpg,data/raw/isic2018/masks/ISIC2018_Task1_Training_GroundTruth/ISIC_0012281_segmentation.png,dermoscopic,False,,,,True
isic2018_task1,ISIC_0012282,data/raw/isic2018/images/ISIC2018_Task1-2_Training_Input/ISIC_0012282.jpg,data/raw/isic2018/masks/ISIC2018_Task1_Training_GroundTruth/ISIC_0012282_segmentation.png,dermoscopic,False,,,,True
isic2018_task1,ISIC_0012284,data/raw/isic2018/images/ISIC2018_Task1-2_Training_Input/ISIC_0012284.jpg,data/raw/isic2018/masks/ISIC2018_Task1_Training_GroundTruth/ISIC_0012284_segmentation.png,dermoscopic,False,,,,True
isic2018_task1,ISIC_0012285,data/raw/isic2018/images/ISIC2018_Task1-2_Training_Input/ISIC_0012285.jpg,data/raw/isic2018/masks/ISIC2018_Task1_Training_GroundTruth/ISIC_0012285_segmentation.png,dermoscopic,False,,,,True
isic2018_task1,ISIC_0012288,data/raw/isic2018/images/ISIC2018_Task1-2_Training_Input/ISIC_0012288.jpg,data/raw/isic2018/masks/ISIC2018_Task1_Training_GroundTruth/ISIC_0012288_segmentation.png,dermoscopic,False,,,,True
isic2018_task1,ISIC_0012290,data/raw/isic2018/images/ISIC2018_Task1-2_Training_Input/ISIC_0012290.jpg,data/raw/isic2018/masks/ISIC2018_Task1_Training_GroundTruth/ISIC_0012290_segmentation.png,dermoscopic,False,,,,True
isic2018_task1,ISIC_0012298,data/raw/isic2018/images/ISIC2018_Task1-2_Training_Input/ISIC_0012298.jpg,data/raw/isic2018/masks/ISIC2018_Task1_Training_GroundTruth/ISIC_0012298_segmentation.png,dermoscopic,False,,,,True
isic2018_task1,ISIC_0012299,data/raw/isic2018/images/ISIC2018_Task1-2_Training_Input/ISIC_0012299.jpg,data/raw/isic2018/masks/ISIC2018_Task1_Training_GroundTruth/ISIC_0012299_segmentation.png,dermoscopic,False,,,,True
isic2018_task1,ISIC_0012303,data/raw/isic2018/images/ISIC2018_Task1-2_Training_Input/ISIC_0012303.jpg,data/raw/isic2018/masks/ISIC2018_Task1_Training_GroundTruth/ISIC_0012303_segmentation.png,dermoscopic,False,,,,True
isic2018_task1,ISIC_0012306,data/raw/isic2018/images/ISIC2018_Task1-2_Training_Input/ISIC_0012306.jpg,data/raw/isic2018/masks/ISIC2018_Task1_Training_GroundTruth/ISIC_0012306_segmentation.png,dermoscopic,False,,,,True
isic2018_task1,ISIC_0012309,data/raw/isic2018/images/ISIC2018_Task1-2_Training_Input/ISIC_0012309.jpg,data/raw/isic2018/masks/ISIC2018_Task1_Training_GroundTruth/ISIC_0012309_segmentation.png,dermoscopic,False,,,,True
isic2018_task1,ISIC_0012311,data/raw/isic2018/images/ISIC2018_Task1-2_Training_Input/ISIC_0012311.jpg,data/raw/isic2018/masks/ISIC2018_Task1_Training_GroundTruth/ISIC_0012311_segmentation.png,dermoscopic,False,,,,True
isic2018_task1,ISIC_0012313,data/raw/isic2018/images/ISIC2018_Task1-2_Training_Input/ISIC_0012313.jpg,data/raw/isic2018/masks/ISIC2018_Task1_Training_GroundTruth/ISIC_0012313_segmentation.png,dermoscopic,False,,,,True
isic2018_task1,ISIC_0012314,data/raw/isic2018/images/ISIC2018_Task1-2_Training_Input/ISIC_0012314.jpg,data/raw/isic2018/masks/ISIC2018_Task1_Training_GroundTruth/ISIC_0012314_segmentation.png,dermoscopic,False,,,,True
isic2018_task1,ISIC_0012318,data/raw/isic2018/images/ISIC2018_Task1-2_Training_Input/ISIC_0012318.jpg,data/raw/isic2018/masks/ISIC2018_Task1_Training_GroundTruth/ISIC_0012318_segmentation.png,dermoscopic,False,,,,True
isic2018_task1,ISIC_0012320,data/raw/isic2018/images/ISIC2018_Task1-2_Training_Input/ISIC_0012320.jpg,data/raw/isic2018/masks/ISIC2018_Task1_Training_GroundTruth/ISIC_0012320_segmentation.png,dermoscopic,False,,,,True
isic2018_task1,ISIC_0012323,data/raw/isic2018/images/ISIC2018_Task1-2_Training_Input/ISIC_0012323.jpg,data/raw/isic2018/masks/ISIC2018_Task1_Training_GroundTruth/ISIC_0012323_segmentation.png,dermoscopic,False,,,,True
isic2018_task1,ISIC_0012324,data/raw/isic2018/images/ISIC2018_Task1-2_Training_Input/ISIC_0012324.jpg,data/raw/isic2018/masks/ISIC2018_Task1_Training_GroundTruth/ISIC_0012324_segmentation.png,dermoscopic,False,,,,True
isic2018_task1,ISIC_0012329,data/raw/isic2018/images/ISIC2018_Task1-2_Training_Input/ISIC_0012329.jpg,data/raw/isic2018/masks/ISIC2018_Task1_Training_GroundTruth/ISIC_0012329_segmentation.png,dermoscopic,False,,,,True
isic2018_task1,ISIC_0012330,data/raw/isic2018/images/ISIC2018_Task1-2_Training_Input/ISIC_0012330.jpg,data/raw/isic2018/masks/ISIC2018_Task1_Training_GroundTruth/ISIC_0012330_segmentation.png,dermoscopic,False,,,,True
isic2018_task1,ISIC_0012332,data/raw/isic2018/images/ISIC2018_Task1-2_Training_Input/ISIC_0012332.jpg,data/raw/isic2018/masks/ISIC2018_Task1_Training_GroundTruth/ISIC_0012332_segmentation.png,dermoscopic,False,,,,True
isic2018_task1,ISIC_0012334,data/raw/isic2018/images/ISIC2018_Task1-2_Training_Input/ISIC_0012334.jpg,data/raw/isic2018/masks/ISIC2018_Task1_Training_GroundTruth/ISIC_0012334_segmentation.png,dermoscopic,False,,,,True
isic2018_task1,ISIC_0012335,data/raw/isic2018/images/ISIC2018_Task1-2_Training_Input/ISIC_0012335.jpg,data/raw/isic2018/masks/ISIC2018_Task1_Training_GroundTruth/ISIC_0012335_segmentation.png,dermoscopic,False,,,,True
isic2018_task1,ISIC_0012338,data/raw/isic2018/images/ISIC2018_Task1-2_Training_Input/ISIC_0012338.jpg,data/raw/isic2018/masks/ISIC2018_Task1_Training_GroundTruth/ISIC_0012338_segmentation.png,dermoscopic,False,,,,True
isic2018_task1,ISIC_0012342,data/raw/isic2018/images/ISIC2018_Task1-2_Training_Input/ISIC_0012342.jpg,data/raw/isic2018/masks/ISIC2018_Task1_Training_GroundTruth/ISIC_0012342_segmentation.png,dermoscopic,False,,,,True
isic2018_task1,ISIC_0012351,data/raw/isic2018/images/ISIC2018_Task1-2_Training_Input/ISIC_0012351.jpg,data/raw/isic2018/masks/ISIC2018_Task1_Training_GroundTruth/ISIC_0012351_segmentation.png,dermoscopic,False,,,,True
isic2018_task1,ISIC_0012356,data/raw/isic2018/images/ISIC2018_Task1-2_Training_Input/ISIC_0012356.jpg,data/raw/isic2018/masks/ISIC2018_Task1_Training_GroundTruth/ISIC_0012356_segmentation.png,dermoscopic,False,,,,True
isic2018_task1,ISIC_0012357,data/raw/isic2018/images/ISIC2018_Task1-2_Training_Input/ISIC_0012357.jpg,data/raw/isic2018/masks/ISIC2018_Task1_Training_GroundTruth/ISIC_0012357_segmentation.png,dermoscopic,False,,,,True
isic2018_task1,ISIC_0012358,data/raw/isic2018/images/ISIC2018_Task1-2_Training_Input/ISIC_0012358.jpg,data/raw/isic2018/masks/ISIC2018_Task1_Training_GroundTruth/ISIC_0012358_segmentation.png,dermoscopic,False,,,,True
isic2018_task1,ISIC_0012363,data/raw/isic2018/images/ISIC2018_Task1-2_Training_Input/ISIC_0012363.jpg,data/raw/isic2018/masks/ISIC2018_Task1_Training_GroundTruth/ISIC_0012363_segmentation.png,dermoscopic,False,,,,True
isic2018_task1,ISIC_0012369,data/raw/isic2018/images/ISIC2018_Task1-2_Training_Input/ISIC_0012369.jpg,data/raw/isic2018/masks/ISIC2018_Task1_Training_GroundTruth/ISIC_0012369_segmentation.png,dermoscopic,False,,,,True
isic2018_task1,ISIC_0012374,data/raw/isic2018/images/ISIC2018_Task1-2_Training_Input/ISIC_0012374.jpg,data/raw/isic2018/masks/ISIC2018_Task1_Training_GroundTruth/ISIC_0012374_segmentation.png,dermoscopic,False,,,,True
isic2018_task1,ISIC_0012376,data/raw/isic2018/images/ISIC2018_Task1-2_Training_Input/ISIC_0012376.jpg,data/raw/isic2018/masks/ISIC2018_Task1_Training_GroundTruth/ISIC_0012376_segmentation.png,dermoscopic,False,,,,True
isic2018_task1,ISIC_0012378,data/raw/isic2018/images/ISIC2018_Task1-2_Training_Input/ISIC_0012378.jpg,data/raw/isic2018/masks/ISIC2018_Task1_Training_GroundTruth/ISIC_0012378_segmentation.png,dermoscopic,False,,,,True
isic2018_task1,ISIC_0012379,data/raw/isic2018/images/ISIC2018_Task1-2_Training_Input/ISIC_0012379.jpg,data/raw/isic2018/masks/ISIC2018_Task1_Training_GroundTruth/ISIC_0012379_segmentation.png,dermoscopic,False,,,,True
isic2018_task1,ISIC_0012382,data/raw/isic2018/images/ISIC2018_Task1-2_Training_Input/ISIC_0012382.jpg,data/raw/isic2018/masks/ISIC2018_Task1_Training_GroundTruth/ISIC_0012382_segmentation.png,dermoscopic,False,,,,True
isic2018_task1,ISIC_0012384,data/raw/isic2018/images/ISIC2018_Task1-2_Training_Input/ISIC_0012384.jpg,data/raw/isic2018/masks/ISIC2018_Task1_Training_GroundTruth/ISIC_0012384_segmentation.png,dermoscopic,False,,,,True
isic2018_task1,ISIC_0012391,data/raw/isic2018/images/ISIC2018_Task1-2_Training_Input/ISIC_0012391.jpg,data/raw/isic2018/masks/ISIC2018_Task1_Training_GroundTruth/ISIC_0012391_segmentation.png,dermoscopic,False,,,,True
isic2018_task1,ISIC_0012395,data/raw/isic2018/images/ISIC2018_Task1-2_Training_Input/ISIC_0012395.jpg,data/raw/isic2018/masks/ISIC2018_Task1_Training_GroundTruth/ISIC_0012395_segmentation.png,dermoscopic,False,,,,True
isic2018_task1,ISIC_0012400,data/raw/isic2018/images/ISIC2018_Task1-2_Training_Input/ISIC_0012400.jpg,data/raw/isic2018/masks/ISIC2018_Task1_Training_GroundTruth/ISIC_0012400_segmentation.png,dermoscopic,False,,,,True
isic2018_task1,ISIC_0012413,data/raw/isic2018/images/ISIC2018_Task1-2_Training_Input/ISIC_0012413.jpg,data/raw/isic2018/masks/ISIC2018_Task1_Training_GroundTruth/ISIC_0012413_segmentation.png,dermoscopic,False,,,,True
isic2018_task1,ISIC_0012415,data/raw/isic2018/images/ISIC2018_Task1-2_Training_Input/ISIC_0012415.jpg,data/raw/isic2018/masks/ISIC2018_Task1_Training_GroundTruth/ISIC_0012415_segmentation.png,dermoscopic,False,,,,True
isic2018_task1,ISIC_0012417,data/raw/isic2018/images/ISIC2018_Task1-2_Training_Input/ISIC_0012417.jpg,data/raw/isic2018/masks/ISIC2018_Task1_Training_GroundTruth/ISIC_0012417_segmentation.png,dermoscopic,False,,,,True
isic2018_task1,ISIC_0012425,data/raw/isic2018/images/ISIC2018_Task1-2_Training_Input/ISIC_0012425.jpg,data/raw/isic2018/masks/ISIC2018_Task1_Training_GroundTruth/ISIC_0012425_segmentation.png,dermoscopic,False,,,,True
isic2018_task1,ISIC_0012432,data/raw/isic2018/images/ISIC2018_Task1-2_Training_Input/ISIC_0012432.jpg,data/raw/isic2018/masks/ISIC2018_Task1_Training_GroundTruth/ISIC_0012432_segmentation.png,dermoscopic,False,,,,True
isic2018_task1,ISIC_0012434,data/raw/isic2018/images/ISIC2018_Task1-2_Training_Input/ISIC_0012434.jpg,data/raw/isic2018/masks/ISIC2018_Task1_Training_GroundTruth/ISIC_0012434_segmentation.png,dermoscopic,False,,,,True
isic2018_task1,ISIC_0012435,data/raw/isic2018/images/ISIC2018_Task1-2_Training_Input/ISIC_0012435.jpg,data/raw/isic2018/masks/ISIC2018_Task1_Training_GroundTruth/ISIC_0012435_segmentation.png,dermoscopic,False,,,,True
isic2018_task1,ISIC_0012442,data/raw/isic2018/images/ISIC2018_Task1-2_Training_Input/ISIC_0012442.jpg,data/raw/isic2018/masks/ISIC2018_Task1_Training_GroundTruth/ISIC_0012442_segmentation.png,dermoscopic,False,,,,True
isic2018_task1,ISIC_0012447,data/raw/isic2018/images/ISIC2018_Task1-2_Training_Input/ISIC_0012447.jpg,data/raw/isic2018/masks/ISIC2018_Task1_Training_GroundTruth/ISIC_0012447_segmentation.png,dermoscopic,False,,,,True
isic2018_task1,ISIC_0012448,data/raw/isic2018/images/ISIC2018_Task1-2_Training_Input/ISIC_0012448.jpg,data/raw/isic2018/masks/ISIC2018_Task1_Training_GroundTruth/ISIC_0012448_segmentation.png,dermoscopic,False,,,,True
isic2018_task1,ISIC_0012450,data/raw/isic2018/images/ISIC2018_Task1-2_Training_Input/ISIC_0012450.jpg,data/raw/isic2018/masks/ISIC2018_Task1_Training_GroundTruth/ISIC_0012450_segmentation.png,dermoscopic,False,,,,True
isic2018_task1,ISIC_0012453,data/raw/isic2018/images/ISIC2018_Task1-2_Training_Input/ISIC_0012453.jpg,data/raw/isic2018/masks/ISIC2018_Task1_Training_GroundTruth/ISIC_0012453_segmentation.png,dermoscopic,False,,,,True
isic2018_task1,ISIC_0012455,data/raw/isic2018/images/ISIC2018_Task1-2_Training_Input/ISIC_0012455.jpg,data/raw/isic2018/masks/ISIC2018_Task1_Training_GroundTruth/ISIC_0012455_segmentation.png,dermoscopic,False,,,,True
isic2018_task1,ISIC_0012464,data/raw/isic2018/images/ISIC2018_Task1-2_Training_Input/ISIC_0012464.jpg,data/raw/isic2018/masks/ISIC2018_Task1_Training_GroundTruth/ISIC_0012464_segmentation.png,dermoscopic,False,,,,True
isic2018_task1,ISIC_0012473,data/raw/isic2018/images/ISIC2018_Task1-2_Training_Input/ISIC_0012473.jpg,data/raw/isic2018/masks/ISIC2018_Task1_Training_GroundTruth/ISIC_0012473_segmentation.png,dermoscopic,False,,,,True
isic2018_task1,ISIC_0012475,data/raw/isic2018/images/ISIC2018_Task1-2_Training_Input/ISIC_0012475.jpg,data/raw/isic2018/masks/ISIC2018_Task1_Training_GroundTruth/ISIC_0012475_segmentation.png,dermoscopic,False,,,,True
isic2018_task1,ISIC_0012478,data/raw/isic2018/images/ISIC2018_Task1-2_Training_Input/ISIC_0012478.jpg,data/raw/isic2018/masks/ISIC2018_Task1_Training_GroundTruth/ISIC_0012478_segmentation.png,dermoscopic,False,,,,True
isic2018_task1,ISIC_0012481,data/raw/isic2018/images/ISIC2018_Task1-2_Training_Input/ISIC_0012481.jpg,data/raw/isic2018/masks/ISIC2018_Task1_Training_GroundTruth/ISIC_0012481_segmentation.png,dermoscopic,False,,,,True
isic2018_task1,ISIC_0012484,data/raw/isic2018/images/ISIC2018_Task1-2_Training_Input/ISIC_0012484.jpg,data/raw/isic2018/masks/ISIC2018_Task1_Training_GroundTruth/ISIC_0012484_segmentation.png,dermoscopic,False,,,,True
isic2018_task1,ISIC_0012487,data/raw/isic2018/images/ISIC2018_Task1-2_Training_Input/ISIC_0012487.jpg,data/raw/isic2018/masks/ISIC2018_Task1_Training_GroundTruth/ISIC_0012487_segmentation.png,dermoscopic,False,,,,True
isic2018_task1,ISIC_0012493,data/raw/isic2018/images/ISIC2018_Task1-2_Training_Input/ISIC_0012493.jpg,data/raw/isic2018/masks/ISIC2018_Task1_Training_GroundTruth/ISIC_0012493_segmentation.png,dermoscopic,False,,,,True
isic2018_task1,ISIC_0012494,data/raw/isic2018/images/ISIC2018_Task1-2_Training_Input/ISIC_0012494.jpg,data/raw/isic2018/masks/ISIC2018_Task1_Training_GroundTruth/ISIC_0012494_segmentation.png,dermoscopic,False,,,,True
isic2018_task1,ISIC_0012495,data/raw/isic2018/images/ISIC2018_Task1-2_Training_Input/ISIC_0012495.jpg,data/raw/isic2018/masks/ISIC2018_Task1_Training_GroundTruth/ISIC_0012495_segmentation.png,dermoscopic,False,,,,True
isic2018_task1,ISIC_0012496,data/raw/isic2018/images/ISIC2018_Task1-2_Training_Input/ISIC_0012496.jpg,data/raw/isic2018/masks/ISIC2018_Task1_Training_GroundTruth/ISIC_0012496_segmentation.png,dermoscopic,False,,,,True
isic2018_task1,ISIC_0012503,data/raw/isic2018/images/ISIC2018_Task1-2_Training_Input/ISIC_0012503.jpg,data/raw/isic2018/masks/ISIC2018_Task1_Training_GroundTruth/ISIC_0012503_segmentation.png,dermoscopic,False,,,,True
isic2018_task1,ISIC_0012506,data/raw/isic2018/images/ISIC2018_Task1-2_Training_Input/ISIC_0012506.jpg,data/raw/isic2018/masks/ISIC2018_Task1_Training_GroundTruth/ISIC_0012506_segmentation.png,dermoscopic,False,,,,True
isic2018_task1,ISIC_0012508,data/raw/isic2018/images/ISIC2018_Task1-2_Training_Input/ISIC_0012508.jpg,data/raw/isic2018/masks/ISIC2018_Task1_Training_GroundTruth/ISIC_0012508_segmentation.png,dermoscopic,False,,,,True
isic2018_task1,ISIC_0012510,data/raw/isic2018/images/ISIC2018_Task1-2_Training_Input/ISIC_0012510.jpg,data/raw/isic2018/masks/ISIC2018_Task1_Training_GroundTruth/ISIC_0012510_segmentation.png,dermoscopic,False,,,,True
isic2018_task1,ISIC_0012511,data/raw/isic2018/images/ISIC2018_Task1-2_Training_Input/ISIC_0012511.jpg,data/raw/isic2018/masks/ISIC2018_Task1_Training_GroundTruth/ISIC_0012511_segmentation.png,dermoscopic,False,,,,True
isic2018_task1,ISIC_0012512,data/raw/isic2018/images/ISIC2018_Task1-2_Training_Input/ISIC_0012512.jpg,data/raw/isic2018/masks/ISIC2018_Task1_Training_GroundTruth/ISIC_0012512_segmentation.png,dermoscopic,False,,,,True
isic2018_task1,ISIC_0012516,data/raw/isic2018/images/ISIC2018_Task1-2_Training_Input/ISIC_0012516.jpg,data/raw/isic2018/masks/ISIC2018_Task1_Training_GroundTruth/ISIC_0012516_segmentation.png,dermoscopic,False,,,,True
isic2018_task1,ISIC_0012517,data/raw/isic2018/images/ISIC2018_Task1-2_Training_Input/ISIC_0012517.jpg,data/raw/isic2018/masks/ISIC2018_Task1_Training_GroundTruth/ISIC_0012517_segmentation.png,dermoscopic,False,,,,True
isic2018_task1,ISIC_0012518,data/raw/isic2018/images/ISIC2018_Task1-2_Training_Input/ISIC_0012518.jpg,data/raw/isic2018/masks/ISIC2018_Task1_Training_GroundTruth/ISIC_0012518_segmentation.png,dermoscopic,False,,,,True
isic2018_task1,ISIC_0012521,data/raw/isic2018/images/ISIC2018_Task1-2_Training_Input/ISIC_0012521.jpg,data/raw/isic2018/masks/ISIC2018_Task1_Training_GroundTruth/ISIC_0012521_segmentation.png,dermoscopic,False,,,,True
isic2018_task1,ISIC_0012523,data/raw/isic2018/images/ISIC2018_Task1-2_Training_Input/ISIC_0012523.jpg,data/raw/isic2018/masks/ISIC2018_Task1_Training_GroundTruth/ISIC_0012523_segmentation.png,dermoscopic,False,,,,True
isic2018_task1,ISIC_0012526,data/raw/isic2018/images/ISIC2018_Task1-2_Training_Input/ISIC_0012526.jpg,data/raw/isic2018/masks/ISIC2018_Task1_Training_GroundTruth/ISIC_0012526_segmentation.png,dermoscopic,False,,,,True
isic2018_task1,ISIC_0012529,data/raw/isic2018/images/ISIC2018_Task1-2_Training_Input/ISIC_0012529.jpg,data/raw/isic2018/masks/ISIC2018_Task1_Training_GroundTruth/ISIC_0012529_segmentation.png,dermoscopic,False,,,,True
isic2018_task1,ISIC_0012538,data/raw/isic2018/images/ISIC2018_Task1-2_Training_Input/ISIC_0012538.jpg,data/raw/isic2018/masks/ISIC2018_Task1_Training_GroundTruth/ISIC_0012538_segmentation.png,dermoscopic,False,,,,True
isic2018_task1,ISIC_0012539,data/raw/isic2018/images/ISIC2018_Task1-2_Training_Input/ISIC_0012539.jpg,data/raw/isic2018/masks/ISIC2018_Task1_Training_GroundTruth/ISIC_0012539_segmentation.png,dermoscopic,False,,,,True
isic2018_task1,ISIC_0012544,data/raw/isic2018/images/ISIC2018_Task1-2_Training_Input/ISIC_0012544.jpg,data/raw/isic2018/masks/ISIC2018_Task1_Training_GroundTruth/ISIC_0012544_segmentation.png,dermoscopic,False,,,,True
isic2018_task1,ISIC_0012547,data/raw/isic2018/images/ISIC2018_Task1-2_Training_Input/ISIC_0012547.jpg,data/raw/isic2018/masks/ISIC2018_Task1_Training_GroundTruth/ISIC_0012547_segmentation.png,dermoscopic,False,,,,True
isic2018_task1,ISIC_0012548,data/raw/isic2018/images/ISIC2018_Task1-2_Training_Input/ISIC_0012548.jpg,data/raw/isic2018/masks/ISIC2018_Task1_Training_GroundTruth/ISIC_0012548_segmentation.png,dermoscopic,False,,,,True
isic2018_task1,ISIC_0012549,data/raw/isic2018/images/ISIC2018_Task1-2_Training_Input/ISIC_0012549.jpg,data/raw/isic2018/masks/ISIC2018_Task1_Training_GroundTruth/ISIC_0012549_segmentation.png,dermoscopic,False,,,,True
isic2018_task1,ISIC_0012550,data/raw/isic2018/images/ISIC2018_Task1-2_Training_Input/ISIC_0012550.jpg,data/raw/isic2018/masks/ISIC2018_Task1_Training_GroundTruth/ISIC_0012550_segmentation.png,dermoscopic,False,,,,True
isic2018_task1,ISIC_0012551,data/raw/isic2018/images/ISIC2018_Task1-2_Training_Input/ISIC_0012551.jpg,data/raw/isic2018/masks/ISIC2018_Task1_Training_GroundTruth/ISIC_0012551_segmentation.png,dermoscopic,False,,,,True
isic2018_task1,ISIC_0012653,data/raw/isic2018/images/ISIC2018_Task1-2_Training_Input/ISIC_0012653.jpg,data/raw/isic2018/masks/ISIC2018_Task1_Training_GroundTruth/ISIC_0012653_segmentation.png,dermoscopic,False,,,,True
isic2018_task1,ISIC_0012654,data/raw/isic2018/images/ISIC2018_Task1-2_Training_Input/ISIC_0012654.jpg,data/raw/isic2018/masks/ISIC2018_Task1_Training_GroundTruth/ISIC_0012654_segmentation.png,dermoscopic,False,,,,True
isic2018_task1,ISIC_0012655,data/raw/isic2018/images/ISIC2018_Task1-2_Training_Input/ISIC_0012655.jpg,data/raw/isic2018/masks/ISIC2018_Task1_Training_GroundTruth/ISIC_0012655_segmentation.png,dermoscopic,False,,,,True
isic2018_task1,ISIC_0012656,data/raw/isic2018/images/ISIC2018_Task1-2_Training_Input/ISIC_0012656.jpg,data/raw/isic2018/masks/ISIC2018_Task1_Training_GroundTruth/ISIC_0012656_segmentation.png,dermoscopic,False,,,,True
isic2018_task1,ISIC_0012657,data/raw/isic2018/images/ISIC2018_Task1-2_Training_Input/ISIC_0012657.jpg,data/raw/isic2018/masks/ISIC2018_Task1_Training_GroundTruth/ISIC_0012657_segmentation.png,dermoscopic,False,,,,True
isic2018_task1,ISIC_0012658,data/raw/isic2018/images/ISIC2018_Task1-2_Training_Input/ISIC_0012658.jpg,data/raw/isic2018/masks/ISIC2018_Task1_Training_GroundTruth/ISIC_0012658_segmentation.png,dermoscopic,False,,,,True
isic2018_task1,ISIC_0012659,data/raw/isic2018/images/ISIC2018_Task1-2_Training_Input/ISIC_0012659.jpg,data/raw/isic2018/masks/ISIC2018_Task1_Training_GroundTruth/ISIC_0012659_segmentation.png,dermoscopic,False,,,,True
isic2018_task1,ISIC_0012660,data/raw/isic2018/images/ISIC2018_Task1-2_Training_Input/ISIC_0012660.jpg,data/raw/isic2018/masks/ISIC2018_Task1_Training_GroundTruth/ISIC_0012660_segmentation.png,dermoscopic,False,,,,True
isic2018_task1,ISIC_0012661,data/raw/isic2018/images/ISIC2018_Task1-2_Training_Input/ISIC_0012661.jpg,data/raw/isic2018/masks/ISIC2018_Task1_Training_GroundTruth/ISIC_0012661_segmentation.png,dermoscopic,False,,,,True
isic2018_task1,ISIC_0012663,data/raw/isic2018/images/ISIC2018_Task1-2_Training_Input/ISIC_0012663.jpg,data/raw/isic2018/masks/ISIC2018_Task1_Training_GroundTruth/ISIC_0012663_segmentation.png,dermoscopic,False,,,,True
isic2018_task1,ISIC_0012664,data/raw/isic2018/images/ISIC2018_Task1-2_Training_Input/ISIC_0012664.jpg,data/raw/isic2018/masks/ISIC2018_Task1_Training_GroundTruth/ISIC_0012664_segmentation.png,dermoscopic,False,,,,True
isic2018_task1,ISIC_0012665,data/raw/isic2018/images/ISIC2018_Task1-2_Training_Input/ISIC_0012665.jpg,data/raw/isic2018/masks/ISIC2018_Task1_Training_GroundTruth/ISIC_0012665_segmentation.png,dermoscopic,False,,,,True
isic2018_task1,ISIC_0012666,data/raw/isic2018/images/ISIC2018_Task1-2_Training_Input/ISIC_0012666.jpg,data/raw/isic2018/masks/ISIC2018_Task1_Training_GroundTruth/ISIC_0012666_segmentation.png,dermoscopic,False,,,,True
isic2018_task1,ISIC_0012669,data/raw/isic2018/images/ISIC2018_Task1-2_Training_Input/ISIC_0012669.jpg,data/raw/isic2018/masks/ISIC2018_Task1_Training_GroundTruth/ISIC_0012669_segmentation.png,dermoscopic,False,,,,True
isic2018_task1,ISIC_0012670,data/raw/isic2018/images/ISIC2018_Task1-2_Training_Input/ISIC_0012670.jpg,data/raw/isic2018/masks/ISIC2018_Task1_Training_GroundTruth/ISIC_0012670_segmentation.png,dermoscopic,False,,,,True
isic2018_task1,ISIC_0012673,data/raw/isic2018/images/ISIC2018_Task1-2_Training_Input/ISIC_0012673.jpg,data/raw/isic2018/masks/ISIC2018_Task1_Training_GroundTruth/ISIC_0012673_segmentation.png,dermoscopic,False,,,,True
isic2018_task1,ISIC_0012674,data/raw/isic2018/images/ISIC2018_Task1-2_Training_Input/ISIC_0012674.jpg,data/raw/isic2018/masks/ISIC2018_Task1_Training_GroundTruth/ISIC_0012674_segmentation.png,dermoscopic,False,,,,True
isic2018_task1,ISIC_0012675,data/raw/isic2018/images/ISIC2018_Task1-2_Training_Input/ISIC_0012675.jpg,data/raw/isic2018/masks/ISIC2018_Task1_Training_GroundTruth/ISIC_0012675_segmentation.png,dermoscopic,False,,,,True
isic2018_task1,ISIC_0012676,data/raw/isic2018/images/ISIC2018_Task1-2_Training_Input/ISIC_0012676.jpg,data/raw/isic2018/masks/ISIC2018_Task1_Training_GroundTruth/ISIC_0012676_segmentation.png,dermoscopic,False,,,,True
isic2018_task1,ISIC_0012677,data/raw/isic2018/images/ISIC2018_Task1-2_Training_Input/ISIC_0012677.jpg,data/raw/isic2018/masks/ISIC2018_Task1_Training_GroundTruth/ISIC_0012677_segmentation.png,dermoscopic,False,,,,True
isic2018_task1,ISIC_0012679,data/raw/isic2018/images/ISIC2018_Task1-2_Training_Input/ISIC_0012679.jpg,data/raw/isic2018/masks/ISIC2018_Task1_Training_GroundTruth/ISIC_0012679_segmentation.png,dermoscopic,False,,,,True
isic2018_task1,ISIC_0012680,data/raw/isic2018/images/ISIC2018_Task1-2_Training_Input/ISIC_0012680.jpg,data/raw/isic2018/masks/ISIC2018_Task1_Training_GroundTruth/ISIC_0012680_segmentation.png,dermoscopic,False,,,,True
isic2018_task1,ISIC_0012681,data/raw/isic2018/images/ISIC2018_Task1-2_Training_Input/ISIC_0012681.jpg,data/raw/isic2018/masks/ISIC2018_Task1_Training_GroundTruth/ISIC_0012681_segmentation.png,dermoscopic,False,,,,True
isic2018_task1,ISIC_0012682,data/raw/isic2018/images/ISIC2018_Task1-2_Training_Input/ISIC_0012682.jpg,data/raw/isic2018/masks/ISIC2018_Task1_Training_GroundTruth/ISIC_0012682_segmentation.png,dermoscopic,False,,,,True
isic2018_task1,ISIC_0012683,data/raw/isic2018/images/ISIC2018_Task1-2_Training_Input/ISIC_0012683.jpg,data/raw/isic2018/masks/ISIC2018_Task1_Training_GroundTruth/ISIC_0012683_segmentation.png,dermoscopic,False,,,,True
isic2018_task1,ISIC_0012684,data/raw/isic2018/images/ISIC2018_Task1-2_Training_Input/ISIC_0012684.jpg,data/raw/isic2018/masks/ISIC2018_Task1_Training_GroundTruth/ISIC_0012684_segmentation.png,dermoscopic,False,,,,True
isic2018_task1,ISIC_0012685,data/raw/isic2018/images/ISIC2018_Task1-2_Training_Input/ISIC_0012685.jpg,data/raw/isic2018/masks/ISIC2018_Task1_Training_GroundTruth/ISIC_0012685_segmentation.png,dermoscopic,False,,,,True
isic2018_task1,ISIC_0012693,data/raw/isic2018/images/ISIC2018_Task1-2_Training_Input/ISIC_0012693.jpg,data/raw/isic2018/masks/ISIC2018_Task1_Training_GroundTruth/ISIC_0012693_segmentation.png,dermoscopic,False,,,,True
isic2018_task1,ISIC_0012697,data/raw/isic2018/images/ISIC2018_Task1-2_Training_Input/ISIC_0012697.jpg,data/raw/isic2018/masks/ISIC2018_Task1_Training_GroundTruth/ISIC_0012697_segmentation.png,dermoscopic,False,,,,True
isic2018_task1,ISIC_0012701,data/raw/isic2018/images/ISIC2018_Task1-2_Training_Input/ISIC_0012701.jpg,data/raw/isic2018/masks/ISIC2018_Task1_Training_GroundTruth/ISIC_0012701_segmentation.png,dermoscopic,False,,,,True
isic2018_task1,ISIC_0012702,data/raw/isic2018/images/ISIC2018_Task1-2_Training_Input/ISIC_0012702.jpg,data/raw/isic2018/masks/ISIC2018_Task1_Training_GroundTruth/ISIC_0012702_segmentation.png,dermoscopic,False,,,,True
isic2018_task1,ISIC_0012706,data/raw/isic2018/images/ISIC2018_Task1-2_Training_Input/ISIC_0012706.jpg,data/raw/isic2018/masks/ISIC2018_Task1_Training_GroundTruth/ISIC_0012706_segmentation.png,dermoscopic,False,,,,True
isic2018_task1,ISIC_0012708,data/raw/isic2018/images/ISIC2018_Task1-2_Training_Input/ISIC_0012708.jpg,data/raw/isic2018/masks/ISIC2018_Task1_Training_GroundTruth/ISIC_0012708_segmentation.png,dermoscopic,False,,,,True
isic2018_task1,ISIC_0012711,data/raw/isic2018/images/ISIC2018_Task1-2_Training_Input/ISIC_0012711.jpg,data/raw/isic2018/masks/ISIC2018_Task1_Training_GroundTruth/ISIC_0012711_segmentation.png,dermoscopic,False,,,,True
isic2018_task1,ISIC_0012713,data/raw/isic2018/images/ISIC2018_Task1-2_Training_Input/ISIC_0012713.jpg,data/raw/isic2018/masks/ISIC2018_Task1_Training_GroundTruth/ISIC_0012713_segmentation.png,dermoscopic,False,,,,True
isic2018_task1,ISIC_0012715,data/raw/isic2018/images/ISIC2018_Task1-2_Training_Input/ISIC_0012715.jpg,data/raw/isic2018/masks/ISIC2018_Task1_Training_GroundTruth/ISIC_0012715_segmentation.png,dermoscopic,False,,,,True
isic2018_task1,ISIC_0012720,data/raw/isic2018/images/ISIC2018_Task1-2_Training_Input/ISIC_0012720.jpg,data/raw/isic2018/masks/ISIC2018_Task1_Training_GroundTruth/ISIC_0012720_segmentation.png,dermoscopic,False,,,,True
isic2018_task1,ISIC_0012722,data/raw/isic2018/images/ISIC2018_Task1-2_Training_Input/ISIC_0012722.jpg,data/raw/isic2018/masks/ISIC2018_Task1_Training_GroundTruth/ISIC_0012722_segmentation.png,dermoscopic,False,,,,True
isic2018_task1,ISIC_0012725,data/raw/isic2018/images/ISIC2018_Task1-2_Training_Input/ISIC_0012725.jpg,data/raw/isic2018/masks/ISIC2018_Task1_Training_GroundTruth/ISIC_0012725_segmentation.png,dermoscopic,False,,,,True
isic2018_task1,ISIC_0012726,data/raw/isic2018/images/ISIC2018_Task1-2_Training_Input/ISIC_0012726.jpg,data/raw/isic2018/masks/ISIC2018_Task1_Training_GroundTruth/ISIC_0012726_segmentation.png,dermoscopic,False,,,,True
isic2018_task1,ISIC_0012737,data/raw/isic2018/images/ISIC2018_Task1-2_Training_Input/ISIC_0012737.jpg,data/raw/isic2018/masks/ISIC2018_Task1_Training_GroundTruth/ISIC_0012737_segmentation.png,dermoscopic,False,,,,True
isic2018_task1,ISIC_0012739,data/raw/isic2018/images/ISIC2018_Task1-2_Training_Input/ISIC_0012739.jpg,data/raw/isic2018/masks/ISIC2018_Task1_Training_GroundTruth/ISIC_0012739_segmentation.png,dermoscopic,False,,,,True
isic2018_task1,ISIC_0012740,data/raw/isic2018/images/ISIC2018_Task1-2_Training_Input/ISIC_0012740.jpg,data/raw/isic2018/masks/ISIC2018_Task1_Training_GroundTruth/ISIC_0012740_segmentation.png,dermoscopic,False,,,,True
isic2018_task1,ISIC_0012742,data/raw/isic2018/images/ISIC2018_Task1-2_Training_Input/ISIC_0012742.jpg,data/raw/isic2018/masks/ISIC2018_Task1_Training_GroundTruth/ISIC_0012742_segmentation.png,dermoscopic,False,,,,True
isic2018_task1,ISIC_0012744,data/raw/isic2018/images/ISIC2018_Task1-2_Training_Input/ISIC_0012744.jpg,data/raw/isic2018/masks/ISIC2018_Task1_Training_GroundTruth/ISIC_0012744_segmentation.png,dermoscopic,False,,,,True
isic2018_task1,ISIC_0012746,data/raw/isic2018/images/ISIC2018_Task1-2_Training_Input/ISIC_0012746.jpg,data/raw/isic2018/masks/ISIC2018_Task1_Training_GroundTruth/ISIC_0012746_segmentation.png,dermoscopic,False,,,,True
isic2018_task1,ISIC_0012749,data/raw/isic2018/images/ISIC2018_Task1-2_Training_Input/ISIC_0012749.jpg,data/raw/isic2018/masks/ISIC2018_Task1_Training_GroundTruth/ISIC_0012749_segmentation.png,dermoscopic,False,,,,True
isic2018_task1,ISIC_0012770,data/raw/isic2018/images/ISIC2018_Task1-2_Training_Input/ISIC_0012770.jpg,data/raw/isic2018/masks/ISIC2018_Task1_Training_GroundTruth/ISIC_0012770_segmentation.png,dermoscopic,False,,,,True
isic2018_task1,ISIC_0012777,data/raw/isic2018/images/ISIC2018_Task1-2_Training_Input/ISIC_0012777.jpg,data/raw/isic2018/masks/ISIC2018_Task1_Training_GroundTruth/ISIC_0012777_segmentation.png,dermoscopic,False,,,,True
isic2018_task1,ISIC_0012786,data/raw/isic2018/images/ISIC2018_Task1-2_Training_Input/ISIC_0012786.jpg,data/raw/isic2018/masks/ISIC2018_Task1_Training_GroundTruth/ISIC_0012786_segmentation.png,dermoscopic,False,,,,True
isic2018_task1,ISIC_0012789,data/raw/isic2018/images/ISIC2018_Task1-2_Training_Input/ISIC_0012789.jpg,data/raw/isic2018/masks/ISIC2018_Task1_Training_GroundTruth/ISIC_0012789_segmentation.png,dermoscopic,False,,,,True
isic2018_task1,ISIC_0012792,data/raw/isic2018/images/ISIC2018_Task1-2_Training_Input/ISIC_0012792.jpg,data/raw/isic2018/masks/ISIC2018_Task1_Training_GroundTruth/ISIC_0012792_segmentation.png,dermoscopic,False,,,,True
isic2018_task1,ISIC_0012793,data/raw/isic2018/images/ISIC2018_Task1-2_Training_Input/ISIC_0012793.jpg,data/raw/isic2018/masks/ISIC2018_Task1_Training_GroundTruth/ISIC_0012793_segmentation.png,dermoscopic,False,,,,True
isic2018_task1,ISIC_0012803,data/raw/isic2018/images/ISIC2018_Task1-2_Training_Input/ISIC_0012803.jpg,data/raw/isic2018/masks/ISIC2018_Task1_Training_GroundTruth/ISIC_0012803_segmentation.png,dermoscopic,False,,,,True
isic2018_task1,ISIC_0012804,data/raw/isic2018/images/ISIC2018_Task1-2_Training_Input/ISIC_0012804.jpg,data/raw/isic2018/masks/ISIC2018_Task1_Training_GroundTruth/ISIC_0012804_segmentation.png,dermoscopic,False,,,,True
isic2018_task1,ISIC_0012806,data/raw/isic2018/images/ISIC2018_Task1-2_Training_Input/ISIC_0012806.jpg,data/raw/isic2018/masks/ISIC2018_Task1_Training_GroundTruth/ISIC_0012806_segmentation.png,dermoscopic,False,,,,True
isic2018_task1,ISIC_0012810,data/raw/isic2018/images/ISIC2018_Task1-2_Training_Input/ISIC_0012810.jpg,data/raw/isic2018/masks/ISIC2018_Task1_Training_GroundTruth/ISIC_0012810_segmentation.png,dermoscopic,False,,,,True
isic2018_task1,ISIC_0012813,data/raw/isic2018/images/ISIC2018_Task1-2_Training_Input/ISIC_0012813.jpg,data/raw/isic2018/masks/ISIC2018_Task1_Training_GroundTruth/ISIC_0012813_segmentation.png,dermoscopic,False,,,,True
isic2018_task1,ISIC_0012814,data/raw/isic2018/images/ISIC2018_Task1-2_Training_Input/ISIC_0012814.jpg,data/raw/isic2018/masks/ISIC2018_Task1_Training_GroundTruth/ISIC_0012814_segmentation.png,dermoscopic,False,,,,True
isic2018_task1,ISIC_0012826,data/raw/isic2018/images/ISIC2018_Task1-2_Training_Input/ISIC_0012826.jpg,data/raw/isic2018/masks/ISIC2018_Task1_Training_GroundTruth/ISIC_0012826_segmentation.png,dermoscopic,False,,,,True
isic2018_task1,ISIC_0012828,data/raw/isic2018/images/ISIC2018_Task1-2_Training_Input/ISIC_0012828.jpg,data/raw/isic2018/masks/ISIC2018_Task1_Training_GroundTruth/ISIC_0012828_segmentation.png,dermoscopic,False,,,,True
isic2018_task1,ISIC_0012835,data/raw/isic2018/images/ISIC2018_Task1-2_Training_Input/ISIC_0012835.jpg,data/raw/isic2018/masks/ISIC2018_Task1_Training_GroundTruth/ISIC_0012835_segmentation.png,dermoscopic,False,,,,True
isic2018_task1,ISIC_0012836,data/raw/isic2018/images/ISIC2018_Task1-2_Training_Input/ISIC_0012836.jpg,data/raw/isic2018/masks/ISIC2018_Task1_Training_GroundTruth/ISIC_0012836_segmentation.png,dermoscopic,False,,,,True
isic2018_task1,ISIC_0012837,data/raw/isic2018/images/ISIC2018_Task1-2_Training_Input/ISIC_0012837.jpg,data/raw/isic2018/masks/ISIC2018_Task1_Training_GroundTruth/ISIC_0012837_segmentation.png,dermoscopic,False,,,,True
isic2018_task1,ISIC_0012844,data/raw/isic2018/images/ISIC2018_Task1-2_Training_Input/ISIC_0012844.jpg,data/raw/isic2018/masks/ISIC2018_Task1_Training_GroundTruth/ISIC_0012844_segmentation.png,dermoscopic,False,,,,True
isic2018_task1,ISIC_0012852,data/raw/isic2018/images/ISIC2018_Task1-2_Training_Input/ISIC_0012852.jpg,data/raw/isic2018/masks/ISIC2018_Task1_Training_GroundTruth/ISIC_0012852_segmentation.png,dermoscopic,False,,,,True
isic2018_task1,ISIC_0012855,data/raw/isic2018/images/ISIC2018_Task1-2_Training_Input/ISIC_0012855.jpg,data/raw/isic2018/masks/ISIC2018_Task1_Training_GroundTruth/ISIC_0012855_segmentation.png,dermoscopic,False,,,,True
isic2018_task1,ISIC_0012856,data/raw/isic2018/images/ISIC2018_Task1-2_Training_Input/ISIC_0012856.jpg,data/raw/isic2018/masks/ISIC2018_Task1_Training_GroundTruth/ISIC_0012856_segmentation.png,dermoscopic,False,,,,True
isic2018_task1,ISIC_0012865,data/raw/isic2018/images/ISIC2018_Task1-2_Training_Input/ISIC_0012865.jpg,data/raw/isic2018/masks/ISIC2018_Task1_Training_GroundTruth/ISIC_0012865_segmentation.png,dermoscopic,False,,,,True
isic2018_task1,ISIC_0012871,data/raw/isic2018/images/ISIC2018_Task1-2_Training_Input/ISIC_0012871.jpg,data/raw/isic2018/masks/ISIC2018_Task1_Training_GroundTruth/ISIC_0012871_segmentation.png,dermoscopic,False,,,,True
isic2018_task1,ISIC_0012876,data/raw/isic2018/images/ISIC2018_Task1-2_Training_Input/ISIC_0012876.jpg,data/raw/isic2018/masks/ISIC2018_Task1_Training_GroundTruth/ISIC_0012876_segmentation.png,dermoscopic,False,,,,True
isic2018_task1,ISIC_0012877,data/raw/isic2018/images/ISIC2018_Task1-2_Training_Input/ISIC_0012877.jpg,data/raw/isic2018/masks/ISIC2018_Task1_Training_GroundTruth/ISIC_0012877_segmentation.png,dermoscopic,False,,,,True
isic2018_task1,ISIC_0012879,data/raw/isic2018/images/ISIC2018_Task1-2_Training_Input/ISIC_0012879.jpg,data/raw/isic2018/masks/ISIC2018_Task1_Training_GroundTruth/ISIC_0012879_segmentation.png,dermoscopic,False,,,,True
isic2018_task1,ISIC_0012883,data/raw/isic2018/images/ISIC2018_Task1-2_Training_Input/ISIC_0012883.jpg,data/raw/isic2018/masks/ISIC2018_Task1_Training_GroundTruth/ISIC_0012883_segmentation.png,dermoscopic,False,,,,True
isic2018_task1,ISIC_0012884,data/raw/isic2018/images/ISIC2018_Task1-2_Training_Input/ISIC_0012884.jpg,data/raw/isic2018/masks/ISIC2018_Task1_Training_GroundTruth/ISIC_0012884_segmentation.png,dermoscopic,False,,,,True
isic2018_task1,ISIC_0012887,data/raw/isic2018/images/ISIC2018_Task1-2_Training_Input/ISIC_0012887.jpg,data/raw/isic2018/masks/ISIC2018_Task1_Training_GroundTruth/ISIC_0012887_segmentation.png,dermoscopic,False,,,,True
isic2018_task1,ISIC_0012888,data/raw/isic2018/images/ISIC2018_Task1-2_Training_Input/ISIC_0012888.jpg,data/raw/isic2018/masks/ISIC2018_Task1_Training_GroundTruth/ISIC_0012888_segmentation.png,dermoscopic,False,,,,True
isic2018_task1,ISIC_0012889,data/raw/isic2018/images/ISIC2018_Task1-2_Training_Input/ISIC_0012889.jpg,data/raw/isic2018/masks/ISIC2018_Task1_Training_GroundTruth/ISIC_0012889_segmentation.png,dermoscopic,False,,,,True
isic2018_task1,ISIC_0012891,data/raw/isic2018/images/ISIC2018_Task1-2_Training_Input/ISIC_0012891.jpg,data/raw/isic2018/masks/ISIC2018_Task1_Training_GroundTruth/ISIC_0012891_segmentation.png,dermoscopic,False,,,,True
isic2018_task1,ISIC_0012897,data/raw/isic2018/images/ISIC2018_Task1-2_Training_Input/ISIC_0012897.jpg,data/raw/isic2018/masks/ISIC2018_Task1_Training_GroundTruth/ISIC_0012897_segmentation.png,dermoscopic,False,,,,True
isic2018_task1,ISIC_0012898,data/raw/isic2018/images/ISIC2018_Task1-2_Training_Input/ISIC_0012898.jpg,data/raw/isic2018/masks/ISIC2018_Task1_Training_GroundTruth/ISIC_0012898_segmentation.png,dermoscopic,False,,,,True
isic2018_task1,ISIC_0012903,data/raw/isic2018/images/ISIC2018_Task1-2_Training_Input/ISIC_0012903.jpg,data/raw/isic2018/masks/ISIC2018_Task1_Training_GroundTruth/ISIC_0012903_segmentation.png,dermoscopic,False,,,,True
isic2018_task1,ISIC_0012907,data/raw/isic2018/images/ISIC2018_Task1-2_Training_Input/ISIC_0012907.jpg,data/raw/isic2018/masks/ISIC2018_Task1_Training_GroundTruth/ISIC_0012907_segmentation.png,dermoscopic,False,,,,True
isic2018_task1,ISIC_0012930,data/raw/isic2018/images/ISIC2018_Task1-2_Training_Input/ISIC_0012930.jpg,data/raw/isic2018/masks/ISIC2018_Task1_Training_GroundTruth/ISIC_0012930_segmentation.png,dermoscopic,False,,,,True
isic2018_task1,ISIC_0012932,data/raw/isic2018/images/ISIC2018_Task1-2_Training_Input/ISIC_0012932.jpg,data/raw/isic2018/masks/ISIC2018_Task1_Training_GroundTruth/ISIC_0012932_segmentation.png,dermoscopic,False,,,,True
isic2018_task1,ISIC_0012939,data/raw/isic2018/images/ISIC2018_Task1-2_Training_Input/ISIC_0012939.jpg,data/raw/isic2018/masks/ISIC2018_Task1_Training_GroundTruth/ISIC_0012939_segmentation.png,dermoscopic,False,,,,True
isic2018_task1,ISIC_0012940,data/raw/isic2018/images/ISIC2018_Task1-2_Training_Input/ISIC_0012940.jpg,data/raw/isic2018/masks/ISIC2018_Task1_Training_GroundTruth/ISIC_0012940_segmentation.png,dermoscopic,False,,,,True
isic2018_task1,ISIC_0012941,data/raw/isic2018/images/ISIC2018_Task1-2_Training_Input/ISIC_0012941.jpg,data/raw/isic2018/masks/ISIC2018_Task1_Training_GroundTruth/ISIC_0012941_segmentation.png,dermoscopic,False,,,,True
isic2018_task1,ISIC_0012944,data/raw/isic2018/images/ISIC2018_Task1-2_Training_Input/ISIC_0012944.jpg,data/raw/isic2018/masks/ISIC2018_Task1_Training_GroundTruth/ISIC_0012944_segmentation.png,dermoscopic,False,,,,True
isic2018_task1,ISIC_0012945,data/raw/isic2018/images/ISIC2018_Task1-2_Training_Input/ISIC_0012945.jpg,data/raw/isic2018/masks/ISIC2018_Task1_Training_GroundTruth/ISIC_0012945_segmentation.png,dermoscopic,False,,,,True
isic2018_task1,ISIC_0012949,data/raw/isic2018/images/ISIC2018_Task1-2_Training_Input/ISIC_0012949.jpg,data/raw/isic2018/masks/ISIC2018_Task1_Training_GroundTruth/ISIC_0012949_segmentation.png,dermoscopic,False,,,,True
isic2018_task1,ISIC_0012950,data/raw/isic2018/images/ISIC2018_Task1-2_Training_Input/ISIC_0012950.jpg,data/raw/isic2018/masks/ISIC2018_Task1_Training_GroundTruth/ISIC_0012950_segmentation.png,dermoscopic,False,,,,True
isic2018_task1,ISIC_0012956,data/raw/isic2018/images/ISIC2018_Task1-2_Training_Input/ISIC_0012956.jpg,data/raw/isic2018/masks/ISIC2018_Task1_Training_GroundTruth/ISIC_0012956_segmentation.png,dermoscopic,False,,,,True
isic2018_task1,ISIC_0012961,data/raw/isic2018/images/ISIC2018_Task1-2_Training_Input/ISIC_0012961.jpg,data/raw/isic2018/masks/ISIC2018_Task1_Training_GroundTruth/ISIC_0012961_segmentation.png,dermoscopic,False,,,,True
isic2018_task1,ISIC_0012966,data/raw/isic2018/images/ISIC2018_Task1-2_Training_Input/ISIC_0012966.jpg,data/raw/isic2018/masks/ISIC2018_Task1_Training_GroundTruth/ISIC_0012966_segmentation.png,dermoscopic,False,,,,True
isic2018_task1,ISIC_0012969,data/raw/isic2018/images/ISIC2018_Task1-2_Training_Input/ISIC_0012969.jpg,data/raw/isic2018/masks/ISIC2018_Task1_Training_GroundTruth/ISIC_0012969_segmentation.png,dermoscopic,False,,,,True
isic2018_task1,ISIC_0012976,data/raw/isic2018/images/ISIC2018_Task1-2_Training_Input/ISIC_0012976.jpg,data/raw/isic2018/masks/ISIC2018_Task1_Training_GroundTruth/ISIC_0012976_segmentation.png,dermoscopic,False,,,,True
isic2018_task1,ISIC_0012981,data/raw/isic2018/images/ISIC2018_Task1-2_Training_Input/ISIC_0012981.jpg,data/raw/isic2018/masks/ISIC2018_Task1_Training_GroundTruth/ISIC_0012981_segmentation.png,dermoscopic,False,,,,True
isic2018_task1,ISIC_0012986,data/raw/isic2018/images/ISIC2018_Task1-2_Training_Input/ISIC_0012986.jpg,data/raw/isic2018/masks/ISIC2018_Task1_Training_GroundTruth/ISIC_0012986_segmentation.png,dermoscopic,False,,,,True
isic2018_task1,ISIC_0012987,data/raw/isic2018/images/ISIC2018_Task1-2_Training_Input/ISIC_0012987.jpg,data/raw/isic2018/masks/ISIC2018_Task1_Training_GroundTruth/ISIC_0012987_segmentation.png,dermoscopic,False,,,,True
isic2018_task1,ISIC_0012989,data/raw/isic2018/images/ISIC2018_Task1-2_Training_Input/ISIC_0012989.jpg,data/raw/isic2018/masks/ISIC2018_Task1_Training_GroundTruth/ISIC_0012989_segmentation.png,dermoscopic,False,,,,True
isic2018_task1,ISIC_0012999,data/raw/isic2018/images/ISIC2018_Task1-2_Training_Input/ISIC_0012999.jpg,data/raw/isic2018/masks/ISIC2018_Task1_Training_GroundTruth/ISIC_0012999_segmentation.png,dermoscopic,False,,,,True
isic2018_task1,ISIC_0013000,data/raw/isic2018/images/ISIC2018_Task1-2_Training_Input/ISIC_0013000.jpg,data/raw/isic2018/masks/ISIC2018_Task1_Training_GroundTruth/ISIC_0013000_segmentation.png,dermoscopic,False,,,,True
isic2018_task1,ISIC_0013007,data/raw/isic2018/images/ISIC2018_Task1-2_Training_Input/ISIC_0013007.jpg,data/raw/isic2018/masks/ISIC2018_Task1_Training_GroundTruth/ISIC_0013007_segmentation.png,dermoscopic,False,,,,True
isic2018_task1,ISIC_0013010,data/raw/isic2018/images/ISIC2018_Task1-2_Training_Input/ISIC_0013010.jpg,data/raw/isic2018/masks/ISIC2018_Task1_Training_GroundTruth/ISIC_0013010_segmentation.png,dermoscopic,False,,,,True
isic2018_task1,ISIC_0013015,data/raw/isic2018/images/ISIC2018_Task1-2_Training_Input/ISIC_0013015.jpg,data/raw/isic2018/masks/ISIC2018_Task1_Training_GroundTruth/ISIC_0013015_segmentation.png,dermoscopic,False,,,,True
isic2018_task1,ISIC_0013023,data/raw/isic2018/images/ISIC2018_Task1-2_Training_Input/ISIC_0013023.jpg,data/raw/isic2018/masks/ISIC2018_Task1_Training_GroundTruth/ISIC_0013023_segmentation.png,dermoscopic,False,,,,True
isic2018_task1,ISIC_0013024,data/raw/isic2018/images/ISIC2018_Task1-2_Training_Input/ISIC_0013024.jpg,data/raw/isic2018/masks/ISIC2018_Task1_Training_GroundTruth/ISIC_0013024_segmentation.png,dermoscopic,False,,,,True
isic2018_task1,ISIC_0013025,data/raw/isic2018/images/ISIC2018_Task1-2_Training_Input/ISIC_0013025.jpg,data/raw/isic2018/masks/ISIC2018_Task1_Training_GroundTruth/ISIC_0013025_segmentation.png,dermoscopic,False,,,,True
isic2018_task1,ISIC_0013026,data/raw/isic2018/images/ISIC2018_Task1-2_Training_Input/ISIC_0013026.jpg,data/raw/isic2018/masks/ISIC2018_Task1_Training_GroundTruth/ISIC_0013026_segmentation.png,dermoscopic,False,,,,True
isic2018_task1,ISIC_0013027,data/raw/isic2018/images/ISIC2018_Task1-2_Training_Input/ISIC_0013027.jpg,data/raw/isic2018/masks/ISIC2018_Task1_Training_GroundTruth/ISIC_0013027_segmentation.png,dermoscopic,False,,,,True
isic2018_task1,ISIC_0013031,data/raw/isic2018/images/ISIC2018_Task1-2_Training_Input/ISIC_0013031.jpg,data/raw/isic2018/masks/ISIC2018_Task1_Training_GroundTruth/ISIC_0013031_segmentation.png,dermoscopic,False,,,,True
isic2018_task1,ISIC_0013032,data/raw/isic2018/images/ISIC2018_Task1-2_Training_Input/ISIC_0013032.jpg,data/raw/isic2018/masks/ISIC2018_Task1_Training_GroundTruth/ISIC_0013032_segmentation.png,dermoscopic,False,,,,True
isic2018_task1,ISIC_0013034,data/raw/isic2018/images/ISIC2018_Task1-2_Training_Input/ISIC_0013034.jpg,data/raw/isic2018/masks/ISIC2018_Task1_Training_GroundTruth/ISIC_0013034_segmentation.png,dermoscopic,False,,,,True
isic2018_task1,ISIC_0013035,data/raw/isic2018/images/ISIC2018_Task1-2_Training_Input/ISIC_0013035.jpg,data/raw/isic2018/masks/ISIC2018_Task1_Training_GroundTruth/ISIC_0013035_segmentation.png,dermoscopic,False,,,,True
isic2018_task1,ISIC_0013039,data/raw/isic2018/images/ISIC2018_Task1-2_Training_Input/ISIC_0013039.jpg,data/raw/isic2018/masks/ISIC2018_Task1_Training_GroundTruth/ISIC_0013039_segmentation.png,dermoscopic,False,,,,True
isic2018_task1,ISIC_0013044,data/raw/isic2018/images/ISIC2018_Task1-2_Training_Input/ISIC_0013044.jpg,data/raw/isic2018/masks/ISIC2018_Task1_Training_GroundTruth/ISIC_0013044_segmentation.png,dermoscopic,False,,,,True
isic2018_task1,ISIC_0013045,data/raw/isic2018/images/ISIC2018_Task1-2_Training_Input/ISIC_0013045.jpg,data/raw/isic2018/masks/ISIC2018_Task1_Training_GroundTruth/ISIC_0013045_segmentation.png,dermoscopic,False,,,,True
isic2018_task1,ISIC_0013047,data/raw/isic2018/images/ISIC2018_Task1-2_Training_Input/ISIC_0013047.jpg,data/raw/isic2018/masks/ISIC2018_Task1_Training_GroundTruth/ISIC_0013047_segmentation.png,dermoscopic,False,,,,True
isic2018_task1,ISIC_0013048,data/raw/isic2018/images/ISIC2018_Task1-2_Training_Input/ISIC_0013048.jpg,data/raw/isic2018/masks/ISIC2018_Task1_Training_GroundTruth/ISIC_0013048_segmentation.png,dermoscopic,False,,,,True
isic2018_task1,ISIC_0013052,data/raw/isic2018/images/ISIC2018_Task1-2_Training_Input/ISIC_0013052.jpg,data/raw/isic2018/masks/ISIC2018_Task1_Training_GroundTruth/ISIC_0013052_segmentation.png,dermoscopic,False,,,,True
isic2018_task1,ISIC_0013053,data/raw/isic2018/images/ISIC2018_Task1-2_Training_Input/ISIC_0013053.jpg,data/raw/isic2018/masks/ISIC2018_Task1_Training_GroundTruth/ISIC_0013053_segmentation.png,dermoscopic,False,,,,True
isic2018_task1,ISIC_0013054,data/raw/isic2018/images/ISIC2018_Task1-2_Training_Input/ISIC_0013054.jpg,data/raw/isic2018/masks/ISIC2018_Task1_Training_GroundTruth/ISIC_0013054_segmentation.png,dermoscopic,False,,,,True
isic2018_task1,ISIC_0013055,data/raw/isic2018/images/ISIC2018_Task1-2_Training_Input/ISIC_0013055.jpg,data/raw/isic2018/masks/ISIC2018_Task1_Training_GroundTruth/ISIC_0013055_segmentation.png,dermoscopic,False,,,,True
isic2018_task1,ISIC_0013056,data/raw/isic2018/images/ISIC2018_Task1-2_Training_Input/ISIC_0013056.jpg,data/raw/isic2018/masks/ISIC2018_Task1_Training_GroundTruth/ISIC_0013056_segmentation.png,dermoscopic,False,,,,True
isic2018_task1,ISIC_0013063,data/raw/isic2018/images/ISIC2018_Task1-2_Training_Input/ISIC_0013063.jpg,data/raw/isic2018/masks/ISIC2018_Task1_Training_GroundTruth/ISIC_0013063_segmentation.png,dermoscopic,False,,,,True
isic2018_task1,ISIC_0013065,data/raw/isic2018/images/ISIC2018_Task1-2_Training_Input/ISIC_0013065.jpg,data/raw/isic2018/masks/ISIC2018_Task1_Training_GroundTruth/ISIC_0013065_segmentation.png,dermoscopic,False,,,,True
isic2018_task1,ISIC_0013070,data/raw/isic2018/images/ISIC2018_Task1-2_Training_Input/ISIC_0013070.jpg,data/raw/isic2018/masks/ISIC2018_Task1_Training_GroundTruth/ISIC_0013070_segmentation.png,dermoscopic,False,,,,True
isic2018_task1,ISIC_0013071,data/raw/isic2018/images/ISIC2018_Task1-2_Training_Input/ISIC_0013071.jpg,data/raw/isic2018/masks/ISIC2018_Task1_Training_GroundTruth/ISIC_0013071_segmentation.png,dermoscopic,False,,,,True
isic2018_task1,ISIC_0013073,data/raw/isic2018/images/ISIC2018_Task1-2_Training_Input/ISIC_0013073.jpg,data/raw/isic2018/masks/ISIC2018_Task1_Training_GroundTruth/ISIC_0013073_segmentation.png,dermoscopic,False,,,,True
isic2018_task1,ISIC_0013079,data/raw/isic2018/images/ISIC2018_Task1-2_Training_Input/ISIC_0013079.jpg,data/raw/isic2018/masks/ISIC2018_Task1_Training_GroundTruth/ISIC_0013079_segmentation.png,dermoscopic,False,,,,True
isic2018_task1,ISIC_0013084,data/raw/isic2018/images/ISIC2018_Task1-2_Training_Input/ISIC_0013084.jpg,data/raw/isic2018/masks/ISIC2018_Task1_Training_GroundTruth/ISIC_0013084_segmentation.png,dermoscopic,False,,,,True
isic2018_task1,ISIC_0013089,data/raw/isic2018/images/ISIC2018_Task1-2_Training_Input/ISIC_0013089.jpg,data/raw/isic2018/masks/ISIC2018_Task1_Training_GroundTruth/ISIC_0013089_segmentation.png,dermoscopic,False,,,,True
isic2018_task1,ISIC_0013090,data/raw/isic2018/images/ISIC2018_Task1-2_Training_Input/ISIC_0013090.jpg,data/raw/isic2018/masks/ISIC2018_Task1_Training_GroundTruth/ISIC_0013090_segmentation.png,dermoscopic,False,,,,True
isic2018_task1,ISIC_0013094,data/raw/isic2018/images/ISIC2018_Task1-2_Training_Input/ISIC_0013094.jpg,data/raw/isic2018/masks/ISIC2018_Task1_Training_GroundTruth/ISIC_0013094_segmentation.png,dermoscopic,False,,,,True
isic2018_task1,ISIC_0013096,data/raw/isic2018/images/ISIC2018_Task1-2_Training_Input/ISIC_0013096.jpg,data/raw/isic2018/masks/ISIC2018_Task1_Training_GroundTruth/ISIC_0013096_segmentation.png,dermoscopic,False,,,,True
isic2018_task1,ISIC_0013106,data/raw/isic2018/images/ISIC2018_Task1-2_Training_Input/ISIC_0013106.jpg,data/raw/isic2018/masks/ISIC2018_Task1_Training_GroundTruth/ISIC_0013106_segmentation.png,dermoscopic,False,,,,True
isic2018_task1,ISIC_0013109,data/raw/isic2018/images/ISIC2018_Task1-2_Training_Input/ISIC_0013109.jpg,data/raw/isic2018/masks/ISIC2018_Task1_Training_GroundTruth/ISIC_0013109_segmentation.png,dermoscopic,False,,,,True
isic2018_task1,ISIC_0013112,data/raw/isic2018/images/ISIC2018_Task1-2_Training_Input/ISIC_0013112.jpg,data/raw/isic2018/masks/ISIC2018_Task1_Training_GroundTruth/ISIC_0013112_segmentation.png,dermoscopic,False,,,,True
isic2018_task1,ISIC_0013114,data/raw/isic2018/images/ISIC2018_Task1-2_Training_Input/ISIC_0013114.jpg,data/raw/isic2018/masks/ISIC2018_Task1_Training_GroundTruth/ISIC_0013114_segmentation.png,dermoscopic,False,,,,True
isic2018_task1,ISIC_0013118,data/raw/isic2018/images/ISIC2018_Task1-2_Training_Input/ISIC_0013118.jpg,data/raw/isic2018/masks/ISIC2018_Task1_Training_GroundTruth/ISIC_0013118_segmentation.png,dermoscopic,False,,,,True
isic2018_task1,ISIC_0013120,data/raw/isic2018/images/ISIC2018_Task1-2_Training_Input/ISIC_0013120.jpg,data/raw/isic2018/masks/ISIC2018_Task1_Training_GroundTruth/ISIC_0013120_segmentation.png,dermoscopic,False,,,,True
isic2018_task1,ISIC_0013121,data/raw/isic2018/images/ISIC2018_Task1-2_Training_Input/ISIC_0013121.jpg,data/raw/isic2018/masks/ISIC2018_Task1_Training_GroundTruth/ISIC_0013121_segmentation.png,dermoscopic,False,,,,True
isic2018_task1,ISIC_0013124,data/raw/isic2018/images/ISIC2018_Task1-2_Training_Input/ISIC_0013124.jpg,data/raw/isic2018/masks/ISIC2018_Task1_Training_GroundTruth/ISIC_0013124_segmentation.png,dermoscopic,False,,,,True
isic2018_task1,ISIC_0013126,data/raw/isic2018/images/ISIC2018_Task1-2_Training_Input/ISIC_0013126.jpg,data/raw/isic2018/masks/ISIC2018_Task1_Training_GroundTruth/ISIC_0013126_segmentation.png,dermoscopic,False,,,,True
isic2018_task1,ISIC_0013128,data/raw/isic2018/images/ISIC2018_Task1-2_Training_Input/ISIC_0013128.jpg,data/raw/isic2018/masks/ISIC2018_Task1_Training_GroundTruth/ISIC_0013128_segmentation.png,dermoscopic,False,,,,True
isic2018_task1,ISIC_0013129,data/raw/isic2018/images/ISIC2018_Task1-2_Training_Input/ISIC_0013129.jpg,data/raw/isic2018/masks/ISIC2018_Task1_Training_GroundTruth/ISIC_0013129_segmentation.png,dermoscopic,False,,,,True
isic2018_task1,ISIC_0013134,data/raw/isic2018/images/ISIC2018_Task1-2_Training_Input/ISIC_0013134.jpg,data/raw/isic2018/masks/ISIC2018_Task1_Training_GroundTruth/ISIC_0013134_segmentation.png,dermoscopic,False,,,,True
isic2018_task1,ISIC_0013136,data/raw/isic2018/images/ISIC2018_Task1-2_Training_Input/ISIC_0013136.jpg,data/raw/isic2018/masks/ISIC2018_Task1_Training_GroundTruth/ISIC_0013136_segmentation.png,dermoscopic,False,,,,True
isic2018_task1,ISIC_0013140,data/raw/isic2018/images/ISIC2018_Task1-2_Training_Input/ISIC_0013140.jpg,data/raw/isic2018/masks/ISIC2018_Task1_Training_GroundTruth/ISIC_0013140_segmentation.png,dermoscopic,False,,,,True
isic2018_task1,ISIC_0013141,data/raw/isic2018/images/ISIC2018_Task1-2_Training_Input/ISIC_0013141.jpg,data/raw/isic2018/masks/ISIC2018_Task1_Training_GroundTruth/ISIC_0013141_segmentation.png,dermoscopic,False,,,,True
isic2018_task1,ISIC_0013146,data/raw/isic2018/images/ISIC2018_Task1-2_Training_Input/ISIC_0013146.jpg,data/raw/isic2018/masks/ISIC2018_Task1_Training_GroundTruth/ISIC_0013146_segmentation.png,dermoscopic,False,,,,True
isic2018_task1,ISIC_0013147,data/raw/isic2018/images/ISIC2018_Task1-2_Training_Input/ISIC_0013147.jpg,data/raw/isic2018/masks/ISIC2018_Task1_Training_GroundTruth/ISIC_0013147_segmentation.png,dermoscopic,False,,,,True
isic2018_task1,ISIC_0013150,data/raw/isic2018/images/ISIC2018_Task1-2_Training_Input/ISIC_0013150.jpg,data/raw/isic2018/masks/ISIC2018_Task1_Training_GroundTruth/ISIC_0013150_segmentation.png,dermoscopic,False,,,,True
isic2018_task1,ISIC_0013155,data/raw/isic2018/images/ISIC2018_Task1-2_Training_Input/ISIC_0013155.jpg,data/raw/isic2018/masks/ISIC2018_Task1_Training_GroundTruth/ISIC_0013155_segmentation.png,dermoscopic,False,,,,True
isic2018_task1,ISIC_0013163,data/raw/isic2018/images/ISIC2018_Task1-2_Training_Input/ISIC_0013163.jpg,data/raw/isic2018/masks/ISIC2018_Task1_Training_GroundTruth/ISIC_0013163_segmentation.png,dermoscopic,False,,,,True
isic2018_task1,ISIC_0013164,data/raw/isic2018/images/ISIC2018_Task1-2_Training_Input/ISIC_0013164.jpg,data/raw/isic2018/masks/ISIC2018_Task1_Training_GroundTruth/ISIC_0013164_segmentation.png,dermoscopic,False,,,,True
isic2018_task1,ISIC_0013165,data/raw/isic2018/images/ISIC2018_Task1-2_Training_Input/ISIC_0013165.jpg,data/raw/isic2018/masks/ISIC2018_Task1_Training_GroundTruth/ISIC_0013165_segmentation.png,dermoscopic,False,,,,True
isic2018_task1,ISIC_0013166,data/raw/isic2018/images/ISIC2018_Task1-2_Training_Input/ISIC_0013166.jpg,data/raw/isic2018/masks/ISIC2018_Task1_Training_GroundTruth/ISIC_0013166_segmentation.png,dermoscopic,False,,,,True
isic2018_task1,ISIC_0013169,data/raw/isic2018/images/ISIC2018_Task1-2_Training_Input/ISIC_0013169.jpg,data/raw/isic2018/masks/ISIC2018_Task1_Training_GroundTruth/ISIC_0013169_segmentation.png,dermoscopic,False,,,,True
isic2018_task1,ISIC_0013172,data/raw/isic2018/images/ISIC2018_Task1-2_Training_Input/ISIC_0013172.jpg,data/raw/isic2018/masks/ISIC2018_Task1_Training_GroundTruth/ISIC_0013172_segmentation.png,dermoscopic,False,,,,True
isic2018_task1,ISIC_0013173,data/raw/isic2018/images/ISIC2018_Task1-2_Training_Input/ISIC_0013173.jpg,data/raw/isic2018/masks/ISIC2018_Task1_Training_GroundTruth/ISIC_0013173_segmentation.png,dermoscopic,False,,,,True
isic2018_task1,ISIC_0013176,data/raw/isic2018/images/ISIC2018_Task1-2_Training_Input/ISIC_0013176.jpg,data/raw/isic2018/masks/ISIC2018_Task1_Training_GroundTruth/ISIC_0013176_segmentation.png,dermoscopic,False,,,,True
isic2018_task1,ISIC_0013177,data/raw/isic2018/images/ISIC2018_Task1-2_Training_Input/ISIC_0013177.jpg,data/raw/isic2018/masks/ISIC2018_Task1_Training_GroundTruth/ISIC_0013177_segmentation.png,dermoscopic,False,,,,True
isic2018_task1,ISIC_0013178,data/raw/isic2018/images/ISIC2018_Task1-2_Training_Input/ISIC_0013178.jpg,data/raw/isic2018/masks/ISIC2018_Task1_Training_GroundTruth/ISIC_0013178_segmentation.png,dermoscopic,False,,,,True
isic2018_task1,ISIC_0013181,data/raw/isic2018/images/ISIC2018_Task1-2_Training_Input/ISIC_0013181.jpg,data/raw/isic2018/masks/ISIC2018_Task1_Training_GroundTruth/ISIC_0013181_segmentation.png,dermoscopic,False,,,,True
isic2018_task1,ISIC_0013189,data/raw/isic2018/images/ISIC2018_Task1-2_Training_Input/ISIC_0013189.jpg,data/raw/isic2018/masks/ISIC2018_Task1_Training_GroundTruth/ISIC_0013189_segmentation.png,dermoscopic,False,,,,True
isic2018_task1,ISIC_0013190,data/raw/isic2018/images/ISIC2018_Task1-2_Training_Input/ISIC_0013190.jpg,data/raw/isic2018/masks/ISIC2018_Task1_Training_GroundTruth/ISIC_0013190_segmentation.png,dermoscopic,False,,,,True
isic2018_task1,ISIC_0013192,data/raw/isic2018/images/ISIC2018_Task1-2_Training_Input/ISIC_0013192.jpg,data/raw/isic2018/masks/ISIC2018_Task1_Training_GroundTruth/ISIC_0013192_segmentation.png,dermoscopic,False,,,,True
isic2018_task1,ISIC_0013193,data/raw/isic2018/images/ISIC2018_Task1-2_Training_Input/ISIC_0013193.jpg,data/raw/isic2018/masks/ISIC2018_Task1_Training_GroundTruth/ISIC_0013193_segmentation.png,dermoscopic,False,,,,True
isic2018_task1,ISIC_0013196,data/raw/isic2018/images/ISIC2018_Task1-2_Training_Input/ISIC_0013196.jpg,data/raw/isic2018/masks/ISIC2018_Task1_Training_GroundTruth/ISIC_0013196_segmentation.png,dermoscopic,False,,,,True
isic2018_task1,ISIC_0013197,data/raw/isic2018/images/ISIC2018_Task1-2_Training_Input/ISIC_0013197.jpg,data/raw/isic2018/masks/ISIC2018_Task1_Training_GroundTruth/ISIC_0013197_segmentation.png,dermoscopic,False,,,,True
isic2018_task1,ISIC_0013198,data/raw/isic2018/images/ISIC2018_Task1-2_Training_Input/ISIC_0013198.jpg,data/raw/isic2018/masks/ISIC2018_Task1_Training_GroundTruth/ISIC_0013198_segmentation.png,dermoscopic,False,,,,True
isic2018_task1,ISIC_0013201,data/raw/isic2018/images/ISIC2018_Task1-2_Training_Input/ISIC_0013201.jpg,data/raw/isic2018/masks/ISIC2018_Task1_Training_GroundTruth/ISIC_0013201_segmentation.png,dermoscopic,False,,,,True
isic2018_task1,ISIC_0013203,data/raw/isic2018/images/ISIC2018_Task1-2_Training_Input/ISIC_0013203.jpg,data/raw/isic2018/masks/ISIC2018_Task1_Training_GroundTruth/ISIC_0013203_segmentation.png,dermoscopic,False,,,,True
isic2018_task1,ISIC_0013205,data/raw/isic2018/images/ISIC2018_Task1-2_Training_Input/ISIC_0013205.jpg,data/raw/isic2018/masks/ISIC2018_Task1_Training_GroundTruth/ISIC_0013205_segmentation.png,dermoscopic,False,,,,True
isic2018_task1,ISIC_0013207,data/raw/isic2018/images/ISIC2018_Task1-2_Training_Input/ISIC_0013207.jpg,data/raw/isic2018/masks/ISIC2018_Task1_Training_GroundTruth/ISIC_0013207_segmentation.png,dermoscopic,False,,,,True
isic2018_task1,ISIC_0013212,data/raw/isic2018/images/ISIC2018_Task1-2_Training_Input/ISIC_0013212.jpg,data/raw/isic2018/masks/ISIC2018_Task1_Training_GroundTruth/ISIC_0013212_segmentation.png,dermoscopic,False,,,,True
isic2018_task1,ISIC_0013213,data/raw/isic2018/images/ISIC2018_Task1-2_Training_Input/ISIC_0013213.jpg,data/raw/isic2018/masks/ISIC2018_Task1_Training_GroundTruth/ISIC_0013213_segmentation.png,dermoscopic,False,,,,True
isic2018_task1,ISIC_0013216,data/raw/isic2018/images/ISIC2018_Task1-2_Training_Input/ISIC_0013216.jpg,data/raw/isic2018/masks/ISIC2018_Task1_Training_GroundTruth/ISIC_0013216_segmentation.png,dermoscopic,False,,,,True
isic2018_task1,ISIC_0013217,data/raw/isic2018/images/ISIC2018_Task1-2_Training_Input/ISIC_0013217.jpg,data/raw/isic2018/masks/ISIC2018_Task1_Training_GroundTruth/ISIC_0013217_segmentation.png,dermoscopic,False,,,,True
isic2018_task1,ISIC_0013219,data/raw/isic2018/images/ISIC2018_Task1-2_Training_Input/ISIC_0013219.jpg,data/raw/isic2018/masks/ISIC2018_Task1_Training_GroundTruth/ISIC_0013219_segmentation.png,dermoscopic,False,,,,True
isic2018_task1,ISIC_0013222,data/raw/isic2018/images/ISIC2018_Task1-2_Training_Input/ISIC_0013222.jpg,data/raw/isic2018/masks/ISIC2018_Task1_Training_GroundTruth/ISIC_0013222_segmentation.png,dermoscopic,False,,,,True
isic2018_task1,ISIC_0013223,data/raw/isic2018/images/ISIC2018_Task1-2_Training_Input/ISIC_0013223.jpg,data/raw/isic2018/masks/ISIC2018_Task1_Training_GroundTruth/ISIC_0013223_segmentation.png,dermoscopic,False,,,,True
isic2018_task1,ISIC_0013226,data/raw/isic2018/images/ISIC2018_Task1-2_Training_Input/ISIC_0013226.jpg,data/raw/isic2018/masks/ISIC2018_Task1_Training_GroundTruth/ISIC_0013226_segmentation.png,dermoscopic,False,,,,True
isic2018_task1,ISIC_0013229,data/raw/isic2018/images/ISIC2018_Task1-2_Training_Input/ISIC_0013229.jpg,data/raw/isic2018/masks/ISIC2018_Task1_Training_GroundTruth/ISIC_0013229_segmentation.png,dermoscopic,False,,,,True
isic2018_task1,ISIC_0013232,data/raw/isic2018/images/ISIC2018_Task1-2_Training_Input/ISIC_0013232.jpg,data/raw/isic2018/masks/ISIC2018_Task1_Training_GroundTruth/ISIC_0013232_segmentation.png,dermoscopic,False,,,,True
isic2018_task1,ISIC_0013233,data/raw/isic2018/images/ISIC2018_Task1-2_Training_Input/ISIC_0013233.jpg,data/raw/isic2018/masks/ISIC2018_Task1_Training_GroundTruth/ISIC_0013233_segmentation.png,dermoscopic,False,,,,True
isic2018_task1,ISIC_0013235,data/raw/isic2018/images/ISIC2018_Task1-2_Training_Input/ISIC_0013235.jpg,data/raw/isic2018/masks/ISIC2018_Task1_Training_GroundTruth/ISIC_0013235_segmentation.png,dermoscopic,False,,,,True
isic2018_task1,ISIC_0013238,data/raw/isic2018/images/ISIC2018_Task1-2_Training_Input/ISIC_0013238.jpg,data/raw/isic2018/masks/ISIC2018_Task1_Training_GroundTruth/ISIC_0013238_segmentation.png,dermoscopic,False,,,,True
isic2018_task1,ISIC_0013242,data/raw/isic2018/images/ISIC2018_Task1-2_Training_Input/ISIC_0013242.jpg,data/raw/isic2018/masks/ISIC2018_Task1_Training_GroundTruth/ISIC_0013242_segmentation.png,dermoscopic,False,,,,True
isic2018_task1,ISIC_0013244,data/raw/isic2018/images/ISIC2018_Task1-2_Training_Input/ISIC_0013244.jpg,data/raw/isic2018/masks/ISIC2018_Task1_Training_GroundTruth/ISIC_0013244_segmentation.png,dermoscopic,False,,,,True
isic2018_task1,ISIC_0013248,data/raw/isic2018/images/ISIC2018_Task1-2_Training_Input/ISIC_0013248.jpg,data/raw/isic2018/masks/ISIC2018_Task1_Training_GroundTruth/ISIC_0013248_segmentation.png,dermoscopic,False,,,,True
isic2018_task1,ISIC_0013257,data/raw/isic2018/images/ISIC2018_Task1-2_Training_Input/ISIC_0013257.jpg,data/raw/isic2018/masks/ISIC2018_Task1_Training_GroundTruth/ISIC_0013257_segmentation.png,dermoscopic,False,,,,True
isic2018_task1,ISIC_0013258,data/raw/isic2018/images/ISIC2018_Task1-2_Training_Input/ISIC_0013258.jpg,data/raw/isic2018/masks/ISIC2018_Task1_Training_GroundTruth/ISIC_0013258_segmentation.png,dermoscopic,False,,,,True
isic2018_task1,ISIC_0013269,data/raw/isic2018/images/ISIC2018_Task1-2_Training_Input/ISIC_0013269.jpg,data/raw/isic2018/masks/ISIC2018_Task1_Training_GroundTruth/ISIC_0013269_segmentation.png,dermoscopic,False,,,,True
isic2018_task1,ISIC_0013274,data/raw/isic2018/images/ISIC2018_Task1-2_Training_Input/ISIC_0013274.jpg,data/raw/isic2018/masks/ISIC2018_Task1_Training_GroundTruth/ISIC_0013274_segmentation.png,dermoscopic,False,,,,True
isic2018_task1,ISIC_0013275,data/raw/isic2018/images/ISIC2018_Task1-2_Training_Input/ISIC_0013275.jpg,data/raw/isic2018/masks/ISIC2018_Task1_Training_GroundTruth/ISIC_0013275_segmentation.png,dermoscopic,False,,,,True
isic2018_task1,ISIC_0013277,data/raw/isic2018/images/ISIC2018_Task1-2_Training_Input/ISIC_0013277.jpg,data/raw/isic2018/masks/ISIC2018_Task1_Training_GroundTruth/ISIC_0013277_segmentation.png,dermoscopic,False,,,,True
isic2018_task1,ISIC_0013287,data/raw/isic2018/images/ISIC2018_Task1-2_Training_Input/ISIC_0013287.jpg,data/raw/isic2018/masks/ISIC2018_Task1_Training_GroundTruth/ISIC_0013287_segmentation.png,dermoscopic,False,,,,True
isic2018_task1,ISIC_0013288,data/raw/isic2018/images/ISIC2018_Task1-2_Training_Input/ISIC_0013288.jpg,data/raw/isic2018/masks/ISIC2018_Task1_Training_GroundTruth/ISIC_0013288_segmentation.png,dermoscopic,False,,,,True
isic2018_task1,ISIC_0013294,data/raw/isic2018/images/ISIC2018_Task1-2_Training_Input/ISIC_0013294.jpg,data/raw/isic2018/masks/ISIC2018_Task1_Training_GroundTruth/ISIC_0013294_segmentation.png,dermoscopic,False,,,,True
isic2018_task1,ISIC_0013304,data/raw/isic2018/images/ISIC2018_Task1-2_Training_Input/ISIC_0013304.jpg,data/raw/isic2018/masks/ISIC2018_Task1_Training_GroundTruth/ISIC_0013304_segmentation.png,dermoscopic,False,,,,True
isic2018_task1,ISIC_0013306,data/raw/isic2018/images/ISIC2018_Task1-2_Training_Input/ISIC_0013306.jpg,data/raw/isic2018/masks/ISIC2018_Task1_Training_GroundTruth/ISIC_0013306_segmentation.png,dermoscopic,False,,,,True
isic2018_task1,ISIC_0013310,data/raw/isic2018/images/ISIC2018_Task1-2_Training_Input/ISIC_0013310.jpg,data/raw/isic2018/masks/ISIC2018_Task1_Training_GroundTruth/ISIC_0013310_segmentation.png,dermoscopic,False,,,,True
isic2018_task1,ISIC_0013314,data/raw/isic2018/images/ISIC2018_Task1-2_Training_Input/ISIC_0013314.jpg,data/raw/isic2018/masks/ISIC2018_Task1_Training_GroundTruth/ISIC_0013314_segmentation.png,dermoscopic,False,,,,True
isic2018_task1,ISIC_0013315,data/raw/isic2018/images/ISIC2018_Task1-2_Training_Input/ISIC_0013315.jpg,data/raw/isic2018/masks/ISIC2018_Task1_Training_GroundTruth/ISIC_0013315_segmentation.png,dermoscopic,False,,,,True
isic2018_task1,ISIC_0013319,data/raw/isic2018/images/ISIC2018_Task1-2_Training_Input/ISIC_0013319.jpg,data/raw/isic2018/masks/ISIC2018_Task1_Training_GroundTruth/ISIC_0013319_segmentation.png,dermoscopic,False,,,,True
isic2018_task1,ISIC_0013320,data/raw/isic2018/images/ISIC2018_Task1-2_Training_Input/ISIC_0013320.jpg,data/raw/isic2018/masks/ISIC2018_Task1_Training_GroundTruth/ISIC_0013320_segmentation.png,dermoscopic,False,,,,True
isic2018_task1,ISIC_0013321,data/raw/isic2018/images/ISIC2018_Task1-2_Training_Input/ISIC_0013321.jpg,data/raw/isic2018/masks/ISIC2018_Task1_Training_GroundTruth/ISIC_0013321_segmentation.png,dermoscopic,False,,,,True
isic2018_task1,ISIC_0013325,data/raw/isic2018/images/ISIC2018_Task1-2_Training_Input/ISIC_0013325.jpg,data/raw/isic2018/masks/ISIC2018_Task1_Training_GroundTruth/ISIC_0013325_segmentation.png,dermoscopic,False,,,,True
isic2018_task1,ISIC_0013326,data/raw/isic2018/images/ISIC2018_Task1-2_Training_Input/ISIC_0013326.jpg,data/raw/isic2018/masks/ISIC2018_Task1_Training_GroundTruth/ISIC_0013326_segmentation.png,dermoscopic,False,,,,True
isic2018_task1,ISIC_0013333,data/raw/isic2018/images/ISIC2018_Task1-2_Training_Input/ISIC_0013333.jpg,data/raw/isic2018/masks/ISIC2018_Task1_Training_GroundTruth/ISIC_0013333_segmentation.png,dermoscopic,False,,,,True
isic2018_task1,ISIC_0013334,data/raw/isic2018/images/ISIC2018_Task1-2_Training_Input/ISIC_0013334.jpg,data/raw/isic2018/masks/ISIC2018_Task1_Training_GroundTruth/ISIC_0013334_segmentation.png,dermoscopic,False,,,,True
isic2018_task1,ISIC_0013335,data/raw/isic2018/images/ISIC2018_Task1-2_Training_Input/ISIC_0013335.jpg,data/raw/isic2018/masks/ISIC2018_Task1_Training_GroundTruth/ISIC_0013335_segmentation.png,dermoscopic,False,,,,True
isic2018_task1,ISIC_0013340,data/raw/isic2018/images/ISIC2018_Task1-2_Training_Input/ISIC_0013340.jpg,data/raw/isic2018/masks/ISIC2018_Task1_Training_GroundTruth/ISIC_0013340_segmentation.png,dermoscopic,False,,,,True
isic2018_task1,ISIC_0013359,data/raw/isic2018/images/ISIC2018_Task1-2_Training_Input/ISIC_0013359.jpg,data/raw/isic2018/masks/ISIC2018_Task1_Training_GroundTruth/ISIC_0013359_segmentation.png,dermoscopic,False,,,,True
isic2018_task1,ISIC_0013360,data/raw/isic2018/images/ISIC2018_Task1-2_Training_Input/ISIC_0013360.jpg,data/raw/isic2018/masks/ISIC2018_Task1_Training_GroundTruth/ISIC_0013360_segmentation.png,dermoscopic,False,,,,True
isic2018_task1,ISIC_0013369,data/raw/isic2018/images/ISIC2018_Task1-2_Training_Input/ISIC_0013369.jpg,data/raw/isic2018/masks/ISIC2018_Task1_Training_GroundTruth/ISIC_0013369_segmentation.png,dermoscopic,False,,,,True
isic2018_task1,ISIC_0013371,data/raw/isic2018/images/ISIC2018_Task1-2_Training_Input/ISIC_0013371.jpg,data/raw/isic2018/masks/ISIC2018_Task1_Training_GroundTruth/ISIC_0013371_segmentation.png,dermoscopic,False,,,,True
isic2018_task1,ISIC_0013374,data/raw/isic2018/images/ISIC2018_Task1-2_Training_Input/ISIC_0013374.jpg,data/raw/isic2018/masks/ISIC2018_Task1_Training_GroundTruth/ISIC_0013374_segmentation.png,dermoscopic,False,,,,True
isic2018_task1,ISIC_0013378,data/raw/isic2018/images/ISIC2018_Task1-2_Training_Input/ISIC_0013378.jpg,data/raw/isic2018/masks/ISIC2018_Task1_Training_GroundTruth/ISIC_0013378_segmentation.png,dermoscopic,False,,,,True
isic2018_task1,ISIC_0013383,data/raw/isic2018/images/ISIC2018_Task1-2_Training_Input/ISIC_0013383.jpg,data/raw/isic2018/masks/ISIC2018_Task1_Training_GroundTruth/ISIC_0013383_segmentation.png,dermoscopic,False,,,,True
isic2018_task1,ISIC_0013385,data/raw/isic2018/images/ISIC2018_Task1-2_Training_Input/ISIC_0013385.jpg,data/raw/isic2018/masks/ISIC2018_Task1_Training_GroundTruth/ISIC_0013385_segmentation.png,dermoscopic,False,,,,True
isic2018_task1,ISIC_0013390,data/raw/isic2018/images/ISIC2018_Task1-2_Training_Input/ISIC_0013390.jpg,data/raw/isic2018/masks/ISIC2018_Task1_Training_GroundTruth/ISIC_0013390_segmentation.png,dermoscopic,False,,,,True
isic2018_task1,ISIC_0013393,data/raw/isic2018/images/ISIC2018_Task1-2_Training_Input/ISIC_0013393.jpg,data/raw/isic2018/masks/ISIC2018_Task1_Training_GroundTruth/ISIC_0013393_segmentation.png,dermoscopic,False,,,,True
isic2018_task1,ISIC_0013394,data/raw/isic2018/images/ISIC2018_Task1-2_Training_Input/ISIC_0013394.jpg,data/raw/isic2018/masks/ISIC2018_Task1_Training_GroundTruth/ISIC_0013394_segmentation.png,dermoscopic,False,,,,True
isic2018_task1,ISIC_0013395,data/raw/isic2018/images/ISIC2018_Task1-2_Training_Input/ISIC_0013395.jpg,data/raw/isic2018/masks/ISIC2018_Task1_Training_GroundTruth/ISIC_0013395_segmentation.png,dermoscopic,False,,,,True
isic2018_task1,ISIC_0013397,data/raw/isic2018/images/ISIC2018_Task1-2_Training_Input/ISIC_0013397.jpg,data/raw/isic2018/masks/ISIC2018_Task1_Training_GroundTruth/ISIC_0013397_segmentation.png,dermoscopic,False,,,,True
isic2018_task1,ISIC_0013398,data/raw/isic2018/images/ISIC2018_Task1-2_Training_Input/ISIC_0013398.jpg,data/raw/isic2018/masks/ISIC2018_Task1_Training_GroundTruth/ISIC_0013398_segmentation.png,dermoscopic,False,,,,True
isic2018_task1,ISIC_0013399,data/raw/isic2018/images/ISIC2018_Task1-2_Training_Input/ISIC_0013399.jpg,data/raw/isic2018/masks/ISIC2018_Task1_Training_GroundTruth/ISIC_0013399_segmentation.png,dermoscopic,False,,,,True
isic2018_task1,ISIC_0013400,data/raw/isic2018/images/ISIC2018_Task1-2_Training_Input/ISIC_0013400.jpg,data/raw/isic2018/masks/ISIC2018_Task1_Training_GroundTruth/ISIC_0013400_segmentation.png,dermoscopic,False,,,,True
isic2018_task1,ISIC_0013403,data/raw/isic2018/images/ISIC2018_Task1-2_Training_Input/ISIC_0013403.jpg,data/raw/isic2018/masks/ISIC2018_Task1_Training_GroundTruth/ISIC_0013403_segmentation.png,dermoscopic,False,,,,True
isic2018_task1,ISIC_0013405,data/raw/isic2018/images/ISIC2018_Task1-2_Training_Input/ISIC_0013405.jpg,data/raw/isic2018/masks/ISIC2018_Task1_Training_GroundTruth/ISIC_0013405_segmentation.png,dermoscopic,False,,,,True
isic2018_task1,ISIC_0013410,data/raw/isic2018/images/ISIC2018_Task1-2_Training_Input/ISIC_0013410.jpg,data/raw/isic2018/masks/ISIC2018_Task1_Training_GroundTruth/ISIC_0013410_segmentation.png,dermoscopic,False,,,,True
isic2018_task1,ISIC_0013411,data/raw/isic2018/images/ISIC2018_Task1-2_Training_Input/ISIC_0013411.jpg,data/raw/isic2018/masks/ISIC2018_Task1_Training_GroundTruth/ISIC_0013411_segmentation.png,dermoscopic,False,,,,True
isic2018_task1,ISIC_0013414,data/raw/isic2018/images/ISIC2018_Task1-2_Training_Input/ISIC_0013414.jpg,data/raw/isic2018/masks/ISIC2018_Task1_Training_GroundTruth/ISIC_0013414_segmentation.png,dermoscopic,False,,,,True
isic2018_task1,ISIC_0013416,data/raw/isic2018/images/ISIC2018_Task1-2_Training_Input/ISIC_0013416.jpg,data/raw/isic2018/masks/ISIC2018_Task1_Training_GroundTruth/ISIC_0013416_segmentation.png,dermoscopic,False,,,,True
isic2018_task1,ISIC_0013417,data/raw/isic2018/images/ISIC2018_Task1-2_Training_Input/ISIC_0013417.jpg,data/raw/isic2018/masks/ISIC2018_Task1_Training_GroundTruth/ISIC_0013417_segmentation.png,dermoscopic,False,,,,True
isic2018_task1,ISIC_0013423,data/raw/isic2018/images/ISIC2018_Task1-2_Training_Input/ISIC_0013423.jpg,data/raw/isic2018/masks/ISIC2018_Task1_Training_GroundTruth/ISIC_0013423_segmentation.png,dermoscopic,False,,,,True
isic2018_task1,ISIC_0013424,data/raw/isic2018/images/ISIC2018_Task1-2_Training_Input/ISIC_0013424.jpg,data/raw/isic2018/masks/ISIC2018_Task1_Training_GroundTruth/ISIC_0013424_segmentation.png,dermoscopic,False,,,,True
isic2018_task1,ISIC_0013428,data/raw/isic2018/images/ISIC2018_Task1-2_Training_Input/ISIC_0013428.jpg,data/raw/isic2018/masks/ISIC2018_Task1_Training_GroundTruth/ISIC_0013428_segmentation.png,dermoscopic,False,,,,True
isic2018_task1,ISIC_0013429,data/raw/isic2018/images/ISIC2018_Task1-2_Training_Input/ISIC_0013429.jpg,data/raw/isic2018/masks/ISIC2018_Task1_Training_GroundTruth/ISIC_0013429_segmentation.png,dermoscopic,False,,,,True
isic2018_task1,ISIC_0013432,data/raw/isic2018/images/ISIC2018_Task1-2_Training_Input/ISIC_0013432.jpg,data/raw/isic2018/masks/ISIC2018_Task1_Training_GroundTruth/ISIC_0013432_segmentation.png,dermoscopic,False,,,,True
isic2018_task1,ISIC_0013433,data/raw/isic2018/images/ISIC2018_Task1-2_Training_Input/ISIC_0013433.jpg,data/raw/isic2018/masks/ISIC2018_Task1_Training_GroundTruth/ISIC_0013433_segmentation.png,dermoscopic,False,,,,True
isic2018_task1,ISIC_0013434,data/raw/isic2018/images/ISIC2018_Task1-2_Training_Input/ISIC_0013434.jpg,data/raw/isic2018/masks/ISIC2018_Task1_Training_GroundTruth/ISIC_0013434_segmentation.png,dermoscopic,False,,,,True
isic2018_task1,ISIC_0013438,data/raw/isic2018/images/ISIC2018_Task1-2_Training_Input/ISIC_0013438.jpg,data/raw/isic2018/masks/ISIC2018_Task1_Training_GroundTruth/ISIC_0013438_segmentation.png,dermoscopic,False,,,,True
isic2018_task1,ISIC_0013443,data/raw/isic2018/images/ISIC2018_Task1-2_Training_Input/ISIC_0013443.jpg,data/raw/isic2018/masks/ISIC2018_Task1_Training_GroundTruth/ISIC_0013443_segmentation.png,dermoscopic,False,,,,True
isic2018_task1,ISIC_0013455,data/raw/isic2018/images/ISIC2018_Task1-2_Training_Input/ISIC_0013455.jpg,data/raw/isic2018/masks/ISIC2018_Task1_Training_GroundTruth/ISIC_0013455_segmentation.png,dermoscopic,False,,,,True
isic2018_task1,ISIC_0013456,data/raw/isic2018/images/ISIC2018_Task1-2_Training_Input/ISIC_0013456.jpg,data/raw/isic2018/masks/ISIC2018_Task1_Training_GroundTruth/ISIC_0013456_segmentation.png,dermoscopic,False,,,,True
isic2018_task1,ISIC_0013457,data/raw/isic2018/images/ISIC2018_Task1-2_Training_Input/ISIC_0013457.jpg,data/raw/isic2018/masks/ISIC2018_Task1_Training_GroundTruth/ISIC_0013457_segmentation.png,dermoscopic,False,,,,True
isic2018_task1,ISIC_0013458,data/raw/isic2018/images/ISIC2018_Task1-2_Training_Input/ISIC_0013458.jpg,data/raw/isic2018/masks/ISIC2018_Task1_Training_GroundTruth/ISIC_0013458_segmentation.png,dermoscopic,False,,,,True
isic2018_task1,ISIC_0013459,data/raw/isic2018/images/ISIC2018_Task1-2_Training_Input/ISIC_0013459.jpg,data/raw/isic2018/masks/ISIC2018_Task1_Training_GroundTruth/ISIC_0013459_segmentation.png,dermoscopic,False,,,,True
isic2018_task1,ISIC_0013461,data/raw/isic2018/images/ISIC2018_Task1-2_Training_Input/ISIC_0013461.jpg,data/raw/isic2018/masks/ISIC2018_Task1_Training_GroundTruth/ISIC_0013461_segmentation.png,dermoscopic,False,,,,True
isic2018_task1,ISIC_0013472,data/raw/isic2018/images/ISIC2018_Task1-2_Training_Input/ISIC_0013472.jpg,data/raw/isic2018/masks/ISIC2018_Task1_Training_GroundTruth/ISIC_0013472_segmentation.png,dermoscopic,False,,,,True
isic2018_task1,ISIC_0013473,data/raw/isic2018/images/ISIC2018_Task1-2_Training_Input/ISIC_0013473.jpg,data/raw/isic2018/masks/ISIC2018_Task1_Training_GroundTruth/ISIC_0013473_segmentation.png,dermoscopic,False,,,,True
isic2018_task1,ISIC_0013474,data/raw/isic2018/images/ISIC2018_Task1-2_Training_Input/ISIC_0013474.jpg,data/raw/isic2018/masks/ISIC2018_Task1_Training_GroundTruth/ISIC_0013474_segmentation.png,dermoscopic,False,,,,True
isic2018_task1,ISIC_0013487,data/raw/isic2018/images/ISIC2018_Task1-2_Training_Input/ISIC_0013487.jpg,data/raw/isic2018/masks/ISIC2018_Task1_Training_GroundTruth/ISIC_0013487_segmentation.png,dermoscopic,False,,,,True
isic2018_task1,ISIC_0013488,data/raw/isic2018/images/ISIC2018_Task1-2_Training_Input/ISIC_0013488.jpg,data/raw/isic2018/masks/ISIC2018_Task1_Training_GroundTruth/ISIC_0013488_segmentation.png,dermoscopic,False,,,,True
isic2018_task1,ISIC_0013489,data/raw/isic2018/images/ISIC2018_Task1-2_Training_Input/ISIC_0013489.jpg,data/raw/isic2018/masks/ISIC2018_Task1_Training_GroundTruth/ISIC_0013489_segmentation.png,dermoscopic,False,,,,True
isic2018_task1,ISIC_0013490,data/raw/isic2018/images/ISIC2018_Task1-2_Training_Input/ISIC_0013490.jpg,data/raw/isic2018/masks/ISIC2018_Task1_Training_GroundTruth/ISIC_0013490_segmentation.png,dermoscopic,False,,,,True
isic2018_task1,ISIC_0013491,data/raw/isic2018/images/ISIC2018_Task1-2_Training_Input/ISIC_0013491.jpg,data/raw/isic2018/masks/ISIC2018_Task1_Training_GroundTruth/ISIC_0013491_segmentation.png,dermoscopic,False,,,,True
isic2018_task1,ISIC_0013492,data/raw/isic2018/images/ISIC2018_Task1-2_Training_Input/ISIC_0013492.jpg,data/raw/isic2018/masks/ISIC2018_Task1_Training_GroundTruth/ISIC_0013492_segmentation.png,dermoscopic,False,,,,True
isic2018_task1,ISIC_0013493,data/raw/isic2018/images/ISIC2018_Task1-2_Training_Input/ISIC_0013493.jpg,data/raw/isic2018/masks/ISIC2018_Task1_Training_GroundTruth/ISIC_0013493_segmentation.png,dermoscopic,False,,,,True
isic2018_task1,ISIC_0013495,data/raw/isic2018/images/ISIC2018_Task1-2_Training_Input/ISIC_0013495.jpg,data/raw/isic2018/masks/ISIC2018_Task1_Training_GroundTruth/ISIC_0013495_segmentation.png,dermoscopic,False,,,,True
isic2018_task1,ISIC_0013498,data/raw/isic2018/images/ISIC2018_Task1-2_Training_Input/ISIC_0013498.jpg,data/raw/isic2018/masks/ISIC2018_Task1_Training_GroundTruth/ISIC_0013498_segmentation.png,dermoscopic,False,,,,True
isic2018_task1,ISIC_0013500,data/raw/isic2018/images/ISIC2018_Task1-2_Training_Input/ISIC_0013500.jpg,data/raw/isic2018/masks/ISIC2018_Task1_Training_GroundTruth/ISIC_0013500_segmentation.png,dermoscopic,False,,,,True
isic2018_task1,ISIC_0013501,data/raw/isic2018/images/ISIC2018_Task1-2_Training_Input/ISIC_0013501.jpg,data/raw/isic2018/masks/ISIC2018_Task1_Training_GroundTruth/ISIC_0013501_segmentation.png,dermoscopic,False,,,,True
isic2018_task1,ISIC_0013511,data/raw/isic2018/images/ISIC2018_Task1-2_Training_Input/ISIC_0013511.jpg,data/raw/isic2018/masks/ISIC2018_Task1_Training_GroundTruth/ISIC_0013511_segmentation.png,dermoscopic,False,,,,True
isic2018_task1,ISIC_0013512,data/raw/isic2018/images/ISIC2018_Task1-2_Training_Input/ISIC_0013512.jpg,data/raw/isic2018/masks/ISIC2018_Task1_Training_GroundTruth/ISIC_0013512_segmentation.png,dermoscopic,False,,,,True
isic2018_task1,ISIC_0013516,data/raw/isic2018/images/ISIC2018_Task1-2_Training_Input/ISIC_0013516.jpg,data/raw/isic2018/masks/ISIC2018_Task1_Training_GroundTruth/ISIC_0013516_segmentation.png,dermoscopic,False,,,,True
isic2018_task1,ISIC_0013517,data/raw/isic2018/images/ISIC2018_Task1-2_Training_Input/ISIC_0013517.jpg,data/raw/isic2018/masks/ISIC2018_Task1_Training_GroundTruth/ISIC_0013517_segmentation.png,dermoscopic,False,,,,True
isic2018_task1,ISIC_0013525,data/raw/isic2018/images/ISIC2018_Task1-2_Training_Input/ISIC_0013525.jpg,data/raw/isic2018/masks/ISIC2018_Task1_Training_GroundTruth/ISIC_0013525_segmentation.png,dermoscopic,False,,,,True
isic2018_task1,ISIC_0013527,data/raw/isic2018/images/ISIC2018_Task1-2_Training_Input/ISIC_0013527.jpg,data/raw/isic2018/masks/ISIC2018_Task1_Training_GroundTruth/ISIC_0013527_segmentation.png,dermoscopic,False,,,,True
isic2018_task1,ISIC_0013529,data/raw/isic2018/images/ISIC2018_Task1-2_Training_Input/ISIC_0013529.jpg,data/raw/isic2018/masks/ISIC2018_Task1_Training_GroundTruth/ISIC_0013529_segmentation.png,dermoscopic,False,,,,True
isic2018_task1,ISIC_0013549,data/raw/isic2018/images/ISIC2018_Task1-2_Training_Input/ISIC_0013549.jpg,data/raw/isic2018/masks/ISIC2018_Task1_Training_GroundTruth/ISIC_0013549_segmentation.png,dermoscopic,False,,,,True
isic2018_task1,ISIC_0013552,data/raw/isic2018/images/ISIC2018_Task1-2_Training_Input/ISIC_0013552.jpg,data/raw/isic2018/masks/ISIC2018_Task1_Training_GroundTruth/ISIC_0013552_segmentation.png,dermoscopic,False,,,,True
isic2018_task1,ISIC_0013553,data/raw/isic2018/images/ISIC2018_Task1-2_Training_Input/ISIC_0013553.jpg,data/raw/isic2018/masks/ISIC2018_Task1_Training_GroundTruth/ISIC_0013553_segmentation.png,dermoscopic,False,,,,True
isic2018_task1,ISIC_0013554,data/raw/isic2018/images/ISIC2018_Task1-2_Training_Input/ISIC_0013554.jpg,data/raw/isic2018/masks/ISIC2018_Task1_Training_GroundTruth/ISIC_0013554_segmentation.png,dermoscopic,False,,,,True
isic2018_task1,ISIC_0013558,data/raw/isic2018/images/ISIC2018_Task1-2_Training_Input/ISIC_0013558.jpg,data/raw/isic2018/masks/ISIC2018_Task1_Training_GroundTruth/ISIC_0013558_segmentation.png,dermoscopic,False,,,,True
isic2018_task1,ISIC_0013559,data/raw/isic2018/images/ISIC2018_Task1-2_Training_Input/ISIC_0013559.jpg,data/raw/isic2018/masks/ISIC2018_Task1_Training_GroundTruth/ISIC_0013559_segmentation.png,dermoscopic,False,,,,True
isic2018_task1,ISIC_0013561,data/raw/isic2018/images/ISIC2018_Task1-2_Training_Input/ISIC_0013561.jpg,data/raw/isic2018/masks/ISIC2018_Task1_Training_GroundTruth/ISIC_0013561_segmentation.png,dermoscopic,False,,,,True
isic2018_task1,ISIC_0013562,data/raw/isic2018/images/ISIC2018_Task1-2_Training_Input/ISIC_0013562.jpg,data/raw/isic2018/masks/ISIC2018_Task1_Training_GroundTruth/ISIC_0013562_segmentation.png,dermoscopic,False,,,,True
isic2018_task1,ISIC_0013565,data/raw/isic2018/images/ISIC2018_Task1-2_Training_Input/ISIC_0013565.jpg,data/raw/isic2018/masks/ISIC2018_Task1_Training_GroundTruth/ISIC_0013565_segmentation.png,dermoscopic,False,,,,True
isic2018_task1,ISIC_0013567,data/raw/isic2018/images/ISIC2018_Task1-2_Training_Input/ISIC_0013567.jpg,data/raw/isic2018/masks/ISIC2018_Task1_Training_GroundTruth/ISIC_0013567_segmentation.png,dermoscopic,False,,,,True
isic2018_task1,ISIC_0013568,data/raw/isic2018/images/ISIC2018_Task1-2_Training_Input/ISIC_0013568.jpg,data/raw/isic2018/masks/ISIC2018_Task1_Training_GroundTruth/ISIC_0013568_segmentation.png,dermoscopic,False,,,,True
isic2018_task1,ISIC_0013573,data/raw/isic2018/images/ISIC2018_Task1-2_Training_Input/ISIC_0013573.jpg,data/raw/isic2018/masks/ISIC2018_Task1_Training_GroundTruth/ISIC_0013573_segmentation.png,dermoscopic,False,,,,True
isic2018_task1,ISIC_0013581,data/raw/isic2018/images/ISIC2018_Task1-2_Training_Input/ISIC_0013581.jpg,data/raw/isic2018/masks/ISIC2018_Task1_Training_GroundTruth/ISIC_0013581_segmentation.png,dermoscopic,False,,,,True
isic2018_task1,ISIC_0013585,data/raw/isic2018/images/ISIC2018_Task1-2_Training_Input/ISIC_0013585.jpg,data/raw/isic2018/masks/ISIC2018_Task1_Training_GroundTruth/ISIC_0013585_segmentation.png,dermoscopic,False,,,,True
isic2018_task1,ISIC_0013592,data/raw/isic2018/images/ISIC2018_Task1-2_Training_Input/ISIC_0013592.jpg,data/raw/isic2018/masks/ISIC2018_Task1_Training_GroundTruth/ISIC_0013592_segmentation.png,dermoscopic,False,,,,True
isic2018_task1,ISIC_0013594,data/raw/isic2018/images/ISIC2018_Task1-2_Training_Input/ISIC_0013594.jpg,data/raw/isic2018/masks/ISIC2018_Task1_Training_GroundTruth/ISIC_0013594_segmentation.png,dermoscopic,False,,,,True
isic2018_task1,ISIC_0013595,data/raw/isic2018/images/ISIC2018_Task1-2_Training_Input/ISIC_0013595.jpg,data/raw/isic2018/masks/ISIC2018_Task1_Training_GroundTruth/ISIC_0013595_segmentation.png,dermoscopic,False,,,,True
isic2018_task1,ISIC_0013596,data/raw/isic2018/images/ISIC2018_Task1-2_Training_Input/ISIC_0013596.jpg,data/raw/isic2018/masks/ISIC2018_Task1_Training_GroundTruth/ISIC_0013596_segmentation.png,dermoscopic,False,,,,True
isic2018_task1,ISIC_0013597,data/raw/isic2018/images/ISIC2018_Task1-2_Training_Input/ISIC_0013597.jpg,data/raw/isic2018/masks/ISIC2018_Task1_Training_GroundTruth/ISIC_0013597_segmentation.png,dermoscopic,False,,,,True
isic2018_task1,ISIC_0013599,data/raw/isic2018/images/ISIC2018_Task1-2_Training_Input/ISIC_0013599.jpg,data/raw/isic2018/masks/ISIC2018_Task1_Training_GroundTruth/ISIC_0013599_segmentation.png,dermoscopic,False,,,,True
isic2018_task1,ISIC_0013601,data/raw/isic2018/images/ISIC2018_Task1-2_Training_Input/ISIC_0013601.jpg,data/raw/isic2018/masks/ISIC2018_Task1_Training_GroundTruth/ISIC_0013601_segmentation.png,dermoscopic,False,,,,True
isic2018_task1,ISIC_0013602,data/raw/isic2018/images/ISIC2018_Task1-2_Training_Input/ISIC_0013602.jpg,data/raw/isic2018/masks/ISIC2018_Task1_Training_GroundTruth/ISIC_0013602_segmentation.png,dermoscopic,False,,,,True
isic2018_task1,ISIC_0013603,data/raw/isic2018/images/ISIC2018_Task1-2_Training_Input/ISIC_0013603.jpg,data/raw/isic2018/masks/ISIC2018_Task1_Training_GroundTruth/ISIC_0013603_segmentation.png,dermoscopic,False,,,,True
isic2018_task1,ISIC_0013606,data/raw/isic2018/images/ISIC2018_Task1-2_Training_Input/ISIC_0013606.jpg,data/raw/isic2018/masks/ISIC2018_Task1_Training_GroundTruth/ISIC_0013606_segmentation.png,dermoscopic,False,,,,True
isic2018_task1,ISIC_0013610,data/raw/isic2018/images/ISIC2018_Task1-2_Training_Input/ISIC_0013610.jpg,data/raw/isic2018/masks/ISIC2018_Task1_Training_GroundTruth/ISIC_0013610_segmentation.png,dermoscopic,False,,,,True
isic2018_task1,ISIC_0013617,data/raw/isic2018/images/ISIC2018_Task1-2_Training_Input/ISIC_0013617.jpg,data/raw/isic2018/masks/ISIC2018_Task1_Training_GroundTruth/ISIC_0013617_segmentation.png,dermoscopic,False,,,,True
isic2018_task1,ISIC_0013618,data/raw/isic2018/images/ISIC2018_Task1-2_Training_Input/ISIC_0013618.jpg,data/raw/isic2018/masks/ISIC2018_Task1_Training_GroundTruth/ISIC_0013618_segmentation.png,dermoscopic,False,,,,True
isic2018_task1,ISIC_0013621,data/raw/isic2018/images/ISIC2018_Task1-2_Training_Input/ISIC_0013621.jpg,data/raw/isic2018/masks/ISIC2018_Task1_Training_GroundTruth/ISIC_0013621_segmentation.png,dermoscopic,False,,,,True
isic2018_task1,ISIC_0013626,data/raw/isic2018/images/ISIC2018_Task1-2_Training_Input/ISIC_0013626.jpg,data/raw/isic2018/masks/ISIC2018_Task1_Training_GroundTruth/ISIC_0013626_segmentation.png,dermoscopic,False,,,,True
isic2018_task1,ISIC_0013634,data/raw/isic2018/images/ISIC2018_Task1-2_Training_Input/ISIC_0013634.jpg,data/raw/isic2018/masks/ISIC2018_Task1_Training_GroundTruth/ISIC_0013634_segmentation.png,dermoscopic,False,,,,True
isic2018_task1,ISIC_0013635,data/raw/isic2018/images/ISIC2018_Task1-2_Training_Input/ISIC_0013635.jpg,data/raw/isic2018/masks/ISIC2018_Task1_Training_GroundTruth/ISIC_0013635_segmentation.png,dermoscopic,False,,,,True
isic2018_task1,ISIC_0013636,data/raw/isic2018/images/ISIC2018_Task1-2_Training_Input/ISIC_0013636.jpg,data/raw/isic2018/masks/ISIC2018_Task1_Training_GroundTruth/ISIC_0013636_segmentation.png,dermoscopic,False,,,,True
isic2018_task1,ISIC_0013637,data/raw/isic2018/images/ISIC2018_Task1-2_Training_Input/ISIC_0013637.jpg,data/raw/isic2018/masks/ISIC2018_Task1_Training_GroundTruth/ISIC_0013637_segmentation.png,dermoscopic,False,,,,True
isic2018_task1,ISIC_0013643,data/raw/isic2018/images/ISIC2018_Task1-2_Training_Input/ISIC_0013643.jpg,data/raw/isic2018/masks/ISIC2018_Task1_Training_GroundTruth/ISIC_0013643_segmentation.png,dermoscopic,False,,,,True
isic2018_task1,ISIC_0013644,data/raw/isic2018/images/ISIC2018_Task1-2_Training_Input/ISIC_0013644.jpg,data/raw/isic2018/masks/ISIC2018_Task1_Training_GroundTruth/ISIC_0013644_segmentation.png,dermoscopic,False,,,,True
isic2018_task1,ISIC_0013663,data/raw/isic2018/images/ISIC2018_Task1-2_Training_Input/ISIC_0013663.jpg,data/raw/isic2018/masks/ISIC2018_Task1_Training_GroundTruth/ISIC_0013663_segmentation.png,dermoscopic,False,,,,True
isic2018_task1,ISIC_0013664,data/raw/isic2018/images/ISIC2018_Task1-2_Training_Input/ISIC_0013664.jpg,data/raw/isic2018/masks/ISIC2018_Task1_Training_GroundTruth/ISIC_0013664_segmentation.png,dermoscopic,False,,,,True
isic2018_task1,ISIC_0013670,data/raw/isic2018/images/ISIC2018_Task1-2_Training_Input/ISIC_0013670.jpg,data/raw/isic2018/masks/ISIC2018_Task1_Training_GroundTruth/ISIC_0013670_segmentation.png,dermoscopic,False,,,,True
isic2018_task1,ISIC_0013671,data/raw/isic2018/images/ISIC2018_Task1-2_Training_Input/ISIC_0013671.jpg,data/raw/isic2018/masks/ISIC2018_Task1_Training_GroundTruth/ISIC_0013671_segmentation.png,dermoscopic,False,,,,True
isic2018_task1,ISIC_0013672,data/raw/isic2018/images/ISIC2018_Task1-2_Training_Input/ISIC_0013672.jpg,data/raw/isic2018/masks/ISIC2018_Task1_Training_GroundTruth/ISIC_0013672_segmentation.png,dermoscopic,False,,,,True
isic2018_task1,ISIC_0013673,data/raw/isic2018/images/ISIC2018_Task1-2_Training_Input/ISIC_0013673.jpg,data/raw/isic2018/masks/ISIC2018_Task1_Training_GroundTruth/ISIC_0013673_segmentation.png,dermoscopic,False,,,,True
isic2018_task1,ISIC_0013674,data/raw/isic2018/images/ISIC2018_Task1-2_Training_Input/ISIC_0013674.jpg,data/raw/isic2018/masks/ISIC2018_Task1_Training_GroundTruth/ISIC_0013674_segmentation.png,dermoscopic,False,,,,True
isic2018_task1,ISIC_0013675,data/raw/isic2018/images/ISIC2018_Task1-2_Training_Input/ISIC_0013675.jpg,data/raw/isic2018/masks/ISIC2018_Task1_Training_GroundTruth/ISIC_0013675_segmentation.png,dermoscopic,False,,,,True
isic2018_task1,ISIC_0013676,data/raw/isic2018/images/ISIC2018_Task1-2_Training_Input/ISIC_0013676.jpg,data/raw/isic2018/masks/ISIC2018_Task1_Training_GroundTruth/ISIC_0013676_segmentation.png,dermoscopic,False,,,,True
isic2018_task1,ISIC_0013678,data/raw/isic2018/images/ISIC2018_Task1-2_Training_Input/ISIC_0013678.jpg,data/raw/isic2018/masks/ISIC2018_Task1_Training_GroundTruth/ISIC_0013678_segmentation.png,dermoscopic,False,,,,True
isic2018_task1,ISIC_0013680,data/raw/isic2018/images/ISIC2018_Task1-2_Training_Input/ISIC_0013680.jpg,data/raw/isic2018/masks/ISIC2018_Task1_Training_GroundTruth/ISIC_0013680_segmentation.png,dermoscopic,False,,,,True
isic2018_task1,ISIC_0013684,data/raw/isic2018/images/ISIC2018_Task1-2_Training_Input/ISIC_0013684.jpg,data/raw/isic2018/masks/ISIC2018_Task1_Training_GroundTruth/ISIC_0013684_segmentation.png,dermoscopic,False,,,,True
isic2018_task1,ISIC_0013685,data/raw/isic2018/images/ISIC2018_Task1-2_Training_Input/ISIC_0013685.jpg,data/raw/isic2018/masks/ISIC2018_Task1_Training_GroundTruth/ISIC_0013685_segmentation.png,dermoscopic,False,,,,True
isic2018_task1,ISIC_0013688,data/raw/isic2018/images/ISIC2018_Task1-2_Training_Input/ISIC_0013688.jpg,data/raw/isic2018/masks/ISIC2018_Task1_Training_GroundTruth/ISIC_0013688_segmentation.png,dermoscopic,False,,,,True
isic2018_task1,ISIC_0013689,data/raw/isic2018/images/ISIC2018_Task1-2_Training_Input/ISIC_0013689.jpg,data/raw/isic2018/masks/ISIC2018_Task1_Training_GroundTruth/ISIC_0013689_segmentation.png,dermoscopic,False,,,,True
isic2018_task1,ISIC_0013690,data/raw/isic2018/images/ISIC2018_Task1-2_Training_Input/ISIC_0013690.jpg,data/raw/isic2018/masks/ISIC2018_Task1_Training_GroundTruth/ISIC_0013690_segmentation.png,dermoscopic,False,,,,True
isic2018_task1,ISIC_0013691,data/raw/isic2018/images/ISIC2018_Task1-2_Training_Input/ISIC_0013691.jpg,data/raw/isic2018/masks/ISIC2018_Task1_Training_GroundTruth/ISIC_0013691_segmentation.png,dermoscopic,False,,,,True
isic2018_task1,ISIC_0013695,data/raw/isic2018/images/ISIC2018_Task1-2_Training_Input/ISIC_0013695.jpg,data/raw/isic2018/masks/ISIC2018_Task1_Training_GroundTruth/ISIC_0013695_segmentation.png,dermoscopic,False,,,,True
isic2018_task1,ISIC_0013702,data/raw/isic2018/images/ISIC2018_Task1-2_Training_Input/ISIC_0013702.jpg,data/raw/isic2018/masks/ISIC2018_Task1_Training_GroundTruth/ISIC_0013702_segmentation.png,dermoscopic,False,,,,True
isic2018_task1,ISIC_0013708,data/raw/isic2018/images/ISIC2018_Task1-2_Training_Input/ISIC_0013708.jpg,data/raw/isic2018/masks/ISIC2018_Task1_Training_GroundTruth/ISIC_0013708_segmentation.png,dermoscopic,False,,,,True
isic2018_task1,ISIC_0013709,data/raw/isic2018/images/ISIC2018_Task1-2_Training_Input/ISIC_0013709.jpg,data/raw/isic2018/masks/ISIC2018_Task1_Training_GroundTruth/ISIC_0013709_segmentation.png,dermoscopic,False,,,,True
isic2018_task1,ISIC_0013713,data/raw/isic2018/images/ISIC2018_Task1-2_Training_Input/ISIC_0013713.jpg,data/raw/isic2018/masks/ISIC2018_Task1_Training_GroundTruth/ISIC_0013713_segmentation.png,dermoscopic,False,,,,True
isic2018_task1,ISIC_0013719,data/raw/isic2018/images/ISIC2018_Task1-2_Training_Input/ISIC_0013719.jpg,data/raw/isic2018/masks/ISIC2018_Task1_Training_GroundTruth/ISIC_0013719_segmentation.png,dermoscopic,False,,,,True
isic2018_task1,ISIC_0013721,data/raw/isic2018/images/ISIC2018_Task1-2_Training_Input/ISIC_0013721.jpg,data/raw/isic2018/masks/ISIC2018_Task1_Training_GroundTruth/ISIC_0013721_segmentation.png,dermoscopic,False,,,,True
isic2018_task1,ISIC_0013733,data/raw/isic2018/images/ISIC2018_Task1-2_Training_Input/ISIC_0013733.jpg,data/raw/isic2018/masks/ISIC2018_Task1_Training_GroundTruth/ISIC_0013733_segmentation.png,dermoscopic,False,,,,True
isic2018_task1,ISIC_0013737,data/raw/isic2018/images/ISIC2018_Task1-2_Training_Input/ISIC_0013737.jpg,data/raw/isic2018/masks/ISIC2018_Task1_Training_GroundTruth/ISIC_0013737_segmentation.png,dermoscopic,False,,,,True
isic2018_task1,ISIC_0013738,data/raw/isic2018/images/ISIC2018_Task1-2_Training_Input/ISIC_0013738.jpg,data/raw/isic2018/masks/ISIC2018_Task1_Training_GroundTruth/ISIC_0013738_segmentation.png,dermoscopic,False,,,,True
isic2018_task1,ISIC_0013739,data/raw/isic2018/images/ISIC2018_Task1-2_Training_Input/ISIC_0013739.jpg,data/raw/isic2018/masks/ISIC2018_Task1_Training_GroundTruth/ISIC_0013739_segmentation.png,dermoscopic,False,,,,True
isic2018_task1,ISIC_0013740,data/raw/isic2018/images/ISIC2018_Task1-2_Training_Input/ISIC_0013740.jpg,data/raw/isic2018/masks/ISIC2018_Task1_Training_GroundTruth/ISIC_0013740_segmentation.png,dermoscopic,False,,,,True
isic2018_task1,ISIC_0013748,data/raw/isic2018/images/ISIC2018_Task1-2_Training_Input/ISIC_0013748.jpg,data/raw/isic2018/masks/ISIC2018_Task1_Training_GroundTruth/ISIC_0013748_segmentation.png,dermoscopic,False,,,,True
isic2018_task1,ISIC_0013749,data/raw/isic2018/images/ISIC2018_Task1-2_Training_Input/ISIC_0013749.jpg,data/raw/isic2018/masks/ISIC2018_Task1_Training_GroundTruth/ISIC_0013749_segmentation.png,dermoscopic,False,,,,True
isic2018_task1,ISIC_0013758,data/raw/isic2018/images/ISIC2018_Task1-2_Training_Input/ISIC_0013758.jpg,data/raw/isic2018/masks/ISIC2018_Task1_Training_GroundTruth/ISIC_0013758_segmentation.png,dermoscopic,False,,,,True
isic2018_task1,ISIC_0013762,data/raw/isic2018/images/ISIC2018_Task1-2_Training_Input/ISIC_0013762.jpg,data/raw/isic2018/masks/ISIC2018_Task1_Training_GroundTruth/ISIC_0013762_segmentation.png,dermoscopic,False,,,,True
isic2018_task1,ISIC_0013765,data/raw/isic2018/images/ISIC2018_Task1-2_Training_Input/ISIC_0013765.jpg,data/raw/isic2018/masks/ISIC2018_Task1_Training_GroundTruth/ISIC_0013765_segmentation.png,dermoscopic,False,,,,True
isic2018_task1,ISIC_0013767,data/raw/isic2018/images/ISIC2018_Task1-2_Training_Input/ISIC_0013767.jpg,data/raw/isic2018/masks/ISIC2018_Task1_Training_GroundTruth/ISIC_0013767_segmentation.png,dermoscopic,False,,,,True
isic2018_task1,ISIC_0013772,data/raw/isic2018/images/ISIC2018_Task1-2_Training_Input/ISIC_0013772.jpg,data/raw/isic2018/masks/ISIC2018_Task1_Training_GroundTruth/ISIC_0013772_segmentation.png,dermoscopic,False,,,,True
isic2018_task1,ISIC_0013775,data/raw/isic2018/images/ISIC2018_Task1-2_Training_Input/ISIC_0013775.jpg,data/raw/isic2018/masks/ISIC2018_Task1_Training_GroundTruth/ISIC_0013775_segmentation.png,dermoscopic,False,,,,True
isic2018_task1,ISIC_0013777,data/raw/isic2018/images/ISIC2018_Task1-2_Training_Input/ISIC_0013777.jpg,data/raw/isic2018/masks/ISIC2018_Task1_Training_GroundTruth/ISIC_0013777_segmentation.png,dermoscopic,False,,,,True
isic2018_task1,ISIC_0013778,data/raw/isic2018/images/ISIC2018_Task1-2_Training_Input/ISIC_0013778.jpg,data/raw/isic2018/masks/ISIC2018_Task1_Training_GroundTruth/ISIC_0013778_segmentation.png,dermoscopic,False,,,,True
isic2018_task1,ISIC_0013782,data/raw/isic2018/images/ISIC2018_Task1-2_Training_Input/ISIC_0013782.jpg,data/raw/isic2018/masks/ISIC2018_Task1_Training_GroundTruth/ISIC_0013782_segmentation.png,dermoscopic,False,,,,True
isic2018_task1,ISIC_0013783,data/raw/isic2018/images/ISIC2018_Task1-2_Training_Input/ISIC_0013783.jpg,data/raw/isic2018/masks/ISIC2018_Task1_Training_GroundTruth/ISIC_0013783_segmentation.png,dermoscopic,False,,,,True
isic2018_task1,ISIC_0013789,data/raw/isic2018/images/ISIC2018_Task1-2_Training_Input/ISIC_0013789.jpg,data/raw/isic2018/masks/ISIC2018_Task1_Training_GroundTruth/ISIC_0013789_segmentation.png,dermoscopic,False,,,,True
isic2018_task1,ISIC_0013792,data/raw/isic2018/images/ISIC2018_Task1-2_Training_Input/ISIC_0013792.jpg,data/raw/isic2018/masks/ISIC2018_Task1_Training_GroundTruth/ISIC_0013792_segmentation.png,dermoscopic,False,,,,True
isic2018_task1,ISIC_0013793,data/raw/isic2018/images/ISIC2018_Task1-2_Training_Input/ISIC_0013793.jpg,data/raw/isic2018/masks/ISIC2018_Task1_Training_GroundTruth/ISIC_0013793_segmentation.png,dermoscopic,False,,,,True
isic2018_task1,ISIC_0013794,data/raw/isic2018/images/ISIC2018_Task1-2_Training_Input/ISIC_0013794.jpg,data/raw/isic2018/masks/ISIC2018_Task1_Training_GroundTruth/ISIC_0013794_segmentation.png,dermoscopic,False,,,,True
isic2018_task1,ISIC_0013795,data/raw/isic2018/images/ISIC2018_Task1-2_Training_Input/ISIC_0013795.jpg,data/raw/isic2018/masks/ISIC2018_Task1_Training_GroundTruth/ISIC_0013795_segmentation.png,dermoscopic,False,,,,True
isic2018_task1,ISIC_0013796,data/raw/isic2018/images/ISIC2018_Task1-2_Training_Input/ISIC_0013796.jpg,data/raw/isic2018/masks/ISIC2018_Task1_Training_GroundTruth/ISIC_0013796_segmentation.png,dermoscopic,False,,,,True
isic2018_task1,ISIC_0013797,data/raw/isic2018/images/ISIC2018_Task1-2_Training_Input/ISIC_0013797.jpg,data/raw/isic2018/masks/ISIC2018_Task1_Training_GroundTruth/ISIC_0013797_segmentation.png,dermoscopic,False,,,,True
isic2018_task1,ISIC_0013798,data/raw/isic2018/images/ISIC2018_Task1-2_Training_Input/ISIC_0013798.jpg,data/raw/isic2018/masks/ISIC2018_Task1_Training_GroundTruth/ISIC_0013798_segmentation.png,dermoscopic,False,,,,True
isic2018_task1,ISIC_0013799,data/raw/isic2018/images/ISIC2018_Task1-2_Training_Input/ISIC_0013799.jpg,data/raw/isic2018/masks/ISIC2018_Task1_Training_GroundTruth/ISIC_0013799_segmentation.png,dermoscopic,False,,,,True
isic2018_task1,ISIC_0013800,data/raw/isic2018/images/ISIC2018_Task1-2_Training_Input/ISIC_0013800.jpg,data/raw/isic2018/masks/ISIC2018_Task1_Training_GroundTruth/ISIC_0013800_segmentation.png,dermoscopic,False,,,,True
isic2018_task1,ISIC_0013801,data/raw/isic2018/images/ISIC2018_Task1-2_Training_Input/ISIC_0013801.jpg,data/raw/isic2018/masks/ISIC2018_Task1_Training_GroundTruth/ISIC_0013801_segmentation.png,dermoscopic,False,,,,True
isic2018_task1,ISIC_0013802,data/raw/isic2018/images/ISIC2018_Task1-2_Training_Input/ISIC_0013802.jpg,data/raw/isic2018/masks/ISIC2018_Task1_Training_GroundTruth/ISIC_0013802_segmentation.png,dermoscopic,False,,,,True
isic2018_task1,ISIC_0013803,data/raw/isic2018/images/ISIC2018_Task1-2_Training_Input/ISIC_0013803.jpg,data/raw/isic2018/masks/ISIC2018_Task1_Training_GroundTruth/ISIC_0013803_segmentation.png,dermoscopic,False,,,,True
isic2018_task1,ISIC_0013804,data/raw/isic2018/images/ISIC2018_Task1-2_Training_Input/ISIC_0013804.jpg,data/raw/isic2018/masks/ISIC2018_Task1_Training_GroundTruth/ISIC_0013804_segmentation.png,dermoscopic,False,,,,True
isic2018_task1,ISIC_0013806,data/raw/isic2018/images/ISIC2018_Task1-2_Training_Input/ISIC_0013806.jpg,data/raw/isic2018/masks/ISIC2018_Task1_Training_GroundTruth/ISIC_0013806_segmentation.png,dermoscopic,False,,,,True
isic2018_task1,ISIC_0013807,data/raw/isic2018/images/ISIC2018_Task1-2_Training_Input/ISIC_0013807.jpg,data/raw/isic2018/masks/ISIC2018_Task1_Training_GroundTruth/ISIC_0013807_segmentation.png,dermoscopic,False,,,,True
isic2018_task1,ISIC_0013809,data/raw/isic2018/images/ISIC2018_Task1-2_Training_Input/ISIC_0013809.jpg,data/raw/isic2018/masks/ISIC2018_Task1_Training_GroundTruth/ISIC_0013809_segmentation.png,dermoscopic,False,,,,True
isic2018_task1,ISIC_0013813,data/raw/isic2018/images/ISIC2018_Task1-2_Training_Input/ISIC_0013813.jpg,data/raw/isic2018/masks/ISIC2018_Task1_Training_GroundTruth/ISIC_0013813_segmentation.png,dermoscopic,False,,,,True
isic2018_task1,ISIC_0013816,data/raw/isic2018/images/ISIC2018_Task1-2_Training_Input/ISIC_0013816.jpg,data/raw/isic2018/masks/ISIC2018_Task1_Training_GroundTruth/ISIC_0013816_segmentation.png,dermoscopic,False,,,,True
isic2018_task1,ISIC_0013828,data/raw/isic2018/images/ISIC2018_Task1-2_Training_Input/ISIC_0013828.jpg,data/raw/isic2018/masks/ISIC2018_Task1_Training_GroundTruth/ISIC_0013828_segmentation.png,dermoscopic,False,,,,True
isic2018_task1,ISIC_0013830,data/raw/isic2018/images/ISIC2018_Task1-2_Training_Input/ISIC_0013830.jpg,data/raw/isic2018/masks/ISIC2018_Task1_Training_GroundTruth/ISIC_0013830_segmentation.png,dermoscopic,False,,,,True
isic2018_task1,ISIC_0013831,data/raw/isic2018/images/ISIC2018_Task1-2_Training_Input/ISIC_0013831.jpg,data/raw/isic2018/masks/ISIC2018_Task1_Training_GroundTruth/ISIC_0013831_segmentation.png,dermoscopic,False,,,,True
isic2018_task1,ISIC_0013833,data/raw/isic2018/images/ISIC2018_Task1-2_Training_Input/ISIC_0013833.jpg,data/raw/isic2018/masks/ISIC2018_Task1_Training_GroundTruth/ISIC_0013833_segmentation.png,dermoscopic,False,,,,True
isic2018_task1,ISIC_0013835,data/raw/isic2018/images/ISIC2018_Task1-2_Training_Input/ISIC_0013835.jpg,data/raw/isic2018/masks/ISIC2018_Task1_Training_GroundTruth/ISIC_0013835_segmentation.png,dermoscopic,False,,,,True
isic2018_task1,ISIC_0013836,data/raw/isic2018/images/ISIC2018_Task1-2_Training_Input/ISIC_0013836.jpg,data/raw/isic2018/masks/ISIC2018_Task1_Training_GroundTruth/ISIC_0013836_segmentation.png,dermoscopic,False,,,,True
isic2018_task1,ISIC_0013839,data/raw/isic2018/images/ISIC2018_Task1-2_Training_Input/ISIC_0013839.jpg,data/raw/isic2018/masks/ISIC2018_Task1_Training_GroundTruth/ISIC_0013839_segmentation.png,dermoscopic,False,,,,True
isic2018_task1,ISIC_0013840,data/raw/isic2018/images/ISIC2018_Task1-2_Training_Input/ISIC_0013840.jpg,data/raw/isic2018/masks/ISIC2018_Task1_Training_GroundTruth/ISIC_0013840_segmentation.png,dermoscopic,False,,,,True
isic2018_task1,ISIC_0013843,data/raw/isic2018/images/ISIC2018_Task1-2_Training_Input/ISIC_0013843.jpg,data/raw/isic2018/masks/ISIC2018_Task1_Training_GroundTruth/ISIC_0013843_segmentation.png,dermoscopic,False,,,,True
isic2018_task1,ISIC_0013844,data/raw/isic2018/images/ISIC2018_Task1-2_Training_Input/ISIC_0013844.jpg,data/raw/isic2018/masks/ISIC2018_Task1_Training_GroundTruth/ISIC_0013844_segmentation.png,dermoscopic,False,,,,True
isic2018_task1,ISIC_0013861,data/raw/isic2018/images/ISIC2018_Task1-2_Training_Input/ISIC_0013861.jpg,data/raw/isic2018/masks/ISIC2018_Task1_Training_GroundTruth/ISIC_0013861_segmentation.png,dermoscopic,False,,,,True
isic2018_task1,ISIC_0013862,data/raw/isic2018/images/ISIC2018_Task1-2_Training_Input/ISIC_0013862.jpg,data/raw/isic2018/masks/ISIC2018_Task1_Training_GroundTruth/ISIC_0013862_segmentation.png,dermoscopic,False,,,,True
isic2018_task1,ISIC_0013863,data/raw/isic2018/images/ISIC2018_Task1-2_Training_Input/ISIC_0013863.jpg,data/raw/isic2018/masks/ISIC2018_Task1_Training_GroundTruth/ISIC_0013863_segmentation.png,dermoscopic,False,,,,True
isic2018_task1,ISIC_0013865,data/raw/isic2018/images/ISIC2018_Task1-2_Training_Input/ISIC_0013865.jpg,data/raw/isic2018/masks/ISIC2018_Task1_Training_GroundTruth/ISIC_0013865_segmentation.png,dermoscopic,False,,,,True
isic2018_task1,ISIC_0013867,data/raw/isic2018/images/ISIC2018_Task1-2_Training_Input/ISIC_0013867.jpg,data/raw/isic2018/masks/ISIC2018_Task1_Training_GroundTruth/ISIC_0013867_segmentation.png,dermoscopic,False,,,,True
isic2018_task1,ISIC_0013874,data/raw/isic2018/images/ISIC2018_Task1-2_Training_Input/ISIC_0013874.jpg,data/raw/isic2018/masks/ISIC2018_Task1_Training_GroundTruth/ISIC_0013874_segmentation.png,dermoscopic,False,,,,True
isic2018_task1,ISIC_0013879,data/raw/isic2018/images/ISIC2018_Task1-2_Training_Input/ISIC_0013879.jpg,data/raw/isic2018/masks/ISIC2018_Task1_Training_GroundTruth/ISIC_0013879_segmentation.png,dermoscopic,False,,,,True
isic2018_task1,ISIC_0013886,data/raw/isic2018/images/ISIC2018_Task1-2_Training_Input/ISIC_0013886.jpg,data/raw/isic2018/masks/ISIC2018_Task1_Training_GroundTruth/ISIC_0013886_segmentation.png,dermoscopic,False,,,,True
isic2018_task1,ISIC_0013888,data/raw/isic2018/images/ISIC2018_Task1-2_Training_Input/ISIC_0013888.jpg,data/raw/isic2018/masks/ISIC2018_Task1_Training_GroundTruth/ISIC_0013888_segmentation.png,dermoscopic,False,,,,True
isic2018_task1,ISIC_0013896,data/raw/isic2018/images/ISIC2018_Task1-2_Training_Input/ISIC_0013896.jpg,data/raw/isic2018/masks/ISIC2018_Task1_Training_GroundTruth/ISIC_0013896_segmentation.png,dermoscopic,False,,,,True
isic2018_task1,ISIC_0013897,data/raw/isic2018/images/ISIC2018_Task1-2_Training_Input/ISIC_0013897.jpg,data/raw/isic2018/masks/ISIC2018_Task1_Training_GroundTruth/ISIC_0013897_segmentation.png,dermoscopic,False,,,,True
isic2018_task1,ISIC_0013898,data/raw/isic2018/images/ISIC2018_Task1-2_Training_Input/ISIC_0013898.jpg,data/raw/isic2018/masks/ISIC2018_Task1_Training_GroundTruth/ISIC_0013898_segmentation.png,dermoscopic,False,,,,True
isic2018_task1,ISIC_0013908,data/raw/isic2018/images/ISIC2018_Task1-2_Training_Input/ISIC_0013908.jpg,data/raw/isic2018/masks/ISIC2018_Task1_Training_GroundTruth/ISIC_0013908_segmentation.png,dermoscopic,False,,,,True
isic2018_task1,ISIC_0013911,data/raw/isic2018/images/ISIC2018_Task1-2_Training_Input/ISIC_0013911.jpg,data/raw/isic2018/masks/ISIC2018_Task1_Training_GroundTruth/ISIC_0013911_segmentation.png,dermoscopic,False,,,,True
isic2018_task1,ISIC_0013917,data/raw/isic2018/images/ISIC2018_Task1-2_Training_Input/ISIC_0013917.jpg,data/raw/isic2018/masks/ISIC2018_Task1_Training_GroundTruth/ISIC_0013917_segmentation.png,dermoscopic,False,,,,True
isic2018_task1,ISIC_0013921,data/raw/isic2018/images/ISIC2018_Task1-2_Training_Input/ISIC_0013921.jpg,data/raw/isic2018/masks/ISIC2018_Task1_Training_GroundTruth/ISIC_0013921_segmentation.png,dermoscopic,False,,,,True
isic2018_task1,ISIC_0013922,data/raw/isic2018/images/ISIC2018_Task1-2_Training_Input/ISIC_0013922.jpg,data/raw/isic2018/masks/ISIC2018_Task1_Training_GroundTruth/ISIC_0013922_segmentation.png,dermoscopic,False,,,,True
isic2018_task1,ISIC_0013925,data/raw/isic2018/images/ISIC2018_Task1-2_Training_Input/ISIC_0013925.jpg,data/raw/isic2018/masks/ISIC2018_Task1_Training_GroundTruth/ISIC_0013925_segmentation.png,dermoscopic,False,,,,True
isic2018_task1,ISIC_0013929,data/raw/isic2018/images/ISIC2018_Task1-2_Training_Input/ISIC_0013929.jpg,data/raw/isic2018/masks/ISIC2018_Task1_Training_GroundTruth/ISIC_0013929_segmentation.png,dermoscopic,False,,,,True
isic2018_task1,ISIC_0013935,data/raw/isic2018/images/ISIC2018_Task1-2_Training_Input/ISIC_0013935.jpg,data/raw/isic2018/masks/ISIC2018_Task1_Training_GroundTruth/ISIC_0013935_segmentation.png,dermoscopic,False,,,,True
isic2018_task1,ISIC_0013936,data/raw/isic2018/images/ISIC2018_Task1-2_Training_Input/ISIC_0013936.jpg,data/raw/isic2018/masks/ISIC2018_Task1_Training_GroundTruth/ISIC_0013936_segmentation.png,dermoscopic,False,,,,True
isic2018_task1,ISIC_0013942,data/raw/isic2018/images/ISIC2018_Task1-2_Training_Input/ISIC_0013942.jpg,data/raw/isic2018/masks/ISIC2018_Task1_Training_GroundTruth/ISIC_0013942_segmentation.png,dermoscopic,False,,,,True
isic2018_task1,ISIC_0013946,data/raw/isic2018/images/ISIC2018_Task1-2_Training_Input/ISIC_0013946.jpg,data/raw/isic2018/masks/ISIC2018_Task1_Training_GroundTruth/ISIC_0013946_segmentation.png,dermoscopic,False,,,,True
isic2018_task1,ISIC_0013953,data/raw/isic2018/images/ISIC2018_Task1-2_Training_Input/ISIC_0013953.jpg,data/raw/isic2018/masks/ISIC2018_Task1_Training_GroundTruth/ISIC_0013953_segmentation.png,dermoscopic,False,,,,True
isic2018_task1,ISIC_0013958,data/raw/isic2018/images/ISIC2018_Task1-2_Training_Input/ISIC_0013958.jpg,data/raw/isic2018/masks/ISIC2018_Task1_Training_GroundTruth/ISIC_0013958_segmentation.png,dermoscopic,False,,,,True
isic2018_task1,ISIC_0013961,data/raw/isic2018/images/ISIC2018_Task1-2_Training_Input/ISIC_0013961.jpg,data/raw/isic2018/masks/ISIC2018_Task1_Training_GroundTruth/ISIC_0013961_segmentation.png,dermoscopic,False,,,,True
isic2018_task1,ISIC_0013966,data/raw/isic2018/images/ISIC2018_Task1-2_Training_Input/ISIC_0013966.jpg,data/raw/isic2018/masks/ISIC2018_Task1_Training_GroundTruth/ISIC_0013966_segmentation.png,dermoscopic,False,,,,True
isic2018_task1,ISIC_0013967,data/raw/isic2018/images/ISIC2018_Task1-2_Training_Input/ISIC_0013967.jpg,data/raw/isic2018/masks/ISIC2018_Task1_Training_GroundTruth/ISIC_0013967_segmentation.png,dermoscopic,False,,,,True
isic2018_task1,ISIC_0013972,data/raw/isic2018/images/ISIC2018_Task1-2_Training_Input/ISIC_0013972.jpg,data/raw/isic2018/masks/ISIC2018_Task1_Training_GroundTruth/ISIC_0013972_segmentation.png,dermoscopic,False,,,,True
isic2018_task1,ISIC_0013975,data/raw/isic2018/images/ISIC2018_Task1-2_Training_Input/ISIC_0013975.jpg,data/raw/isic2018/masks/ISIC2018_Task1_Training_GroundTruth/ISIC_0013975_segmentation.png,dermoscopic,False,,,,True
isic2018_task1,ISIC_0013977,data/raw/isic2018/images/ISIC2018_Task1-2_Training_Input/ISIC_0013977.jpg,data/raw/isic2018/masks/ISIC2018_Task1_Training_GroundTruth/ISIC_0013977_segmentation.png,dermoscopic,False,,,,True
isic2018_task1,ISIC_0013980,data/raw/isic2018/images/ISIC2018_Task1-2_Training_Input/ISIC_0013980.jpg,data/raw/isic2018/masks/ISIC2018_Task1_Training_GroundTruth/ISIC_0013980_segmentation.png,dermoscopic,False,,,,True
isic2018_task1,ISIC_0013981,data/raw/isic2018/images/ISIC2018_Task1-2_Training_Input/ISIC_0013981.jpg,data/raw/isic2018/masks/ISIC2018_Task1_Training_GroundTruth/ISIC_0013981_segmentation.png,dermoscopic,False,,,,True
isic2018_task1,ISIC_0013982,data/raw/isic2018/images/ISIC2018_Task1-2_Training_Input/ISIC_0013982.jpg,data/raw/isic2018/masks/ISIC2018_Task1_Training_GroundTruth/ISIC_0013982_segmentation.png,dermoscopic,False,,,,True
isic2018_task1,ISIC_0013983,data/raw/isic2018/images/ISIC2018_Task1-2_Training_Input/ISIC_0013983.jpg,data/raw/isic2018/masks/ISIC2018_Task1_Training_GroundTruth/ISIC_0013983_segmentation.png,dermoscopic,False,,,,True
isic2018_task1,ISIC_0013984,data/raw/isic2018/images/ISIC2018_Task1-2_Training_Input/ISIC_0013984.jpg,data/raw/isic2018/masks/ISIC2018_Task1_Training_GroundTruth/ISIC_0013984_segmentation.png,dermoscopic,False,,,,True
isic2018_task1,ISIC_0013986,data/raw/isic2018/images/ISIC2018_Task1-2_Training_Input/ISIC_0013986.jpg,data/raw/isic2018/masks/ISIC2018_Task1_Training_GroundTruth/ISIC_0013986_segmentation.png,dermoscopic,False,,,,True
isic2018_task1,ISIC_0013987,data/raw/isic2018/images/ISIC2018_Task1-2_Training_Input/ISIC_0013987.jpg,data/raw/isic2018/masks/ISIC2018_Task1_Training_GroundTruth/ISIC_0013987_segmentation.png,dermoscopic,False,,,,True
isic2018_task1,ISIC_0013988,data/raw/isic2018/images/ISIC2018_Task1-2_Training_Input/ISIC_0013988.jpg,data/raw/isic2018/masks/ISIC2018_Task1_Training_GroundTruth/ISIC_0013988_segmentation.png,dermoscopic,False,,,,True
isic2018_task1,ISIC_0013995,data/raw/isic2018/images/ISIC2018_Task1-2_Training_Input/ISIC_0013995.jpg,data/raw/isic2018/masks/ISIC2018_Task1_Training_GroundTruth/ISIC_0013995_segmentation.png,dermoscopic,False,,,,True
isic2018_task1,ISIC_0013996,data/raw/isic2018/images/ISIC2018_Task1-2_Training_Input/ISIC_0013996.jpg,data/raw/isic2018/masks/ISIC2018_Task1_Training_GroundTruth/ISIC_0013996_segmentation.png,dermoscopic,False,,,,True
isic2018_task1,ISIC_0013997,data/raw/isic2018/images/ISIC2018_Task1-2_Training_Input/ISIC_0013997.jpg,data/raw/isic2018/masks/ISIC2018_Task1_Training_GroundTruth/ISIC_0013997_segmentation.png,dermoscopic,False,,,,True
isic2018_task1,ISIC_0013998,data/raw/isic2018/images/ISIC2018_Task1-2_Training_Input/ISIC_0013998.jpg,data/raw/isic2018/masks/ISIC2018_Task1_Training_GroundTruth/ISIC_0013998_segmentation.png,dermoscopic,False,,,,True
isic2018_task1,ISIC_0014001,data/raw/isic2018/images/ISIC2018_Task1-2_Training_Input/ISIC_0014001.jpg,data/raw/isic2018/masks/ISIC2018_Task1_Training_GroundTruth/ISIC_0014001_segmentation.png,dermoscopic,False,,,,True
isic2018_task1,ISIC_0014013,data/raw/isic2018/images/ISIC2018_Task1-2_Training_Input/ISIC_0014013.jpg,data/raw/isic2018/masks/ISIC2018_Task1_Training_GroundTruth/ISIC_0014013_segmentation.png,dermoscopic,False,,,,True
isic2018_task1,ISIC_0014026,data/raw/isic2018/images/ISIC2018_Task1-2_Training_Input/ISIC_0014026.jpg,data/raw/isic2018/masks/ISIC2018_Task1_Training_GroundTruth/ISIC_0014026_segmentation.png,dermoscopic,False,,,,True
isic2018_task1,ISIC_0014027,data/raw/isic2018/images/ISIC2018_Task1-2_Training_Input/ISIC_0014027.jpg,data/raw/isic2018/masks/ISIC2018_Task1_Training_GroundTruth/ISIC_0014027_segmentation.png,dermoscopic,False,,,,True
isic2018_task1,ISIC_0014028,data/raw/isic2018/images/ISIC2018_Task1-2_Training_Input/ISIC_0014028.jpg,data/raw/isic2018/masks/ISIC2018_Task1_Training_GroundTruth/ISIC_0014028_segmentation.png,dermoscopic,False,,,,True
isic2018_task1,ISIC_0014032,data/raw/isic2018/images/ISIC2018_Task1-2_Training_Input/ISIC_0014032.jpg,data/raw/isic2018/masks/ISIC2018_Task1_Training_GroundTruth/ISIC_0014032_segmentation.png,dermoscopic,False,,,,True
isic2018_task1,ISIC_0014037,data/raw/isic2018/images/ISIC2018_Task1-2_Training_Input/ISIC_0014037.jpg,data/raw/isic2018/masks/ISIC2018_Task1_Training_GroundTruth/ISIC_0014037_segmentation.png,dermoscopic,False,,,,True
isic2018_task1,ISIC_0014044,data/raw/isic2018/images/ISIC2018_Task1-2_Training_Input/ISIC_0014044.jpg,data/raw/isic2018/masks/ISIC2018_Task1_Training_GroundTruth/ISIC_0014044_segmentation.png,dermoscopic,False,,,,True
isic2018_task1,ISIC_0014046,data/raw/isic2018/images/ISIC2018_Task1-2_Training_Input/ISIC_0014046.jpg,data/raw/isic2018/masks/ISIC2018_Task1_Training_GroundTruth/ISIC_0014046_segmentation.png,dermoscopic,False,,,,True
isic2018_task1,ISIC_0014049,data/raw/isic2018/images/ISIC2018_Task1-2_Training_Input/ISIC_0014049.jpg,data/raw/isic2018/masks/ISIC2018_Task1_Training_GroundTruth/ISIC_0014049_segmentation.png,dermoscopic,False,,,,True
isic2018_task1,ISIC_0014059,data/raw/isic2018/images/ISIC2018_Task1-2_Training_Input/ISIC_0014059.jpg,data/raw/isic2018/masks/ISIC2018_Task1_Training_GroundTruth/ISIC_0014059_segmentation.png,dermoscopic,False,,,,True
isic2018_task1,ISIC_0014062,data/raw/isic2018/images/ISIC2018_Task1-2_Training_Input/ISIC_0014062.jpg,data/raw/isic2018/masks/ISIC2018_Task1_Training_GroundTruth/ISIC_0014062_segmentation.png,dermoscopic,False,,,,True
isic2018_task1,ISIC_0014066,data/raw/isic2018/images/ISIC2018_Task1-2_Training_Input/ISIC_0014066.jpg,data/raw/isic2018/masks/ISIC2018_Task1_Training_GroundTruth/ISIC_0014066_segmentation.png,dermoscopic,False,,,,True
isic2018_task1,ISIC_0014069,data/raw/isic2018/images/ISIC2018_Task1-2_Training_Input/ISIC_0014069.jpg,data/raw/isic2018/masks/ISIC2018_Task1_Training_GroundTruth/ISIC_0014069_segmentation.png,dermoscopic,False,,,,True
isic2018_task1,ISIC_0014072,data/raw/isic2018/images/ISIC2018_Task1-2_Training_Input/ISIC_0014072.jpg,data/raw/isic2018/masks/ISIC2018_Task1_Training_GroundTruth/ISIC_0014072_segmentation.png,dermoscopic,False,,,,True
isic2018_task1,ISIC_0014076,data/raw/isic2018/images/ISIC2018_Task1-2_Training_Input/ISIC_0014076.jpg,data/raw/isic2018/masks/ISIC2018_Task1_Training_GroundTruth/ISIC_0014076_segmentation.png,dermoscopic,False,,,,True
isic2018_task1,ISIC_0014080,data/raw/isic2018/images/ISIC2018_Task1-2_Training_Input/ISIC_0014080.jpg,data/raw/isic2018/masks/ISIC2018_Task1_Training_GroundTruth/ISIC_0014080_segmentation.png,dermoscopic,False,,,,True
isic2018_task1,ISIC_0014081,data/raw/isic2018/images/ISIC2018_Task1-2_Training_Input/ISIC_0014081.jpg,data/raw/isic2018/masks/ISIC2018_Task1_Training_GroundTruth/ISIC_0014081_segmentation.png,dermoscopic,False,,,,True
isic2018_task1,ISIC_0014089,data/raw/isic2018/images/ISIC2018_Task1-2_Training_Input/ISIC_0014089.jpg,data/raw/isic2018/masks/ISIC2018_Task1_Training_GroundTruth/ISIC_0014089_segmentation.png,dermoscopic,False,,,,True
isic2018_task1,ISIC_0014090,data/raw/isic2018/images/ISIC2018_Task1-2_Training_Input/ISIC_0014090.jpg,data/raw/isic2018/masks/ISIC2018_Task1_Training_GroundTruth/ISIC_0014090_segmentation.png,dermoscopic,False,,,,True
isic2018_task1,ISIC_0014092,data/raw/isic2018/images/ISIC2018_Task1-2_Training_Input/ISIC_0014092.jpg,data/raw/isic2018/masks/ISIC2018_Task1_Training_GroundTruth/ISIC_0014092_segmentation.png,dermoscopic,False,,,,True
isic2018_task1,ISIC_0014094,data/raw/isic2018/images/ISIC2018_Task1-2_Training_Input/ISIC_0014094.jpg,data/raw/isic2018/masks/ISIC2018_Task1_Training_GroundTruth/ISIC_0014094_segmentation.png,dermoscopic,False,,,,True
isic2018_task1,ISIC_0014103,data/raw/isic2018/images/ISIC2018_Task1-2_Training_Input/ISIC_0014103.jpg,data/raw/isic2018/masks/ISIC2018_Task1_Training_GroundTruth/ISIC_0014103_segmentation.png,dermoscopic,False,,,,True
isic2018_task1,ISIC_0014108,data/raw/isic2018/images/ISIC2018_Task1-2_Training_Input/ISIC_0014108.jpg,data/raw/isic2018/masks/ISIC2018_Task1_Training_GroundTruth/ISIC_0014108_segmentation.png,dermoscopic,False,,,,True
isic2018_task1,ISIC_0014114,data/raw/isic2018/images/ISIC2018_Task1-2_Training_Input/ISIC_0014114.jpg,data/raw/isic2018/masks/ISIC2018_Task1_Training_GroundTruth/ISIC_0014114_segmentation.png,dermoscopic,False,,,,True
isic2018_task1,ISIC_0014117,data/raw/isic2018/images/ISIC2018_Task1-2_Training_Input/ISIC_0014117.jpg,data/raw/isic2018/masks/ISIC2018_Task1_Training_GroundTruth/ISIC_0014117_segmentation.png,dermoscopic,False,,,,True
isic2018_task1,ISIC_0014127,data/raw/isic2018/images/ISIC2018_Task1-2_Training_Input/ISIC_0014127.jpg,data/raw/isic2018/masks/ISIC2018_Task1_Training_GroundTruth/ISIC_0014127_segmentation.png,dermoscopic,False,,,,True
isic2018_task1,ISIC_0014129,data/raw/isic2018/images/ISIC2018_Task1-2_Training_Input/ISIC_0014129.jpg,data/raw/isic2018/masks/ISIC2018_Task1_Training_GroundTruth/ISIC_0014129_segmentation.png,dermoscopic,False,,,,True
isic2018_task1,ISIC_0014132,data/raw/isic2018/images/ISIC2018_Task1-2_Training_Input/ISIC_0014132.jpg,data/raw/isic2018/masks/ISIC2018_Task1_Training_GroundTruth/ISIC_0014132_segmentation.png,dermoscopic,False,,,,True
isic2018_task1,ISIC_0014133,data/raw/isic2018/images/ISIC2018_Task1-2_Training_Input/ISIC_0014133.jpg,data/raw/isic2018/masks/ISIC2018_Task1_Training_GroundTruth/ISIC_0014133_segmentation.png,dermoscopic,False,,,,True
isic2018_task1,ISIC_0014136,data/raw/isic2018/images/ISIC2018_Task1-2_Training_Input/ISIC_0014136.jpg,data/raw/isic2018/masks/ISIC2018_Task1_Training_GroundTruth/ISIC_0014136_segmentation.png,dermoscopic,False,,,,True
isic2018_task1,ISIC_0014139,data/raw/isic2018/images/ISIC2018_Task1-2_Training_Input/ISIC_0014139.jpg,data/raw/isic2018/masks/ISIC2018_Task1_Training_GroundTruth/ISIC_0014139_segmentation.png,dermoscopic,False,,,,True
isic2018_task1,ISIC_0014144,data/raw/isic2018/images/ISIC2018_Task1-2_Training_Input/ISIC_0014144.jpg,data/raw/isic2018/masks/ISIC2018_Task1_Training_GroundTruth/ISIC_0014144_segmentation.png,dermoscopic,False,,,,True
isic2018_task1,ISIC_0014149,data/raw/isic2018/images/ISIC2018_Task1-2_Training_Input/ISIC_0014149.jpg,data/raw/isic2018/masks/ISIC2018_Task1_Training_GroundTruth/ISIC_0014149_segmentation.png,dermoscopic,False,,,,True
isic2018_task1,ISIC_0014150,data/raw/isic2018/images/ISIC2018_Task1-2_Training_Input/ISIC_0014150.jpg,data/raw/isic2018/masks/ISIC2018_Task1_Training_GroundTruth/ISIC_0014150_segmentation.png,dermoscopic,False,,,,True
isic2018_task1,ISIC_0014151,data/raw/isic2018/images/ISIC2018_Task1-2_Training_Input/ISIC_0014151.jpg,data/raw/isic2018/masks/ISIC2018_Task1_Training_GroundTruth/ISIC_0014151_segmentation.png,dermoscopic,False,,,,True
isic2018_task1,ISIC_0014157,data/raw/isic2018/images/ISIC2018_Task1-2_Training_Input/ISIC_0014157.jpg,data/raw/isic2018/masks/ISIC2018_Task1_Training_GroundTruth/ISIC_0014157_segmentation.png,dermoscopic,False,,,,True
isic2018_task1,ISIC_0014158,data/raw/isic2018/images/ISIC2018_Task1-2_Training_Input/ISIC_0014158.jpg,data/raw/isic2018/masks/ISIC2018_Task1_Training_GroundTruth/ISIC_0014158_segmentation.png,dermoscopic,False,,,,True
isic2018_task1,ISIC_0014160,data/raw/isic2018/images/ISIC2018_Task1-2_Training_Input/ISIC_0014160.jpg,data/raw/isic2018/masks/ISIC2018_Task1_Training_GroundTruth/ISIC_0014160_segmentation.png,dermoscopic,False,,,,True
isic2018_task1,ISIC_0014162,data/raw/isic2018/images/ISIC2018_Task1-2_Training_Input/ISIC_0014162.jpg,data/raw/isic2018/masks/ISIC2018_Task1_Training_GroundTruth/ISIC_0014162_segmentation.png,dermoscopic,False,,,,True
isic2018_task1,ISIC_0014163,data/raw/isic2018/images/ISIC2018_Task1-2_Training_Input/ISIC_0014163.jpg,data/raw/isic2018/masks/ISIC2018_Task1_Training_GroundTruth/ISIC_0014163_segmentation.png,dermoscopic,False,,,,True
isic2018_task1,ISIC_0014164,data/raw/isic2018/images/ISIC2018_Task1-2_Training_Input/ISIC_0014164.jpg,data/raw/isic2018/masks/ISIC2018_Task1_Training_GroundTruth/ISIC_0014164_segmentation.png,dermoscopic,False,,,,True
isic2018_task1,ISIC_0014166,data/raw/isic2018/images/ISIC2018_Task1-2_Training_Input/ISIC_0014166.jpg,data/raw/isic2018/masks/ISIC2018_Task1_Training_GroundTruth/ISIC_0014166_segmentation.png,dermoscopic,False,,,,True
isic2018_task1,ISIC_0014171,data/raw/isic2018/images/ISIC2018_Task1-2_Training_Input/ISIC_0014171.jpg,data/raw/isic2018/masks/ISIC2018_Task1_Training_GroundTruth/ISIC_0014171_segmentation.png,dermoscopic,False,,,,True
isic2018_task1,ISIC_0014173,data/raw/isic2018/images/ISIC2018_Task1-2_Training_Input/ISIC_0014173.jpg,data/raw/isic2018/masks/ISIC2018_Task1_Training_GroundTruth/ISIC_0014173_segmentation.png,dermoscopic,False,,,,True
isic2018_task1,ISIC_0014174,data/raw/isic2018/images/ISIC2018_Task1-2_Training_Input/ISIC_0014174.jpg,data/raw/isic2018/masks/ISIC2018_Task1_Training_GroundTruth/ISIC_0014174_segmentation.png,dermoscopic,False,,,,True
isic2018_task1,ISIC_0014178,data/raw/isic2018/images/ISIC2018_Task1-2_Training_Input/ISIC_0014178.jpg,data/raw/isic2018/masks/ISIC2018_Task1_Training_GroundTruth/ISIC_0014178_segmentation.png,dermoscopic,False,,,,True
isic2018_task1,ISIC_0014181,data/raw/isic2018/images/ISIC2018_Task1-2_Training_Input/ISIC_0014181.jpg,data/raw/isic2018/masks/ISIC2018_Task1_Training_GroundTruth/ISIC_0014181_segmentation.png,dermoscopic,False,,,,True
isic2018_task1,ISIC_0014183,data/raw/isic2018/images/ISIC2018_Task1-2_Training_Input/ISIC_0014183.jpg,data/raw/isic2018/masks/ISIC2018_Task1_Training_GroundTruth/ISIC_0014183_segmentation.png,dermoscopic,False,,,,True
isic2018_task1,ISIC_0014185,data/raw/isic2018/images/ISIC2018_Task1-2_Training_Input/ISIC_0014185.jpg,data/raw/isic2018/masks/ISIC2018_Task1_Training_GroundTruth/ISIC_0014185_segmentation.png,dermoscopic,False,,,,True
isic2018_task1,ISIC_0014186,data/raw/isic2018/images/ISIC2018_Task1-2_Training_Input/ISIC_0014186.jpg,data/raw/isic2018/masks/ISIC2018_Task1_Training_GroundTruth/ISIC_0014186_segmentation.png,dermoscopic,False,,,,True
isic2018_task1,ISIC_0014187,data/raw/isic2018/images/ISIC2018_Task1-2_Training_Input/ISIC_0014187.jpg,data/raw/isic2018/masks/ISIC2018_Task1_Training_GroundTruth/ISIC_0014187_segmentation.png,dermoscopic,False,,,,True
isic2018_task1,ISIC_0014190,data/raw/isic2018/images/ISIC2018_Task1-2_Training_Input/ISIC_0014190.jpg,data/raw/isic2018/masks/ISIC2018_Task1_Training_GroundTruth/ISIC_0014190_segmentation.png,dermoscopic,False,,,,True
isic2018_task1,ISIC_0014195,data/raw/isic2018/images/ISIC2018_Task1-2_Training_Input/ISIC_0014195.jpg,data/raw/isic2018/masks/ISIC2018_Task1_Training_GroundTruth/ISIC_0014195_segmentation.png,dermoscopic,False,,,,True
isic2018_task1,ISIC_0014197,data/raw/isic2018/images/ISIC2018_Task1-2_Training_Input/ISIC_0014197.jpg,data/raw/isic2018/masks/ISIC2018_Task1_Training_GroundTruth/ISIC_0014197_segmentation.png,dermoscopic,False,,,,True
isic2018_task1,ISIC_0014217,data/raw/isic2018/images/ISIC2018_Task1-2_Training_Input/ISIC_0014217.jpg,data/raw/isic2018/masks/ISIC2018_Task1_Training_GroundTruth/ISIC_0014217_segmentation.png,dermoscopic,False,,,,True
isic2018_task1,ISIC_0014219,data/raw/isic2018/images/ISIC2018_Task1-2_Training_Input/ISIC_0014219.jpg,data/raw/isic2018/masks/ISIC2018_Task1_Training_GroundTruth/ISIC_0014219_segmentation.png,dermoscopic,False,,,,True
isic2018_task1,ISIC_0014221,data/raw/isic2018/images/ISIC2018_Task1-2_Training_Input/ISIC_0014221.jpg,data/raw/isic2018/masks/ISIC2018_Task1_Training_GroundTruth/ISIC_0014221_segmentation.png,dermoscopic,False,,,,True
isic2018_task1,ISIC_0014222,data/raw/isic2018/images/ISIC2018_Task1-2_Training_Input/ISIC_0014222.jpg,data/raw/isic2018/masks/ISIC2018_Task1_Training_GroundTruth/ISIC_0014222_segmentation.png,dermoscopic,False,,,,True
isic2018_task1,ISIC_0014233,data/raw/isic2018/images/ISIC2018_Task1-2_Training_Input/ISIC_0014233.jpg,data/raw/isic2018/masks/ISIC2018_Task1_Training_GroundTruth/ISIC_0014233_segmentation.png,dermoscopic,False,,,,True
isic2018_task1,ISIC_0014238,data/raw/isic2018/images/ISIC2018_Task1-2_Training_Input/ISIC_0014238.jpg,data/raw/isic2018/masks/ISIC2018_Task1_Training_GroundTruth/ISIC_0014238_segmentation.png,dermoscopic,False,,,,True
isic2018_task1,ISIC_0014248,data/raw/isic2018/images/ISIC2018_Task1-2_Training_Input/ISIC_0014248.jpg,data/raw/isic2018/masks/ISIC2018_Task1_Training_GroundTruth/ISIC_0014248_segmentation.png,dermoscopic,False,,,,True
isic2018_task1,ISIC_0014249,data/raw/isic2018/images/ISIC2018_Task1-2_Training_Input/ISIC_0014249.jpg,data/raw/isic2018/masks/ISIC2018_Task1_Training_GroundTruth/ISIC_0014249_segmentation.png,dermoscopic,False,,,,True
isic2018_task1,ISIC_0014253,data/raw/isic2018/images/ISIC2018_Task1-2_Training_Input/ISIC_0014253.jpg,data/raw/isic2018/masks/ISIC2018_Task1_Training_GroundTruth/ISIC_0014253_segmentation.png,dermoscopic,False,,,,True
isic2018_task1,ISIC_0014255,data/raw/isic2018/images/ISIC2018_Task1-2_Training_Input/ISIC_0014255.jpg,data/raw/isic2018/masks/ISIC2018_Task1_Training_GroundTruth/ISIC_0014255_segmentation.png,dermoscopic,False,,,,True
isic2018_task1,ISIC_0014263,data/raw/isic2018/images/ISIC2018_Task1-2_Training_Input/ISIC_0014263.jpg,data/raw/isic2018/masks/ISIC2018_Task1_Training_GroundTruth/ISIC_0014263_segmentation.png,dermoscopic,False,,,,True
isic2018_task1,ISIC_0014270,data/raw/isic2018/images/ISIC2018_Task1-2_Training_Input/ISIC_0014270.jpg,data/raw/isic2018/masks/ISIC2018_Task1_Training_GroundTruth/ISIC_0014270_segmentation.png,dermoscopic,False,,,,True
isic2018_task1,ISIC_0014273,data/raw/isic2018/images/ISIC2018_Task1-2_Training_Input/ISIC_0014273.jpg,data/raw/isic2018/masks/ISIC2018_Task1_Training_GroundTruth/ISIC_0014273_segmentation.png,dermoscopic,False,,,,True
isic2018_task1,ISIC_0014274,data/raw/isic2018/images/ISIC2018_Task1-2_Training_Input/ISIC_0014274.jpg,data/raw/isic2018/masks/ISIC2018_Task1_Training_GroundTruth/ISIC_0014274_segmentation.png,dermoscopic,False,,,,True
isic2018_task1,ISIC_0014284,data/raw/isic2018/images/ISIC2018_Task1-2_Training_Input/ISIC_0014284.jpg,data/raw/isic2018/masks/ISIC2018_Task1_Training_GroundTruth/ISIC_0014284_segmentation.png,dermoscopic,False,,,,True
isic2018_task1,ISIC_0014286,data/raw/isic2018/images/ISIC2018_Task1-2_Training_Input/ISIC_0014286.jpg,data/raw/isic2018/masks/ISIC2018_Task1_Training_GroundTruth/ISIC_0014286_segmentation.png,dermoscopic,False,,,,True
isic2018_task1,ISIC_0014290,data/raw/isic2018/images/ISIC2018_Task1-2_Training_Input/ISIC_0014290.jpg,data/raw/isic2018/masks/ISIC2018_Task1_Training_GroundTruth/ISIC_0014290_segmentation.png,dermoscopic,False,,,,True
isic2018_task1,ISIC_0014291,data/raw/isic2018/images/ISIC2018_Task1-2_Training_Input/ISIC_0014291.jpg,data/raw/isic2018/masks/ISIC2018_Task1_Training_GroundTruth/ISIC_0014291_segmentation.png,dermoscopic,False,,,,True
isic2018_task1,ISIC_0014302,data/raw/isic2018/images/ISIC2018_Task1-2_Training_Input/ISIC_0014302.jpg,data/raw/isic2018/masks/ISIC2018_Task1_Training_GroundTruth/ISIC_0014302_segmentation.png,dermoscopic,False,,,,True
isic2018_task1,ISIC_0014308,data/raw/isic2018/images/ISIC2018_Task1-2_Training_Input/ISIC_0014308.jpg,data/raw/isic2018/masks/ISIC2018_Task1_Training_GroundTruth/ISIC_0014308_segmentation.png,dermoscopic,False,,,,True
isic2018_task1,ISIC_0014311,data/raw/isic2018/images/ISIC2018_Task1-2_Training_Input/ISIC_0014311.jpg,data/raw/isic2018/masks/ISIC2018_Task1_Training_GroundTruth/ISIC_0014311_segmentation.png,dermoscopic,False,,,,True
isic2018_task1,ISIC_0014316,data/raw/isic2018/images/ISIC2018_Task1-2_Training_Input/ISIC_0014316.jpg,data/raw/isic2018/masks/ISIC2018_Task1_Training_GroundTruth/ISIC_0014316_segmentation.png,dermoscopic,False,,,,True
isic2018_task1,ISIC_0014317,data/raw/isic2018/images/ISIC2018_Task1-2_Training_Input/ISIC_0014317.jpg,data/raw/isic2018/masks/ISIC2018_Task1_Training_GroundTruth/ISIC_0014317_segmentation.png,dermoscopic,False,,,,True
isic2018_task1,ISIC_0014324,data/raw/isic2018/images/ISIC2018_Task1-2_Training_Input/ISIC_0014324.jpg,data/raw/isic2018/masks/ISIC2018_Task1_Training_GroundTruth/ISIC_0014324_segmentation.png,dermoscopic,False,,,,True
isic2018_task1,ISIC_0014325,data/raw/isic2018/images/ISIC2018_Task1-2_Training_Input/ISIC_0014325.jpg,data/raw/isic2018/masks/ISIC2018_Task1_Training_GroundTruth/ISIC_0014325_segmentation.png,dermoscopic,False,,,,True
isic2018_task1,ISIC_0014327,data/raw/isic2018/images/ISIC2018_Task1-2_Training_Input/ISIC_0014327.jpg,data/raw/isic2018/masks/ISIC2018_Task1_Training_GroundTruth/ISIC_0014327_segmentation.png,dermoscopic,False,,,,True
isic2018_task1,ISIC_0014328,data/raw/isic2018/images/ISIC2018_Task1-2_Training_Input/ISIC_0014328.jpg,data/raw/isic2018/masks/ISIC2018_Task1_Training_GroundTruth/ISIC_0014328_segmentation.png,dermoscopic,False,,,,True
isic2018_task1,ISIC_0014331,data/raw/isic2018/images/ISIC2018_Task1-2_Training_Input/ISIC_0014331.jpg,data/raw/isic2018/masks/ISIC2018_Task1_Training_GroundTruth/ISIC_0014331_segmentation.png,dermoscopic,False,,,,True
isic2018_task1,ISIC_0014337,data/raw/isic2018/images/ISIC2018_Task1-2_Training_Input/ISIC_0014337.jpg,data/raw/isic2018/masks/ISIC2018_Task1_Training_GroundTruth/ISIC_0014337_segmentation.png,dermoscopic,False,,,,True
isic2018_task1,ISIC_0014347,data/raw/isic2018/images/ISIC2018_Task1-2_Training_Input/ISIC_0014347.jpg,data/raw/isic2018/masks/ISIC2018_Task1_Training_GroundTruth/ISIC_0014347_segmentation.png,dermoscopic,False,,,,True
isic2018_task1,ISIC_0014349,data/raw/isic2018/images/ISIC2018_Task1-2_Training_Input/ISIC_0014349.jpg,data/raw/isic2018/masks/ISIC2018_Task1_Training_GroundTruth/ISIC_0014349_segmentation.png,dermoscopic,False,,,,True
isic2018_task1,ISIC_0014353,data/raw/isic2018/images/ISIC2018_Task1-2_Training_Input/ISIC_0014353.jpg,data/raw/isic2018/masks/ISIC2018_Task1_Training_GroundTruth/ISIC_0014353_segmentation.png,dermoscopic,False,,,,True
isic2018_task1,ISIC_0014360,data/raw/isic2018/images/ISIC2018_Task1-2_Training_Input/ISIC_0014360.jpg,data/raw/isic2018/masks/ISIC2018_Task1_Training_GroundTruth/ISIC_0014360_segmentation.png,dermoscopic,False,,,,True
isic2018_task1,ISIC_0014361,data/raw/isic2018/images/ISIC2018_Task1-2_Training_Input/ISIC_0014361.jpg,data/raw/isic2018/masks/ISIC2018_Task1_Training_GroundTruth/ISIC_0014361_segmentation.png,dermoscopic,False,,,,True
isic2018_task1,ISIC_0014365,data/raw/isic2018/images/ISIC2018_Task1-2_Training_Input/ISIC_0014365.jpg,data/raw/isic2018/masks/ISIC2018_Task1_Training_GroundTruth/ISIC_0014365_segmentation.png,dermoscopic,False,,,,True
isic2018_task1,ISIC_0014366,data/raw/isic2018/images/ISIC2018_Task1-2_Training_Input/ISIC_0014366.jpg,data/raw/isic2018/masks/ISIC2018_Task1_Training_GroundTruth/ISIC_0014366_segmentation.png,dermoscopic,False,,,,True
isic2018_task1,ISIC_0014372,data/raw/isic2018/images/ISIC2018_Task1-2_Training_Input/ISIC_0014372.jpg,data/raw/isic2018/masks/ISIC2018_Task1_Training_GroundTruth/ISIC_0014372_segmentation.png,dermoscopic,False,,,,True
isic2018_task1,ISIC_0014382,data/raw/isic2018/images/ISIC2018_Task1-2_Training_Input/ISIC_0014382.jpg,data/raw/isic2018/masks/ISIC2018_Task1_Training_GroundTruth/ISIC_0014382_segmentation.png,dermoscopic,False,,,,True
isic2018_task1,ISIC_0014385,data/raw/isic2018/images/ISIC2018_Task1-2_Training_Input/ISIC_0014385.jpg,data/raw/isic2018/masks/ISIC2018_Task1_Training_GroundTruth/ISIC_0014385_segmentation.png,dermoscopic,False,,,,True
isic2018_task1,ISIC_0014386,data/raw/isic2018/images/ISIC2018_Task1-2_Training_Input/ISIC_0014386.jpg,data/raw/isic2018/masks/ISIC2018_Task1_Training_GroundTruth/ISIC_0014386_segmentation.png,dermoscopic,False,,,,True
isic2018_task1,ISIC_0014392,data/raw/isic2018/images/ISIC2018_Task1-2_Training_Input/ISIC_0014392.jpg,data/raw/isic2018/masks/ISIC2018_Task1_Training_GroundTruth/ISIC_0014392_segmentation.png,dermoscopic,False,,,,True
isic2018_task1,ISIC_0014393,data/raw/isic2018/images/ISIC2018_Task1-2_Training_Input/ISIC_0014393.jpg,data/raw/isic2018/masks/ISIC2018_Task1_Training_GroundTruth/ISIC_0014393_segmentation.png,dermoscopic,False,,,,True
isic2018_task1,ISIC_0014394,data/raw/isic2018/images/ISIC2018_Task1-2_Training_Input/ISIC_0014394.jpg,data/raw/isic2018/masks/ISIC2018_Task1_Training_GroundTruth/ISIC_0014394_segmentation.png,dermoscopic,False,,,,True
isic2018_task1,ISIC_0014395,data/raw/isic2018/images/ISIC2018_Task1-2_Training_Input/ISIC_0014395.jpg,data/raw/isic2018/masks/ISIC2018_Task1_Training_GroundTruth/ISIC_0014395_segmentation.png,dermoscopic,False,,,,True
isic2018_task1,ISIC_0014397,data/raw/isic2018/images/ISIC2018_Task1-2_Training_Input/ISIC_0014397.jpg,data/raw/isic2018/masks/ISIC2018_Task1_Training_GroundTruth/ISIC_0014397_segmentation.png,dermoscopic,False,,,,True
isic2018_task1,ISIC_0014410,data/raw/isic2018/images/ISIC2018_Task1-2_Training_Input/ISIC_0014410.jpg,data/raw/isic2018/masks/ISIC2018_Task1_Training_GroundTruth/ISIC_0014410_segmentation.png,dermoscopic,False,,,,True
isic2018_task1,ISIC_0014419,data/raw/isic2018/images/ISIC2018_Task1-2_Training_Input/ISIC_0014419.jpg,data/raw/isic2018/masks/ISIC2018_Task1_Training_GroundTruth/ISIC_0014419_segmentation.png,dermoscopic,False,,,,True
isic2018_task1,ISIC_0014422,data/raw/isic2018/images/ISIC2018_Task1-2_Training_Input/ISIC_0014422.jpg,data/raw/isic2018/masks/ISIC2018_Task1_Training_GroundTruth/ISIC_0014422_segmentation.png,dermoscopic,False,,,,True
isic2018_task1,ISIC_0014423,data/raw/isic2018/images/ISIC2018_Task1-2_Training_Input/ISIC_0014423.jpg,data/raw/isic2018/masks/ISIC2018_Task1_Training_GroundTruth/ISIC_0014423_segmentation.png,dermoscopic,False,,,,True
isic2018_task1,ISIC_0014428,data/raw/isic2018/images/ISIC2018_Task1-2_Training_Input/ISIC_0014428.jpg,data/raw/isic2018/masks/ISIC2018_Task1_Training_GroundTruth/ISIC_0014428_segmentation.png,dermoscopic,False,,,,True
isic2018_task1,ISIC_0014430,data/raw/isic2018/images/ISIC2018_Task1-2_Training_Input/ISIC_0014430.jpg,data/raw/isic2018/masks/ISIC2018_Task1_Training_GroundTruth/ISIC_0014430_segmentation.png,dermoscopic,False,,,,True
isic2018_task1,ISIC_0014431,data/raw/isic2018/images/ISIC2018_Task1-2_Training_Input/ISIC_0014431.jpg,data/raw/isic2018/masks/ISIC2018_Task1_Training_GroundTruth/ISIC_0014431_segmentation.png,dermoscopic,False,,,,True
isic2018_task1,ISIC_0014433,data/raw/isic2018/images/ISIC2018_Task1-2_Training_Input/ISIC_0014433.jpg,data/raw/isic2018/masks/ISIC2018_Task1_Training_GroundTruth/ISIC_0014433_segmentation.png,dermoscopic,False,,,,True
isic2018_task1,ISIC_0014434,data/raw/isic2018/images/ISIC2018_Task1-2_Training_Input/ISIC_0014434.jpg,data/raw/isic2018/masks/ISIC2018_Task1_Training_GroundTruth/ISIC_0014434_segmentation.png,dermoscopic,False,,,,True
isic2018_task1,ISIC_0014438,data/raw/isic2018/images/ISIC2018_Task1-2_Training_Input/ISIC_0014438.jpg,data/raw/isic2018/masks/ISIC2018_Task1_Training_GroundTruth/ISIC_0014438_segmentation.png,dermoscopic,False,,,,True
isic2018_task1,ISIC_0014453,data/raw/isic2018/images/ISIC2018_Task1-2_Training_Input/ISIC_0014453.jpg,data/raw/isic2018/masks/ISIC2018_Task1_Training_GroundTruth/ISIC_0014453_segmentation.png,dermoscopic,False,,,,True
isic2018_task1,ISIC_0014457,data/raw/isic2018/images/ISIC2018_Task1-2_Training_Input/ISIC_0014457.jpg,data/raw/isic2018/masks/ISIC2018_Task1_Training_GroundTruth/ISIC_0014457_segmentation.png,dermoscopic,False,,,,True
isic2018_task1,ISIC_0014458,data/raw/isic2018/images/ISIC2018_Task1-2_Training_Input/ISIC_0014458.jpg,data/raw/isic2018/masks/ISIC2018_Task1_Training_GroundTruth/ISIC_0014458_segmentation.png,dermoscopic,False,,,,True
isic2018_task1,ISIC_0014469,data/raw/isic2018/images/ISIC2018_Task1-2_Training_Input/ISIC_0014469.jpg,data/raw/isic2018/masks/ISIC2018_Task1_Training_GroundTruth/ISIC_0014469_segmentation.png,dermoscopic,False,,,,True
isic2018_task1,ISIC_0014470,data/raw/isic2018/images/ISIC2018_Task1-2_Training_Input/ISIC_0014470.jpg,data/raw/isic2018/masks/ISIC2018_Task1_Training_GroundTruth/ISIC_0014470_segmentation.png,dermoscopic,False,,,,True
isic2018_task1,ISIC_0014473,data/raw/isic2018/images/ISIC2018_Task1-2_Training_Input/ISIC_0014473.jpg,data/raw/isic2018/masks/ISIC2018_Task1_Training_GroundTruth/ISIC_0014473_segmentation.png,dermoscopic,False,,,,True
isic2018_task1,ISIC_0014476,data/raw/isic2018/images/ISIC2018_Task1-2_Training_Input/ISIC_0014476.jpg,data/raw/isic2018/masks/ISIC2018_Task1_Training_GroundTruth/ISIC_0014476_segmentation.png,dermoscopic,False,,,,True
isic2018_task1,ISIC_0014478,data/raw/isic2018/images/ISIC2018_Task1-2_Training_Input/ISIC_0014478.jpg,data/raw/isic2018/masks/ISIC2018_Task1_Training_GroundTruth/ISIC_0014478_segmentation.png,dermoscopic,False,,,,True
isic2018_task1,ISIC_0014480,data/raw/isic2018/images/ISIC2018_Task1-2_Training_Input/ISIC_0014480.jpg,data/raw/isic2018/masks/ISIC2018_Task1_Training_GroundTruth/ISIC_0014480_segmentation.png,dermoscopic,False,,,,True
isic2018_task1,ISIC_0014486,data/raw/isic2018/images/ISIC2018_Task1-2_Training_Input/ISIC_0014486.jpg,data/raw/isic2018/masks/ISIC2018_Task1_Training_GroundTruth/ISIC_0014486_segmentation.png,dermoscopic,False,,,,True
isic2018_task1,ISIC_0014489,data/raw/isic2018/images/ISIC2018_Task1-2_Training_Input/ISIC_0014489.jpg,data/raw/isic2018/masks/ISIC2018_Task1_Training_GroundTruth/ISIC_0014489_segmentation.png,dermoscopic,False,,,,True
isic2018_task1,ISIC_0014500,data/raw/isic2018/images/ISIC2018_Task1-2_Training_Input/ISIC_0014500.jpg,data/raw/isic2018/masks/ISIC2018_Task1_Training_GroundTruth/ISIC_0014500_segmentation.png,dermoscopic,False,,,,True
isic2018_task1,ISIC_0014502,data/raw/isic2018/images/ISIC2018_Task1-2_Training_Input/ISIC_0014502.jpg,data/raw/isic2018/masks/ISIC2018_Task1_Training_GroundTruth/ISIC_0014502_segmentation.png,dermoscopic,False,,,,True
isic2018_task1,ISIC_0014503,data/raw/isic2018/images/ISIC2018_Task1-2_Training_Input/ISIC_0014503.jpg,data/raw/isic2018/masks/ISIC2018_Task1_Training_GroundTruth/ISIC_0014503_segmentation.png,dermoscopic,False,,,,True
isic2018_task1,ISIC_0014507,data/raw/isic2018/images/ISIC2018_Task1-2_Training_Input/ISIC_0014507.jpg,data/raw/isic2018/masks/ISIC2018_Task1_Training_GroundTruth/ISIC_0014507_segmentation.png,dermoscopic,False,,,,True
isic2018_task1,ISIC_0014511,data/raw/isic2018/images/ISIC2018_Task1-2_Training_Input/ISIC_0014511.jpg,data/raw/isic2018/masks/ISIC2018_Task1_Training_GroundTruth/ISIC_0014511_segmentation.png,dermoscopic,False,,,,True
isic2018_task1,ISIC_0014513,data/raw/isic2018/images/ISIC2018_Task1-2_Training_Input/ISIC_0014513.jpg,data/raw/isic2018/masks/ISIC2018_Task1_Training_GroundTruth/ISIC_0014513_segmentation.png,dermoscopic,False,,,,True
isic2018_task1,ISIC_0014522,data/raw/isic2018/images/ISIC2018_Task1-2_Training_Input/ISIC_0014522.jpg,data/raw/isic2018/masks/ISIC2018_Task1_Training_GroundTruth/ISIC_0014522_segmentation.png,dermoscopic,False,,,,True
isic2018_task1,ISIC_0014525,data/raw/isic2018/images/ISIC2018_Task1-2_Training_Input/ISIC_0014525.jpg,data/raw/isic2018/masks/ISIC2018_Task1_Training_GroundTruth/ISIC_0014525_segmentation.png,dermoscopic,False,,,,True
isic2018_task1,ISIC_0014526,data/raw/isic2018/images/ISIC2018_Task1-2_Training_Input/ISIC_0014526.jpg,data/raw/isic2018/masks/ISIC2018_Task1_Training_GroundTruth/ISIC_0014526_segmentation.png,dermoscopic,False,,,,True
isic2018_task1,ISIC_0014527,data/raw/isic2018/images/ISIC2018_Task1-2_Training_Input/ISIC_0014527.jpg,data/raw/isic2018/masks/ISIC2018_Task1_Training_GroundTruth/ISIC_0014527_segmentation.png,dermoscopic,False,,,,True
isic2018_task1,ISIC_0014529,data/raw/isic2018/images/ISIC2018_Task1-2_Training_Input/ISIC_0014529.jpg,data/raw/isic2018/masks/ISIC2018_Task1_Training_GroundTruth/ISIC_0014529_segmentation.png,dermoscopic,False,,,,True
isic2018_task1,ISIC_0014535,data/raw/isic2018/images/ISIC2018_Task1-2_Training_Input/ISIC_0014535.jpg,data/raw/isic2018/masks/ISIC2018_Task1_Training_GroundTruth/ISIC_0014535_segmentation.png,dermoscopic,False,,,,True
isic2018_task1,ISIC_0014537,data/raw/isic2018/images/ISIC2018_Task1-2_Training_Input/ISIC_0014537.jpg,data/raw/isic2018/masks/ISIC2018_Task1_Training_GroundTruth/ISIC_0014537_segmentation.png,dermoscopic,False,,,,True
isic2018_task1,ISIC_0014542,data/raw/isic2018/images/ISIC2018_Task1-2_Training_Input/ISIC_0014542.jpg,data/raw/isic2018/masks/ISIC2018_Task1_Training_GroundTruth/ISIC_0014542_segmentation.png,dermoscopic,False,,,,True
isic2018_task1,ISIC_0014545,data/raw/isic2018/images/ISIC2018_Task1-2_Training_Input/ISIC_0014545.jpg,data/raw/isic2018/masks/ISIC2018_Task1_Training_GroundTruth/ISIC_0014545_segmentation.png,dermoscopic,False,,,,True
isic2018_task1,ISIC_0014547,data/raw/isic2018/images/ISIC2018_Task1-2_Training_Input/ISIC_0014547.jpg,data/raw/isic2018/masks/ISIC2018_Task1_Training_GroundTruth/ISIC_0014547_segmentation.png,dermoscopic,False,,,,True
isic2018_task1,ISIC_0014548,data/raw/isic2018/images/ISIC2018_Task1-2_Training_Input/ISIC_0014548.jpg,data/raw/isic2018/masks/ISIC2018_Task1_Training_GroundTruth/ISIC_0014548_segmentation.png,dermoscopic,False,,,,True
isic2018_task1,ISIC_0014554,data/raw/isic2018/images/ISIC2018_Task1-2_Training_Input/ISIC_0014554.jpg,data/raw/isic2018/masks/ISIC2018_Task1_Training_GroundTruth/ISIC_0014554_segmentation.png,dermoscopic,False,,,,True
isic2018_task1,ISIC_0014559,data/raw/isic2018/images/ISIC2018_Task1-2_Training_Input/ISIC_0014559.jpg,data/raw/isic2018/masks/ISIC2018_Task1_Training_GroundTruth/ISIC_0014559_segmentation.png,dermoscopic,False,,,,True
isic2018_task1,ISIC_0014567,data/raw/isic2018/images/ISIC2018_Task1-2_Training_Input/ISIC_0014567.jpg,data/raw/isic2018/masks/ISIC2018_Task1_Training_GroundTruth/ISIC_0014567_segmentation.png,dermoscopic,False,,,,True
isic2018_task1,ISIC_0014573,data/raw/isic2018/images/ISIC2018_Task1-2_Training_Input/ISIC_0014573.jpg,data/raw/isic2018/masks/ISIC2018_Task1_Training_GroundTruth/ISIC_0014573_segmentation.png,dermoscopic,False,,,,True
isic2018_task1,ISIC_0014574,data/raw/isic2018/images/ISIC2018_Task1-2_Training_Input/ISIC_0014574.jpg,data/raw/isic2018/masks/ISIC2018_Task1_Training_GroundTruth/ISIC_0014574_segmentation.png,dermoscopic,False,,,,True
isic2018_task1,ISIC_0014576,data/raw/isic2018/images/ISIC2018_Task1-2_Training_Input/ISIC_0014576.jpg,data/raw/isic2018/masks/ISIC2018_Task1_Training_GroundTruth/ISIC_0014576_segmentation.png,dermoscopic,False,,,,True
isic2018_task1,ISIC_0014580,data/raw/isic2018/images/ISIC2018_Task1-2_Training_Input/ISIC_0014580.jpg,data/raw/isic2018/masks/ISIC2018_Task1_Training_GroundTruth/ISIC_0014580_segmentation.png,dermoscopic,False,,,,True
isic2018_task1,ISIC_0014581,data/raw/isic2018/images/ISIC2018_Task1-2_Training_Input/ISIC_0014581.jpg,data/raw/isic2018/masks/ISIC2018_Task1_Training_GroundTruth/ISIC_0014581_segmentation.png,dermoscopic,False,,,,True
isic2018_task1,ISIC_0014585,data/raw/isic2018/images/ISIC2018_Task1-2_Training_Input/ISIC_0014585.jpg,data/raw/isic2018/masks/ISIC2018_Task1_Training_GroundTruth/ISIC_0014585_segmentation.png,dermoscopic,False,,,,True
isic2018_task1,ISIC_0014586,data/raw/isic2018/images/ISIC2018_Task1-2_Training_Input/ISIC_0014586.jpg,data/raw/isic2018/masks/ISIC2018_Task1_Training_GroundTruth/ISIC_0014586_segmentation.png,dermoscopic,False,,,,True
isic2018_task1,ISIC_0014587,data/raw/isic2018/images/ISIC2018_Task1-2_Training_Input/ISIC_0014587.jpg,data/raw/isic2018/masks/ISIC2018_Task1_Training_GroundTruth/ISIC_0014587_segmentation.png,dermoscopic,False,,,,True
isic2018_task1,ISIC_0014596,data/raw/isic2018/images/ISIC2018_Task1-2_Training_Input/ISIC_0014596.jpg,data/raw/isic2018/masks/ISIC2018_Task1_Training_GroundTruth/ISIC_0014596_segmentation.png,dermoscopic,False,,,,True
isic2018_task1,ISIC_0014599,data/raw/isic2018/images/ISIC2018_Task1-2_Training_Input/ISIC_0014599.jpg,data/raw/isic2018/masks/ISIC2018_Task1_Training_GroundTruth/ISIC_0014599_segmentation.png,dermoscopic,False,,,,True
isic2018_task1,ISIC_0014600,data/raw/isic2018/images/ISIC2018_Task1-2_Training_Input/ISIC_0014600.jpg,data/raw/isic2018/masks/ISIC2018_Task1_Training_GroundTruth/ISIC_0014600_segmentation.png,dermoscopic,False,,,,True
isic2018_task1,ISIC_0014601,data/raw/isic2018/images/ISIC2018_Task1-2_Training_Input/ISIC_0014601.jpg,data/raw/isic2018/masks/ISIC2018_Task1_Training_GroundTruth/ISIC_0014601_segmentation.png,dermoscopic,False,,,,True
isic2018_task1,ISIC_0014609,data/raw/isic2018/images/ISIC2018_Task1-2_Training_Input/ISIC_0014609.jpg,data/raw/isic2018/masks/ISIC2018_Task1_Training_GroundTruth/ISIC_0014609_segmentation.png,dermoscopic,False,,,,True
isic2018_task1,ISIC_0014610,data/raw/isic2018/images/ISIC2018_Task1-2_Training_Input/ISIC_0014610.jpg,data/raw/isic2018/masks/ISIC2018_Task1_Training_GroundTruth/ISIC_0014610_segmentation.png,dermoscopic,False,,,,True
isic2018_task1,ISIC_0014617,data/raw/isic2018/images/ISIC2018_Task1-2_Training_Input/ISIC_0014617.jpg,data/raw/isic2018/masks/ISIC2018_Task1_Training_GroundTruth/ISIC_0014617_segmentation.png,dermoscopic,False,,,,True
isic2018_task1,ISIC_0014619,data/raw/isic2018/images/ISIC2018_Task1-2_Training_Input/ISIC_0014619.jpg,data/raw/isic2018/masks/ISIC2018_Task1_Training_GroundTruth/ISIC_0014619_segmentation.png,dermoscopic,False,,,,True
isic2018_task1,ISIC_0014625,data/raw/isic2018/images/ISIC2018_Task1-2_Training_Input/ISIC_0014625.jpg,data/raw/isic2018/masks/ISIC2018_Task1_Training_GroundTruth/ISIC_0014625_segmentation.png,dermoscopic,False,,,,True
isic2018_task1,ISIC_0014628,data/raw/isic2018/images/ISIC2018_Task1-2_Training_Input/ISIC_0014628.jpg,data/raw/isic2018/masks/ISIC2018_Task1_Training_GroundTruth/ISIC_0014628_segmentation.png,dermoscopic,False,,,,True
isic2018_task1,ISIC_0014632,data/raw/isic2018/images/ISIC2018_Task1-2_Training_Input/ISIC_0014632.jpg,data/raw/isic2018/masks/ISIC2018_Task1_Training_GroundTruth/ISIC_0014632_segmentation.png,dermoscopic,False,,,,True
isic2018_task1,ISIC_0014633,data/raw/isic2018/images/ISIC2018_Task1-2_Training_Input/ISIC_0014633.jpg,data/raw/isic2018/masks/ISIC2018_Task1_Training_GroundTruth/ISIC_0014633_segmentation.png,dermoscopic,False,,,,True
isic2018_task1,ISIC_0014640,data/raw/isic2018/images/ISIC2018_Task1-2_Training_Input/ISIC_0014640.jpg,data/raw/isic2018/masks/ISIC2018_Task1_Training_GroundTruth/ISIC_0014640_segmentation.png,dermoscopic,False,,,,True
isic2018_task1,ISIC_0014642,data/raw/isic2018/images/ISIC2018_Task1-2_Training_Input/ISIC_0014642.jpg,data/raw/isic2018/masks/ISIC2018_Task1_Training_GroundTruth/ISIC_0014642_segmentation.png,dermoscopic,False,,,,True
isic2018_task1,ISIC_0014643,data/raw/isic2018/images/ISIC2018_Task1-2_Training_Input/ISIC_0014643.jpg,data/raw/isic2018/masks/ISIC2018_Task1_Training_GroundTruth/ISIC_0014643_segmentation.png,dermoscopic,False,,,,True
isic2018_task1,ISIC_0014651,data/raw/isic2018/images/ISIC2018_Task1-2_Training_Input/ISIC_0014651.jpg,data/raw/isic2018/masks/ISIC2018_Task1_Training_GroundTruth/ISIC_0014651_segmentation.png,dermoscopic,False,,,,True
isic2018_task1,ISIC_0014652,data/raw/isic2018/images/ISIC2018_Task1-2_Training_Input/ISIC_0014652.jpg,data/raw/isic2018/masks/ISIC2018_Task1_Training_GroundTruth/ISIC_0014652_segmentation.png,dermoscopic,False,,,,True
isic2018_task1,ISIC_0014658,data/raw/isic2018/images/ISIC2018_Task1-2_Training_Input/ISIC_0014658.jpg,data/raw/isic2018/masks/ISIC2018_Task1_Training_GroundTruth/ISIC_0014658_segmentation.png,dermoscopic,False,,,,True
isic2018_task1,ISIC_0014661,data/raw/isic2018/images/ISIC2018_Task1-2_Training_Input/ISIC_0014661.jpg,data/raw/isic2018/masks/ISIC2018_Task1_Training_GroundTruth/ISIC_0014661_segmentation.png,dermoscopic,False,,,,True
isic2018_task1,ISIC_0014663,data/raw/isic2018/images/ISIC2018_Task1-2_Training_Input/ISIC_0014663.jpg,data/raw/isic2018/masks/ISIC2018_Task1_Training_GroundTruth/ISIC_0014663_segmentation.png,dermoscopic,False,,,,True
isic2018_task1,ISIC_0014666,data/raw/isic2018/images/ISIC2018_Task1-2_Training_Input/ISIC_0014666.jpg,data/raw/isic2018/masks/ISIC2018_Task1_Training_GroundTruth/ISIC_0014666_segmentation.png,dermoscopic,False,,,,True
isic2018_task1,ISIC_0014667,data/raw/isic2018/images/ISIC2018_Task1-2_Training_Input/ISIC_0014667.jpg,data/raw/isic2018/masks/ISIC2018_Task1_Training_GroundTruth/ISIC_0014667_segmentation.png,dermoscopic,False,,,,True
isic2018_task1,ISIC_0014675,data/raw/isic2018/images/ISIC2018_Task1-2_Training_Input/ISIC_0014675.jpg,data/raw/isic2018/masks/ISIC2018_Task1_Training_GroundTruth/ISIC_0014675_segmentation.png,dermoscopic,False,,,,True
isic2018_task1,ISIC_0014677,data/raw/isic2018/images/ISIC2018_Task1-2_Training_Input/ISIC_0014677.jpg,data/raw/isic2018/masks/ISIC2018_Task1_Training_GroundTruth/ISIC_0014677_segmentation.png,dermoscopic,False,,,,True
isic2018_task1,ISIC_0014682,data/raw/isic2018/images/ISIC2018_Task1-2_Training_Input/ISIC_0014682.jpg,data/raw/isic2018/masks/ISIC2018_Task1_Training_GroundTruth/ISIC_0014682_segmentation.png,dermoscopic,False,,,,True
isic2018_task1,ISIC_0014687,data/raw/isic2018/images/ISIC2018_Task1-2_Training_Input/ISIC_0014687.jpg,data/raw/isic2018/masks/ISIC2018_Task1_Training_GroundTruth/ISIC_0014687_segmentation.png,dermoscopic,False,,,,True
isic2018_task1,ISIC_0014688,data/raw/isic2018/images/ISIC2018_Task1-2_Training_Input/ISIC_0014688.jpg,data/raw/isic2018/masks/ISIC2018_Task1_Training_GroundTruth/ISIC_0014688_segmentation.png,dermoscopic,False,,,,True
isic2018_task1,ISIC_0014692,data/raw/isic2018/images/ISIC2018_Task1-2_Training_Input/ISIC_0014692.jpg,data/raw/isic2018/masks/ISIC2018_Task1_Training_GroundTruth/ISIC_0014692_segmentation.png,dermoscopic,False,,,,True
isic2018_task1,ISIC_0014698,data/raw/isic2018/images/ISIC2018_Task1-2_Training_Input/ISIC_0014698.jpg,data/raw/isic2018/masks/ISIC2018_Task1_Training_GroundTruth/ISIC_0014698_segmentation.png,dermoscopic,False,,,,True
isic2018_task1,ISIC_0014702,data/raw/isic2018/images/ISIC2018_Task1-2_Training_Input/ISIC_0014702.jpg,data/raw/isic2018/masks/ISIC2018_Task1_Training_GroundTruth/ISIC_0014702_segmentation.png,dermoscopic,False,,,,True
isic2018_task1,ISIC_0014703,data/raw/isic2018/images/ISIC2018_Task1-2_Training_Input/ISIC_0014703.jpg,data/raw/isic2018/masks/ISIC2018_Task1_Training_GroundTruth/ISIC_0014703_segmentation.png,dermoscopic,False,,,,True
isic2018_task1,ISIC_0014707,data/raw/isic2018/images/ISIC2018_Task1-2_Training_Input/ISIC_0014707.jpg,data/raw/isic2018/masks/ISIC2018_Task1_Training_GroundTruth/ISIC_0014707_segmentation.png,dermoscopic,False,,,,True
isic2018_task1,ISIC_0014708,data/raw/isic2018/images/ISIC2018_Task1-2_Training_Input/ISIC_0014708.jpg,data/raw/isic2018/masks/ISIC2018_Task1_Training_GroundTruth/ISIC_0014708_segmentation.png,dermoscopic,False,,,,True
isic2018_task1,ISIC_0014714,data/raw/isic2018/images/ISIC2018_Task1-2_Training_Input/ISIC_0014714.jpg,data/raw/isic2018/masks/ISIC2018_Task1_Training_GroundTruth/ISIC_0014714_segmentation.png,dermoscopic,False,,,,True
isic2018_task1,ISIC_0014715,data/raw/isic2018/images/ISIC2018_Task1-2_Training_Input/ISIC_0014715.jpg,data/raw/isic2018/masks/ISIC2018_Task1_Training_GroundTruth/ISIC_0014715_segmentation.png,dermoscopic,False,,,,True
isic2018_task1,ISIC_0014723,data/raw/isic2018/images/ISIC2018_Task1-2_Training_Input/ISIC_0014723.jpg,data/raw/isic2018/masks/ISIC2018_Task1_Training_GroundTruth/ISIC_0014723_segmentation.png,dermoscopic,False,,,,True
isic2018_task1,ISIC_0014724,data/raw/isic2018/images/ISIC2018_Task1-2_Training_Input/ISIC_0014724.jpg,data/raw/isic2018/masks/ISIC2018_Task1_Training_GroundTruth/ISIC_0014724_segmentation.png,dermoscopic,False,,,,True
isic2018_task1,ISIC_0014726,data/raw/isic2018/images/ISIC2018_Task1-2_Training_Input/ISIC_0014726.jpg,data/raw/isic2018/masks/ISIC2018_Task1_Training_GroundTruth/ISIC_0014726_segmentation.png,dermoscopic,False,,,,True
isic2018_task1,ISIC_0014729,data/raw/isic2018/images/ISIC2018_Task1-2_Training_Input/ISIC_0014729.jpg,data/raw/isic2018/masks/ISIC2018_Task1_Training_GroundTruth/ISIC_0014729_segmentation.png,dermoscopic,False,,,,True
isic2018_task1,ISIC_0014730,data/raw/isic2018/images/ISIC2018_Task1-2_Training_Input/ISIC_0014730.jpg,data/raw/isic2018/masks/ISIC2018_Task1_Training_GroundTruth/ISIC_0014730_segmentation.png,dermoscopic,False,,,,True
isic2018_task1,ISIC_0014735,data/raw/isic2018/images/ISIC2018_Task1-2_Training_Input/ISIC_0014735.jpg,data/raw/isic2018/masks/ISIC2018_Task1_Training_GroundTruth/ISIC_0014735_segmentation.png,dermoscopic,False,,,,True
isic2018_task1,ISIC_0014739,data/raw/isic2018/images/ISIC2018_Task1-2_Training_Input/ISIC_0014739.jpg,data/raw/isic2018/masks/ISIC2018_Task1_Training_GroundTruth/ISIC_0014739_segmentation.png,dermoscopic,False,,,,True
isic2018_task1,ISIC_0014740,data/raw/isic2018/images/ISIC2018_Task1-2_Training_Input/ISIC_0014740.jpg,data/raw/isic2018/masks/ISIC2018_Task1_Training_GroundTruth/ISIC_0014740_segmentation.png,dermoscopic,False,,,,True
isic2018_task1,ISIC_0014742,data/raw/isic2018/images/ISIC2018_Task1-2_Training_Input/ISIC_0014742.jpg,data/raw/isic2018/masks/ISIC2018_Task1_Training_GroundTruth/ISIC_0014742_segmentation.png,dermoscopic,False,,,,True
isic2018_task1,ISIC_0014743,data/raw/isic2018/images/ISIC2018_Task1-2_Training_Input/ISIC_0014743.jpg,data/raw/isic2018/masks/ISIC2018_Task1_Training_GroundTruth/ISIC_0014743_segmentation.png,dermoscopic,False,,,,True
isic2018_task1,ISIC_0014745,data/raw/isic2018/images/ISIC2018_Task1-2_Training_Input/ISIC_0014745.jpg,data/raw/isic2018/masks/ISIC2018_Task1_Training_GroundTruth/ISIC_0014745_segmentation.png,dermoscopic,False,,,,True
isic2018_task1,ISIC_0014746,data/raw/isic2018/images/ISIC2018_Task1-2_Training_Input/ISIC_0014746.jpg,data/raw/isic2018/masks/ISIC2018_Task1_Training_GroundTruth/ISIC_0014746_segmentation.png,dermoscopic,False,,,,True
isic2018_task1,ISIC_0014748,data/raw/isic2018/images/ISIC2018_Task1-2_Training_Input/ISIC_0014748.jpg,data/raw/isic2018/masks/ISIC2018_Task1_Training_GroundTruth/ISIC_0014748_segmentation.png,dermoscopic,False,,,,True
isic2018_task1,ISIC_0014749,data/raw/isic2018/images/ISIC2018_Task1-2_Training_Input/ISIC_0014749.jpg,data/raw/isic2018/masks/ISIC2018_Task1_Training_GroundTruth/ISIC_0014749_segmentation.png,dermoscopic,False,,,,True
isic2018_task1,ISIC_0014754,data/raw/isic2018/images/ISIC2018_Task1-2_Training_Input/ISIC_0014754.jpg,data/raw/isic2018/masks/ISIC2018_Task1_Training_GroundTruth/ISIC_0014754_segmentation.png,dermoscopic,False,,,,True
isic2018_task1,ISIC_0014760,data/raw/isic2018/images/ISIC2018_Task1-2_Training_Input/ISIC_0014760.jpg,data/raw/isic2018/masks/ISIC2018_Task1_Training_GroundTruth/ISIC_0014760_segmentation.png,dermoscopic,False,,,,True
isic2018_task1,ISIC_0014762,data/raw/isic2018/images/ISIC2018_Task1-2_Training_Input/ISIC_0014762.jpg,data/raw/isic2018/masks/ISIC2018_Task1_Training_GroundTruth/ISIC_0014762_segmentation.png,dermoscopic,False,,,,True
isic2018_task1,ISIC_0014763,data/raw/isic2018/images/ISIC2018_Task1-2_Training_Input/ISIC_0014763.jpg,data/raw/isic2018/masks/ISIC2018_Task1_Training_GroundTruth/ISIC_0014763_segmentation.png,dermoscopic,False,,,,True
isic2018_task1,ISIC_0014765,data/raw/isic2018/images/ISIC2018_Task1-2_Training_Input/ISIC_0014765.jpg,data/raw/isic2018/masks/ISIC2018_Task1_Training_GroundTruth/ISIC_0014765_segmentation.png,dermoscopic,False,,,,True
isic2018_task1,ISIC_0014768,data/raw/isic2018/images/ISIC2018_Task1-2_Training_Input/ISIC_0014768.jpg,data/raw/isic2018/masks/ISIC2018_Task1_Training_GroundTruth/ISIC_0014768_segmentation.png,dermoscopic,False,,,,True
isic2018_task1,ISIC_0014769,data/raw/isic2018/images/ISIC2018_Task1-2_Training_Input/ISIC_0014769.jpg,data/raw/isic2018/masks/ISIC2018_Task1_Training_GroundTruth/ISIC_0014769_segmentation.png,dermoscopic,False,,,,True
isic2018_task1,ISIC_0014770,data/raw/isic2018/images/ISIC2018_Task1-2_Training_Input/ISIC_0014770.jpg,data/raw/isic2018/masks/ISIC2018_Task1_Training_GroundTruth/ISIC_0014770_segmentation.png,dermoscopic,False,,,,True
isic2018_task1,ISIC_0014771,data/raw/isic2018/images/ISIC2018_Task1-2_Training_Input/ISIC_0014771.jpg,data/raw/isic2018/masks/ISIC2018_Task1_Training_GroundTruth/ISIC_0014771_segmentation.png,dermoscopic,False,,,,True
isic2018_task1,ISIC_0014775,data/raw/isic2018/images/ISIC2018_Task1-2_Training_Input/ISIC_0014775.jpg,data/raw/isic2018/masks/ISIC2018_Task1_Training_GroundTruth/ISIC_0014775_segmentation.png,dermoscopic,False,,,,True
isic2018_task1,ISIC_0014778,data/raw/isic2018/images/ISIC2018_Task1-2_Training_Input/ISIC_0014778.jpg,data/raw/isic2018/masks/ISIC2018_Task1_Training_GroundTruth/ISIC_0014778_segmentation.png,dermoscopic,False,,,,True
isic2018_task1,ISIC_0014779,data/raw/isic2018/images/ISIC2018_Task1-2_Training_Input/ISIC_0014779.jpg,data/raw/isic2018/masks/ISIC2018_Task1_Training_GroundTruth/ISIC_0014779_segmentation.png,dermoscopic,False,,,,True
isic2018_task1,ISIC_0014780,data/raw/isic2018/images/ISIC2018_Task1-2_Training_Input/ISIC_0014780.jpg,data/raw/isic2018/masks/ISIC2018_Task1_Training_GroundTruth/ISIC_0014780_segmentation.png,dermoscopic,False,,,,True
isic2018_task1,ISIC_0014782,data/raw/isic2018/images/ISIC2018_Task1-2_Training_Input/ISIC_0014782.jpg,data/raw/isic2018/masks/ISIC2018_Task1_Training_GroundTruth/ISIC_0014782_segmentation.png,dermoscopic,False,,,,True
isic2018_task1,ISIC_0014783,data/raw/isic2018/images/ISIC2018_Task1-2_Training_Input/ISIC_0014783.jpg,data/raw/isic2018/masks/ISIC2018_Task1_Training_GroundTruth/ISIC_0014783_segmentation.png,dermoscopic,False,,,,True
isic2018_task1,ISIC_0014784,data/raw/isic2018/images/ISIC2018_Task1-2_Training_Input/ISIC_0014784.jpg,data/raw/isic2018/masks/ISIC2018_Task1_Training_GroundTruth/ISIC_0014784_segmentation.png,dermoscopic,False,,,,True
isic2018_task1,ISIC_0014785,data/raw/isic2018/images/ISIC2018_Task1-2_Training_Input/ISIC_0014785.jpg,data/raw/isic2018/masks/ISIC2018_Task1_Training_GroundTruth/ISIC_0014785_segmentation.png,dermoscopic,False,,,,True
isic2018_task1,ISIC_0014787,data/raw/isic2018/images/ISIC2018_Task1-2_Training_Input/ISIC_0014787.jpg,data/raw/isic2018/masks/ISIC2018_Task1_Training_GroundTruth/ISIC_0014787_segmentation.png,dermoscopic,False,,,,True
isic2018_task1,ISIC_0014788,data/raw/isic2018/images/ISIC2018_Task1-2_Training_Input/ISIC_0014788.jpg,data/raw/isic2018/masks/ISIC2018_Task1_Training_GroundTruth/ISIC_0014788_segmentation.png,dermoscopic,False,,,,True
isic2018_task1,ISIC_0014790,data/raw/isic2018/images/ISIC2018_Task1-2_Training_Input/ISIC_0014790.jpg,data/raw/isic2018/masks/ISIC2018_Task1_Training_GroundTruth/ISIC_0014790_segmentation.png,dermoscopic,False,,,,True
isic2018_task1,ISIC_0014791,data/raw/isic2018/images/ISIC2018_Task1-2_Training_Input/ISIC_0014791.jpg,data/raw/isic2018/masks/ISIC2018_Task1_Training_GroundTruth/ISIC_0014791_segmentation.png,dermoscopic,False,,,,True
isic2018_task1,ISIC_0014792,data/raw/isic2018/images/ISIC2018_Task1-2_Training_Input/ISIC_0014792.jpg,data/raw/isic2018/masks/ISIC2018_Task1_Training_GroundTruth/ISIC_0014792_segmentation.png,dermoscopic,False,,,,True
isic2018_task1,ISIC_0014797,data/raw/isic2018/images/ISIC2018_Task1-2_Training_Input/ISIC_0014797.jpg,data/raw/isic2018/masks/ISIC2018_Task1_Training_GroundTruth/ISIC_0014797_segmentation.png,dermoscopic,False,,,,True
isic2018_task1,ISIC_0014798,data/raw/isic2018/images/ISIC2018_Task1-2_Training_Input/ISIC_0014798.jpg,data/raw/isic2018/masks/ISIC2018_Task1_Training_GroundTruth/ISIC_0014798_segmentation.png,dermoscopic,False,,,,True
isic2018_task1,ISIC_0014800,data/raw/isic2018/images/ISIC2018_Task1-2_Training_Input/ISIC_0014800.jpg,data/raw/isic2018/masks/ISIC2018_Task1_Training_GroundTruth/ISIC_0014800_segmentation.png,dermoscopic,False,,,,True
isic2018_task1,ISIC_0014802,data/raw/isic2018/images/ISIC2018_Task1-2_Training_Input/ISIC_0014802.jpg,data/raw/isic2018/masks/ISIC2018_Task1_Training_GroundTruth/ISIC_0014802_segmentation.png,dermoscopic,False,,,,True
isic2018_task1,ISIC_0014803,data/raw/isic2018/images/ISIC2018_Task1-2_Training_Input/ISIC_0014803.jpg,data/raw/isic2018/masks/ISIC2018_Task1_Training_GroundTruth/ISIC_0014803_segmentation.png,dermoscopic,False,,,,True
isic2018_task1,ISIC_0014805,data/raw/isic2018/images/ISIC2018_Task1-2_Training_Input/ISIC_0014805.jpg,data/raw/isic2018/masks/ISIC2018_Task1_Training_GroundTruth/ISIC_0014805_segmentation.png,dermoscopic,False,,,,True
isic2018_task1,ISIC_0014806,data/raw/isic2018/images/ISIC2018_Task1-2_Training_Input/ISIC_0014806.jpg,data/raw/isic2018/masks/ISIC2018_Task1_Training_GroundTruth/ISIC_0014806_segmentation.png,dermoscopic,False,,,,True
isic2018_task1,ISIC_0014807,data/raw/isic2018/images/ISIC2018_Task1-2_Training_Input/ISIC_0014807.jpg,data/raw/isic2018/masks/ISIC2018_Task1_Training_GroundTruth/ISIC_0014807_segmentation.png,dermoscopic,False,,,,True
isic2018_task1,ISIC_0014808,data/raw/isic2018/images/ISIC2018_Task1-2_Training_Input/ISIC_0014808.jpg,data/raw/isic2018/masks/ISIC2018_Task1_Training_GroundTruth/ISIC_0014808_segmentation.png,dermoscopic,False,,,,True
isic2018_task1,ISIC_0014809,data/raw/isic2018/images/ISIC2018_Task1-2_Training_Input/ISIC_0014809.jpg,data/raw/isic2018/masks/ISIC2018_Task1_Training_GroundTruth/ISIC_0014809_segmentation.png,dermoscopic,False,,,,True
isic2018_task1,ISIC_0014812,data/raw/isic2018/images/ISIC2018_Task1-2_Training_Input/ISIC_0014812.jpg,data/raw/isic2018/masks/ISIC2018_Task1_Training_GroundTruth/ISIC_0014812_segmentation.png,dermoscopic,False,,,,True
isic2018_task1,ISIC_0014815,data/raw/isic2018/images/ISIC2018_Task1-2_Training_Input/ISIC_0014815.jpg,data/raw/isic2018/masks/ISIC2018_Task1_Training_GroundTruth/ISIC_0014815_segmentation.png,dermoscopic,False,,,,True
isic2018_task1,ISIC_0014818,data/raw/isic2018/images/ISIC2018_Task1-2_Training_Input/ISIC_0014818.jpg,data/raw/isic2018/masks/ISIC2018_Task1_Training_GroundTruth/ISIC_0014818_segmentation.png,dermoscopic,False,,,,True
isic2018_task1,ISIC_0014820,data/raw/isic2018/images/ISIC2018_Task1-2_Training_Input/ISIC_0014820.jpg,data/raw/isic2018/masks/ISIC2018_Task1_Training_GroundTruth/ISIC_0014820_segmentation.png,dermoscopic,False,,,,True
isic2018_task1,ISIC_0014821,data/raw/isic2018/images/ISIC2018_Task1-2_Training_Input/ISIC_0014821.jpg,data/raw/isic2018/masks/ISIC2018_Task1_Training_GroundTruth/ISIC_0014821_segmentation.png,dermoscopic,False,,,,True
isic2018_task1,ISIC_0014823,data/raw/isic2018/images/ISIC2018_Task1-2_Training_Input/ISIC_0014823.jpg,data/raw/isic2018/masks/ISIC2018_Task1_Training_GroundTruth/ISIC_0014823_segmentation.png,dermoscopic,False,,,,True
isic2018_task1,ISIC_0014825,data/raw/isic2018/images/ISIC2018_Task1-2_Training_Input/ISIC_0014825.jpg,data/raw/isic2018/masks/ISIC2018_Task1_Training_GroundTruth/ISIC_0014825_segmentation.png,dermoscopic,False,,,,True
isic2018_task1,ISIC_0014826,data/raw/isic2018/images/ISIC2018_Task1-2_Training_Input/ISIC_0014826.jpg,data/raw/isic2018/masks/ISIC2018_Task1_Training_GroundTruth/ISIC_0014826_segmentation.png,dermoscopic,False,,,,True
isic2018_task1,ISIC_0014829,data/raw/isic2018/images/ISIC2018_Task1-2_Training_Input/ISIC_0014829.jpg,data/raw/isic2018/masks/ISIC2018_Task1_Training_GroundTruth/ISIC_0014829_segmentation.png,dermoscopic,False,,,,True
isic2018_task1,ISIC_0014830,data/raw/isic2018/images/ISIC2018_Task1-2_Training_Input/ISIC_0014830.jpg,data/raw/isic2018/masks/ISIC2018_Task1_Training_GroundTruth/ISIC_0014830_segmentation.png,dermoscopic,False,,,,True
isic2018_task1,ISIC_0014831,data/raw/isic2018/images/ISIC2018_Task1-2_Training_Input/ISIC_0014831.jpg,data/raw/isic2018/masks/ISIC2018_Task1_Training_GroundTruth/ISIC_0014831_segmentation.png,dermoscopic,False,,,,True
isic2018_task1,ISIC_0014832,data/raw/isic2018/images/ISIC2018_Task1-2_Training_Input/ISIC_0014832.jpg,data/raw/isic2018/masks/ISIC2018_Task1_Training_GroundTruth/ISIC_0014832_segmentation.png,dermoscopic,False,,,,True
isic2018_task1,ISIC_0014833,data/raw/isic2018/images/ISIC2018_Task1-2_Training_Input/ISIC_0014833.jpg,data/raw/isic2018/masks/ISIC2018_Task1_Training_GroundTruth/ISIC_0014833_segmentation.png,dermoscopic,False,,,,True
isic2018_task1,ISIC_0014834,data/raw/isic2018/images/ISIC2018_Task1-2_Training_Input/ISIC_0014834.jpg,data/raw/isic2018/masks/ISIC2018_Task1_Training_GroundTruth/ISIC_0014834_segmentation.png,dermoscopic,False,,,,True
isic2018_task1,ISIC_0014835,data/raw/isic2018/images/ISIC2018_Task1-2_Training_Input/ISIC_0014835.jpg,data/raw/isic2018/masks/ISIC2018_Task1_Training_GroundTruth/ISIC_0014835_segmentation.png,dermoscopic,False,,,,True
isic2018_task1,ISIC_0014836,data/raw/isic2018/images/ISIC2018_Task1-2_Training_Input/ISIC_0014836.jpg,data/raw/isic2018/masks/ISIC2018_Task1_Training_GroundTruth/ISIC_0014836_segmentation.png,dermoscopic,False,,,,True
isic2018_task1,ISIC_0014838,data/raw/isic2018/images/ISIC2018_Task1-2_Training_Input/ISIC_0014838.jpg,data/raw/isic2018/masks/ISIC2018_Task1_Training_GroundTruth/ISIC_0014838_segmentation.png,dermoscopic,False,,,,True
isic2018_task1,ISIC_0014843,data/raw/isic2018/images/ISIC2018_Task1-2_Training_Input/ISIC_0014843.jpg,data/raw/isic2018/masks/ISIC2018_Task1_Training_GroundTruth/ISIC_0014843_segmentation.png,dermoscopic,False,,,,True
isic2018_task1,ISIC_0014844,data/raw/isic2018/images/ISIC2018_Task1-2_Training_Input/ISIC_0014844.jpg,data/raw/isic2018/masks/ISIC2018_Task1_Training_GroundTruth/ISIC_0014844_segmentation.png,dermoscopic,False,,,,True
isic2018_task1,ISIC_0014845,data/raw/isic2018/images/ISIC2018_Task1-2_Training_Input/ISIC_0014845.jpg,data/raw/isic2018/masks/ISIC2018_Task1_Training_GroundTruth/ISIC_0014845_segmentation.png,dermoscopic,False,,,,True
isic2018_task1,ISIC_0014846,data/raw/isic2018/images/ISIC2018_Task1-2_Training_Input/ISIC_0014846.jpg,data/raw/isic2018/masks/ISIC2018_Task1_Training_GroundTruth/ISIC_0014846_segmentation.png,dermoscopic,False,,,,True
isic2018_task1,ISIC_0014848,data/raw/isic2018/images/ISIC2018_Task1-2_Training_Input/ISIC_0014848.jpg,data/raw/isic2018/masks/ISIC2018_Task1_Training_GroundTruth/ISIC_0014848_segmentation.png,dermoscopic,False,,,,True
isic2018_task1,ISIC_0014849,data/raw/isic2018/images/ISIC2018_Task1-2_Training_Input/ISIC_0014849.jpg,data/raw/isic2018/masks/ISIC2018_Task1_Training_GroundTruth/ISIC_0014849_segmentation.png,dermoscopic,False,,,,True
isic2018_task1,ISIC_0014850,data/raw/isic2018/images/ISIC2018_Task1-2_Training_Input/ISIC_0014850.jpg,data/raw/isic2018/masks/ISIC2018_Task1_Training_GroundTruth/ISIC_0014850_segmentation.png,dermoscopic,False,,,,True
isic2018_task1,ISIC_0014853,data/raw/isic2018/images/ISIC2018_Task1-2_Training_Input/ISIC_0014853.jpg,data/raw/isic2018/masks/ISIC2018_Task1_Training_GroundTruth/ISIC_0014853_segmentation.png,dermoscopic,False,,,,True
isic2018_task1,ISIC_0014854,data/raw/isic2018/images/ISIC2018_Task1-2_Training_Input/ISIC_0014854.jpg,data/raw/isic2018/masks/ISIC2018_Task1_Training_GroundTruth/ISIC_0014854_segmentation.png,dermoscopic,False,,,,True
isic2018_task1,ISIC_0014855,data/raw/isic2018/images/ISIC2018_Task1-2_Training_Input/ISIC_0014855.jpg,data/raw/isic2018/masks/ISIC2018_Task1_Training_GroundTruth/ISIC_0014855_segmentation.png,dermoscopic,False,,,,True
isic2018_task1,ISIC_0014857,data/raw/isic2018/images/ISIC2018_Task1-2_Training_Input/ISIC_0014857.jpg,data/raw/isic2018/masks/ISIC2018_Task1_Training_GroundTruth/ISIC_0014857_segmentation.png,dermoscopic,False,,,,True
isic2018_task1,ISIC_0014860,data/raw/isic2018/images/ISIC2018_Task1-2_Training_Input/ISIC_0014860.jpg,data/raw/isic2018/masks/ISIC2018_Task1_Training_GroundTruth/ISIC_0014860_segmentation.png,dermoscopic,False,,,,True
isic2018_task1,ISIC_0014862,data/raw/isic2018/images/ISIC2018_Task1-2_Training_Input/ISIC_0014862.jpg,data/raw/isic2018/masks/ISIC2018_Task1_Training_GroundTruth/ISIC_0014862_segmentation.png,dermoscopic,False,,,,True
isic2018_task1,ISIC_0014867,data/raw/isic2018/images/ISIC2018_Task1-2_Training_Input/ISIC_0014867.jpg,data/raw/isic2018/masks/ISIC2018_Task1_Training_GroundTruth/ISIC_0014867_segmentation.png,dermoscopic,False,,,,True
isic2018_task1,ISIC_0014868,data/raw/isic2018/images/ISIC2018_Task1-2_Training_Input/ISIC_0014868.jpg,data/raw/isic2018/masks/ISIC2018_Task1_Training_GroundTruth/ISIC_0014868_segmentation.png,dermoscopic,False,,,,True
isic2018_task1,ISIC_0014872,data/raw/isic2018/images/ISIC2018_Task1-2_Training_Input/ISIC_0014872.jpg,data/raw/isic2018/masks/ISIC2018_Task1_Training_GroundTruth/ISIC_0014872_segmentation.png,dermoscopic,False,,,,True
isic2018_task1,ISIC_0014879,data/raw/isic2018/images/ISIC2018_Task1-2_Training_Input/ISIC_0014879.jpg,data/raw/isic2018/masks/ISIC2018_Task1_Training_GroundTruth/ISIC_0014879_segmentation.png,dermoscopic,False,,,,True
isic2018_task1,ISIC_0014883,data/raw/isic2018/images/ISIC2018_Task1-2_Training_Input/ISIC_0014883.jpg,data/raw/isic2018/masks/ISIC2018_Task1_Training_GroundTruth/ISIC_0014883_segmentation.png,dermoscopic,False,,,,True
isic2018_task1,ISIC_0014897,data/raw/isic2018/images/ISIC2018_Task1-2_Training_Input/ISIC_0014897.jpg,data/raw/isic2018/masks/ISIC2018_Task1_Training_GroundTruth/ISIC_0014897_segmentation.png,dermoscopic,False,,,,True
isic2018_task1,ISIC_0014898,data/raw/isic2018/images/ISIC2018_Task1-2_Training_Input/ISIC_0014898.jpg,data/raw/isic2018/masks/ISIC2018_Task1_Training_GroundTruth/ISIC_0014898_segmentation.png,dermoscopic,False,,,,True
isic2018_task1,ISIC_0014901,data/raw/isic2018/images/ISIC2018_Task1-2_Training_Input/ISIC_0014901.jpg,data/raw/isic2018/masks/ISIC2018_Task1_Training_GroundTruth/ISIC_0014901_segmentation.png,dermoscopic,False,,,,True
isic2018_task1,ISIC_0014903,data/raw/isic2018/images/ISIC2018_Task1-2_Training_Input/ISIC_0014903.jpg,data/raw/isic2018/masks/ISIC2018_Task1_Training_GroundTruth/ISIC_0014903_segmentation.png,dermoscopic,False,,,,True
isic2018_task1,ISIC_0014904,data/raw/isic2018/images/ISIC2018_Task1-2_Training_Input/ISIC_0014904.jpg,data/raw/isic2018/masks/ISIC2018_Task1_Training_GroundTruth/ISIC_0014904_segmentation.png,dermoscopic,False,,,,True
isic2018_task1,ISIC_0014907,data/raw/isic2018/images/ISIC2018_Task1-2_Training_Input/ISIC_0014907.jpg,data/raw/isic2018/masks/ISIC2018_Task1_Training_GroundTruth/ISIC_0014907_segmentation.png,dermoscopic,False,,,,True
isic2018_task1,ISIC_0014908,data/raw/isic2018/images/ISIC2018_Task1-2_Training_Input/ISIC_0014908.jpg,data/raw/isic2018/masks/ISIC2018_Task1_Training_GroundTruth/ISIC_0014908_segmentation.png,dermoscopic,False,,,,True
isic2018_task1,ISIC_0014912,data/raw/isic2018/images/ISIC2018_Task1-2_Training_Input/ISIC_0014912.jpg,data/raw/isic2018/masks/ISIC2018_Task1_Training_GroundTruth/ISIC_0014912_segmentation.png,dermoscopic,False,,,,True
isic2018_task1,ISIC_0014913,data/raw/isic2018/images/ISIC2018_Task1-2_Training_Input/ISIC_0014913.jpg,data/raw/isic2018/masks/ISIC2018_Task1_Training_GroundTruth/ISIC_0014913_segmentation.png,dermoscopic,False,,,,True
isic2018_task1,ISIC_0014919,data/raw/isic2018/images/ISIC2018_Task1-2_Training_Input/ISIC_0014919.jpg,data/raw/isic2018/masks/ISIC2018_Task1_Training_GroundTruth/ISIC_0014919_segmentation.png,dermoscopic,False,,,,True
isic2018_task1,ISIC_0014920,data/raw/isic2018/images/ISIC2018_Task1-2_Training_Input/ISIC_0014920.jpg,data/raw/isic2018/masks/ISIC2018_Task1_Training_GroundTruth/ISIC_0014920_segmentation.png,dermoscopic,False,,,,True
isic2018_task1,ISIC_0014921,data/raw/isic2018/images/ISIC2018_Task1-2_Training_Input/ISIC_0014921.jpg,data/raw/isic2018/masks/ISIC2018_Task1_Training_GroundTruth/ISIC_0014921_segmentation.png,dermoscopic,False,,,,True
isic2018_task1,ISIC_0014922,data/raw/isic2018/images/ISIC2018_Task1-2_Training_Input/ISIC_0014922.jpg,data/raw/isic2018/masks/ISIC2018_Task1_Training_GroundTruth/ISIC_0014922_segmentation.png,dermoscopic,False,,,,True
isic2018_task1,ISIC_0014923,data/raw/isic2018/images/ISIC2018_Task1-2_Training_Input/ISIC_0014923.jpg,data/raw/isic2018/masks/ISIC2018_Task1_Training_GroundTruth/ISIC_0014923_segmentation.png,dermoscopic,False,,,,True
isic2018_task1,ISIC_0014925,data/raw/isic2018/images/ISIC2018_Task1-2_Training_Input/ISIC_0014925.jpg,data/raw/isic2018/masks/ISIC2018_Task1_Training_GroundTruth/ISIC_0014925_segmentation.png,dermoscopic,False,,,,True
isic2018_task1,ISIC_0014926,data/raw/isic2018/images/ISIC2018_Task1-2_Training_Input/ISIC_0014926.jpg,data/raw/isic2018/masks/ISIC2018_Task1_Training_GroundTruth/ISIC_0014926_segmentation.png,dermoscopic,False,,,,True
isic2018_task1,ISIC_0014928,data/raw/isic2018/images/ISIC2018_Task1-2_Training_Input/ISIC_0014928.jpg,data/raw/isic2018/masks/ISIC2018_Task1_Training_GroundTruth/ISIC_0014928_segmentation.png,dermoscopic,False,,,,True
isic2018_task1,ISIC_0014929,data/raw/isic2018/images/ISIC2018_Task1-2_Training_Input/ISIC_0014929.jpg,data/raw/isic2018/masks/ISIC2018_Task1_Training_GroundTruth/ISIC_0014929_segmentation.png,dermoscopic,False,,,,True
isic2018_task1,ISIC_0014931,data/raw/isic2018/images/ISIC2018_Task1-2_Training_Input/ISIC_0014931.jpg,data/raw/isic2018/masks/ISIC2018_Task1_Training_GroundTruth/ISIC_0014931_segmentation.png,dermoscopic,False,,,,True
isic2018_task1,ISIC_0014933,data/raw/isic2018/images/ISIC2018_Task1-2_Training_Input/ISIC_0014933.jpg,data/raw/isic2018/masks/ISIC2018_Task1_Training_GroundTruth/ISIC_0014933_segmentation.png,dermoscopic,False,,,,True
isic2018_task1,ISIC_0014937,data/raw/isic2018/images/ISIC2018_Task1-2_Training_Input/ISIC_0014937.jpg,data/raw/isic2018/masks/ISIC2018_Task1_Training_GroundTruth/ISIC_0014937_segmentation.png,dermoscopic,False,,,,True
isic2018_task1,ISIC_0014940,data/raw/isic2018/images/ISIC2018_Task1-2_Training_Input/ISIC_0014940.jpg,data/raw/isic2018/masks/ISIC2018_Task1_Training_GroundTruth/ISIC_0014940_segmentation.png,dermoscopic,False,,,,True
isic2018_task1,ISIC_0014941,data/raw/isic2018/images/ISIC2018_Task1-2_Training_Input/ISIC_0014941.jpg,data/raw/isic2018/masks/ISIC2018_Task1_Training_GroundTruth/ISIC_0014941_segmentation.png,dermoscopic,False,,,,True
isic2018_task1,ISIC_0014943,data/raw/isic2018/images/ISIC2018_Task1-2_Training_Input/ISIC_0014943.jpg,data/raw/isic2018/masks/ISIC2018_Task1_Training_GroundTruth/ISIC_0014943_segmentation.png,dermoscopic,False,,,,True
isic2018_task1,ISIC_0014944,data/raw/isic2018/images/ISIC2018_Task1-2_Training_Input/ISIC_0014944.jpg,data/raw/isic2018/masks/ISIC2018_Task1_Training_GroundTruth/ISIC_0014944_segmentation.png,dermoscopic,False,,,,True
isic2018_task1,ISIC_0014945,data/raw/isic2018/images/ISIC2018_Task1-2_Training_Input/ISIC_0014945.jpg,data/raw/isic2018/masks/ISIC2018_Task1_Training_GroundTruth/ISIC_0014945_segmentation.png,dermoscopic,False,,,,True
isic2018_task1,ISIC_0014946,data/raw/isic2018/images/ISIC2018_Task1-2_Training_Input/ISIC_0014946.jpg,data/raw/isic2018/masks/ISIC2018_Task1_Training_GroundTruth/ISIC_0014946_segmentation.png,dermoscopic,False,,,,True
isic2018_task1,ISIC_0014947,data/raw/isic2018/images/ISIC2018_Task1-2_Training_Input/ISIC_0014947.jpg,data/raw/isic2018/masks/ISIC2018_Task1_Training_GroundTruth/ISIC_0014947_segmentation.png,dermoscopic,False,,,,True
isic2018_task1,ISIC_0014948,data/raw/isic2018/images/ISIC2018_Task1-2_Training_Input/ISIC_0014948.jpg,data/raw/isic2018/masks/ISIC2018_Task1_Training_GroundTruth/ISIC_0014948_segmentation.png,dermoscopic,False,,,,True
isic2018_task1,ISIC_0014949,data/raw/isic2018/images/ISIC2018_Task1-2_Training_Input/ISIC_0014949.jpg,data/raw/isic2018/masks/ISIC2018_Task1_Training_GroundTruth/ISIC_0014949_segmentation.png,dermoscopic,False,,,,True
isic2018_task1,ISIC_0014951,data/raw/isic2018/images/ISIC2018_Task1-2_Training_Input/ISIC_0014951.jpg,data/raw/isic2018/masks/ISIC2018_Task1_Training_GroundTruth/ISIC_0014951_segmentation.png,dermoscopic,False,,,,True
isic2018_task1,ISIC_0014955,data/raw/isic2018/images/ISIC2018_Task1-2_Training_Input/ISIC_0014955.jpg,data/raw/isic2018/masks/ISIC2018_Task1_Training_GroundTruth/ISIC_0014955_segmentation.png,dermoscopic,False,,,,True
isic2018_task1,ISIC_0014956,data/raw/isic2018/images/ISIC2018_Task1-2_Training_Input/ISIC_0014956.jpg,data/raw/isic2018/masks/ISIC2018_Task1_Training_GroundTruth/ISIC_0014956_segmentation.png,dermoscopic,False,,,,True
isic2018_task1,ISIC_0014957,data/raw/isic2018/images/ISIC2018_Task1-2_Training_Input/ISIC_0014957.jpg,data/raw/isic2018/masks/ISIC2018_Task1_Training_GroundTruth/ISIC_0014957_segmentation.png,dermoscopic,False,,,,True
isic2018_task1,ISIC_0014958,data/raw/isic2018/images/ISIC2018_Task1-2_Training_Input/ISIC_0014958.jpg,data/raw/isic2018/masks/ISIC2018_Task1_Training_GroundTruth/ISIC_0014958_segmentation.png,dermoscopic,False,,,,True
isic2018_task1,ISIC_0014961,data/raw/isic2018/images/ISIC2018_Task1-2_Training_Input/ISIC_0014961.jpg,data/raw/isic2018/masks/ISIC2018_Task1_Training_GroundTruth/ISIC_0014961_segmentation.png,dermoscopic,False,,,,True
isic2018_task1,ISIC_0014962,data/raw/isic2018/images/ISIC2018_Task1-2_Training_Input/ISIC_0014962.jpg,data/raw/isic2018/masks/ISIC2018_Task1_Training_GroundTruth/ISIC_0014962_segmentation.png,dermoscopic,False,,,,True
isic2018_task1,ISIC_0014963,data/raw/isic2018/images/ISIC2018_Task1-2_Training_Input/ISIC_0014963.jpg,data/raw/isic2018/masks/ISIC2018_Task1_Training_GroundTruth/ISIC_0014963_segmentation.png,dermoscopic,False,,,,True
isic2018_task1,ISIC_0014964,data/raw/isic2018/images/ISIC2018_Task1-2_Training_Input/ISIC_0014964.jpg,data/raw/isic2018/masks/ISIC2018_Task1_Training_GroundTruth/ISIC_0014964_segmentation.png,dermoscopic,False,,,,True
isic2018_task1,ISIC_0014966,data/raw/isic2018/images/ISIC2018_Task1-2_Training_Input/ISIC_0014966.jpg,data/raw/isic2018/masks/ISIC2018_Task1_Training_GroundTruth/ISIC_0014966_segmentation.png,dermoscopic,False,,,,True
isic2018_task1,ISIC_0014968,data/raw/isic2018/images/ISIC2018_Task1-2_Training_Input/ISIC_0014968.jpg,data/raw/isic2018/masks/ISIC2018_Task1_Training_GroundTruth/ISIC_0014968_segmentation.png,dermoscopic,False,,,,True
isic2018_task1,ISIC_0014973,data/raw/isic2018/images/ISIC2018_Task1-2_Training_Input/ISIC_0014973.jpg,data/raw/isic2018/masks/ISIC2018_Task1_Training_GroundTruth/ISIC_0014973_segmentation.png,dermoscopic,False,,,,True
isic2018_task1,ISIC_0014974,data/raw/isic2018/images/ISIC2018_Task1-2_Training_Input/ISIC_0014974.jpg,data/raw/isic2018/masks/ISIC2018_Task1_Training_GroundTruth/ISIC_0014974_segmentation.png,dermoscopic,False,,,,True
isic2018_task1,ISIC_0014975,data/raw/isic2018/images/ISIC2018_Task1-2_Training_Input/ISIC_0014975.jpg,data/raw/isic2018/masks/ISIC2018_Task1_Training_GroundTruth/ISIC_0014975_segmentation.png,dermoscopic,False,,,,True
isic2018_task1,ISIC_0014979,data/raw/isic2018/images/ISIC2018_Task1-2_Training_Input/ISIC_0014979.jpg,data/raw/isic2018/masks/ISIC2018_Task1_Training_GroundTruth/ISIC_0014979_segmentation.png,dermoscopic,False,,,,True
isic2018_task1,ISIC_0014983,data/raw/isic2018/images/ISIC2018_Task1-2_Training_Input/ISIC_0014983.jpg,data/raw/isic2018/masks/ISIC2018_Task1_Training_GroundTruth/ISIC_0014983_segmentation.png,dermoscopic,False,,,,True
isic2018_task1,ISIC_0014985,data/raw/isic2018/images/ISIC2018_Task1-2_Training_Input/ISIC_0014985.jpg,data/raw/isic2018/masks/ISIC2018_Task1_Training_GroundTruth/ISIC_0014985_segmentation.png,dermoscopic,False,,,,True
isic2018_task1,ISIC_0014989,data/raw/isic2018/images/ISIC2018_Task1-2_Training_Input/ISIC_0014989.jpg,data/raw/isic2018/masks/ISIC2018_Task1_Training_GroundTruth/ISIC_0014989_segmentation.png,dermoscopic,False,,,,True
isic2018_task1,ISIC_0014992,data/raw/isic2018/images/ISIC2018_Task1-2_Training_Input/ISIC_0014992.jpg,data/raw/isic2018/masks/ISIC2018_Task1_Training_GroundTruth/ISIC_0014992_segmentation.png,dermoscopic,False,,,,True
isic2018_task1,ISIC_0014994,data/raw/isic2018/images/ISIC2018_Task1-2_Training_Input/ISIC_0014994.jpg,data/raw/isic2018/masks/ISIC2018_Task1_Training_GroundTruth/ISIC_0014994_segmentation.png,dermoscopic,False,,,,True
isic2018_task1,ISIC_0014998,data/raw/isic2018/images/ISIC2018_Task1-2_Training_Input/ISIC_0014998.jpg,data/raw/isic2018/masks/ISIC2018_Task1_Training_GroundTruth/ISIC_0014998_segmentation.png,dermoscopic,False,,,,True
isic2018_task1,ISIC_0015002,data/raw/isic2018/images/ISIC2018_Task1-2_Training_Input/ISIC_0015002.jpg,data/raw/isic2018/masks/ISIC2018_Task1_Training_GroundTruth/ISIC_0015002_segmentation.png,dermoscopic,False,,,,True
isic2018_task1,ISIC_0015003,data/raw/isic2018/images/ISIC2018_Task1-2_Training_Input/ISIC_0015003.jpg,data/raw/isic2018/masks/ISIC2018_Task1_Training_GroundTruth/ISIC_0015003_segmentation.png,dermoscopic,False,,,,True
isic2018_task1,ISIC_0015007,data/raw/isic2018/images/ISIC2018_Task1-2_Training_Input/ISIC_0015007.jpg,data/raw/isic2018/masks/ISIC2018_Task1_Training_GroundTruth/ISIC_0015007_segmentation.png,dermoscopic,False,,,,True
isic2018_task1,ISIC_0015009,data/raw/isic2018/images/ISIC2018_Task1-2_Training_Input/ISIC_0015009.jpg,data/raw/isic2018/masks/ISIC2018_Task1_Training_GroundTruth/ISIC_0015009_segmentation.png,dermoscopic,False,,,,True
isic2018_task1,ISIC_0015011,data/raw/isic2018/images/ISIC2018_Task1-2_Training_Input/ISIC_0015011.jpg,data/raw/isic2018/masks/ISIC2018_Task1_Training_GroundTruth/ISIC_0015011_segmentation.png,dermoscopic,False,,,,True
isic2018_task1,ISIC_0015013,data/raw/isic2018/images/ISIC2018_Task1-2_Training_Input/ISIC_0015013.jpg,data/raw/isic2018/masks/ISIC2018_Task1_Training_GroundTruth/ISIC_0015013_segmentation.png,dermoscopic,False,,,,True
isic2018_task1,ISIC_0015018,data/raw/isic2018/images/ISIC2018_Task1-2_Training_Input/ISIC_0015018.jpg,data/raw/isic2018/masks/ISIC2018_Task1_Training_GroundTruth/ISIC_0015018_segmentation.png,dermoscopic,False,,,,True
isic2018_task1,ISIC_0015019,data/raw/isic2018/images/ISIC2018_Task1-2_Training_Input/ISIC_0015019.jpg,data/raw/isic2018/masks/ISIC2018_Task1_Training_GroundTruth/ISIC_0015019_segmentation.png,dermoscopic,False,,,,True
isic2018_task1,ISIC_0015020,data/raw/isic2018/images/ISIC2018_Task1-2_Training_Input/ISIC_0015020.jpg,data/raw/isic2018/masks/ISIC2018_Task1_Training_GroundTruth/ISIC_0015020_segmentation.png,dermoscopic,False,,,,True
isic2018_task1,ISIC_0015021,data/raw/isic2018/images/ISIC2018_Task1-2_Training_Input/ISIC_0015021.jpg,data/raw/isic2018/masks/ISIC2018_Task1_Training_GroundTruth/ISIC_0015021_segmentation.png,dermoscopic,False,,,,True
isic2018_task1,ISIC_0015023,data/raw/isic2018/images/ISIC2018_Task1-2_Training_Input/ISIC_0015023.jpg,data/raw/isic2018/masks/ISIC2018_Task1_Training_GroundTruth/ISIC_0015023_segmentation.png,dermoscopic,False,,,,True
isic2018_task1,ISIC_0015026,data/raw/isic2018/images/ISIC2018_Task1-2_Training_Input/ISIC_0015026.jpg,data/raw/isic2018/masks/ISIC2018_Task1_Training_GroundTruth/ISIC_0015026_segmentation.png,dermoscopic,False,,,,True
isic2018_task1,ISIC_0015030,data/raw/isic2018/images/ISIC2018_Task1-2_Training_Input/ISIC_0015030.jpg,data/raw/isic2018/masks/ISIC2018_Task1_Training_GroundTruth/ISIC_0015030_segmentation.png,dermoscopic,False,,,,True
isic2018_task1,ISIC_0015031,data/raw/isic2018/images/ISIC2018_Task1-2_Training_Input/ISIC_0015031.jpg,data/raw/isic2018/masks/ISIC2018_Task1_Training_GroundTruth/ISIC_0015031_segmentation.png,dermoscopic,False,,,,True
isic2018_task1,ISIC_0015032,data/raw/isic2018/images/ISIC2018_Task1-2_Training_Input/ISIC_0015032.jpg,data/raw/isic2018/masks/ISIC2018_Task1_Training_GroundTruth/ISIC_0015032_segmentation.png,dermoscopic,False,,,,True
isic2018_task1,ISIC_0015034,data/raw/isic2018/images/ISIC2018_Task1-2_Training_Input/ISIC_0015034.jpg,data/raw/isic2018/masks/ISIC2018_Task1_Training_GroundTruth/ISIC_0015034_segmentation.png,dermoscopic,False,,,,True
isic2018_task1,ISIC_0015037,data/raw/isic2018/images/ISIC2018_Task1-2_Training_Input/ISIC_0015037.jpg,data/raw/isic2018/masks/ISIC2018_Task1_Training_GroundTruth/ISIC_0015037_segmentation.png,dermoscopic,False,,,,True
isic2018_task1,ISIC_0015041,data/raw/isic2018/images/ISIC2018_Task1-2_Training_Input/ISIC_0015041.jpg,data/raw/isic2018/masks/ISIC2018_Task1_Training_GroundTruth/ISIC_0015041_segmentation.png,dermoscopic,False,,,,True
isic2018_task1,ISIC_0015043,data/raw/isic2018/images/ISIC2018_Task1-2_Training_Input/ISIC_0015043.jpg,data/raw/isic2018/masks/ISIC2018_Task1_Training_GroundTruth/ISIC_0015043_segmentation.png,dermoscopic,False,,,,True
isic2018_task1,ISIC_0015044,data/raw/isic2018/images/ISIC2018_Task1-2_Training_Input/ISIC_0015044.jpg,data/raw/isic2018/masks/ISIC2018_Task1_Training_GroundTruth/ISIC_0015044_segmentation.png,dermoscopic,False,,,,True
isic2018_task1,ISIC_0015046,data/raw/isic2018/images/ISIC2018_Task1-2_Training_Input/ISIC_0015046.jpg,data/raw/isic2018/masks/ISIC2018_Task1_Training_GroundTruth/ISIC_0015046_segmentation.png,dermoscopic,False,,,,True
isic2018_task1,ISIC_0015050,data/raw/isic2018/images/ISIC2018_Task1-2_Training_Input/ISIC_0015050.jpg,data/raw/isic2018/masks/ISIC2018_Task1_Training_GroundTruth/ISIC_0015050_segmentation.png,dermoscopic,False,,,,True
isic2018_task1,ISIC_0015051,data/raw/isic2018/images/ISIC2018_Task1-2_Training_Input/ISIC_0015051.jpg,data/raw/isic2018/masks/ISIC2018_Task1_Training_GroundTruth/ISIC_0015051_segmentation.png,dermoscopic,False,,,,True
isic2018_task1,ISIC_0015056,data/raw/isic2018/images/ISIC2018_Task1-2_Training_Input/ISIC_0015056.jpg,data/raw/isic2018/masks/ISIC2018_Task1_Training_GroundTruth/ISIC_0015056_segmentation.png,dermoscopic,False,,,,True
isic2018_task1,ISIC_0015060,data/raw/isic2018/images/ISIC2018_Task1-2_Training_Input/ISIC_0015060.jpg,data/raw/isic2018/masks/ISIC2018_Task1_Training_GroundTruth/ISIC_0015060_segmentation.png,dermoscopic,False,,,,True
isic2018_task1,ISIC_0015062,data/raw/isic2018/images/ISIC2018_Task1-2_Training_Input/ISIC_0015062.jpg,data/raw/isic2018/masks/ISIC2018_Task1_Training_GroundTruth/ISIC_0015062_segmentation.png,dermoscopic,False,,,,True
isic2018_task1,ISIC_0015064,data/raw/isic2018/images/ISIC2018_Task1-2_Training_Input/ISIC_0015064.jpg,data/raw/isic2018/masks/ISIC2018_Task1_Training_GroundTruth/ISIC_0015064_segmentation.png,dermoscopic,False,,,,True
isic2018_task1,ISIC_0015071,data/raw/isic2018/images/ISIC2018_Task1-2_Training_Input/ISIC_0015071.jpg,data/raw/isic2018/masks/ISIC2018_Task1_Training_GroundTruth/ISIC_0015071_segmentation.png,dermoscopic,False,,,,True
isic2018_task1,ISIC_0015079,data/raw/isic2018/images/ISIC2018_Task1-2_Training_Input/ISIC_0015079.jpg,data/raw/isic2018/masks/ISIC2018_Task1_Training_GroundTruth/ISIC_0015079_segmentation.png,dermoscopic,False,,,,True
isic2018_task1,ISIC_0015082,data/raw/isic2018/images/ISIC2018_Task1-2_Training_Input/ISIC_0015082.jpg,data/raw/isic2018/masks/ISIC2018_Task1_Training_GroundTruth/ISIC_0015082_segmentation.png,dermoscopic,False,,,,True
isic2018_task1,ISIC_0015089,data/raw/isic2018/images/ISIC2018_Task1-2_Training_Input/ISIC_0015089.jpg,data/raw/isic2018/masks/ISIC2018_Task1_Training_GroundTruth/ISIC_0015089_segmentation.png,dermoscopic,False,,,,True
isic2018_task1,ISIC_0015102,data/raw/isic2018/images/ISIC2018_Task1-2_Training_Input/ISIC_0015102.jpg,data/raw/isic2018/masks/ISIC2018_Task1_Training_GroundTruth/ISIC_0015102_segmentation.png,dermoscopic,False,,,,True
isic2018_task1,ISIC_0015108,data/raw/isic2018/images/ISIC2018_Task1-2_Training_Input/ISIC_0015108.jpg,data/raw/isic2018/masks/ISIC2018_Task1_Training_GroundTruth/ISIC_0015108_segmentation.png,dermoscopic,False,,,,True
isic2018_task1,ISIC_0015109,data/raw/isic2018/images/ISIC2018_Task1-2_Training_Input/ISIC_0015109.jpg,data/raw/isic2018/masks/ISIC2018_Task1_Training_GroundTruth/ISIC_0015109_segmentation.png,dermoscopic,False,,,,True
isic2018_task1,ISIC_0015110,data/raw/isic2018/images/ISIC2018_Task1-2_Training_Input/ISIC_0015110.jpg,data/raw/isic2018/masks/ISIC2018_Task1_Training_GroundTruth/ISIC_0015110_segmentation.png,dermoscopic,False,,,,True
isic2018_task1,ISIC_0015113,data/raw/isic2018/images/ISIC2018_Task1-2_Training_Input/ISIC_0015113.jpg,data/raw/isic2018/masks/ISIC2018_Task1_Training_GroundTruth/ISIC_0015113_segmentation.png,dermoscopic,False,,,,True
isic2018_task1,ISIC_0015118,data/raw/isic2018/images/ISIC2018_Task1-2_Training_Input/ISIC_0015118.jpg,data/raw/isic2018/masks/ISIC2018_Task1_Training_GroundTruth/ISIC_0015118_segmentation.png,dermoscopic,False,,,,True
isic2018_task1,ISIC_0015124,data/raw/isic2018/images/ISIC2018_Task1-2_Training_Input/ISIC_0015124.jpg,data/raw/isic2018/masks/ISIC2018_Task1_Training_GroundTruth/ISIC_0015124_segmentation.png,dermoscopic,False,,,,True
isic2018_task1,ISIC_0015125,data/raw/isic2018/images/ISIC2018_Task1-2_Training_Input/ISIC_0015125.jpg,data/raw/isic2018/masks/ISIC2018_Task1_Training_GroundTruth/ISIC_0015125_segmentation.png,dermoscopic,False,,,,True
isic2018_task1,ISIC_0015127,data/raw/isic2018/images/ISIC2018_Task1-2_Training_Input/ISIC_0015127.jpg,data/raw/isic2018/masks/ISIC2018_Task1_Training_GroundTruth/ISIC_0015127_segmentation.png,dermoscopic,False,,,,True
isic2018_task1,ISIC_0015129,data/raw/isic2018/images/ISIC2018_Task1-2_Training_Input/ISIC_0015129.jpg,data/raw/isic2018/masks/ISIC2018_Task1_Training_GroundTruth/ISIC_0015129_segmentation.png,dermoscopic,False,,,,True
isic2018_task1,ISIC_0015130,data/raw/isic2018/images/ISIC2018_Task1-2_Training_Input/ISIC_0015130.jpg,data/raw/isic2018/masks/ISIC2018_Task1_Training_GroundTruth/ISIC_0015130_segmentation.png,dermoscopic,False,,,,True
isic2018_task1,ISIC_0015132,data/raw/isic2018/images/ISIC2018_Task1-2_Training_Input/ISIC_0015132.jpg,data/raw/isic2018/masks/ISIC2018_Task1_Training_GroundTruth/ISIC_0015132_segmentation.png,dermoscopic,False,,,,True
isic2018_task1,ISIC_0015133,data/raw/isic2018/images/ISIC2018_Task1-2_Training_Input/ISIC_0015133.jpg,data/raw/isic2018/masks/ISIC2018_Task1_Training_GroundTruth/ISIC_0015133_segmentation.png,dermoscopic,False,,,,True
isic2018_task1,ISIC_0015136,data/raw/isic2018/images/ISIC2018_Task1-2_Training_Input/ISIC_0015136.jpg,data/raw/isic2018/masks/ISIC2018_Task1_Training_GroundTruth/ISIC_0015136_segmentation.png,dermoscopic,False,,,,True
isic2018_task1,ISIC_0015139,data/raw/isic2018/images/ISIC2018_Task1-2_Training_Input/ISIC_0015139.jpg,data/raw/isic2018/masks/ISIC2018_Task1_Training_GroundTruth/ISIC_0015139_segmentation.png,dermoscopic,False,,,,True
isic2018_task1,ISIC_0015140,data/raw/isic2018/images/ISIC2018_Task1-2_Training_Input/ISIC_0015140.jpg,data/raw/isic2018/masks/ISIC2018_Task1_Training_GroundTruth/ISIC_0015140_segmentation.png,dermoscopic,False,,,,True
isic2018_task1,ISIC_0015142,data/raw/isic2018/images/ISIC2018_Task1-2_Training_Input/ISIC_0015142.jpg,data/raw/isic2018/masks/ISIC2018_Task1_Training_GroundTruth/ISIC_0015142_segmentation.png,dermoscopic,False,,,,True
isic2018_task1,ISIC_0015146,data/raw/isic2018/images/ISIC2018_Task1-2_Training_Input/ISIC_0015146.jpg,data/raw/isic2018/masks/ISIC2018_Task1_Training_GroundTruth/ISIC_0015146_segmentation.png,dermoscopic,False,,,,True
isic2018_task1,ISIC_0015149,data/raw/isic2018/images/ISIC2018_Task1-2_Training_Input/ISIC_0015149.jpg,data/raw/isic2018/masks/ISIC2018_Task1_Training_GroundTruth/ISIC_0015149_segmentation.png,dermoscopic,False,,,,True
isic2018_task1,ISIC_0015150,data/raw/isic2018/images/ISIC2018_Task1-2_Training_Input/ISIC_0015150.jpg,data/raw/isic2018/masks/ISIC2018_Task1_Training_GroundTruth/ISIC_0015150_segmentation.png,dermoscopic,False,,,,True
isic2018_task1,ISIC_0015152,data/raw/isic2018/images/ISIC2018_Task1-2_Training_Input/ISIC_0015152.jpg,data/raw/isic2018/masks/ISIC2018_Task1_Training_GroundTruth/ISIC_0015152_segmentation.png,dermoscopic,False,,,,True
isic2018_task1,ISIC_0015153,data/raw/isic2018/images/ISIC2018_Task1-2_Training_Input/ISIC_0015153.jpg,data/raw/isic2018/masks/ISIC2018_Task1_Training_GroundTruth/ISIC_0015153_segmentation.png,dermoscopic,False,,,,True
isic2018_task1,ISIC_0015156,data/raw/isic2018/images/ISIC2018_Task1-2_Training_Input/ISIC_0015156.jpg,data/raw/isic2018/masks/ISIC2018_Task1_Training_GroundTruth/ISIC_0015156_segmentation.png,dermoscopic,False,,,,True
isic2018_task1,ISIC_0015157,data/raw/isic2018/images/ISIC2018_Task1-2_Training_Input/ISIC_0015157.jpg,data/raw/isic2018/masks/ISIC2018_Task1_Training_GroundTruth/ISIC_0015157_segmentation.png,dermoscopic,False,,,,True
isic2018_task1,ISIC_0015158,data/raw/isic2018/images/ISIC2018_Task1-2_Training_Input/ISIC_0015158.jpg,data/raw/isic2018/masks/ISIC2018_Task1_Training_GroundTruth/ISIC_0015158_segmentation.png,dermoscopic,False,,,,True
isic2018_task1,ISIC_0015160,data/raw/isic2018/images/ISIC2018_Task1-2_Training_Input/ISIC_0015160.jpg,data/raw/isic2018/masks/ISIC2018_Task1_Training_GroundTruth/ISIC_0015160_segmentation.png,dermoscopic,False,,,,True
isic2018_task1,ISIC_0015161,data/raw/isic2018/images/ISIC2018_Task1-2_Training_Input/ISIC_0015161.jpg,data/raw/isic2018/masks/ISIC2018_Task1_Training_GroundTruth/ISIC_0015161_segmentation.png,dermoscopic,False,,,,True
isic2018_task1,ISIC_0015166,data/raw/isic2018/images/ISIC2018_Task1-2_Training_Input/ISIC_0015166.jpg,data/raw/isic2018/masks/ISIC2018_Task1_Training_GroundTruth/ISIC_0015166_segmentation.png,dermoscopic,False,,,,True
isic2018_task1,ISIC_0015167,data/raw/isic2018/images/ISIC2018_Task1-2_Training_Input/ISIC_0015167.jpg,data/raw/isic2018/masks/ISIC2018_Task1_Training_GroundTruth/ISIC_0015167_segmentation.png,dermoscopic,False,,,,True
isic2018_task1,ISIC_0015171,data/raw/isic2018/images/ISIC2018_Task1-2_Training_Input/ISIC_0015171.jpg,data/raw/isic2018/masks/ISIC2018_Task1_Training_GroundTruth/ISIC_0015171_segmentation.png,dermoscopic,False,,,,True
isic2018_task1,ISIC_0015174,data/raw/isic2018/images/ISIC2018_Task1-2_Training_Input/ISIC_0015174.jpg,data/raw/isic2018/masks/ISIC2018_Task1_Training_GroundTruth/ISIC_0015174_segmentation.png,dermoscopic,False,,,,True
isic2018_task1,ISIC_0015180,data/raw/isic2018/images/ISIC2018_Task1-2_Training_Input/ISIC_0015180.jpg,data/raw/isic2018/masks/ISIC2018_Task1_Training_GroundTruth/ISIC_0015180_segmentation.png,dermoscopic,False,,,,True
isic2018_task1,ISIC_0015184,data/raw/isic2018/images/ISIC2018_Task1-2_Training_Input/ISIC_0015184.jpg,data/raw/isic2018/masks/ISIC2018_Task1_Training_GroundTruth/ISIC_0015184_segmentation.png,dermoscopic,False,,,,True
isic2018_task1,ISIC_0015185,data/raw/isic2018/images/ISIC2018_Task1-2_Training_Input/ISIC_0015185.jpg,data/raw/isic2018/masks/ISIC2018_Task1_Training_GroundTruth/ISIC_0015185_segmentation.png,dermoscopic,False,,,,True
isic2018_task1,ISIC_0015189,data/raw/isic2018/images/ISIC2018_Task1-2_Training_Input/ISIC_0015189.jpg,data/raw/isic2018/masks/ISIC2018_Task1_Training_GroundTruth/ISIC_0015189_segmentation.png,dermoscopic,False,,,,True
isic2018_task1,ISIC_0015190,data/raw/isic2018/images/ISIC2018_Task1-2_Training_Input/ISIC_0015190.jpg,data/raw/isic2018/masks/ISIC2018_Task1_Training_GroundTruth/ISIC_0015190_segmentation.png,dermoscopic,False,,,,True
isic2018_task1,ISIC_0015193,data/raw/isic2018/images/ISIC2018_Task1-2_Training_Input/ISIC_0015193.jpg,data/raw/isic2018/masks/ISIC2018_Task1_Training_GroundTruth/ISIC_0015193_segmentation.png,dermoscopic,False,,,,True
isic2018_task1,ISIC_0015200,data/raw/isic2018/images/ISIC2018_Task1-2_Training_Input/ISIC_0015200.jpg,data/raw/isic2018/masks/ISIC2018_Task1_Training_GroundTruth/ISIC_0015200_segmentation.png,dermoscopic,False,,,,True
isic2018_task1,ISIC_0015201,data/raw/isic2018/images/ISIC2018_Task1-2_Training_Input/ISIC_0015201.jpg,data/raw/isic2018/masks/ISIC2018_Task1_Training_GroundTruth/ISIC_0015201_segmentation.png,dermoscopic,False,,,,True
isic2018_task1,ISIC_0015202,data/raw/isic2018/images/ISIC2018_Task1-2_Training_Input/ISIC_0015202.jpg,data/raw/isic2018/masks/ISIC2018_Task1_Training_GroundTruth/ISIC_0015202_segmentation.png,dermoscopic,False,,,,True
isic2018_task1,ISIC_0015203,data/raw/isic2018/images/ISIC2018_Task1-2_Training_Input/ISIC_0015203.jpg,data/raw/isic2018/masks/ISIC2018_Task1_Training_GroundTruth/ISIC_0015203_segmentation.png,dermoscopic,False,,,,True
isic2018_task1,ISIC_0015204,data/raw/isic2018/images/ISIC2018_Task1-2_Training_Input/ISIC_0015204.jpg,data/raw/isic2018/masks/ISIC2018_Task1_Training_GroundTruth/ISIC_0015204_segmentation.png,dermoscopic,False,,,,True
isic2018_task1,ISIC_0015206,data/raw/isic2018/images/ISIC2018_Task1-2_Training_Input/ISIC_0015206.jpg,data/raw/isic2018/masks/ISIC2018_Task1_Training_GroundTruth/ISIC_0015206_segmentation.png,dermoscopic,False,,,,True
isic2018_task1,ISIC_0015207,data/raw/isic2018/images/ISIC2018_Task1-2_Training_Input/ISIC_0015207.jpg,data/raw/isic2018/masks/ISIC2018_Task1_Training_GroundTruth/ISIC_0015207_segmentation.png,dermoscopic,False,,,,True
isic2018_task1,ISIC_0015208,data/raw/isic2018/images/ISIC2018_Task1-2_Training_Input/ISIC_0015208.jpg,data/raw/isic2018/masks/ISIC2018_Task1_Training_GroundTruth/ISIC_0015208_segmentation.png,dermoscopic,False,,,,True
isic2018_task1,ISIC_0015211,data/raw/isic2018/images/ISIC2018_Task1-2_Training_Input/ISIC_0015211.jpg,data/raw/isic2018/masks/ISIC2018_Task1_Training_GroundTruth/ISIC_0015211_segmentation.png,dermoscopic,False,,,,True
isic2018_task1,ISIC_0015212,data/raw/isic2018/images/ISIC2018_Task1-2_Training_Input/ISIC_0015212.jpg,data/raw/isic2018/masks/ISIC2018_Task1_Training_GroundTruth/ISIC_0015212_segmentation.png,dermoscopic,False,,,,True
isic2018_task1,ISIC_0015215,data/raw/isic2018/images/ISIC2018_Task1-2_Training_Input/ISIC_0015215.jpg,data/raw/isic2018/masks/ISIC2018_Task1_Training_GroundTruth/ISIC_0015215_segmentation.png,dermoscopic,False,,,,True
isic2018_task1,ISIC_0015218,data/raw/isic2018/images/ISIC2018_Task1-2_Training_Input/ISIC_0015218.jpg,data/raw/isic2018/masks/ISIC2018_Task1_Training_GroundTruth/ISIC_0015218_segmentation.png,dermoscopic,False,,,,True
isic2018_task1,ISIC_0015219,data/raw/isic2018/images/ISIC2018_Task1-2_Training_Input/ISIC_0015219.jpg,data/raw/isic2018/masks/ISIC2018_Task1_Training_GroundTruth/ISIC_0015219_segmentation.png,dermoscopic,False,,,,True
isic2018_task1,ISIC_0015220,data/raw/isic2018/images/ISIC2018_Task1-2_Training_Input/ISIC_0015220.jpg,data/raw/isic2018/masks/ISIC2018_Task1_Training_GroundTruth/ISIC_0015220_segmentation.png,dermoscopic,False,,,,True
isic2018_task1,ISIC_0015229,data/raw/isic2018/images/ISIC2018_Task1-2_Training_Input/ISIC_0015229.jpg,data/raw/isic2018/masks/ISIC2018_Task1_Training_GroundTruth/ISIC_0015229_segmentation.png,dermoscopic,False,,,,True
isic2018_task1,ISIC_0015232,data/raw/isic2018/images/ISIC2018_Task1-2_Training_Input/ISIC_0015232.jpg,data/raw/isic2018/masks/ISIC2018_Task1_Training_GroundTruth/ISIC_0015232_segmentation.png,dermoscopic,False,,,,True
isic2018_task1,ISIC_0015233,data/raw/isic2018/images/ISIC2018_Task1-2_Training_Input/ISIC_0015233.jpg,data/raw/isic2018/masks/ISIC2018_Task1_Training_GroundTruth/ISIC_0015233_segmentation.png,dermoscopic,False,,,,True
isic2018_task1,ISIC_0015237,data/raw/isic2018/images/ISIC2018_Task1-2_Training_Input/ISIC_0015237.jpg,data/raw/isic2018/masks/ISIC2018_Task1_Training_GroundTruth/ISIC_0015237_segmentation.png,dermoscopic,False,,,,True
isic2018_task1,ISIC_0015241,data/raw/isic2018/images/ISIC2018_Task1-2_Training_Input/ISIC_0015241.jpg,data/raw/isic2018/masks/ISIC2018_Task1_Training_GroundTruth/ISIC_0015241_segmentation.png,dermoscopic,False,,,,True
isic2018_task1,ISIC_0015243,data/raw/isic2018/images/ISIC2018_Task1-2_Training_Input/ISIC_0015243.jpg,data/raw/isic2018/masks/ISIC2018_Task1_Training_GroundTruth/ISIC_0015243_segmentation.png,dermoscopic,False,,,,True
isic2018_task1,ISIC_0015244,data/raw/isic2018/images/ISIC2018_Task1-2_Training_Input/ISIC_0015244.jpg,data/raw/isic2018/masks/ISIC2018_Task1_Training_GroundTruth/ISIC_0015244_segmentation.png,dermoscopic,False,,,,True
isic2018_task1,ISIC_0015245,data/raw/isic2018/images/ISIC2018_Task1-2_Training_Input/ISIC_0015245.jpg,data/raw/isic2018/masks/ISIC2018_Task1_Training_GroundTruth/ISIC_0015245_segmentation.png,dermoscopic,False,,,,True
isic2018_task1,ISIC_0015250,data/raw/isic2018/images/ISIC2018_Task1-2_Training_Input/ISIC_0015250.jpg,data/raw/isic2018/masks/ISIC2018_Task1_Training_GroundTruth/ISIC_0015250_segmentation.png,dermoscopic,False,,,,True
isic2018_task1,ISIC_0015254,data/raw/isic2018/images/ISIC2018_Task1-2_Training_Input/ISIC_0015254.jpg,data/raw/isic2018/masks/ISIC2018_Task1_Training_GroundTruth/ISIC_0015254_segmentation.png,dermoscopic,False,,,,True
isic2018_task1,ISIC_0015258,data/raw/isic2018/images/ISIC2018_Task1-2_Training_Input/ISIC_0015258.jpg,data/raw/isic2018/masks/ISIC2018_Task1_Training_GroundTruth/ISIC_0015258_segmentation.png,dermoscopic,False,,,,True
isic2018_task1,ISIC_0015260,data/raw/isic2018/images/ISIC2018_Task1-2_Training_Input/ISIC_0015260.jpg,data/raw/isic2018/masks/ISIC2018_Task1_Training_GroundTruth/ISIC_0015260_segmentation.png,dermoscopic,False,,,,True
isic2018_task1,ISIC_0015264,data/raw/isic2018/images/ISIC2018_Task1-2_Training_Input/ISIC_0015264.jpg,data/raw/isic2018/masks/ISIC2018_Task1_Training_GroundTruth/ISIC_0015264_segmentation.png,dermoscopic,False,,,,True
isic2018_task1,ISIC_0015270,data/raw/isic2018/images/ISIC2018_Task1-2_Training_Input/ISIC_0015270.jpg,data/raw/isic2018/masks/ISIC2018_Task1_Training_GroundTruth/ISIC_0015270_segmentation.png,dermoscopic,False,,,,True
isic2018_task1,ISIC_0015273,data/raw/isic2018/images/ISIC2018_Task1-2_Training_Input/ISIC_0015273.jpg,data/raw/isic2018/masks/ISIC2018_Task1_Training_GroundTruth/ISIC_0015273_segmentation.png,dermoscopic,False,,,,True
isic2018_task1,ISIC_0015274,data/raw/isic2018/images/ISIC2018_Task1-2_Training_Input/ISIC_0015274.jpg,data/raw/isic2018/masks/ISIC2018_Task1_Training_GroundTruth/ISIC_0015274_segmentation.png,dermoscopic,False,,,,True
isic2018_task1,ISIC_0015276,data/raw/isic2018/images/ISIC2018_Task1-2_Training_Input/ISIC_0015276.jpg,data/raw/isic2018/masks/ISIC2018_Task1_Training_GroundTruth/ISIC_0015276_segmentation.png,dermoscopic,False,,,,True
isic2018_task1,ISIC_0015283,data/raw/isic2018/images/ISIC2018_Task1-2_Training_Input/ISIC_0015283.jpg,data/raw/isic2018/masks/ISIC2018_Task1_Training_GroundTruth/ISIC_0015283_segmentation.png,dermoscopic,False,,,,True
isic2018_task1,ISIC_0015284,data/raw/isic2018/images/ISIC2018_Task1-2_Training_Input/ISIC_0015284.jpg,data/raw/isic2018/masks/ISIC2018_Task1_Training_GroundTruth/ISIC_0015284_segmentation.png,dermoscopic,False,,,,True
isic2018_task1,ISIC_0015291,data/raw/isic2018/images/ISIC2018_Task1-2_Training_Input/ISIC_0015291.jpg,data/raw/isic2018/masks/ISIC2018_Task1_Training_GroundTruth/ISIC_0015291_segmentation.png,dermoscopic,False,,,,True
isic2018_task1,ISIC_0015295,data/raw/isic2018/images/ISIC2018_Task1-2_Training_Input/ISIC_0015295.jpg,data/raw/isic2018/masks/ISIC2018_Task1_Training_GroundTruth/ISIC_0015295_segmentation.png,dermoscopic,False,,,,True
isic2018_task1,ISIC_0015309,data/raw/isic2018/images/ISIC2018_Task1-2_Training_Input/ISIC_0015309.jpg,data/raw/isic2018/masks/ISIC2018_Task1_Training_GroundTruth/ISIC_0015309_segmentation.png,dermoscopic,False,,,,True
isic2018_task1,ISIC_0015310,data/raw/isic2018/images/ISIC2018_Task1-2_Training_Input/ISIC_0015310.jpg,data/raw/isic2018/masks/ISIC2018_Task1_Training_GroundTruth/ISIC_0015310_segmentation.png,dermoscopic,False,,,,True
isic2018_task1,ISIC_0015312,data/raw/isic2018/images/ISIC2018_Task1-2_Training_Input/ISIC_0015312.jpg,data/raw/isic2018/masks/ISIC2018_Task1_Training_GroundTruth/ISIC_0015312_segmentation.png,dermoscopic,False,,,,True
isic2018_task1,ISIC_0015330,data/raw/isic2018/images/ISIC2018_Task1-2_Training_Input/ISIC_0015330.jpg,data/raw/isic2018/masks/ISIC2018_Task1_Training_GroundTruth/ISIC_0015330_segmentation.png,dermoscopic,False,,,,True
isic2018_task1,ISIC_0015331,data/raw/isic2018/images/ISIC2018_Task1-2_Training_Input/ISIC_0015331.jpg,data/raw/isic2018/masks/ISIC2018_Task1_Training_GroundTruth/ISIC_0015331_segmentation.png,dermoscopic,False,,,,True
isic2018_task1,ISIC_0015355,data/raw/isic2018/images/ISIC2018_Task1-2_Training_Input/ISIC_0015355.jpg,data/raw/isic2018/masks/ISIC2018_Task1_Training_GroundTruth/ISIC_0015355_segmentation.png,dermoscopic,False,,,,True
isic2018_task1,ISIC_0015357,data/raw/isic2018/images/ISIC2018_Task1-2_Training_Input/ISIC_0015357.jpg,data/raw/isic2018/masks/ISIC2018_Task1_Training_GroundTruth/ISIC_0015357_segmentation.png,dermoscopic,False,,,,True
isic2018_task1,ISIC_0015360,data/raw/isic2018/images/ISIC2018_Task1-2_Training_Input/ISIC_0015360.jpg,data/raw/isic2018/masks/ISIC2018_Task1_Training_GroundTruth/ISIC_0015360_segmentation.png,dermoscopic,False,,,,True
isic2018_task1,ISIC_0015363,data/raw/isic2018/images/ISIC2018_Task1-2_Training_Input/ISIC_0015363.jpg,data/raw/isic2018/masks/ISIC2018_Task1_Training_GroundTruth/ISIC_0015363_segmentation.png,dermoscopic,False,,,,True
isic2018_task1,ISIC_0015368,data/raw/isic2018/images/ISIC2018_Task1-2_Training_Input/ISIC_0015368.jpg,data/raw/isic2018/masks/ISIC2018_Task1_Training_GroundTruth/ISIC_0015368_segmentation.png,dermoscopic,False,,,,True
isic2018_task1,ISIC_0015369,data/raw/isic2018/images/ISIC2018_Task1-2_Training_Input/ISIC_0015369.jpg,data/raw/isic2018/masks/ISIC2018_Task1_Training_GroundTruth/ISIC_0015369_segmentation.png,dermoscopic,False,,,,True
isic2018_task1,ISIC_0015383,data/raw/isic2018/images/ISIC2018_Task1-2_Training_Input/ISIC_0015383.jpg,data/raw/isic2018/masks/ISIC2018_Task1_Training_GroundTruth/ISIC_0015383_segmentation.png,dermoscopic,False,,,,True
isic2018_task1,ISIC_0015390,data/raw/isic2018/images/ISIC2018_Task1-2_Training_Input/ISIC_0015390.jpg,data/raw/isic2018/masks/ISIC2018_Task1_Training_GroundTruth/ISIC_0015390_segmentation.png,dermoscopic,False,,,,True
isic2018_task1,ISIC_0015395,data/raw/isic2018/images/ISIC2018_Task1-2_Training_Input/ISIC_0015395.jpg,data/raw/isic2018/masks/ISIC2018_Task1_Training_GroundTruth/ISIC_0015395_segmentation.png,dermoscopic,False,,,,True
isic2018_task1,ISIC_0015401,data/raw/isic2018/images/ISIC2018_Task1-2_Training_Input/ISIC_0015401.jpg,data/raw/isic2018/masks/ISIC2018_Task1_Training_GroundTruth/ISIC_0015401_segmentation.png,dermoscopic,False,,,,True
isic2018_task1,ISIC_0015403,data/raw/isic2018/images/ISIC2018_Task1-2_Training_Input/ISIC_0015403.jpg,data/raw/isic2018/masks/ISIC2018_Task1_Training_GroundTruth/ISIC_0015403_segmentation.png,dermoscopic,False,,,,True
isic2018_task1,ISIC_0015404,data/raw/isic2018/images/ISIC2018_Task1-2_Training_Input/ISIC_0015404.jpg,data/raw/isic2018/masks/ISIC2018_Task1_Training_GroundTruth/ISIC_0015404_segmentation.png,dermoscopic,False,,,,True
isic2018_task1,ISIC_0015411,data/raw/isic2018/images/ISIC2018_Task1-2_Training_Input/ISIC_0015411.jpg,data/raw/isic2018/masks/ISIC2018_Task1_Training_GroundTruth/ISIC_0015411_segmentation.png,dermoscopic,False,,,,True
isic2018_task1,ISIC_0015412,data/raw/isic2018/images/ISIC2018_Task1-2_Training_Input/ISIC_0015412.jpg,data/raw/isic2018/masks/ISIC2018_Task1_Training_GroundTruth/ISIC_0015412_segmentation.png,dermoscopic,False,,,,True
isic2018_task1,ISIC_0015417,data/raw/isic2018/images/ISIC2018_Task1-2_Training_Input/ISIC_0015417.jpg,data/raw/isic2018/masks/ISIC2018_Task1_Training_GroundTruth/ISIC_0015417_segmentation.png,dermoscopic,False,,,,True
isic2018_task1,ISIC_0015418,data/raw/isic2018/images/ISIC2018_Task1-2_Training_Input/ISIC_0015418.jpg,data/raw/isic2018/masks/ISIC2018_Task1_Training_GroundTruth/ISIC_0015418_segmentation.png,dermoscopic,False,,,,True
isic2018_task1,ISIC_0015436,data/raw/isic2018/images/ISIC2018_Task1-2_Training_Input/ISIC_0015436.jpg,data/raw/isic2018/masks/ISIC2018_Task1_Training_GroundTruth/ISIC_0015436_segmentation.png,dermoscopic,False,,,,True
isic2018_task1,ISIC_0015440,data/raw/isic2018/images/ISIC2018_Task1-2_Training_Input/ISIC_0015440.jpg,data/raw/isic2018/masks/ISIC2018_Task1_Training_GroundTruth/ISIC_0015440_segmentation.png,dermoscopic,False,,,,True
isic2018_task1,ISIC_0015443,data/raw/isic2018/images/ISIC2018_Task1-2_Training_Input/ISIC_0015443.jpg,data/raw/isic2018/masks/ISIC2018_Task1_Training_GroundTruth/ISIC_0015443_segmentation.png,dermoscopic,False,,,,True
isic2018_task1,ISIC_0015445,data/raw/isic2018/images/ISIC2018_Task1-2_Training_Input/ISIC_0015445.jpg,data/raw/isic2018/masks/ISIC2018_Task1_Training_GroundTruth/ISIC_0015445_segmentation.png,dermoscopic,False,,,,True
isic2018_task1,ISIC_0015447,data/raw/isic2018/images/ISIC2018_Task1-2_Training_Input/ISIC_0015447.jpg,data/raw/isic2018/masks/ISIC2018_Task1_Training_GroundTruth/ISIC_0015447_segmentation.png,dermoscopic,False,,,,True
isic2018_task1,ISIC_0015455,data/raw/isic2018/images/ISIC2018_Task1-2_Training_Input/ISIC_0015455.jpg,data/raw/isic2018/masks/ISIC2018_Task1_Training_GroundTruth/ISIC_0015455_segmentation.png,dermoscopic,False,,,,True
isic2018_task1,ISIC_0015464,data/raw/isic2018/images/ISIC2018_Task1-2_Training_Input/ISIC_0015464.jpg,data/raw/isic2018/masks/ISIC2018_Task1_Training_GroundTruth/ISIC_0015464_segmentation.png,dermoscopic,False,,,,True
isic2018_task1,ISIC_0015466,data/raw/isic2018/images/ISIC2018_Task1-2_Training_Input/ISIC_0015466.jpg,data/raw/isic2018/masks/ISIC2018_Task1_Training_GroundTruth/ISIC_0015466_segmentation.png,dermoscopic,False,,,,True
isic2018_task1,ISIC_0015468,data/raw/isic2018/images/ISIC2018_Task1-2_Training_Input/ISIC_0015468.jpg,data/raw/isic2018/masks/ISIC2018_Task1_Training_GroundTruth/ISIC_0015468_segmentation.png,dermoscopic,False,,,,True
isic2018_task1,ISIC_0015476,data/raw/isic2018/images/ISIC2018_Task1-2_Training_Input/ISIC_0015476.jpg,data/raw/isic2018/masks/ISIC2018_Task1_Training_GroundTruth/ISIC_0015476_segmentation.png,dermoscopic,False,,,,True
isic2018_task1,ISIC_0015481,data/raw/isic2018/images/ISIC2018_Task1-2_Training_Input/ISIC_0015481.jpg,data/raw/isic2018/masks/ISIC2018_Task1_Training_GroundTruth/ISIC_0015481_segmentation.png,dermoscopic,False,,,,True
isic2018_task1,ISIC_0015482,data/raw/isic2018/images/ISIC2018_Task1-2_Training_Input/ISIC_0015482.jpg,data/raw/isic2018/masks/ISIC2018_Task1_Training_GroundTruth/ISIC_0015482_segmentation.png,dermoscopic,False,,,,True
isic2018_task1,ISIC_0015483,data/raw/isic2018/images/ISIC2018_Task1-2_Training_Input/ISIC_0015483.jpg,data/raw/isic2018/masks/ISIC2018_Task1_Training_GroundTruth/ISIC_0015483_segmentation.png,dermoscopic,False,,,,True
isic2018_task1,ISIC_0015485,data/raw/isic2018/images/ISIC2018_Task1-2_Training_Input/ISIC_0015485.jpg,data/raw/isic2018/masks/ISIC2018_Task1_Training_GroundTruth/ISIC_0015485_segmentation.png,dermoscopic,False,,,,True
isic2018_task1,ISIC_0015496,data/raw/isic2018/images/ISIC2018_Task1-2_Training_Input/ISIC_0015496.jpg,data/raw/isic2018/masks/ISIC2018_Task1_Training_GroundTruth/ISIC_0015496_segmentation.png,dermoscopic,False,,,,True
isic2018_task1,ISIC_0015510,data/raw/isic2018/images/ISIC2018_Task1-2_Training_Input/ISIC_0015510.jpg,data/raw/isic2018/masks/ISIC2018_Task1_Training_GroundTruth/ISIC_0015510_segmentation.png,dermoscopic,False,,,,True
isic2018_task1,ISIC_0015537,data/raw/isic2018/images/ISIC2018_Task1-2_Training_Input/ISIC_0015537.jpg,data/raw/isic2018/masks/ISIC2018_Task1_Training_GroundTruth/ISIC_0015537_segmentation.png,dermoscopic,False,,,,True
isic2018_task1,ISIC_0015544,data/raw/isic2018/images/ISIC2018_Task1-2_Training_Input/ISIC_0015544.jpg,data/raw/isic2018/masks/ISIC2018_Task1_Training_GroundTruth/ISIC_0015544_segmentation.png,dermoscopic,False,,,,True
isic2018_task1,ISIC_0015559,data/raw/isic2018/images/ISIC2018_Task1-2_Training_Input/ISIC_0015559.jpg,data/raw/isic2018/masks/ISIC2018_Task1_Training_GroundTruth/ISIC_0015559_segmentation.png,dermoscopic,False,,,,True
isic2018_task1,ISIC_0015563,data/raw/isic2018/images/ISIC2018_Task1-2_Training_Input/ISIC_0015563.jpg,data/raw/isic2018/masks/ISIC2018_Task1_Training_GroundTruth/ISIC_0015563_segmentation.png,dermoscopic,False,,,,True
isic2018_task1,ISIC_0015566,data/raw/isic2018/images/ISIC2018_Task1-2_Training_Input/ISIC_0015566.jpg,data/raw/isic2018/masks/ISIC2018_Task1_Training_GroundTruth/ISIC_0015566_segmentation.png,dermoscopic,False,,,,True
isic2018_task1,ISIC_0015568,data/raw/isic2018/images/ISIC2018_Task1-2_Training_Input/ISIC_0015568.jpg,data/raw/isic2018/masks/ISIC2018_Task1_Training_GroundTruth/ISIC_0015568_segmentation.png,dermoscopic,False,,,,True
isic2018_task1,ISIC_0015582,data/raw/isic2018/images/ISIC2018_Task1-2_Training_Input/ISIC_0015582.jpg,data/raw/isic2018/masks/ISIC2018_Task1_Training_GroundTruth/ISIC_0015582_segmentation.png,dermoscopic,False,,,,True
isic2018_task1,ISIC_0015593,data/raw/isic2018/images/ISIC2018_Task1-2_Training_Input/ISIC_0015593.jpg,data/raw/isic2018/masks/ISIC2018_Task1_Training_GroundTruth/ISIC_0015593_segmentation.png,dermoscopic,False,,,,True
isic2018_task1,ISIC_0015607,data/raw/isic2018/images/ISIC2018_Task1-2_Training_Input/ISIC_0015607.jpg,data/raw/isic2018/masks/ISIC2018_Task1_Training_GroundTruth/ISIC_0015607_segmentation.png,dermoscopic,False,,,,True
isic2018_task1,ISIC_0015617,data/raw/isic2018/images/ISIC2018_Task1-2_Training_Input/ISIC_0015617.jpg,data/raw/isic2018/masks/ISIC2018_Task1_Training_GroundTruth/ISIC_0015617_segmentation.png,dermoscopic,False,,,,True
isic2018_task1,ISIC_0015627,data/raw/isic2018/images/ISIC2018_Task1-2_Training_Input/ISIC_0015627.jpg,data/raw/isic2018/masks/ISIC2018_Task1_Training_GroundTruth/ISIC_0015627_segmentation.png,dermoscopic,False,,,,True
isic2018_task1,ISIC_0015631,data/raw/isic2018/images/ISIC2018_Task1-2_Training_Input/ISIC_0015631.jpg,data/raw/isic2018/masks/ISIC2018_Task1_Training_GroundTruth/ISIC_0015631_segmentation.png,dermoscopic,False,,,,True
isic2018_task1,ISIC_0015636,data/raw/isic2018/images/ISIC2018_Task1-2_Training_Input/ISIC_0015636.jpg,data/raw/isic2018/masks/ISIC2018_Task1_Training_GroundTruth/ISIC_0015636_segmentation.png,dermoscopic,False,,,,True
isic2018_task1,ISIC_0015641,data/raw/isic2018/images/ISIC2018_Task1-2_Training_Input/ISIC_0015641.jpg,data/raw/isic2018/masks/ISIC2018_Task1_Training_GroundTruth/ISIC_0015641_segmentation.png,dermoscopic,False,,,,True
isic2018_task1,ISIC_0015645,data/raw/isic2018/images/ISIC2018_Task1-2_Training_Input/ISIC_0015645.jpg,data/raw/isic2018/masks/ISIC2018_Task1_Training_GroundTruth/ISIC_0015645_segmentation.png,dermoscopic,False,,,,True
isic2018_task1,ISIC_0015936,data/raw/isic2018/images/ISIC2018_Task1-2_Training_Input/ISIC_0015936.jpg,data/raw/isic2018/masks/ISIC2018_Task1_Training_GroundTruth/ISIC_0015936_segmentation.png,dermoscopic,False,,,,True
isic2018_task1,ISIC_0015937,data/raw/isic2018/images/ISIC2018_Task1-2_Training_Input/ISIC_0015937.jpg,data/raw/isic2018/masks/ISIC2018_Task1_Training_GroundTruth/ISIC_0015937_segmentation.png,dermoscopic,False,,,,True
isic2018_task1,ISIC_0015941,data/raw/isic2018/images/ISIC2018_Task1-2_Training_Input/ISIC_0015941.jpg,data/raw/isic2018/masks/ISIC2018_Task1_Training_GroundTruth/ISIC_0015941_segmentation.png,dermoscopic,False,,,,True
isic2018_task1,ISIC_0015942,data/raw/isic2018/images/ISIC2018_Task1-2_Training_Input/ISIC_0015942.jpg,data/raw/isic2018/masks/ISIC2018_Task1_Training_GroundTruth/ISIC_0015942_segmentation.png,dermoscopic,False,,,,True
isic2018_task1,ISIC_0015943,data/raw/isic2018/images/ISIC2018_Task1-2_Training_Input/ISIC_0015943.jpg,data/raw/isic2018/masks/ISIC2018_Task1_Training_GroundTruth/ISIC_0015943_segmentation.png,dermoscopic,False,,,,True
isic2018_task1,ISIC_0015944,data/raw/isic2018/images/ISIC2018_Task1-2_Training_Input/ISIC_0015944.jpg,data/raw/isic2018/masks/ISIC2018_Task1_Training_GroundTruth/ISIC_0015944_segmentation.png,dermoscopic,False,,,,True
isic2018_task1,ISIC_0015946,data/raw/isic2018/images/ISIC2018_Task1-2_Training_Input/ISIC_0015946.jpg,data/raw/isic2018/masks/ISIC2018_Task1_Training_GroundTruth/ISIC_0015946_segmentation.png,dermoscopic,False,,,,True
isic2018_task1,ISIC_0015947,data/raw/isic2018/images/ISIC2018_Task1-2_Training_Input/ISIC_0015947.jpg,data/raw/isic2018/masks/ISIC2018_Task1_Training_GroundTruth/ISIC_0015947_segmentation.png,dermoscopic,False,,,,True
isic2018_task1,ISIC_0015948,data/raw/isic2018/images/ISIC2018_Task1-2_Training_Input/ISIC_0015948.jpg,data/raw/isic2018/masks/ISIC2018_Task1_Training_GroundTruth/ISIC_0015948_segmentation.png,dermoscopic,False,,,,True
isic2018_task1,ISIC_0015949,data/raw/isic2018/images/ISIC2018_Task1-2_Training_Input/ISIC_0015949.jpg,data/raw/isic2018/masks/ISIC2018_Task1_Training_GroundTruth/ISIC_0015949_segmentation.png,dermoscopic,False,,,,True
isic2018_task1,ISIC_0015950,data/raw/isic2018/images/ISIC2018_Task1-2_Training_Input/ISIC_0015950.jpg,data/raw/isic2018/masks/ISIC2018_Task1_Training_GroundTruth/ISIC_0015950_segmentation.png,dermoscopic,False,,,,True
isic2018_task1,ISIC_0015951,data/raw/isic2018/images/ISIC2018_Task1-2_Training_Input/ISIC_0015951.jpg,data/raw/isic2018/masks/ISIC2018_Task1_Training_GroundTruth/ISIC_0015951_segmentation.png,dermoscopic,False,,,,True
isic2018_task1,ISIC_0015952,data/raw/isic2018/images/ISIC2018_Task1-2_Training_Input/ISIC_0015952.jpg,data/raw/isic2018/masks/ISIC2018_Task1_Training_GroundTruth/ISIC_0015952_segmentation.png,dermoscopic,False,,,,True
isic2018_task1,ISIC_0015955,data/raw/isic2018/images/ISIC2018_Task1-2_Training_Input/ISIC_0015955.jpg,data/raw/isic2018/masks/ISIC2018_Task1_Training_GroundTruth/ISIC_0015955_segmentation.png,dermoscopic,False,,,,True
isic2018_task1,ISIC_0015956,data/raw/isic2018/images/ISIC2018_Task1-2_Training_Input/ISIC_0015956.jpg,data/raw/isic2018/masks/ISIC2018_Task1_Training_GroundTruth/ISIC_0015956_segmentation.png,dermoscopic,False,,,,True
isic2018_task1,ISIC_0015957,data/raw/isic2018/images/ISIC2018_Task1-2_Training_Input/ISIC_0015957.jpg,data/raw/isic2018/masks/ISIC2018_Task1_Training_GroundTruth/ISIC_0015957_segmentation.png,dermoscopic,False,,,,True
isic2018_task1,ISIC_0015958,data/raw/isic2018/images/ISIC2018_Task1-2_Training_Input/ISIC_0015958.jpg,data/raw/isic2018/masks/ISIC2018_Task1_Training_GroundTruth/ISIC_0015958_segmentation.png,dermoscopic,False,,,,True
isic2018_task1,ISIC_0015960,data/raw/isic2018/images/ISIC2018_Task1-2_Training_Input/ISIC_0015960.jpg,data/raw/isic2018/masks/ISIC2018_Task1_Training_GroundTruth/ISIC_0015960_segmentation.png,dermoscopic,False,,,,True
isic2018_task1,ISIC_0015961,data/raw/isic2018/images/ISIC2018_Task1-2_Training_Input/ISIC_0015961.jpg,data/raw/isic2018/masks/ISIC2018_Task1_Training_GroundTruth/ISIC_0015961_segmentation.png,dermoscopic,False,,,,True
isic2018_task1,ISIC_0015963,data/raw/isic2018/images/ISIC2018_Task1-2_Training_Input/ISIC_0015963.jpg,data/raw/isic2018/masks/ISIC2018_Task1_Training_GroundTruth/ISIC_0015963_segmentation.png,dermoscopic,False,,,,True
isic2018_task1,ISIC_0015964,data/raw/isic2018/images/ISIC2018_Task1-2_Training_Input/ISIC_0015964.jpg,data/raw/isic2018/masks/ISIC2018_Task1_Training_GroundTruth/ISIC_0015964_segmentation.png,dermoscopic,False,,,,True
isic2018_task1,ISIC_0015965,data/raw/isic2018/images/ISIC2018_Task1-2_Training_Input/ISIC_0015965.jpg,data/raw/isic2018/masks/ISIC2018_Task1_Training_GroundTruth/ISIC_0015965_segmentation.png,dermoscopic,False,,,,True
isic2018_task1,ISIC_0015966,data/raw/isic2018/images/ISIC2018_Task1-2_Training_Input/ISIC_0015966.jpg,data/raw/isic2018/masks/ISIC2018_Task1_Training_GroundTruth/ISIC_0015966_segmentation.png,dermoscopic,False,,,,True
isic2018_task1,ISIC_0015967,data/raw/isic2018/images/ISIC2018_Task1-2_Training_Input/ISIC_0015967.jpg,data/raw/isic2018/masks/ISIC2018_Task1_Training_GroundTruth/ISIC_0015967_segmentation.png,dermoscopic,False,,,,True
isic2018_task1,ISIC_0015969,data/raw/isic2018/images/ISIC2018_Task1-2_Training_Input/ISIC_0015969.jpg,data/raw/isic2018/masks/ISIC2018_Task1_Training_GroundTruth/ISIC_0015969_segmentation.png,dermoscopic,False,,,,True
isic2018_task1,ISIC_0015972,data/raw/isic2018/images/ISIC2018_Task1-2_Training_Input/ISIC_0015972.jpg,data/raw/isic2018/masks/ISIC2018_Task1_Training_GroundTruth/ISIC_0015972_segmentation.png,dermoscopic,False,,,,True
isic2018_task1,ISIC_0015973,data/raw/isic2018/images/ISIC2018_Task1-2_Training_Input/ISIC_0015973.jpg,data/raw/isic2018/masks/ISIC2018_Task1_Training_GroundTruth/ISIC_0015973_segmentation.png,dermoscopic,False,,,,True
isic2018_task1,ISIC_0015974,data/raw/isic2018/images/ISIC2018_Task1-2_Training_Input/ISIC_0015974.jpg,data/raw/isic2018/masks/ISIC2018_Task1_Training_GroundTruth/ISIC_0015974_segmentation.png,dermoscopic,False,,,,True
isic2018_task1,ISIC_0015975,data/raw/isic2018/images/ISIC2018_Task1-2_Training_Input/ISIC_0015975.jpg,data/raw/isic2018/masks/ISIC2018_Task1_Training_GroundTruth/ISIC_0015975_segmentation.png,dermoscopic,False,,,,True
isic2018_task1,ISIC_0015976,data/raw/isic2018/images/ISIC2018_Task1-2_Training_Input/ISIC_0015976.jpg,data/raw/isic2018/masks/ISIC2018_Task1_Training_GroundTruth/ISIC_0015976_segmentation.png,dermoscopic,False,,,,True
isic2018_task1,ISIC_0015978,data/raw/isic2018/images/ISIC2018_Task1-2_Training_Input/ISIC_0015978.jpg,data/raw/isic2018/masks/ISIC2018_Task1_Training_GroundTruth/ISIC_0015978_segmentation.png,dermoscopic,False,,,,True
isic2018_task1,ISIC_0015982,data/raw/isic2018/images/ISIC2018_Task1-2_Training_Input/ISIC_0015982.jpg,data/raw/isic2018/masks/ISIC2018_Task1_Training_GroundTruth/ISIC_0015982_segmentation.png,dermoscopic,False,,,,True
isic2018_task1,ISIC_0015983,data/raw/isic2018/images/ISIC2018_Task1-2_Training_Input/ISIC_0015983.jpg,data/raw/isic2018/masks/ISIC2018_Task1_Training_GroundTruth/ISIC_0015983_segmentation.png,dermoscopic,False,,,,True
isic2018_task1,ISIC_0015984,data/raw/isic2018/images/ISIC2018_Task1-2_Training_Input/ISIC_0015984.jpg,data/raw/isic2018/masks/ISIC2018_Task1_Training_GroundTruth/ISIC_0015984_segmentation.png,dermoscopic,False,,,,True
isic2018_task1,ISIC_0015985,data/raw/isic2018/images/ISIC2018_Task1-2_Training_Input/ISIC_0015985.jpg,data/raw/isic2018/masks/ISIC2018_Task1_Training_GroundTruth/ISIC_0015985_segmentation.png,dermoscopic,False,,,,True
isic2018_task1,ISIC_0015986,data/raw/isic2018/images/ISIC2018_Task1-2_Training_Input/ISIC_0015986.jpg,data/raw/isic2018/masks/ISIC2018_Task1_Training_GroundTruth/ISIC_0015986_segmentation.png,dermoscopic,False,,,,True
isic2018_task1,ISIC_0015987,data/raw/isic2018/images/ISIC2018_Task1-2_Training_Input/ISIC_0015987.jpg,data/raw/isic2018/masks/ISIC2018_Task1_Training_GroundTruth/ISIC_0015987_segmentation.png,dermoscopic,False,,,,True
isic2018_task1,ISIC_0015989,data/raw/isic2018/images/ISIC2018_Task1-2_Training_Input/ISIC_0015989.jpg,data/raw/isic2018/masks/ISIC2018_Task1_Training_GroundTruth/ISIC_0015989_segmentation.png,dermoscopic,False,,,,True
isic2018_task1,ISIC_0015990,data/raw/isic2018/images/ISIC2018_Task1-2_Training_Input/ISIC_0015990.jpg,data/raw/isic2018/masks/ISIC2018_Task1_Training_GroundTruth/ISIC_0015990_segmentation.png,dermoscopic,False,,,,True
isic2018_task1,ISIC_0015991,data/raw/isic2018/images/ISIC2018_Task1-2_Training_Input/ISIC_0015991.jpg,data/raw/isic2018/masks/ISIC2018_Task1_Training_GroundTruth/ISIC_0015991_segmentation.png,dermoscopic,False,,,,True
isic2018_task1,ISIC_0015993,data/raw/isic2018/images/ISIC2018_Task1-2_Training_Input/ISIC_0015993.jpg,data/raw/isic2018/masks/ISIC2018_Task1_Training_GroundTruth/ISIC_0015993_segmentation.png,dermoscopic,False,,,,True
isic2018_task1,ISIC_0015994,data/raw/isic2018/images/ISIC2018_Task1-2_Training_Input/ISIC_0015994.jpg,data/raw/isic2018/masks/ISIC2018_Task1_Training_GroundTruth/ISIC_0015994_segmentation.png,dermoscopic,False,,,,True
isic2018_task1,ISIC_0015995,data/raw/isic2018/images/ISIC2018_Task1-2_Training_Input/ISIC_0015995.jpg,data/raw/isic2018/masks/ISIC2018_Task1_Training_GroundTruth/ISIC_0015995_segmentation.png,dermoscopic,False,,,,True
isic2018_task1,ISIC_0015996,data/raw/isic2018/images/ISIC2018_Task1-2_Training_Input/ISIC_0015996.jpg,data/raw/isic2018/masks/ISIC2018_Task1_Training_GroundTruth/ISIC_0015996_segmentation.png,dermoscopic,False,,,,True
isic2018_task1,ISIC_0015997,data/raw/isic2018/images/ISIC2018_Task1-2_Training_Input/ISIC_0015997.jpg,data/raw/isic2018/masks/ISIC2018_Task1_Training_GroundTruth/ISIC_0015997_segmentation.png,dermoscopic,False,,,,True
isic2018_task1,ISIC_0015998,data/raw/isic2018/images/ISIC2018_Task1-2_Training_Input/ISIC_0015998.jpg,data/raw/isic2018/masks/ISIC2018_Task1_Training_GroundTruth/ISIC_0015998_segmentation.png,dermoscopic,False,,,,True
isic2018_task1,ISIC_0015999,data/raw/isic2018/images/ISIC2018_Task1-2_Training_Input/ISIC_0015999.jpg,data/raw/isic2018/masks/ISIC2018_Task1_Training_GroundTruth/ISIC_0015999_segmentation.png,dermoscopic,False,,,,True
isic2018_task1,ISIC_0016000,data/raw/isic2018/images/ISIC2018_Task1-2_Training_Input/ISIC_0016000.jpg,data/raw/isic2018/masks/ISIC2018_Task1_Training_GroundTruth/ISIC_0016000_segmentation.png,dermoscopic,False,,,,True
isic2018_task1,ISIC_0016003,data/raw/isic2018/images/ISIC2018_Task1-2_Training_Input/ISIC_0016003.jpg,data/raw/isic2018/masks/ISIC2018_Task1_Training_GroundTruth/ISIC_0016003_segmentation.png,dermoscopic,False,,,,True
isic2018_task1,ISIC_0016005,data/raw/isic2018/images/ISIC2018_Task1-2_Training_Input/ISIC_0016005.jpg,data/raw/isic2018/masks/ISIC2018_Task1_Training_GroundTruth/ISIC_0016005_segmentation.png,dermoscopic,False,,,,True
isic2018_task1,ISIC_0016006,data/raw/isic2018/images/ISIC2018_Task1-2_Training_Input/ISIC_0016006.jpg,data/raw/isic2018/masks/ISIC2018_Task1_Training_GroundTruth/ISIC_0016006_segmentation.png,dermoscopic,False,,,,True
isic2018_task1,ISIC_0016007,data/raw/isic2018/images/ISIC2018_Task1-2_Training_Input/ISIC_0016007.jpg,data/raw/isic2018/masks/ISIC2018_Task1_Training_GroundTruth/ISIC_0016007_segmentation.png,dermoscopic,False,,,,True
isic2018_task1,ISIC_0016008,data/raw/isic2018/images/ISIC2018_Task1-2_Training_Input/ISIC_0016008.jpg,data/raw/isic2018/masks/ISIC2018_Task1_Training_GroundTruth/ISIC_0016008_segmentation.png,dermoscopic,False,,,,True
isic2018_task1,ISIC_0016009,data/raw/isic2018/images/ISIC2018_Task1-2_Training_Input/ISIC_0016009.jpg,data/raw/isic2018/masks/ISIC2018_Task1_Training_GroundTruth/ISIC_0016009_segmentation.png,dermoscopic,False,,,,True
isic2018_task1,ISIC_0016011,data/raw/isic2018/images/ISIC2018_Task1-2_Training_Input/ISIC_0016011.jpg,data/raw/isic2018/masks/ISIC2018_Task1_Training_GroundTruth/ISIC_0016011_segmentation.png,dermoscopic,False,,,,True
isic2018_task1,ISIC_0016012,data/raw/isic2018/images/ISIC2018_Task1-2_Training_Input/ISIC_0016012.jpg,data/raw/isic2018/masks/ISIC2018_Task1_Training_GroundTruth/ISIC_0016012_segmentation.png,dermoscopic,False,,,,True
isic2018_task1,ISIC_0016013,data/raw/isic2018/images/ISIC2018_Task1-2_Training_Input/ISIC_0016013.jpg,data/raw/isic2018/masks/ISIC2018_Task1_Training_GroundTruth/ISIC_0016013_segmentation.png,dermoscopic,False,,,,True
isic2018_task1,ISIC_0016015,data/raw/isic2018/images/ISIC2018_Task1-2_Training_Input/ISIC_0016015.jpg,data/raw/isic2018/masks/ISIC2018_Task1_Training_GroundTruth/ISIC_0016015_segmentation.png,dermoscopic,False,,,,True
isic2018_task1,ISIC_0016016,data/raw/isic2018/images/ISIC2018_Task1-2_Training_Input/ISIC_0016016.jpg,data/raw/isic2018/masks/ISIC2018_Task1_Training_GroundTruth/ISIC_0016016_segmentation.png,dermoscopic,False,,,,True
isic2018_task1,ISIC_0016017,data/raw/isic2018/images/ISIC2018_Task1-2_Training_Input/ISIC_0016017.jpg,data/raw/isic2018/masks/ISIC2018_Task1_Training_GroundTruth/ISIC_0016017_segmentation.png,dermoscopic,False,,,,True
isic2018_task1,ISIC_0016019,data/raw/isic2018/images/ISIC2018_Task1-2_Training_Input/ISIC_0016019.jpg,data/raw/isic2018/masks/ISIC2018_Task1_Training_GroundTruth/ISIC_0016019_segmentation.png,dermoscopic,False,,,,True
isic2018_task1,ISIC_0016022,data/raw/isic2018/images/ISIC2018_Task1-2_Training_Input/ISIC_0016022.jpg,data/raw/isic2018/masks/ISIC2018_Task1_Training_GroundTruth/ISIC_0016022_segmentation.png,dermoscopic,False,,,,True
isic2018_task1,ISIC_0016024,data/raw/isic2018/images/ISIC2018_Task1-2_Training_Input/ISIC_0016024.jpg,data/raw/isic2018/masks/ISIC2018_Task1_Training_GroundTruth/ISIC_0016024_segmentation.png,dermoscopic,False,,,,True
isic2018_task1,ISIC_0016025,data/raw/isic2018/images/ISIC2018_Task1-2_Training_Input/ISIC_0016025.jpg,data/raw/isic2018/masks/ISIC2018_Task1_Training_GroundTruth/ISIC_0016025_segmentation.png,dermoscopic,False,,,,True
isic2018_task1,ISIC_0016026,data/raw/isic2018/images/ISIC2018_Task1-2_Training_Input/ISIC_0016026.jpg,data/raw/isic2018/masks/ISIC2018_Task1_Training_GroundTruth/ISIC_0016026_segmentation.png,dermoscopic,False,,,,True
isic2018_task1,ISIC_0016027,data/raw/isic2018/images/ISIC2018_Task1-2_Training_Input/ISIC_0016027.jpg,data/raw/isic2018/masks/ISIC2018_Task1_Training_GroundTruth/ISIC_0016027_segmentation.png,dermoscopic,False,,,,True
isic2018_task1,ISIC_0016028,data/raw/isic2018/images/ISIC2018_Task1-2_Training_Input/ISIC_0016028.jpg,data/raw/isic2018/masks/ISIC2018_Task1_Training_GroundTruth/ISIC_0016028_segmentation.png,dermoscopic,False,,,,True
isic2018_task1,ISIC_0016029,data/raw/isic2018/images/ISIC2018_Task1-2_Training_Input/ISIC_0016029.jpg,data/raw/isic2018/masks/ISIC2018_Task1_Training_GroundTruth/ISIC_0016029_segmentation.png,dermoscopic,False,,,,True
isic2018_task1,ISIC_0016033,data/raw/isic2018/images/ISIC2018_Task1-2_Training_Input/ISIC_0016033.jpg,data/raw/isic2018/masks/ISIC2018_Task1_Training_GroundTruth/ISIC_0016033_segmentation.png,dermoscopic,False,,,,True
isic2018_task1,ISIC_0016034,data/raw/isic2018/images/ISIC2018_Task1-2_Training_Input/ISIC_0016034.jpg,data/raw/isic2018/masks/ISIC2018_Task1_Training_GroundTruth/ISIC_0016034_segmentation.png,dermoscopic,False,,,,True
isic2018_task1,ISIC_0016035,data/raw/isic2018/images/ISIC2018_Task1-2_Training_Input/ISIC_0016035.jpg,data/raw/isic2018/masks/ISIC2018_Task1_Training_GroundTruth/ISIC_0016035_segmentation.png,dermoscopic,False,,,,True
isic2018_task1,ISIC_0016036,data/raw/isic2018/images/ISIC2018_Task1-2_Training_Input/ISIC_0016036.jpg,data/raw/isic2018/masks/ISIC2018_Task1_Training_GroundTruth/ISIC_0016036_segmentation.png,dermoscopic,False,,,,True
isic2018_task1,ISIC_0016037,data/raw/isic2018/images/ISIC2018_Task1-2_Training_Input/ISIC_0016037.jpg,data/raw/isic2018/masks/ISIC2018_Task1_Training_GroundTruth/ISIC_0016037_segmentation.png,dermoscopic,False,,,,True
isic2018_task1,ISIC_0016040,data/raw/isic2018/images/ISIC2018_Task1-2_Training_Input/ISIC_0016040.jpg,data/raw/isic2018/masks/ISIC2018_Task1_Training_GroundTruth/ISIC_0016040_segmentation.png,dermoscopic,False,,,,True
isic2018_task1,ISIC_0016041,data/raw/isic2018/images/ISIC2018_Task1-2_Training_Input/ISIC_0016041.jpg,data/raw/isic2018/masks/ISIC2018_Task1_Training_GroundTruth/ISIC_0016041_segmentation.png,dermoscopic,False,,,,True
isic2018_task1,ISIC_0016042,data/raw/isic2018/images/ISIC2018_Task1-2_Training_Input/ISIC_0016042.jpg,data/raw/isic2018/masks/ISIC2018_Task1_Training_GroundTruth/ISIC_0016042_segmentation.png,dermoscopic,False,,,,True
isic2018_task1,ISIC_0016043,data/raw/isic2018/images/ISIC2018_Task1-2_Training_Input/ISIC_0016043.jpg,data/raw/isic2018/masks/ISIC2018_Task1_Training_GroundTruth/ISIC_0016043_segmentation.png,dermoscopic,False,,,,True
isic2018_task1,ISIC_0016044,data/raw/isic2018/images/ISIC2018_Task1-2_Training_Input/ISIC_0016044.jpg,data/raw/isic2018/masks/ISIC2018_Task1_Training_GroundTruth/ISIC_0016044_segmentation.png,dermoscopic,False,,,,True
isic2018_task1,ISIC_0016045,data/raw/isic2018/images/ISIC2018_Task1-2_Training_Input/ISIC_0016045.jpg,data/raw/isic2018/masks/ISIC2018_Task1_Training_GroundTruth/ISIC_0016045_segmentation.png,dermoscopic,False,,,,True
isic2018_task1,ISIC_0016048,data/raw/isic2018/images/ISIC2018_Task1-2_Training_Input/ISIC_0016048.jpg,data/raw/isic2018/masks/ISIC2018_Task1_Training_GroundTruth/ISIC_0016048_segmentation.png,dermoscopic,False,,,,True
isic2018_task1,ISIC_0016050,data/raw/isic2018/images/ISIC2018_Task1-2_Training_Input/ISIC_0016050.jpg,data/raw/isic2018/masks/ISIC2018_Task1_Training_GroundTruth/ISIC_0016050_segmentation.png,dermoscopic,False,,,,True
isic2018_task1,ISIC_0016051,data/raw/isic2018/images/ISIC2018_Task1-2_Training_Input/ISIC_0016051.jpg,data/raw/isic2018/masks/ISIC2018_Task1_Training_GroundTruth/ISIC_0016051_segmentation.png,dermoscopic,False,,,,True
isic2018_task1,ISIC_0016053,data/raw/isic2018/images/ISIC2018_Task1-2_Training_Input/ISIC_0016053.jpg,data/raw/isic2018/masks/ISIC2018_Task1_Training_GroundTruth/ISIC_0016053_segmentation.png,dermoscopic,False,,,,True
isic2018_task1,ISIC_0016054,data/raw/isic2018/images/ISIC2018_Task1-2_Training_Input/ISIC_0016054.jpg,data/raw/isic2018/masks/ISIC2018_Task1_Training_GroundTruth/ISIC_0016054_segmentation.png,dermoscopic,False,,,,True
isic2018_task1,ISIC_0016055,data/raw/isic2018/images/ISIC2018_Task1-2_Training_Input/ISIC_0016055.jpg,data/raw/isic2018/masks/ISIC2018_Task1_Training_GroundTruth/ISIC_0016055_segmentation.png,dermoscopic,False,,,,True
isic2018_task1,ISIC_0016057,data/raw/isic2018/images/ISIC2018_Task1-2_Training_Input/ISIC_0016057.jpg,data/raw/isic2018/masks/ISIC2018_Task1_Training_GroundTruth/ISIC_0016057_segmentation.png,dermoscopic,False,,,,True
isic2018_task1,ISIC_0016058,data/raw/isic2018/images/ISIC2018_Task1-2_Training_Input/ISIC_0016058.jpg,data/raw/isic2018/masks/ISIC2018_Task1_Training_GroundTruth/ISIC_0016058_segmentation.png,dermoscopic,False,,,,True
isic2018_task1,ISIC_0016059,data/raw/isic2018/images/ISIC2018_Task1-2_Training_Input/ISIC_0016059.jpg,data/raw/isic2018/masks/ISIC2018_Task1_Training_GroundTruth/ISIC_0016059_segmentation.png,dermoscopic,False,,,,True
isic2018_task1,ISIC_0016060,data/raw/isic2018/images/ISIC2018_Task1-2_Training_Input/ISIC_0016060.jpg,data/raw/isic2018/masks/ISIC2018_Task1_Training_GroundTruth/ISIC_0016060_segmentation.png,dermoscopic,False,,,,True
isic2018_task1,ISIC_0016061,data/raw/isic2018/images/ISIC2018_Task1-2_Training_Input/ISIC_0016061.jpg,data/raw/isic2018/masks/ISIC2018_Task1_Training_GroundTruth/ISIC_0016061_segmentation.png,dermoscopic,False,,,,True
isic2018_task1,ISIC_0016062,data/raw/isic2018/images/ISIC2018_Task1-2_Training_Input/ISIC_0016062.jpg,data/raw/isic2018/masks/ISIC2018_Task1_Training_GroundTruth/ISIC_0016062_segmentation.png,dermoscopic,False,,,,True
isic2018_task1,ISIC_0016063,data/raw/isic2018/images/ISIC2018_Task1-2_Training_Input/ISIC_0016063.jpg,data/raw/isic2018/masks/ISIC2018_Task1_Training_GroundTruth/ISIC_0016063_segmentation.png,dermoscopic,False,,,,True
isic2018_task1,ISIC_0016064,data/raw/isic2018/images/ISIC2018_Task1-2_Training_Input/ISIC_0016064.jpg,data/raw/isic2018/masks/ISIC2018_Task1_Training_GroundTruth/ISIC_0016064_segmentation.png,dermoscopic,False,,,,True
isic2018_task1,ISIC_0016065,data/raw/isic2018/images/ISIC2018_Task1-2_Training_Input/ISIC_0016065.jpg,data/raw/isic2018/masks/ISIC2018_Task1_Training_GroundTruth/ISIC_0016065_segmentation.png,dermoscopic,False,,,,True
isic2018_task1,ISIC_0016066,data/raw/isic2018/images/ISIC2018_Task1-2_Training_Input/ISIC_0016066.jpg,data/raw/isic2018/masks/ISIC2018_Task1_Training_GroundTruth/ISIC_0016066_segmentation.png,dermoscopic,False,,,,True
isic2018_task1,ISIC_0016068,data/raw/isic2018/images/ISIC2018_Task1-2_Training_Input/ISIC_0016068.jpg,data/raw/isic2018/masks/ISIC2018_Task1_Training_GroundTruth/ISIC_0016068_segmentation.png,dermoscopic,False,,,,True
isic2018_task1,ISIC_0016069,data/raw/isic2018/images/ISIC2018_Task1-2_Training_Input/ISIC_0016069.jpg,data/raw/isic2018/masks/ISIC2018_Task1_Training_GroundTruth/ISIC_0016069_segmentation.png,dermoscopic,False,,,,True
isic2018_task1,ISIC_0016070,data/raw/isic2018/images/ISIC2018_Task1-2_Training_Input/ISIC_0016070.jpg,data/raw/isic2018/masks/ISIC2018_Task1_Training_GroundTruth/ISIC_0016070_segmentation.png,dermoscopic,False,,,,True
