width,height,aspect_ratio,mask_area_fraction,mask_degenerate,mask_touches_border,crop_blur,crop_contrast,source
948,549,1.726775956284153,0.4063568115234375,False,True,0.16743247226048807,0.7512808125295769,DDI
798,618,1.2912621359223302,0.4572906494140625,False,False,0.3872616208803106,0.9979772345271213,DDI
921,678,1.3584070796460177,0.14242172241210938,False,False,0.12089859995702375,0.709171002848242,DDI
306,285,1.0736842105263158,0.8428916931152344,False,True,0.4159348050546177,0.39649308384274246,DDI
230,387,0.5943152454780362,0.8125038146972656,False,True,0.16762898488120354,0.7295044114962176,DDI
323,458,0.7052401746724891,0.7202720642089844,False,True,0.7470934989804054,0.775137401294429,DDI
918,675,1.36,0.4319419860839844,False,False,0.07143051721902886,0.9602460477264986,DDI
494,666,0.7417417417417418,0.29355621337890625,False,False,0.14447343593162532,1.0,DDI
438,387,1.1317829457364341,0.3340644836425781,False,True,0.2738914059035442,1.0,DDI
482,654,0.7370030581039755,0.10945892333984375,False,False,0.6458634065816606,0.6633645467998024,DDI
397,398,0.9974874371859297,0.5530967712402344,False,True,1.0,1.0,DDI
372,305,1.219672131147541,0.6800422668457031,False,True,0.08748827283557689,0.4018640476630812,DDI
500,680,0.7352941176470589,0.2508277893066406,False,False,0.15871425330717995,1.0,DDI
345,454,0.7599118942731278,0.9693412780761719,True,True,1.0,0.6512830115700977,DDI
313,222,1.40990990990991,0.8034019470214844,False,True,1.0,0.6886228545380172,DDI
846,596,1.419463087248322,0.4676971435546875,False,False,0.1324101877182491,0.35183767472728733,DDI
687,686,1.001457725947522,0.37574005126953125,False,False,0.809023821553711,1.0,DDI
690,690,1.0,0.5615234375,False,False,0.6344549453661981,1.0,DDI
437,677,0.6454948301329394,0.17544937133789062,False,False,1.0,0.8182238486851251,DDI
342,514,0.6653696498054474,0.5852012634277344,False,True,0.37586197149601214,0.3200791751575805,DDI
326,462,0.7056277056277056,0.5448570251464844,False,False,0.5697603894436816,0.6335358596439251,DDI
492,684,0.7192982456140351,0.12186050415039062,False,False,0.7034433275950556,0.7826937442134605,DDI
494,587,0.8415672913117547,0.1664581298828125,False,False,0.8911669459809265,0.6729628517060601,DDI
494,394,1.2538071065989849,0.003070831298828125,False,False,0.6383209105560862,0.5436570028706752,DDI
494,563,0.8774422735346359,0.29766845703125,False,False,0.407727328162395,0.7613952616642853,DDI
683,693,0.9855699855699855,0.7050247192382812,False,False,0.22128243022924438,0.8925686515642884,DDI
468,376,1.2446808510638299,0.3275413513183594,False,False,0.9635676906331994,1.0,DDI
431,689,0.625544267053701,0.23545074462890625,False,False,1.0,0.5682323603882955,DDI
497,678,0.7330383480825958,0.8727149963378906,False,True,0.9360739000504726,0.47269605288457706,DDI
400,655,0.6106870229007634,0.7261276245117188,False,True,0.7188326794824021,1.0,DDI
501,687,0.7292576419213974,0.8187789916992188,False,True,0.6139459811051406,0.7182285902092035,DDI
464,334,1.3892215568862276,0.4085426330566406,False,True,0.9072319086516041,1.0,DDI
492,701,0.7018544935805991,0.021968841552734375,False,False,1.0,0.9190191125938298,DDI
425,470,0.9042553191489362,0.6591720581054688,False,False,0.4107250597938286,1.0,DDI
584,456,1.280701754385965,0.5745315551757812,False,False,0.665293016731029,0.9386613565920773,DDI
680,801,0.8489388264669163,0.2518196105957031,False,False,1.0,1.0,DDI
520,680,0.7647058823529411,0.4035530090332031,False,True,1.0,1.0,DDI
934,1248,0.7483974358974359,0.3869743347167969,False,True,1.0,0.7424539588657767,DDI
563,602,0.9352159468438538,0.3070640563964844,False,False,1.0,0.6247454642684607,DDI
466,451,1.033259423503326,0.36511993408203125,False,False,1.0,0.5440154510382931,DDI
367,270,1.3592592592592592,0.5001335144042969,False,True,0.6996097189327513,0.797356872218827,DDI
788,737,1.0691994572591588,0.02487945556640625,False,False,0.6262733023610682,0.5227780879064017,DDI
912,844,1.080568720379147,0.19363021850585938,False,False,1.0,1.0,DDI
930,646,1.4396284829721362,0.2901458740234375,False,False,1.0,0.6931218855139815,DDI
499,526,0.9486692015209125,0.7375221252441406,False,True,0.7683145265219976,0.9559503121030444,DDI
405,369,1.0975609756097562,0.4669837951660156,False,True,0.19876770666564375,0.767053197833783,DDI
349,386,0.9041450777202072,0.23310089111328125,False,False,0.0855127835121629,0.6616751451258682,DDI
859,586,1.4658703071672354,0.4844779968261719,False,False,0.17377373306357696,0.7796339782874889,DDI
254,345,0.736231884057971,0.3489837646484375,False,False,1.0,0.6584178100751359,DDI
749,579,1.293609671848014,0.36310577392578125,False,False,1.0,0.8041358858852748,DDI
920,1242,0.7407407407407407,0.45595550537109375,False,False,1.0,1.0,DDI
555,499,1.1122244488977955,0.24123764038085938,False,False,0.22857502070796618,0.9181138333626443,DDI
332,235,1.4127659574468086,0.11416244506835938,False,False,0.6600070869552703,0.708059602109484,DDI
363,364,0.9972527472527473,0.5994606018066406,False,True,0.2080708702087994,0.9674665386630386,DDI
267,469,0.5692963752665245,0.45098114013671875,False,False,0.26848132245156103,0.978528252361095,DDI
320,337,0.9495548961424333,0.20919418334960938,False,True,0.3167283591767106,0.7693083886420256,DDI
932,683,1.3645680819912152,0.0607757568359375,False,False,0.34689367405634897,0.7373903166630514,DDI
246,362,0.6795580110497238,0.160125732421875,False,False,0.21354680241463156,0.6788257921022104,DDI
240,310,0.7741935483870968,0.6652488708496094,False,False,0.4242258880343826,0.7863950028506062,DDI
511,698,0.7320916905444126,0.7674293518066406,False,True,1.0,0.8891989939219589,DDI
218,228,0.956140350877193,0.14063262939453125,False,False,0.09941160038585678,0.2765819959842754,DDI
391,386,1.0129533678756477,0.069091796875,False,False,0.13941940161776722,0.39913754193794376,DDI
512,691,0.7409551374819102,0.5934410095214844,False,True,1.0,1.0,DDI
510,694,0.7348703170028819,0.4461326599121094,False,False,0.09562775323188884,1.0,DDI
521,691,0.7539797395079595,0.00295257568359375,False,False,1.0,0.5043479446930121,DDI
393,587,0.6695059625212947,0.05237579345703125,False,False,1.0,0.7540913490335379,DDI
366,437,0.8375286041189931,0.6344451904296875,False,True,0.5293891885482118,0.9151467975019657,DDI
273,246,1.1097560975609757,0.1605072021484375,False,False,0.44109340642977735,0.47017827551877295,DDI
367,342,1.0730994152046784,0.375640869140625,False,False,0.2364557536887484,0.4713617582999781,DDI
524,697,0.7517934002869441,0.5260047912597656,False,False,0.7217750724988398,0.6429109537475713,DDI
531,495,1.0727272727272728,0.6884536743164062,False,True,1.0,1.0,DDI
517,689,0.7503628447024674,0.21535873413085938,False,False,1.0,0.833081699077359,DDI
523,693,0.7546897546897547,0.19715499877929688,False,False,1.0,0.7731322425130795,DDI
451,407,1.1081081081081081,0.4872856140136719,False,True,0.5473583679021901,0.961427281839069,DDI
696,699,0.9957081545064378,0.8566513061523438,False,True,0.21840375260101008,0.8933791198771792,DDI
183,196,0.9336734693877551,0.3663597106933594,False,False,1.0,1.0,DDI
430,472,0.9110169491525424,0.21126174926757812,False,False,0.4810222672431847,1.0,DDI
308,262,1.1755725190839694,0.02252960205078125,False,False,0.33346810846163805,0.5251720206193632,DDI
302,276,1.0942028985507246,0.6313133239746094,False,True,1.0,1.0,DDI
533,701,0.760342368045649,0.6692848205566406,False,True,0.6180594565220371,1.0,DDI
521,705,0.7390070921985815,0.6787986755371094,False,False,0.36321122137966616,0.8754426689515554,DDI
517,624,0.8285256410256411,0.3840293884277344,False,True,0.3549363926589921,0.6611529628298043,DDI
397,337,1.1780415430267062,0.4910087585449219,False,True,0.33619725855416427,0.40181981937535255,DDI
265,364,0.728021978021978,0.4979438781738281,False,False,0.5506024198305695,0.8519185138224701,DDI
533,690,0.7724637681159421,0.8131484985351562,False,True,1.0,0.6552388522768169,DDI
470,412,1.1407766990291262,0.4330329895019531,False,True,0.6277153067417348,0.6324506923015919,DDI
369,576,0.640625,0.3846549987792969,False,False,1.0,0.8232493369738136,DDI
769,529,1.4536862003780717,0.8522758483886719,False,True,0.37917637839762003,0.9109441070608489,DDI
290,177,1.6384180790960452,0.6471672058105469,False,True,0.8890973094034926,0.8911938413072285,DDI
532,703,0.7567567567567568,0.3555793762207031,False,False,0.8606355640384156,0.6700733275980281,DDI
330,219,1.5068493150684932,0.4662933349609375,False,False,0.24044726132031552,0.7233897924053209,DDI
163,79,2.0632911392405062,0.7212944030761719,False,True,0.21185564164483875,0.4784356816071678,DDI
401,409,0.980440097799511,0.8484764099121094,False,True,0.873217971787501,0.6980550629618627,DDI
945,690,1.3695652173913044,0.5901565551757812,False,False,1.0,1.0,DDI
515,692,0.7442196531791907,0.4204673767089844,False,False,0.761559029788903,1.0,DDI
272,353,0.7705382436260623,0.685760498046875,False,True,1.0,0.7473509337569195,DDI
340,276,1.2318840579710144,0.18917465209960938,False,False,0.8004208656013045,0.7672543043250732,DDI
510,698,0.7306590257879656,0.7490959167480469,False,True,0.38642628652876576,0.7384887428489152,DDI
525,687,0.7641921397379913,0.701507568359375,False,True,0.7710780583138822,0.8221399208657304,DDI
372,300,1.24,0.3379402160644531,False,True,1.0,0.8043335937812075,DDI
236,237,0.9957805907172996,0.3592414855957031,False,False,1.0,1.0,DDI
528,694,0.760806916426513,0.034557342529296875,False,False,1.0,0.9827702054322935,DDI
343,328,1.045731707317073,0.0126190185546875,False,False,0.12128860769599649,0.3550367665662075,DDI
530,702,0.7549857549857549,0.4015922546386719,False,True,0.3161721734053023,1.0,DDI
349,409,0.8533007334963325,0.18639755249023438,False,False,0.5448366658642891,0.6362999313715578,DDI
351,450,0.78,0.6874809265136719,False,True,0.3701629452863387,1.0,DDI
322,452,0.7123893805309734,0.6128501892089844,False,True,0.8702189027538807,0.7050506725095398,DDI
697,689,1.011611030478955,0.282684326171875,False,False,0.22131117581471935,1.0,DDI
519,703,0.7382645803698435,0.0850677490234375,False,False,0.15401614095536323,0.5846939538998033,DDI
441,500,0.882,0.3018074035644531,False,True,0.25686242247191243,1.0,DDI
505,696,0.7255747126436781,0.14663314819335938,False,False,1.0,1.0,DDI
932,692,1.346820809248555,0.24423980712890625,False,False,1.0,0.9564901780512716,DDI
192,193,0.9948186528497409,0.7371139526367188,False,False,0.22625730682804268,0.9436606561209707,DDI
253,300,0.8433333333333334,0.6318893432617188,False,True,0.5142592841978819,0.48189208660644456,DDI
526,470,1.1191489361702127,0.39261627197265625,False,False,0.8930793632375904,0.7261257595283632,DDI
426,294,1.4489795918367347,0.7447700500488281,False,True,0.3173392170962879,0.5701966512631256,DDI
497,472,1.0529661016949152,0.6417694091796875,False,True,1.0,0.8814715688407971,DDI
296,485,0.6103092783505155,0.62530517578125,False,False,0.8731199797281577,0.696833599056316,DDI
298,511,0.5831702544031311,0.19920730590820312,False,False,0.058562980373153085,0.5905389605292685,DDI
337,405,0.8320987654320988,0.6283493041992188,False,True,0.12379132515737343,0.7256494807209757,DDI
515,690,0.7463768115942029,0.7447242736816406,False,True,0.8619601819710209,1.0,DDI
512,696,0.735632183908046,0.403594970703125,False,False,0.24684078925595226,0.8154687478429797,DDI
927,689,1.3454281567489115,0.37654876708984375,False,False,0.06758297574115332,0.7303208673298811,DDI
220,320,0.6875,0.2719383239746094,False,False,0.5453235755887622,0.22722550686227633,DDI
339,515,0.658252427184466,0.5071182250976562,False,False,0.5535968725832272,0.7815579503274517,DDI
525,701,0.7489300998573466,0.3284263610839844,False,True,0.32190131240417835,0.6197032676250149,DDI
513,694,0.739193083573487,0.729583740234375,False,True,0.866292755686697,0.7538017997723034,DDI
514,441,1.1655328798185942,0.618194580078125,False,False,0.20525618939720855,0.3031266312604168,DDI
298,241,1.2365145228215768,0.7463417053222656,False,True,1.0,1.0,DDI
417,466,0.8948497854077253,0.8233299255371094,False,True,1.0,0.5527525653820496,DDI
600,433,1.3856812933025404,0.7829055786132812,False,True,0.4722750962099406,0.5216914053757031,DDI
499,681,0.7327459618208517,0.26091766357421875,False,False,0.6412357649076119,0.6144888761943557,DDI
505,450,1.1222222222222222,0.6577911376953125,False,False,0.21978512476506176,0.7070565608642401,DDI
412,393,1.0483460559796438,0.6916427612304688,False,True,0.16778712171119345,0.8732739279406454,DDI
367,382,0.9607329842931938,0.14040374755859375,False,False,1.0,0.9783725814529451,DDI
512,685,0.7474452554744525,0.4114646911621094,False,True,0.2940314207007212,1.0,DDI
502,689,0.7285921625544267,0.08054351806640625,False,False,0.7913483886570263,1.0,DDI
504,686,0.7346938775510204,0.42830657958984375,False,True,1.0,1.0,DDI
336,334,1.0059880239520957,0.07489776611328125,False,False,0.6137941052576186,0.5856580073741658,DDI
227,185,1.227027027027027,0.14250946044921875,False,False,0.1430131678657451,0.598229150623067,DDI
497,693,0.7171717171717171,0.9121055603027344,False,True,0.5246461451780866,0.7532509175571123,DDI
315,338,0.9319526627218935,0.8305740356445312,False,True,0.5084337030599944,0.7017907712248863,DDI
508,692,0.7341040462427746,0.7274665832519531,False,True,1.0,1.0,DDI
392,635,0.6173228346456693,0.326324462890625,False,False,1.0,0.8477797124926658,DDI
468,415,1.127710843373494,0.4570045471191406,False,True,0.07772304577551245,0.39429979150606576,DDI
243,380,0.6394736842105263,0.6869316101074219,False,False,0.13009031545658897,0.37514704619183936,DDI
383,391,0.979539641943734,0.3925018310546875,False,False,1.0,1.0,DDI
502,686,0.7317784256559767,0.5083389282226562,False,True,1.0,0.8513425480046188,DDI
433,688,0.6293604651162791,0.134246826171875,False,False,0.7859703752510854,0.9122942740218872,DDI
292,298,0.9798657718120806,0.6424522399902344,False,True,0.4228797033688224,0.6661518315585413,DDI
323,430,0.7511627906976744,0.9072837829589844,False,True,1.0,0.7918319715212311,DDI
498,676,0.7366863905325444,0.08044815063476562,False,False,0.4052665098036989,0.8906083092212846,DDI
507,548,0.9251824817518248,0.3518943786621094,False,True,0.4538179343594983,1.0,DDI
349,220,1.5863636363636364,0.5398750305175781,False,True,0.5234911086441568,0.7449637503847115,DDI
255,344,0.7412790697674418,0.9438133239746094,False,True,1.0,0.7752096607324089,DDI
918,671,1.368107302533532,0.4722480773925781,False,False,0.4030553766816199,1.0,DDI
545,493,1.105476673427992,0.7177658081054688,False,False,0.6367732328229639,0.6966866407957464,DDI
501,691,0.7250361794500724,0.7144203186035156,False,True,1.0,1.0,DDI
432,452,0.9557522123893806,0.3800811767578125,False,False,0.16228920572754268,1.0,DDI
327,404,0.8094059405940595,0.5369834899902344,False,True,0.2939961930189995,0.7365728164690457,DDI
511,684,0.7470760233918129,0.6055030822753906,False,False,0.9908940080554555,1.0,DDI
409,344,1.188953488372093,0.14297866821289062,False,False,0.7591812284538243,0.8515424351627027,DDI
570,377,1.5119363395225465,0.7886810302734375,False,True,0.8889915032286756,1.0,DDI
359,439,0.8177676537585421,0.24163436889648438,False,False,0.5203890119818789,1.0,DDI
502,686,0.7317784256559767,0.6243972778320312,False,True,1.0,0.6394201947696663,DDI
310,397,0.7808564231738035,0.36412811279296875,False,True,1.0,1.0,DDI
538,508,1.0590551181102361,0.4721183776855469,False,True,0.17949720903100974,1.0,DDI
500,374,1.3368983957219251,0.9520530700683594,True,True,1.0,0.6648118040264851,DDI
369,463,0.796976241900648,0.6697044372558594,False,True,1.0,1.0,DDI
501,539,0.9294990723562152,0.5194053649902344,False,True,0.2782568700590927,1.0,DDI
504,687,0.7336244541484717,0.6274452209472656,False,True,0.7178859648040847,1.0,DDI
501,686,0.7303206997084548,0.6514091491699219,False,True,0.5720570580518808,1.0,DDI
506,690,0.7333333333333333,0.6183090209960938,False,True,1.0,1.0,DDI
294,357,0.8235294117647058,0.38671875,False,False,0.07487717168352996,0.580143594750791,DDI
299,348,0.8591954022988506,0.5235214233398438,False,True,0.3535441295508,0.6584930400228718,DDI
499,588,0.8486394557823129,0.23987197875976562,False,False,1.0,0.8652879438526526,DDI
340,301,1.1295681063122924,0.5655899047851562,False,False,0.05856878627282046,0.3185678506631569,DDI
578,444,1.3018018018018018,0.4903526306152344,False,True,0.7244525520807091,0.9085428576137045,DDI
500,688,0.7267441860465116,0.2178192138671875,False,False,0.08512345120301515,1.0,DDI
437,420,1.0404761904761906,0.5076980590820312,False,False,1.0,0.7626673515064323,DDI
510,684,0.7456140350877193,0.0,True,False,0.7091656024189352,0.42875478013364027,DDI
936,685,1.3664233576642335,0.6852989196777344,False,True,0.5906140468472164,0.763665980213372,DDI
231,231,1.0,0.4921455383300781,False,True,0.17239679058361757,0.6858548992796356,DDI
504,692,0.7283236994219653,0.37939453125,False,False,1.0,0.72781878379693,DDI
510,693,0.7359307359307359,0.8416976928710938,False,True,1.0,0.8393326736362989,DDI
506,694,0.729106628242075,0.6092262268066406,False,True,1.0,1.0,DDI
510,434,1.1751152073732718,0.4527015686035156,False,True,0.9492384152900105,1.0,DDI
503,448,1.1227678571428572,0.4661827087402344,False,False,0.20268805168643272,0.8253545081860351,DDI
265,335,0.7910447761194029,0.40004730224609375,False,True,1.0,0.9595964402706681,DDI
927,687,1.3493449781659388,0.471893310546875,False,False,0.05883776195643037,0.8278358794078429,DDI
936,599,1.5626043405676127,0.19555282592773438,False,False,0.3306149789017176,0.9640943967578295,DDI
500,674,0.7418397626112759,0.5521316528320312,False,True,0.6802701159357747,0.8046756051666977,DDI
686,682,1.0058651026392962,0.6795310974121094,False,False,0.14000024910833067,1.0,DDI
495,690,0.717391304347826,0.4819984436035156,False,False,0.7964902609319705,1.0,DDI
465,490,0.9489795918367347,0.3576927185058594,False,False,1.0,1.0,DDI
281,231,1.2164502164502164,0.4190101623535156,False,False,1.0,0.6029804895040447,DDI
461,638,0.7225705329153606,0.44353485107421875,False,True,0.6568749260295005,0.8537357531176346,DDI
232,203,1.1428571428571428,0.15996932983398438,False,False,0.8805222060254304,0.7108578507596772,DDI
492,685,0.7182481751824817,0.4965972900390625,False,False,1.0,0.9528272399849242,DDI
393,488,0.805327868852459,0.4479179382324219,False,False,0.6722237345790029,1.0,DDI
463,358,1.2932960893854748,0.6118278503417969,False,False,1.0,0.6544833433777332,DDI
236,259,0.9111969111969112,0.7775802612304688,False,True,1.0,0.6493313502076654,DDI
360,483,0.7453416149068323,0.7877426147460938,False,False,0.10441549070216198,0.5360953969892941,DDI
495,553,0.895117540687161,0.9414329528808594,False,True,0.08315739574220213,0.7350080714336724,DDI
471,646,0.7291021671826625,0.35617828369140625,False,False,0.09919343354375057,1.0,DDI
468,645,0.7255813953488373,0.5829124450683594,False,False,0.3291974153055666,0.5935112766216142,DDI
884,646,1.368421052631579,0.08362197875976562,False,False,0.2165767772336825,1.0,DDI
465,362,1.2845303867403315,0.6939773559570312,False,True,0.8610854474867996,0.7534466987923538,DDI
307,350,0.8771428571428571,0.6334075927734375,False,False,0.10860437384687241,1.0,DDI
461,643,0.7169517884914464,0.55853271484375,False,True,0.8045444789941236,0.9121681891909555,DDI
409,374,1.0935828877005347,0.8148078918457031,False,True,0.3386729284929786,0.3806695263532985,DDI
481,301,1.5980066445182723,0.058811187744140625,False,False,0.07208865061673707,0.9684459145548907,DDI
472,644,0.7329192546583851,0.6144943237304688,False,True,1.0,1.0,DDI
469,567,0.8271604938271605,0.0210723876953125,False,False,0.2518983284046523,0.47574714827901143,DDI
475,638,0.7445141065830722,0.25041961669921875,False,False,0.5720037600812571,0.8844337099897162,DDI
245,300,0.8166666666666667,0.8062210083007812,False,True,0.7457937618140589,0.7716045809103003,DDI
525,700,0.75,0.5936012268066406,False,True,1.0,1.0,DDI
518,694,0.7463976945244957,0.5433006286621094,False,True,0.7662714607695433,1.0,DDI
495,297,1.6666666666666667,0.6576118469238281,False,True,0.9936180807783656,0.7785304276024698,DDI
290,240,1.2083333333333333,0.8530769348144531,False,True,0.8681179638987977,1.0,DDI
540,708,0.7627118644067796,0.31744384765625,False,False,1.0,0.8794130914019967,DDI
420,376,1.1170212765957446,0.5084152221679688,False,False,0.697949593955207,0.7798280974161942,DDI
525,451,1.164079822616408,0.7910041809082031,False,True,0.28149901682630635,0.6148649698445937,DDI
945,697,1.3558106169296986,0.5455131530761719,False,False,0.671572827210718,0.9408226806308757,DDI
953,696,1.3692528735632183,0.5583572387695312,False,False,0.6102441519357477,1.0,DDI
538,704,0.7642045454545454,0.3942680358886719,False,True,1.0,1.0,DDI
280,451,0.6208425720620843,0.4579887390136719,False,False,0.14430231918910255,0.7978614919058126,DDI
464,681,0.6813509544787077,0.7672080993652344,False,True,1.0,0.9363745710862622,DDI
526,696,0.7557471264367817,0.6885032653808594,False,True,1.0,1.0,DDI
383,449,0.8530066815144766,0.43744659423828125,False,True,1.0,1.0,DDI
543,707,0.768033946251768,0.002162933349609375,False,False,0.5024708431051041,0.5723424209319655,DDI
295,222,1.3288288288288288,0.230712890625,False,False,0.49060375293187236,0.7714971407248292,DDI
518,705,0.7347517730496453,0.5050926208496094,False,True,1.0,1.0,DDI
527,492,1.0711382113821137,0.43296051025390625,False,True,1.0,1.0,DDI
250,233,1.0729613733905579,0.7911911010742188,False,True,0.6072742836184125,0.6066591782776668,DDI
267,236,1.13135593220339,0.21756362915039062,False,False,1.0,0.5806817844387981,DDI
520,697,0.7460545193687231,0.3655967712402344,False,False,0.2635301958590338,1.0,DDI
539,705,0.7645390070921986,0.10539627075195312,False,False,0.9516018358001801,0.825822392471883,DDI
393,399,0.9849624060150376,0.2513999938964844,False,False,1.0,1.0,DDI
952,701,1.3580599144079886,0.23229217529296875,False,False,1.0,0.6512152745867934,DDI
538,706,0.7620396600566572,0.48795318603515625,False,True,0.4726799947020949,0.9792173057876292,DDI
155,218,0.7110091743119266,0.3354301452636719,False,True,0.23207466380314462,0.28580649194505053,DDI
376,447,0.8411633109619687,0.360809326171875,False,False,0.11508923431869228,0.2937719458682324,DDI
538,707,0.7609618104667609,0.16248703002929688,False,False,1.0,0.5541370357453904,DDI
950,701,1.355206847360913,0.5497360229492188,False,False,0.6391007816500193,1.0,DDI
364,564,0.6453900709219859,0.5114364624023438,False,True,0.7200835263562917,0.8192748085135946,DDI
387,518,0.747104247104247,0.5456809997558594,False,False,0.8637566189195266,0.7633646236475803,DDI
355,343,1.0349854227405249,0.18449020385742188,False,False,0.18127597974823856,0.4389251860583464,DDI
547,434,1.26036866359447,0.23465347290039062,False,False,0.41083611328229763,1.0,DDI
308,287,1.0731707317073171,0.54498291015625,False,False,1.0,0.7507079755382675,DDI
537,704,0.7627840909090909,0.3327674865722656,False,False,0.4764237389831575,1.0,DDI
942,688,1.369186046511628,0.12458038330078125,False,False,0.20252757149389125,0.8527058390219938,DDI
447,1066,0.41932457786116323,0.47519683837890625,False,False,0.14238609174275788,1.0,DDI
566,412,1.3737864077669903,0.19955825805664062,False,False,1.0,0.5524314654770378,DDI
463,280,1.6535714285714285,0.3445243835449219,False,True,0.6535599335338093,0.8124356609796934,DDI
533,700,0.7614285714285715,0.6328659057617188,False,False,0.07072773591748086,0.7455107316455895,DDI
525,392,1.3392857142857142,0.16745376586914062,False,False,0.21231390618964507,0.9832611395633178,DDI
453,483,0.937888198757764,0.005100250244140625,False,False,0.1549334418917721,0.4184424864083333,DDI
437,466,0.9377682403433476,0.21572494506835938,False,False,0.12720204448439879,0.5050525439450416,DDI
497,353,1.4079320113314449,0.0149688720703125,False,False,0.05516357746386103,0.616875229485043,DDI
531,699,0.759656652360515,0.600250244140625,False,False,0.4534736265394683,0.3923475267574037,DDI
546,447,1.221476510067114,0.31557464599609375,False,False,0.9464492196988039,0.9338431098652575,DDI
324,318,1.0188679245283019,0.02468109130859375,False,False,0.5261518403957607,0.46613432699480345,DDI
355,441,0.8049886621315193,0.31890869140625,False,False,0.722344938409164,0.7435234226889995,DDI
437,547,0.7989031078610603,0.0332489013671875,False,False,0.0716504831822295,0.574253722743112,DDI
715,706,1.0127478753541077,0.06416702270507812,False,False,0.6609239999906268,0.5339216062927559,DDI
539,702,0.7678062678062678,0.42057037353515625,False,False,0.6108565642926841,0.7915560390196197,DDI
949,697,1.3615494978479197,0.6637611389160156,False,False,0.2423408918658974,0.798901273844263,DDI
409,278,1.4712230215827338,0.0019989013671875,False,False,0.3469278216919638,0.3360020044141,DDI
519,699,0.7424892703862661,0.22049331665039062,False,False,1.0,0.804986365638093,DDI
499,467,1.068522483940043,0.2538795471191406,False,False,0.21348023060498048,1.0,DDI
547,701,0.7803138373751783,0.05078887939453125,False,False,1.0,0.6681450264634348,DDI
520,486,1.0699588477366255,0.3000679016113281,False,True,0.25223497900237,1.0,DDI
519,700,0.7414285714285714,0.03649139404296875,False,False,0.11238679714409516,0.7442815252399105,DDI
391,282,1.3865248226950355,0.141845703125,False,False,0.29842602027484477,0.683163709067638,DDI
380,322,1.1801242236024845,0.0396728515625,False,False,0.07199133412881097,0.6681404829327162,DDI
730,701,1.0413694721825963,0.21858978271484375,False,False,0.6822143461747916,0.7761207507788138,DDI
445,330,1.3484848484848484,0.08902740478515625,False,False,1.0,0.5711176187473742,DDI
525,701,0.7489300998573466,0.24373245239257812,False,False,1.0,0.6139201330567081,DDI
504,693,0.7272727272727273,0.316925048828125,False,False,0.11576611899984908,0.4439058619328321,DDI
514,249,2.0642570281124497,0.770263671875,False,True,0.5376606121937635,0.6159064647957366,DDI
531,698,0.7607449856733525,0.3513603210449219,False,False,1.0,0.6526363409327798,DDI
523,705,0.7418439716312056,0.24048995971679688,False,False,1.0,0.7053858286174799,DDI
530,704,0.7528409090909091,0.054447174072265625,False,False,0.06769264495977914,0.3279106599731858,DDI
532,519,1.02504816955684,0.16411209106445312,False,False,0.4192614263812694,0.9248640018609897,DDI
416,357,1.165266106442577,0.2982673645019531,False,False,1.0,0.6486411751834879,DDI
279,200,1.395,0.2958221435546875,False,False,0.4884591271823332,0.8754655292563973,DDI
531,708,0.75,0.343597412109375,False,False,0.5965574831487637,0.8394695878604054,DDI
242,155,1.5612903225806452,0.4089241027832031,False,False,0.33029370718594836,0.787593466267236,DDI
323,244,1.3237704918032787,0.420135498046875,False,False,0.42857598605031044,0.6104749684409592,DDI
517,700,0.7385714285714285,0.12648391723632812,False,False,0.285021935723322,0.9576112108610835,DDI
526,707,0.743988684582744,0.072723388671875,False,False,0.2648928106086069,0.7458240341800016,DDI
537,395,1.3594936708860759,0.24762344360351562,False,False,1.0,1.0,DDI
517,693,0.746031746031746,0.3491020202636719,False,False,0.6811941589783262,0.7071141096796775,DDI
514,699,0.7353361945636624,0.7230606079101562,False,False,0.9991150980972163,0.9681325672146707,DDI
710,699,1.0157367668097281,0.3874168395996094,False,True,1.0,0.9922252551600164,DDI
517,690,0.7492753623188406,0.6058273315429688,False,False,0.17661735557762737,0.5449425415922444,DDI
515,697,0.7388809182209469,0.23757553100585938,False,False,0.6866857681930745,0.8024886742441334,DDI
431,486,0.8868312757201646,0.5688323974609375,False,False,0.646051912166249,1.0,DDI
1250,886,1.4108352144469527,0.2952461242675781,False,False,0.30345193679458243,0.34350940212504416,DDI
1306,878,1.4874715261958997,0.06256103515625,False,False,0.3359798825815319,0.35258531827989603,DDI
792,418,1.894736842105263,0.4276618957519531,False,False,1.0,1.0,DDI
532,699,0.7610872675250357,0.5868339538574219,False,True,0.7961986507799348,0.6792023396320991,DDI
523,700,0.7471428571428571,0.023189544677734375,False,False,1.0,0.5625050440848985,DDI
699,703,0.9943100995732574,0.2775306701660156,False,False,0.36715482592443655,0.7453315348669406,DDI
247,237,1.0421940928270041,0.35987091064453125,False,False,0.20485247954860056,0.6292997232097967,DDI
299,455,0.6571428571428571,0.20920181274414062,False,False,0.24537537155639177,1.0,DDI
391,422,0.9265402843601895,0.04528045654296875,False,False,0.07316650575035955,0.3960213619716309,DDI
330,226,1.4601769911504425,0.5669593811035156,False,True,0.38382809966976233,0.6291835634609273,DDI
526,712,0.7387640449438202,0.033306121826171875,False,False,0.27690861598410477,0.8315297910882155,DDI
523,702,0.7450142450142451,0.120574951171875,False,False,0.46297459841159466,0.5672826978849973,DDI
787,641,1.2277691107644306,0.3365440368652344,False,False,0.10850320380479392,0.41967500675260117,DDI
902,670,1.346268656716418,0.18064498901367188,False,False,0.37342130186829564,1.0,DDI
500,604,0.8278145695364238,0.08574676513671875,False,False,1.0,0.5600418030788232,DDI
511,638,0.8009404388714734,0.1193389892578125,False,False,0.6183975761214744,0.6783820809687808,DDI
798,629,1.2686804451510334,0.6777267456054688,False,True,0.6499811811268181,1.0,DDI
792,631,1.255150554675119,0.5085716247558594,False,False,0.2519834258679065,0.3392642186800647,DDI
799,642,1.2445482866043613,0.3590240478515625,False,False,0.7987135583600505,0.8336381641906029,DDI
500,680,0.7352941176470589,0.6614112854003906,False,True,0.36282717230718,1.0,DDI
465,574,0.8101045296167247,0.2220458984375,False,False,0.2023684685135458,0.694949989510931,DDI
788,641,1.2293291731669267,0.07391738891601562,False,False,0.14228590717040693,0.5670327506428763,DDI
791,639,1.237871674491393,0.0042877197265625,False,False,0.4091855929864595,0.5053141390358717,DDI
918,803,1.1432129514321294,0.08856201171875,False,False,0.21259622075269768,0.768189270421576,DDI
799,638,1.2523510971786833,0.08345794677734375,False,True,0.2781608548128062,0.4419143165576654,DDI
930,683,1.361639824304539,0.0540618896484375,False,False,0.28051644304120665,0.6824212508904449,DDI
593,445,1.3325842696629213,0.005092620849609375,False,False,0.12640455000597148,0.5706810486286144,DDI
805,634,1.2697160883280758,0.31211090087890625,False,True,0.12047253199594427,0.8269037784709476,DDI
934,684,1.3654970760233918,0.3062286376953125,False,False,1.0,0.764675159411308,DDI
917,671,1.3666169895678093,0.5512809753417969,False,True,0.2349530549699843,0.8390763427515557,DDI
501,685,0.7313868613138687,0.03377532958984375,False,False,0.1524779534269958,0.765537788418528,DDI
919,677,1.3574593796159526,0.4408721923828125,False,False,0.6361141975941815,1.0,DDI
788,639,1.2331768388106417,0.48630523681640625,False,False,0.497459761413815,0.6473766407819767,DDI
460,638,0.7210031347962382,0.4717216491699219,False,True,0.12130472246208818,0.6985949663900113,DDI
799,640,1.2484375,0.34827423095703125,False,True,0.33636234741322796,0.6208832929363506,DDI
790,636,1.2421383647798743,0.18381500244140625,False,True,0.2766018004604293,0.5377821500489984,DDI
909,671,1.354694485842027,0.334320068359375,False,False,1.0,1.0,DDI
772,640,1.20625,0.3546295166015625,False,False,1.0,0.909512881310718,DDI
322,381,0.8451443569553806,0.35982513427734375,False,False,0.6768579176310648,1.0,DDI
795,639,1.244131455399061,0.3222236633300781,False,False,1.0,0.9367681631759331,DDI
802,634,1.2649842271293374,0.5117263793945312,False,False,0.07353859815736186,0.7385642938187167,DDI
800,638,1.2539184952978057,0.6179847717285156,False,False,0.06626308767832838,0.7731235357535713,DDI
789,636,1.240566037735849,0.673858642578125,False,True,0.6772853305223658,0.7015007357123582,DDI
796,636,1.251572327044025,0.5880508422851562,False,True,0.4431953746876098,0.9255023873136466,DDI
784,573,1.368237347294939,0.061443328857421875,False,False,0.9251167534018641,0.7743678286926429,DDI
796,632,1.259493670886076,0.180755615234375,False,False,0.8540342535405223,0.8057066586377372,DDI
490,507,0.9664694280078896,0.008708953857421875,False,False,1.0,0.6628970828716977,DDI
805,629,1.2798092209856915,0.3010520935058594,False,False,0.8708967209505893,1.0,DDI
802,639,1.2550860719874803,8.0108642578125e-05,False,False,0.06357952747464438,0.24300405499672198,DDI
428,335,1.2776119402985076,0.09175491333007812,False,False,0.1846117604623571,0.37463934556635425,DDI
788,624,1.2628205128205128,0.2666740417480469,False,False,1.0,0.8680043338163786,DDI
763,641,1.1903276131045242,0.653076171875,False,True,0.3344329056472192,0.9881125923303233,DDI
703,374,1.8796791443850267,0.6557846069335938,False,True,0.24891380215722844,0.7160369284478705,DDI
664,514,1.2918287937743191,0.4152374267578125,False,True,1.0,1.0,DDI
768,629,1.2209856915739268,0.4724540710449219,False,True,0.1289573380798367,1.0,DDI
770,629,1.2241653418124006,0.06600189208984375,False,False,1.0,0.6824101562998294,DDI
788,644,1.2236024844720497,0.0323486328125,False,False,0.537627292742459,0.3531137414633727,DDI
392,561,0.6987522281639929,0.70526123046875,False,True,1.0,0.6983972415216251,DDI
793,638,1.2429467084639498,0.11112213134765625,False,False,0.4473584257404379,0.524806116757613,DDI
794,639,1.242566510172144,0.6678657531738281,False,True,0.7345141572685729,0.9437886895018333,DDI
431,417,1.0335731414868106,0.49280548095703125,False,True,1.0,1.0,DDI
582,566,1.028268551236749,0.4099845886230469,False,True,0.25330679674910245,0.4920409971608748,DDI
799,630,1.2682539682539682,0.5799217224121094,False,True,1.0,0.9559649774355629,DDI
596,1010,0.5900990099009901,0.5306549072265625,False,False,1.0,1.0,DDI
790,636,1.2421383647798743,0.34053802490234375,False,True,1.0,0.8713340098864143,DDI
341,351,0.9715099715099715,0.000728607177734375,False,False,0.058325759849204226,0.40124250822730523,DDI
1016,772,1.3160621761658031,0.2914543151855469,False,False,0.21956671326150765,0.9268121284531918,DDI
525,696,0.7543103448275862,0.66656494140625,False,False,0.6180128951927228,0.9051338733371679,DDI
441,648,0.6805555555555556,0.07465362548828125,False,False,0.2790367639156423,0.6085126366278876,DDI
398,360,1.1055555555555556,0.794708251953125,False,True,0.4486819716559837,0.4707849319904717,DDI
274,320,0.85625,0.04618072509765625,False,False,0.10058565077882538,0.5313136063859791,DDI
530,539,0.9833024118738405,0.20788192749023438,False,False,0.1049721200096478,0.614165233066733,DDI
252,243,1.037037037037037,0.4160957336425781,False,False,0.3350778037679534,0.7142508139515299,DDI
525,707,0.7425742574257426,0.6479377746582031,False,True,0.4345325910843941,0.49666154729508033,DDI
521,702,0.7421652421652422,0.3529510498046875,False,False,0.9545242247050555,0.5046165407964325,DDI
521,703,0.7411095305832148,0.12131881713867188,False,False,1.0,0.9272379917052903,DDI
405,425,0.9529411764705882,0.00301361083984375,False,False,0.03968758756949554,0.298314421305297,DDI
521,706,0.7379603399433428,0.6424980163574219,False,True,0.2388406713761885,0.8209239160668564,DDI
512,694,0.7377521613832853,0.8640670776367188,False,True,0.3296030707829344,0.8223336955659966,DDI
519,699,0.7424892703862661,0.037761688232421875,False,False,0.20051715892282945,0.5325203456292896,DDI
522,704,0.7414772727272727,0.27185821533203125,False,False,0.9121399338135635,0.9488065303669272,DDI
525,702,0.7478632478632479,0.032581329345703125,False,False,0.3591708241456576,0.7550623048579935,DDI
520,703,0.7396870554765291,0.3782196044921875,False,False,0.1858053838839546,0.8133729534367009,DDI
375,516,0.7267441860465116,0.13271713256835938,False,False,0.19867838637795537,1.0,DDI
334,524,0.6374045801526718,0.3761940002441406,False,False,1.0,0.6730049384048331,DDI
360,307,1.1726384364820848,0.24527359008789062,False,False,0.6851364055439433,0.8933246055211987,DDI
520,701,0.7417974322396577,0.425689697265625,False,True,0.18488900222566154,0.9630224255102532,DDI
246,362,0.6795580110497238,0.7143363952636719,False,True,0.3217116455914803,0.4309687802699284,DDI
521,699,0.7453505007153076,0.19554519653320312,False,False,1.0,1.0,DDI
518,702,0.7378917378917379,0.13480377197265625,False,False,1.0,0.6897603793510966,DDI
525,703,0.7467994310099573,0.14931488037109375,False,False,1.0,1.0,DDI
516,703,0.7339971550497866,0.39640045166015625,False,True,0.17409452221911445,1.0,DDI
932,1252,0.744408945686901,0.045925140380859375,False,False,1.0,0.64370627930192,DDI
543,547,0.9926873857404022,0.3044319152832031,False,False,1.0,1.0,DDI
940,1226,0.766721044045677,0.4446144104003906,False,True,1.0,1.0,DDI
928,816,1.1372549019607843,0.498504638671875,False,True,1.0,0.5243110227608706,DDI
906,1228,0.737785016286645,0.23818588256835938,False,False,1.0,0.8814283553308355,DDI
916,1234,0.7423014586709886,0.07950592041015625,False,False,0.5090507137650131,0.8098219196688957,DDI
549,447,1.2281879194630871,0.23274993896484375,False,True,1.0,0.7056206342479789,DDI
920,726,1.2672176308539944,0.3330230712890625,False,False,1.0,0.7347786215973509,DDI
922,1234,0.747163695299838,0.17425918579101562,False,False,1.0,0.8756549875387437,DDI
268,233,1.150214592274678,0.510223388671875,False,True,1.0,0.9617543396796655,DDI
478,547,0.8738574040219378,0.12908554077148438,False,False,0.19244137843620412,0.3784234158224384,DDI
900,1000,0.9,0.2672996520996094,False,False,0.24467873333333334,1.0,DDI
916,1240,0.7387096774193549,0.40301513671875,False,False,1.0,0.8710562520713251,DDI
928,1246,0.7447833065810594,0.08875656127929688,False,False,0.9200943363591079,0.9579573369468528,DDI
930,1248,0.7451923076923077,0.057056427001953125,False,False,0.6587415046870692,0.7482336752919012,DDI
926,717,1.2914923291492328,0.23998641967773438,False,False,1.0,1.0,DDI
735,413,1.7796610169491525,0.11410903930664062,False,True,1.0,0.6152819694177812,DDI
928,1250,0.7424,0.6662483215332031,False,True,1.0,0.8024463338032723,DDI
924,798,1.1578947368421053,0.531768798828125,False,True,1.0,0.9101915026846126,DDI
918,657,1.3972602739726028,0.27449798583984375,False,True,0.8682495195218,0.6236369996019299,DDI
932,1252,0.744408945686901,0.3356361389160156,False,False,1.0,0.5969831974284321,DDI
912,1248,0.7307692307692307,0.250762939453125,False,False,1.0,1.0,DDI
928,1246,0.7447833065810594,0.3671455383300781,False,False,0.3870503888304644,0.6948004818111233,DDI
914,724,1.2624309392265194,0.3069572448730469,False,True,0.9845959718074881,0.7347573135743116,DDI
1228,748,1.641711229946524,0.0,True,False,0.8186106708007455,0.4628059754245965,DDI
922,1238,0.7447495961227787,0.0052032470703125,False,False,1.0,0.5970295378619463,DDI
791,687,1.1513828238719068,0.01497650146484375,False,False,1.0,0.4135380510785675,DDI
930,1256,0.7404458598726115,0.3956108093261719,False,False,1.0,0.5560344603189893,DDI
1634,1220,1.339344262295082,0.23695755004882812,False,False,1.0,0.907817728734148,DDI
514,607,0.8467874794069192,0.013378143310546875,False,False,1.0,0.5821980559189341,DDI
924,1244,0.7427652733118971,0.19438934326171875,False,False,0.24104040520037306,0.5937981809316845,DDI
910,1246,0.7303370786516854,0.48842620849609375,False,True,0.46512823452630836,0.8724368314971273,DDI
595,691,0.8610709117221418,0.19240951538085938,False,False,0.4131528728944333,0.6550913018751934,DDI
641,585,1.0957264957264958,0.236114501953125,False,False,1.0,1.0,DDI
908,890,1.0202247191011236,0.6917266845703125,False,True,0.7184924763648963,0.820457691314579,DDI
912,1254,0.7272727272727273,0.33481597900390625,False,False,0.16614972439072162,0.6787036449975995,DDI
607,807,0.7521685254027262,0.6162567138671875,False,True,1.0,0.908721898599097,DDI
932,640,1.45625,0.012325286865234375,False,False,0.9088633315450643,0.7503361561629043,DDI
496,560,0.8857142857142857,0.3527374267578125,False,False,1.0,1.0,DDI
695,599,1.1602671118530885,0.5775527954101562,False,True,1.0,0.668118016921015,DDI
894,1242,0.7198067632850241,0.18191909790039062,False,False,0.31226811774326607,0.6625798018284125,DDI
295,261,1.1302681992337165,0.3857574462890625,False,False,0.6901101765631978,0.3198254367586814,DDI
820,924,0.8874458874458875,0.631500244140625,False,True,0.5573831432794847,0.7021358430386261,DDI
924,1258,0.7344992050874404,0.6515350341796875,False,True,1.0,1.0,DDI
1206,894,1.348993288590604,0.2686958312988281,False,False,0.25201514797377766,0.703504612247849,DDI
1634,1212,1.3481848184818481,0.648712158203125,False,False,1.0,0.8655038856293831,DDI
930,1244,0.747588424437299,0.27828216552734375,False,False,0.6210917608823427,0.7698141563727963,DDI
514,474,1.0843881856540085,0.2625846862792969,False,False,1.0,1.0,DDI
888,1230,0.7219512195121951,0.08568191528320312,False,False,1.0,0.5817752374893245,DDI
466,640,0.728125,0.08201980590820312,False,False,0.4144445386034721,0.6293241483178283,DDI
329,441,0.746031746031746,0.3130912780761719,False,False,0.5895791542816413,0.8881619264209669,DDI
466,629,0.7408585055643879,0.7407913208007812,False,False,0.7279144705022321,0.7287212064231897,DDI
390,682,0.5718475073313783,0.6215133666992188,False,True,0.5678975816025386,0.9241511020334043,DDI
365,426,0.8568075117370892,0.27735137939453125,False,False,0.48053563244231673,0.657663770201857,DDI
783,572,1.368881118881119,0.3755455017089844,False,True,0.7782612670054115,0.6662888183761743,DDI
465,458,1.01528384279476,0.6480636596679688,False,True,1.0,0.8525549903218573,DDI
463,634,0.7302839116719243,0.26406097412109375,False,False,0.9617345489459648,0.8205119776656351,DDI
407,554,0.7346570397111913,0.836639404296875,False,True,1.0,0.8982916972811502,DDI
464,632,0.7341772151898734,0.12080764770507812,False,False,0.14667482120857783,0.5648292916107354,DDI
493,689,0.7155297532656023,0.00521087646484375,False,False,0.3032682568616186,1.0,DDI
450,622,0.7234726688102894,0.3952064514160156,False,False,1.0,0.8832144263241904,DDI
445,609,0.7307060755336617,0.4930877685546875,False,True,0.8138419944451875,0.9090833541263182,DDI
270,406,0.6650246305418719,0.1220703125,False,False,0.1815466065801746,0.7430307390809151,DDI
509,440,1.1568181818181817,0.09333038330078125,False,False,0.1180022362799059,0.7774398507681181,DDI
414,379,1.0923482849604222,0.2601165771484375,False,False,0.589323647485717,0.8608918740415263,DDI
470,639,0.7355242566510172,0.44586181640625,False,True,0.10046451680052906,0.7608476354521413,DDI
440,608,0.7236842105263158,0.44626617431640625,False,True,0.3163379006462458,0.8792923651796077,DDI
467,635,0.7354330708661417,0.31231689453125,False,False,1.0,0.6527083758778246,DDI
466,637,0.7315541601255887,0.2907676696777344,False,False,0.5575649260379065,0.46521204504547914,DDI
428,433,0.9884526558891455,0.30478668212890625,False,False,0.3036812470466459,0.4882773869015721,DDI
682,365,1.8684931506849316,0.49124908447265625,False,False,1.0,0.905031209902415,DDI
449,617,0.7277147487844409,0.2727508544921875,False,True,0.31184061025360577,0.9483861837996472,DDI
461,634,0.7271293375394322,0.10583877563476562,False,False,0.07523652706977033,0.5969754445444658,DDI
467,638,0.731974921630094,0.27474212646484375,False,False,0.5441693796158468,1.0,DDI
470,645,0.7286821705426356,0.4408149719238281,False,True,0.8898032963303096,0.6461020452284286,DDI
220,231,0.9523809523809523,0.44495391845703125,False,False,0.12560883777206894,0.63801474717191,DDI
461,640,0.7203125,0.5153350830078125,False,False,1.0,1.0,DDI
467,637,0.7331240188383046,0.10053253173828125,False,False,0.4503590433787295,0.6440768393615205,DDI
469,637,0.7362637362637363,0.5663032531738281,False,True,0.15159351822523265,0.7500212997268613,DDI
437,473,0.9238900634249472,0.238677978515625,False,False,1.0,1.0,DDI
449,578,0.7768166089965398,0.5109214782714844,False,False,1.0,0.6760460358751841,DDI
466,642,0.7258566978193146,0.024959564208984375,False,False,0.7801669202911417,0.6331763183248973,DDI
465,635,0.7322834645669292,0.08929824829101562,False,False,0.3310871150487821,0.7205322119374195,DDI
470,637,0.7378335949764521,0.06372451782226562,False,False,0.7629669933515381,0.5237129896932028,DDI
424,388,1.092783505154639,0.7080726623535156,False,True,1.0,0.8998654925516649,DDI
470,638,0.7366771159874608,0.8277549743652344,False,True,1.0,1.0,DDI
403,407,0.9901719901719902,0.7858428955078125,False,True,1.0,0.8406629473367231,DDI
467,642,0.7274143302180686,0.7634811401367188,False,True,1.0,0.8217798221092315,DDI
410,396,1.0353535353535352,0.4519844055175781,False,True,1.0,0.6551089870705209,DDI
305,385,0.7922077922077922,0.7170600891113281,False,True,0.9516859103621106,0.8159680527106223,DDI
463,633,0.731437598736177,0.38239288330078125,False,True,0.5460223341105813,0.48744087195197944,DDI
471,635,0.7417322834645669,0.6809196472167969,False,True,1.0,1.0,DDI
385,441,0.873015873015873,0.5038223266601562,False,True,1.0,1.0,DDI
295,295,1.0,0.6228790283203125,False,False,1.0,0.9773087115089948,DDI
367,376,0.976063829787234,0.3538665771484375,False,False,0.7623389763405831,0.6834405836109284,DDI
310,465,0.6666666666666666,0.7998809814453125,False,True,1.0,0.763882596615025,DDI
207,229,0.9039301310043668,0.25116729736328125,False,False,0.23955979800130422,0.5211699301321053,DDI
297,265,1.120754716981132,0.2507820129394531,False,True,1.0,1.0,DDI
469,485,0.9670103092783505,0.022808074951171875,False,False,0.2691374489983707,0.557956521235172,DDI
359,325,1.1046153846153846,0.7218513488769531,False,True,1.0,1.0,DDI
366,384,0.953125,0.6904449462890625,False,True,1.0,0.510970941290337,DDI
245,243,1.008230452674897,0.3408966064453125,False,True,0.3330810823156075,0.7710314956036814,DDI
442,501,0.8822355289421158,0.5902786254882812,False,True,1.0,0.8444164231391806,DDI
285,251,1.1354581673306774,0.16244125366210938,False,False,0.747807260020481,0.7548843461011707,DDI
767,666,1.1516516516516517,0.2817535400390625,False,False,0.26589436176212317,1.0,DDI
447,612,0.7303921568627451,0.0155181884765625,False,False,0.7485005274616268,0.43109712988272636,DDI
455,616,0.7386363636363636,0.056087493896484375,False,False,0.8781495637352107,0.6743632988475271,DDI
455,455,1.0,0.02892303466796875,False,False,1.0,0.5494936095583053,DDI
464,642,0.7227414330218068,0.2670402526855469,False,False,0.5270178379348461,0.6611152761616044,DDI
1036,835,1.2407185628742514,0.5043296813964844,False,False,1.0,1.0,DDI
1013,1353,0.7487065779748706,0.2531166076660156,False,False,0.9761216517770599,0.6972438591911007,DDI
1019,1409,0.723207948899929,0.14873886108398438,False,False,1.0,0.9593209945996404,DDI
1023,1056,0.96875,0.5759239196777344,False,True,0.2843381383112627,0.8545156526478523,DDI
999,1367,0.7307973664959766,0.011096954345703125,False,False,1.0,0.7442253445784527,DDI
1017,1391,0.7311286843997125,0.30904388427734375,False,False,0.3164156711886428,0.8842744784349228,DDI
805,986,0.8164300202839757,0.3988800048828125,False,True,1.0,0.937538498427096,DDI
1035,1373,0.7538237436270939,0.18271255493164062,False,False,0.8602540082258661,0.7826168176157448,DDI
999,1421,0.7030260380014075,0.23640823364257812,False,False,1.0,0.8829566920630957,DDI
1019,1385,0.7357400722021661,0.3851051330566406,False,False,1.0,0.8192594344535326,DDI
1745,1331,1.3110443275732533,0.2828178405761719,False,False,1.0,0.932427931503009,DDI
1819,1352,1.345414201183432,0.3119010925292969,False,False,1.0,1.0,DDI
1377,1252,1.0998402555910542,0.24442291259765625,False,False,0.3291991025908896,0.8730570959107543,DDI
708,574,1.2334494773519165,0.07297134399414062,False,False,0.17813159664350212,0.40657701005635427,DDI
1037,1405,0.7380782918149467,0.6000747680664062,False,True,0.283364096608975,0.6052057784111021,DDI
1091,1193,0.914501257334451,0.4777565002441406,False,True,0.982036228749588,0.48639014859660007,DDI
995,1377,0.7225853304284677,0.2726783752441406,False,False,1.0,0.9417279562865191,DDI
1357,1062,1.2777777777777777,0.22920608520507812,False,False,1.0,1.0,DDI
939,938,1.0010660980810235,0.3061065673828125,False,False,0.17578300771758798,1.0,DDI
537,369,1.4552845528455285,0.5352287292480469,False,False,1.0,0.552173453229341,DDI
386,339,1.1386430678466077,0.6245384216308594,False,True,1.0,0.7719722155017097,DDI
868,659,1.3171471927162368,0.37976837158203125,False,True,1.0,1.0,DDI
1039,1397,0.7437365783822477,0.15050506591796875,False,False,0.5920081729724018,1.0,DDI
989,1409,0.7019162526614621,0.13343048095703125,False,False,0.4964637932133322,0.7544142858135348,DDI
1881,1391,1.3522645578720345,0.48937225341796875,False,True,0.6226936925792771,0.5345590235146416,DDI
1046,1303,0.8027628549501151,0.2536773681640625,False,False,1.0,0.7277297176960642,DDI
1030,1292,0.7972136222910217,0.00482177734375,False,False,0.7888537900871733,1.0,DDI
1031,1401,0.7359029264810849,0.29620361328125,False,False,0.23924818617070628,0.7369050529232283,DDI
1377,1381,0.997103548153512,0.2693023681640625,False,True,1.0,0.9098719321428479,DDI
1015,1401,0.7244825124910778,0.44551849365234375,False,False,1.0,1.0,DDI
995,1379,0.7215373459028281,0.10631942749023438,False,False,0.4857999346191071,0.7362481002314767,DDI
1112,1017,1.0934119960668633,0.5191802978515625,False,False,0.3968334977993909,0.409708003688642,DDI
677,442,1.5316742081447965,0.6681861877441406,False,True,0.8884984508768439,0.8293805528508116,DDI
1023,1415,0.7229681978798587,0.13366317749023438,False,False,1.0,0.9044239410025713,DDI
602,430,1.4,0.4516105651855469,False,True,1.0,1.0,DDI
1028,1406,0.7311522048364154,0.3370857238769531,False,True,1.0,0.998045430959952,DDI
876,407,2.152334152334152,0.5036277770996094,False,True,1.0,0.7508070893186799,DDI
1031,1401,0.7359029264810849,0.5682525634765625,False,True,0.8221272736461624,1.0,DDI
1899,1405,1.3516014234875444,0.040904998779296875,False,False,0.2795444970350067,0.9323751261278199,DDI
1041,1415,0.7356890459363957,0.6058692932128906,False,True,1.0,0.806005956992419,DDI
799,987,0.8095238095238095,0.76202392578125,False,True,1.0,1.0,DDI
1399,1375,1.0174545454545454,0.18472671508789062,False,False,1.0,1.0,DDI
1023,736,1.389945652173913,0.8020477294921875,False,True,0.7673912891544741,0.6792589427351493,DDI
1031,1399,0.7369549678341673,0.216766357421875,False,False,0.3404609623544609,0.4095209133864324,DDI
331,354,0.9350282485875706,0.8804130554199219,False,True,1.0,0.636931615247181,DDI
999,1381,0.723388848660391,0.524993896484375,False,False,0.37171706938328036,0.5480424276558649,DDI
1003,1347,0.7446176688938382,0.18418502807617188,False,False,1.0,0.9076839402688749,DDI
1017,1373,0.7407137654770576,0.07513046264648438,False,False,0.9595505395888253,0.7693933660564086,DDI
1855,1395,1.3297491039426523,0.43011474609375,False,True,0.5087443797109216,0.8244883927295946,DDI
1029,1369,0.7516435354273192,0.22757720947265625,False,False,0.6910918214724062,0.7470410463802394,DDI
993,511,1.9432485322896282,0.2003631591796875,False,False,0.20745086435132987,1.0,DDI
573,518,1.106177606177606,0.06852340698242188,False,False,0.2701710072928337,0.5061486315100514,DDI
1005,1365,0.7362637362637363,0.02079010009765625,False,False,1.0,0.8368935049529194,DDI
1017,1379,0.7374909354604786,0.2792015075683594,False,True,1.0,0.9467848900854758,DDI
1010,638,1.5830721003134796,0.2457427978515625,False,False,1.0,0.8568888653601887,DDI
1008,710,1.419718309859155,0.6173820495605469,False,True,1.0,1.0,DDI
998,806,1.2382133995037221,0.08441925048828125,False,False,1.0,0.558054137647415,DDI
982,867,1.132641291810842,0.4686851501464844,False,True,1.0,1.0,DDI
1283,643,1.9953343701399688,0.06361770629882812,False,False,1.0,0.6295095705592494,DDI
1037,1383,0.749819233550253,0.1369781494140625,False,False,0.6669372515646986,1.0,DDI
923,690,1.3376811594202898,0.22448348999023438,False,False,0.3756804710687816,0.6468214910270814,DDI
1215,1166,1.0420240137221268,0.39247894287109375,False,False,1.0,1.0,DDI
895,757,1.1822985468956406,0.16263580322265625,False,False,1.0,0.693979281797209,DDI
1003,1381,0.7262853005068791,0.22383499145507812,False,False,1.0,1.0,DDI
926,760,1.2184210526315788,0.32599639892578125,False,True,0.8499792772923719,1.0,DDI
959,770,1.2454545454545454,0.5576324462890625,False,True,0.8629789727351854,0.9418686566576908,DDI
1013,920,1.1010869565217392,0.5125694274902344,False,False,0.7110983365124186,1.0,DDI
573,784,0.7308673469387755,0.7512054443359375,False,True,1.0,0.9911301806401301,DDI
889,579,1.535405872193437,0.11960601806640625,False,False,0.27957982137435283,0.7883406868010296,DDI
1039,1401,0.7416131334760885,0.04119873046875,False,False,1.0,0.5727554230006074,DDI
1033,1397,0.7394416607015032,0.3104400634765625,False,False,0.7257475117819197,1.0,DDI
994,694,1.4322766570605188,0.3955955505371094,False,False,0.3452268746529709,0.9178053710497278,DDI
1007,1137,0.8856640281442393,0.5577774047851562,False,True,1.0,1.0,DDI
1019,1385,0.7357400722021661,0.3285942077636719,False,False,1.0,1.0,DDI
1037,1381,0.7509051412020276,0.61248779296875,False,False,1.0,0.8338549686172819,DDI
1035,1407,0.7356076759061834,0.01129150390625,False,False,0.20160017290325438,0.36898760200220326,DDI
1045,1379,0.7577955039883973,0.33626556396484375,False,False,0.3063858346375885,0.9059399149543779,DDI
1041,1429,0.728481455563331,0.06970596313476562,False,False,1.0,0.8770797644323353,DDI
472,538,0.8773234200743495,0.5338325500488281,False,False,1.0,1.0,DDI
1780,1192,1.4932885906040267,0.17600631713867188,False,True,1.0,0.8784435410652308,DDI
741,584,1.268835616438356,0.8210067749023438,False,True,1.0,0.6806358265848461,DDI
926,1222,0.7577741407528642,0.7139701843261719,False,True,1.0,0.8244406845575876,DDI
939,981,0.9571865443425076,0.8266143798828125,False,True,1.0,0.8001240021103864,DDI
1160,916,1.2663755458515285,0.525482177734375,False,True,1.0,1.0,DDI
1257,811,1.5499383477188655,0.5370063781738281,False,True,1.0,0.8601621278478413,DDI
999,1397,0.7151037938439513,0.4255867004394531,False,False,1.0,0.9945987177124312,DDI
991,1405,0.7053380782918149,0.7750396728515625,False,True,1.0,1.0,DDI
940,944,0.9957627118644068,0.14754867553710938,False,False,1.0,0.9045233760064769,DDI
781,519,1.5048169556840076,0.6773147583007812,False,True,1.0,0.9539653131354581,DDI
554,400,1.385,0.5941390991210938,False,False,1.0,0.8876678250474784,DDI
634,748,0.8475935828877005,0.3997802734375,False,False,1.0,0.8858762784727231,DDI
1005,1381,0.7277335264301231,0.416046142578125,False,False,1.0,0.9021091750058048,DDI
872,973,0.8961973278520041,0.5190811157226562,False,False,0.8878418395122885,0.7628410140278807,DDI
1007,1383,0.7281272595806219,0.19061660766601562,False,False,1.0,0.9091087903676605,DDI
1375,1049,1.3107721639656815,0.09287643432617188,False,False,1.0,0.6757438621382639,DDI
840,900,0.9333333333333333,0.6136093139648438,False,True,1.0,0.890260458721068,DDI
974,968,1.006198347107438,0.10648727416992188,False,False,1.0,0.911217086675797,DDI
1027,1383,0.7425885755603759,0.1018829345703125,False,False,0.724960334810575,0.541355629641653,DDI
1015,1389,0.7307415406767459,0.3353385925292969,False,False,0.8899658186921977,1.0,DDI
804,920,0.8739130434782608,0.7275047302246094,False,True,1.0,0.8119669269760438,DDI
1003,1127,0.8899733806566105,0.08078384399414062,False,False,1.0,0.8764667815740762,DDI
1019,1353,0.7531411677753141,0.3780784606933594,False,False,1.0,1.0,DDI
1013,1387,0.7303532804614276,0.053882598876953125,False,False,0.9789851595461392,0.4229743610309474,DDI
985,864,1.1400462962962963,0.752471923828125,False,True,1.0,0.8417473608950324,DDI
1039,1401,0.7416131334760885,0.13871383666992188,False,False,1.0,0.9022087001568787,DDI
1005,1377,0.7298474945533769,0.13785171508789062,False,False,1.0,0.9620502664422642,DDI
948,1167,0.8123393316195373,0.3010101318359375,False,False,0.44770101596500267,0.7622486283705454,DDI
1905,1397,1.3636363636363635,0.27504730224609375,False,False,1.0,0.9386547635837406,DDI
993,1385,0.7169675090252707,0.4710884094238281,False,True,1.0,1.0,DDI
756,1008,0.75,0.0,True,False,0.6343663642797654,0.7301018907986347,DDI
989,1365,0.7245421245421245,0.8828010559082031,False,False,1.0,0.6054571354581485,DDI
879,1158,0.7590673575129534,0.3829498291015625,False,True,0.7174393491496569,1.0,DDI
1017,1381,0.7364228819695873,0.058917999267578125,False,False,1.0,0.7591373349856071,DDI
1019,1389,0.7336213102951764,0.0512542724609375,False,False,1.0,1.0,DDI
993,1397,0.7108088761632069,0.21581649780273438,False,False,0.875179610058769,0.5695801921768836,DDI
1031,1379,0.747643219724438,0.33318328857421875,False,False,1.0,1.0,DDI
984,916,1.074235807860262,0.1346588134765625,False,False,0.4951687474392844,0.8916514557606192,DDI
1031,1365,0.7553113553113553,0.0187225341796875,False,False,1.0,0.6244516155176497,DDI
1007,1379,0.7302393038433648,0.1641845703125,False,False,0.6252092764644932,0.6225502107915538,DDI
1019,1379,0.7389412617839014,0.2527580261230469,False,False,0.2805162820123242,0.4174001583974244,DDI
1007,1369,0.7355734112490869,0.4266090393066406,False,True,1.0,1.0,DDI
898,623,1.4414125200642054,0.7060432434082031,False,True,1.0,0.7359722324564727,DDI
997,1369,0.7282688093498905,0.05908203125,False,False,1.0,0.6067934091694315,DDI
1031,1373,0.7509104151493081,0.4872093200683594,False,False,1.0,0.9022395378576425,DDI
997,1365,0.7304029304029304,0.35002899169921875,False,False,0.9256750910862028,0.6644775636378863,DDI
1023,1347,0.7594654788418709,0.23160171508789062,False,False,1.0,0.6453281638248266,DDI
820,873,0.9392898052691867,0.4953765869140625,False,True,1.0,0.9893895024084118,DDI
881,753,1.1699867197875167,0.17900848388671875,False,False,1.0,0.6281006284044519,DDI
799,582,1.372852233676976,0.17519378662109375,False,False,0.39922507325986684,0.2716207639235622,DDI
935,713,1.311360448807854,0.2658843994140625,False,True,1.0,1.0,DDI
1015,1371,0.7403355215171408,0.010944366455078125,False,False,0.5852367514048551,0.49574454641981464,DDI
1017,1385,0.7342960288808664,0.02738189697265625,False,False,1.0,1.0,DDI
939,728,1.289835164835165,0.0177459716796875,False,False,0.4865250031990343,0.3491192796418141,DDI
1040,1400,0.7428571428571429,0.0065765380859375,False,False,1.0,0.6037125833716571,DDI
1028,1384,0.7427745664739884,0.3030853271484375,False,False,0.3114676204988642,0.6574811384867036,DDI
1028,1378,0.7460087082728593,0.6110763549804688,False,True,1.0,0.5798950612104945,DDI
744,797,0.9335006273525721,0.4224090576171875,False,False,1.0,1.0,DDI
975,1092,0.8928571428571429,0.24845504760742188,False,False,0.4921860026255262,0.8768030494479656,DDI
465,387,1.2015503875968991,0.14159393310546875,False,False,1.0,0.695586459338608,DDI
1026,1388,0.739193083573487,0.7183074951171875,False,True,0.30194329283021837,1.0,DDI
621,445,1.395505617977528,0.4311637878417969,False,False,1.0,1.0,DDI
974,691,1.4095513748191026,0.15663909912109375,False,False,1.0,1.0,DDI
677,882,0.7675736961451247,0.09477615356445312,False,False,1.0,0.8183640750981928,DDI
688,583,1.1801029159519725,0.7936782836914062,False,True,1.0,0.8754620993553899,DDI
1040,1396,0.7449856733524355,0.439849853515625,False,False,1.0,1.0,DDI
473,717,0.6596931659693166,0.5172653198242188,False,False,1.0,0.835826567449721,DDI
1914,1424,1.3441011235955056,0.6748008728027344,False,False,1.0,0.9386891176556107,DDI
1030,1390,0.7410071942446043,0.4216461181640625,False,True,1.0,0.7464899924899752,DDI
988,1028,0.9610894941634242,0.18946075439453125,False,False,0.30867414424694717,0.8424871633998727,DDI
978,1109,0.8818755635707844,0.37693023681640625,False,True,1.0,0.8168042525237276,DDI
750,1096,0.6843065693430657,0.0522003173828125,False,False,1.0,0.6701196340543982,DDI
566,500,1.132,0.576507568359375,False,False,0.7512907588776236,0.6658930037610236,DDI
1418,1418,1.0,0.15022659301757812,False,False,1.0,0.8526987287654388,DDI
974,981,0.9928644240570846,0.25274658203125,False,False,1.0,0.5860268884645947,DDI
1030,1386,0.7431457431457431,0.5105781555175781,False,False,1.0,1.0,DDI
508,737,0.689280868385346,0.5764389038085938,False,True,1.0,0.8594120138053019,DDI
2448,3264,0.75,0.22803878784179688,False,False,0.46223805637158,0.9503733536524137,DDI-2
2448,3264,0.75,0.5377883911132812,False,False,0.03411338562223453,0.8097391192648531,DDI-2
2448,3264,0.75,0.0,True,False,0.07171159504850128,0.456561229093562,DDI-2
2448,1664,1.4711538461538463,0.046665191650390625,False,False,0.2468760530115292,1.0,DDI-2
2448,2449,0.9995916700694161,0.186737060546875,False,False,0.07800072289290848,1.0,DDI-2
3024,4032,0.75,0.042789459228515625,False,False,0.2947982401008416,0.8202108129844846,DDI-2
3024,4032,0.75,0.208831787109375,False,False,0.30908398895707007,1.0,DDI-2
2448,3264,0.75,0.10416793823242188,False,False,0.24547164726997012,1.0,DDI-2
3024,4032,0.75,0.3527488708496094,False,False,0.486654719389549,1.0,DDI-2
3024,4032,0.75,0.20393753051757812,False,False,0.4631260530823016,1.0,DDI-2
2496,4017,0.6213592233009708,0.13654327392578125,False,False,0.566493624028035,0.9295446265412022,DDI-2
1682,2516,0.6685214626391097,0.36145782470703125,False,True,0.4958585651119006,1.0,DDI-2
2448,3264,0.75,0.10914230346679688,False,False,0.38607391462774293,1.0,DDI-2
3024,4032,0.75,0.3457374572753906,False,False,0.116843563294534,0.8091218090088496,DDI-2
3024,4032,0.75,0.20824050903320312,False,False,0.9928527328645333,1.0,DDI-2
2448,3264,0.75,0.6795005798339844,False,True,0.03832225359712659,1.0,DDI-2
2448,3264,0.75,0.7515029907226562,False,True,0.04208793517470435,1.0,DDI-2
2448,3264,0.75,0.3765716552734375,False,False,0.06944029689927174,0.6481975555522431,DDI-2
4000,3000,1.3333333333333333,0.3806114196777344,False,True,0.11029292330964888,0.48166477041355643,DDI-2
4000,3000,1.3333333333333333,0.23196029663085938,False,False,0.7315165678397529,0.9335842905895201,DDI-2
2448,3264,0.75,0.21998214721679688,False,False,0.09243189091498999,1.0,DDI-2
2448,3264,0.75,0.6206398010253906,False,True,0.3359760478126801,1.0,DDI-2
3264,2448,1.3333333333333333,0.3748779296875,False,False,1.0,1.0,DDI-2
1719,1285,1.3377431906614785,0.4282684326171875,False,True,0.4561150140533073,0.8223494707820389,DDI-2
2448,3264,0.75,0.410064697265625,False,True,0.06227423045231302,0.9687189714014517,DDI-2
2448,3264,0.75,0.6851997375488281,False,True,0.2465909745961832,0.7884536947915916,DDI-2
2448,3264,0.75,0.5417289733886719,False,False,0.2033254724999035,1.0,DDI-2
2448,3264,0.75,0.3896942138671875,False,False,0.05412837884295251,1.0,DDI-2
2448,3264,0.75,0.3111991882324219,False,False,0.9521125020003008,1.0,DDI-2
2305,1300,1.773076923076923,0.5129547119140625,False,False,0.878745065879908,0.695955304933666,DDI-2
1384,1650,0.8387878787878787,0.10205841064453125,False,False,0.38813593285219455,0.8046866225480379,DDI-2
3024,4032,0.75,0.8016510009765625,False,True,0.11488240978344591,0.8044236031829588,DDI-2
2448,3264,0.75,0.07730484008789062,False,False,0.3576279566451683,0.9464034822221346,DDI-2
3024,4032,0.75,0.14625930786132812,False,False,0.570482063627974,1.0,DDI-2
3264,2448,1.3333333333333333,0.085968017578125,False,False,1.0,0.8229047403831755,DDI-2
2448,3264,0.75,0.0,True,False,0.12663912316660628,0.6702920596655806,DDI-2
3024,4032,0.75,0.3787994384765625,False,False,0.5969533347924216,1.0,DDI-2
3264,2448,1.3333333333333333,0.23314666748046875,False,True,0.22215829323128006,0.88886008471805,DDI-2
2448,3264,0.75,0.4406242370605469,False,True,0.2971621778179296,1.0,DDI-2
2990,2631,1.1364500190041809,0.5017890930175781,False,False,0.19653910274014674,1.0,DDI-2
3024,4032,0.75,0.06401443481445312,False,False,0.5632324285424258,1.0,DDI-2
2448,3264,0.75,0.0592193603515625,False,False,0.4079980556284799,0.8772431230733033,DDI-2
2448,3264,0.75,0.051586151123046875,False,False,0.4009225655759409,1.0,DDI-2
2448,3264,0.75,0.26085662841796875,False,True,1.0,0.8475401269904321,DDI-2
2448,3264,0.75,0.02877044677734375,False,False,0.13163575280848186,0.5075229891753821,DDI-2
1941,1584,1.2253787878787878,0.3030891418457031,False,False,1.0,1.0,DDI-2
2447,2245,1.089977728285078,0.2612495422363281,False,False,0.2999960878469994,1.0,DDI-2
3024,4032,0.75,0.23106002807617188,False,False,0.03490230437498679,0.5745431253281811,DDI-2
2723,2770,0.9830324909747292,0.5327720642089844,False,False,0.23358621208458585,1.0,DDI-2
3024,4032,0.75,0.4948883056640625,False,False,0.13546693990663733,1.0,DDI-2
3024,4032,0.75,0.4163551330566406,False,False,0.4411391326328774,1.0,DDI-2
1801,1079,1.6691380908248379,0.24900436401367188,False,False,0.1305594763573767,0.5135039521030312,DDI-2
3024,4032,0.75,0.3588829040527344,False,False,0.41203592981773896,1.0,DDI-2
1299,1330,0.9766917293233083,0.3218574523925781,False,False,0.2648850010591756,1.0,DDI-2
2448,3264,0.75,0.4221649169921875,False,False,0.35217834135346415,1.0,DDI-2
4000,3000,1.3333333333333333,0.010349273681640625,False,False,0.2033346158147716,0.9626708726950456,DDI-2
975,2096,0.4651717557251908,0.10202407836914062,False,False,0.6826028036614464,0.46945049380720144,DDI-2
3024,4032,0.75,0.6154251098632812,False,True,0.4020557678081865,1.0,DDI-2
2448,3264,0.75,0.00023651123046875,False,False,0.25126778404564687,0.5718657128002599,DDI-2
3264,2448,1.3333333333333333,0.08184051513671875,False,False,1.0,0.9594943895197812,DDI-2
2448,3264,0.75,0.40314483642578125,False,False,0.09950632217330517,1.0,DDI-2
2448,3264,0.75,0.15453338623046875,False,False,0.8374045939862816,1.0,DDI-2
2448,3264,0.75,0.25748443603515625,False,True,0.7394219507746146,1.0,DDI-2
3024,4032,0.75,0.09414291381835938,False,False,0.09304875882933658,1.0,DDI-2
2448,3264,0.75,0.043743133544921875,False,False,1.0,0.8468802416261728,DDI-2
2434,2004,1.2145708582834331,0.6219825744628906,False,True,0.16898647701963274,1.0,DDI-2
2069,2519,0.8213576816196904,0.7232093811035156,False,False,0.19191148685777532,0.9560170387331886,DDI-2
4000,3000,1.3333333333333333,0.2997169494628906,False,True,0.18359874901104103,0.9214766078060845,DDI-2
2448,3264,0.75,0.18193435668945312,False,False,1.0,0.9291513113149459,DDI-2
1927,919,2.0968443960826986,0.22311782836914062,False,True,1.0,0.9603545745483317,DDI-2
3024,4032,0.75,0.17284774780273438,False,False,0.2453825078911904,1.0,DDI-2
4000,3000,1.3333333333333333,0.18393707275390625,False,False,0.11451073828844334,1.0,DDI-2
2448,3264,0.75,0.1717529296875,False,False,0.16211381397034952,0.7591989423750017,DDI-2
3461,2983,1.1602413677505867,0.013336181640625,False,False,0.15554476325312183,0.6659607560790396,DDI-2
4000,3000,1.3333333333333333,0.20139694213867188,False,False,0.24907934832733084,0.9476962437954496,DDI-2
4000,3000,1.3333333333333333,0.19298171997070312,False,False,0.22470468582148825,0.8419454121252052,DDI-2
2448,3264,0.75,0.245269775390625,False,False,0.12637881837683174,1.0,DDI-2
3024,4032,0.75,0.04099273681640625,False,True,0.5617693929970178,1.0,DDI-2
4000,3000,1.3333333333333333,0.3203887939453125,False,False,0.2711756683329323,0.911869399582724,DDI-2
2448,3264,0.75,0.3740081787109375,False,False,0.1712053945092149,0.793451221471494,DDI-2
2448,3264,0.75,0.25202178955078125,False,False,0.1823764359961361,1.0,DDI-2
2448,3264,0.75,0.0,True,False,0.30631528288285376,0.5619236801512316,DDI-2
2448,3264,0.75,0.5386466979980469,False,True,0.4364484425047219,0.9374427236389902,DDI-2
2448,3264,0.75,0.2148895263671875,False,False,0.42273203465341525,1.0,DDI-2
3024,4032,0.75,0.038524627685546875,False,False,0.29139570340403137,0.9577964942162821,DDI-2
1982,2768,0.7160404624277457,0.3968849182128906,False,False,0.3354127868274449,0.8679004049672269,DDI-2
2448,3264,0.75,0.3286476135253906,False,False,0.4475903761211939,0.8923522207875614,DDI-2
2439,1986,1.2280966767371602,0.5351905822753906,False,False,0.06604856565058333,0.8122046024066607,DDI-2
3264,2448,1.3333333333333333,0.4462089538574219,False,True,0.22203268173460589,1.0,DDI-2
2448,3264,0.75,0.415008544921875,False,False,0.8711049911094407,1.0,DDI-2
2448,3264,0.75,0.4182090759277344,False,False,0.30759350817283426,1.0,DDI-2
2448,3264,0.75,0.3557701110839844,False,False,0.2202504733006281,1.0,DDI-2
2199,1349,1.6300963676797628,0.4270477294921875,False,True,0.19131273679642138,0.9577463352615835,DDI-2
2431,2521,0.9642998809996033,0.2792930603027344,False,True,1.0,1.0,DDI-2
2448,3264,0.75,0.4707145690917969,False,True,0.15739864919374152,1.0,DDI-2
3024,4032,0.75,0.42934417724609375,False,True,0.3567230008624031,1.0,DDI-2
2448,3264,0.75,0.4018516540527344,False,True,0.4032524648986912,1.0,DDI-2
3024,4032,0.75,0.6133499145507812,False,False,1.0,1.0,DDI-2
1992,2662,0.7483095416979715,0.6270904541015625,False,True,0.13042263529541442,1.0,DDI-2
2448,3264,0.75,0.23446273803710938,False,False,0.5535827977882354,0.9994970112233256,DDI-2
2448,3264,0.75,0.53924560546875,False,False,0.121880103685125,1.0,DDI-2
2448,3264,0.75,0.70697021484375,False,True,0.33851646350088865,0.8110282618339052,DDI-2
2448,3264,0.75,0.25247955322265625,False,False,1.0,0.8511408920897038,DDI-2
2448,3264,0.75,0.45218658447265625,False,False,0.32921849468543185,1.0,DDI-2
3045,2990,1.0183946488294315,0.35791778564453125,False,True,0.11727780250488135,0.4312578103326267,DDI-2
2448,3264,0.75,0.2731208801269531,False,False,0.28283762302199866,0.5739582626319619,DDI-2
2448,3264,0.75,0.2754096984863281,False,False,0.4505037982258721,0.8518474472331733,DDI-2
3024,4032,0.75,0.37071990966796875,False,True,0.7658293366554364,1.0,DDI-2
1556,2252,0.6909413854351687,0.5268173217773438,False,True,0.18250164662454424,1.0,DDI-2
2859,3224,0.8867866004962779,0.12810897827148438,False,False,0.195696522919269,0.97026129766255,DDI-2
2448,3264,0.75,0.2752265930175781,False,False,0.1651423092833442,0.7684128848773836,DDI-2
4000,3000,1.3333333333333333,0.287261962890625,False,False,0.17325963833295305,0.7455228751709716,DDI-2
1784,2405,0.7417879417879418,0.0171051025390625,False,False,0.07697891138844343,0.6043855397585376,DDI-2
2448,3264,0.75,0.3080024719238281,False,True,1.0,1.0,DDI-2
294,243,1.2098765432098766,0.5056076049804688,False,True,1.0,1.0,DDI-2
3024,4032,0.75,0.39435577392578125,False,False,0.28636645427812196,1.0,DDI-2
2448,3264,0.75,0.7416305541992188,False,True,0.16845605614146403,1.0,DDI-2
4000,3000,1.3333333333333333,0.5244483947753906,False,True,0.38789620916584155,0.9689478869974606,DDI-2
3264,2448,1.3333333333333333,0.19781112670898438,False,False,0.24507013402959948,1.0,DDI-2
2411,1575,1.5307936507936508,0.001163482666015625,False,False,0.26278588215345927,0.4225060622822628,DDI-2
1384,2132,0.649155722326454,0.3113822937011719,False,True,0.3385277484371543,0.7331899972047202,DDI-2
2448,3264,0.75,0.4518775939941406,False,True,0.11869708940101217,1.0,DDI-2
4032,3024,1.3333333333333333,0.00981903076171875,False,False,0.5730032861250117,0.8706481897406949,DDI-2
2448,3264,0.75,0.24503707885742188,False,False,0.31001581171041404,1.0,DDI-2
2448,2449,0.9995916700694161,0.0,True,False,0.7336928204584804,0.7285827660128635,DDI-2
2448,3264,0.75,0.48856353759765625,False,True,0.23770692279935776,0.6590633964673301,DDI-2
2421,2244,1.0788770053475936,0.24937820434570312,False,False,0.6428332678959311,1.0,DDI-2
3024,4032,0.75,0.06901931762695312,False,False,0.5398404526831097,1.0,DDI-2
3024,4032,0.75,0.19980621337890625,False,False,0.5238711895356426,1.0,DDI-2
2448,3264,0.75,0.13155364990234375,False,False,0.4241272362124661,0.808221092434796,DDI-2
2448,3264,0.75,0.0723724365234375,False,False,0.5247943912210854,0.8762200315887095,DDI-2
3024,4032,0.75,0.34033966064453125,False,False,0.19057758967815938,0.6372143837556817,DDI-2
3024,4032,0.75,0.3300590515136719,False,False,0.1672550949440812,0.9208181918658355,DDI-2
3024,4032,0.75,0.33141326904296875,False,False,0.16627814946350164,0.933899192385258,DDI-2
3024,4032,0.75,0.23117446899414062,False,False,0.14219288678699465,1.0,DDI-2
2448,3264,0.75,0.5217361450195312,False,True,1.0,0.8881833962227549,DDI-2
2448,3264,0.75,0.2594146728515625,False,False,0.17044927506442328,0.6463742791790541,DDI-2
2439,1036,2.3542471042471043,0.2976799011230469,False,True,0.37269881048786924,0.947707994361778,DDI-2
2448,3264,0.75,0.5316390991210938,False,True,0.37365521583570294,1.0,DDI-2
2448,3264,0.75,0.015918731689453125,False,False,0.17786017922788463,0.659118557470254,DDI-2
923,2873,0.3212669683257919,0.4221305847167969,False,False,0.43933941327686277,1.0,DDI-2
2448,3264,0.75,0.206787109375,False,False,1.0,0.9533128865336407,DDI-2
2448,3264,0.75,0.5522308349609375,False,False,0.45974069215353447,1.0,DDI-2
2417,1441,1.6773074253990286,0.4654388427734375,False,False,0.27046334212759787,0.5497770012952499,DDI-2
2448,3264,0.75,0.0030517578125,False,False,0.25592697720425783,1.0,DDI-2
2429,2028,1.1977317554240632,0.5158348083496094,False,True,0.08154588459861684,1.0,DDI-2
2448,3264,0.75,0.4655303955078125,False,False,0.2948555430048586,0.8909807739545484,DDI-2
3024,4032,0.75,0.24658966064453125,False,False,0.19843292105549465,1.0,DDI-2
1949,1298,1.5015408320493067,0.6672897338867188,False,True,0.6513703548558438,0.9584514923761545,DDI-2
2448,3264,0.75,0.022796630859375,False,False,0.9958731678715798,0.780284092090462,DDI-2
2448,3264,0.75,0.0611114501953125,False,False,0.757562124174314,1.0,DDI-2
3024,4032,0.75,0.1491241455078125,False,False,0.7128138278298816,0.9493347175059631,DDI-2
2448,3264,0.75,5.7220458984375e-05,False,False,0.24609711283684285,0.8326272312879102,DDI-2
2448,3264,0.75,0.3144721984863281,False,False,0.0943449482443759,1.0,DDI-2
2448,3264,0.75,0.284088134765625,False,False,0.24272986822762588,0.7833567143007437,DDI-2
2448,3264,0.75,0.11478805541992188,False,False,1.0,0.9045670559669006,DDI-2
540,522,1.0344827586206897,0.2931976318359375,False,False,0.1917652188752367,0.6779687397951937,DDI-2
2448,1778,1.376827896512936,0.0021820068359375,False,False,0.7508887836553432,0.7015514490622234,DDI-2
3024,4032,0.75,0.5727043151855469,False,False,0.2272430731029714,1.0,DDI-2
1891,1591,1.1885606536769326,0.39170074462890625,False,False,1.0,1.0,DDI-2
2448,3264,0.75,0.002857208251953125,False,False,0.9021181423165912,0.8463384857314225,DDI-2
2419,2820,0.8578014184397164,0.5576972961425781,False,True,0.07416650792377415,0.7627136757988338,DDI-2
1088,2015,0.5399503722084368,0.5673828125,False,False,0.310074528316721,0.6595631422613266,DDI-2
3024,4032,0.75,0.5359573364257812,False,False,0.15798853795649928,1.0,DDI-2
2498,4021,0.621238497886098,0.5167579650878906,False,False,0.2763041141690598,1.0,DDI-2
3024,4032,0.75,0.19709396362304688,False,False,0.2897599716472742,1.0,DDI-2
2448,3264,0.75,0.5379600524902344,False,False,1.0,1.0,DDI-2
2448,3264,0.75,0.15496444702148438,False,False,0.052704464709555504,1.0,DDI-2
2448,3264,0.75,0.4343605041503906,False,True,0.1586436369056438,0.8937121188060426,DDI-2
3024,4032,0.75,0.33927154541015625,False,False,0.3437975486556412,1.0,DDI-2
3024,4032,0.75,0.548919677734375,False,False,1.0,1.0,DDI-2
2448,3264,0.75,0.062225341796875,False,False,0.3493143311986134,0.5865061805364263,DDI-2
2435,2984,0.8160187667560321,0.4896087646484375,False,False,0.2774021006616044,0.9910997665125187,DDI-2
2448,3264,0.75,0.50555419921875,False,True,0.22969011692383157,0.9176781899410854,DDI-2
3264,2448,1.3333333333333333,0.09972381591796875,False,False,0.23546924184779766,1.0,DDI-2
2448,3264,0.75,0.2783851623535156,False,True,0.24824472488897745,1.0,DDI-2
3264,2448,1.3333333333333333,0.2817535400390625,False,False,0.43810619083784597,1.0,DDI-2
2448,3264,0.75,0.08629989624023438,False,False,0.20783629382343008,0.6504335227433808,DDI-2
1558,1035,1.5053140096618358,0.25885772705078125,False,False,0.3304069878631517,0.5654237659961949,DDI-2
2448,3264,0.75,0.3873710632324219,False,False,0.2957690326383919,1.0,DDI-2
2002,1649,1.2140691328077622,0.6346931457519531,False,True,0.2071307482020422,0.7175710614751296,DDI-2
2448,3264,0.75,0.16509246826171875,False,False,0.24995831305196792,1.0,DDI-2
2448,3264,0.75,0.3442039489746094,False,True,0.6515748849128594,1.0,DDI-2
2448,1396,1.7535816618911175,0.26287078857421875,False,False,0.4354453173394952,0.9321016752129219,DDI-2
2448,3264,0.75,0.5268630981445312,False,False,0.24348886995700628,1.0,DDI-2
2448,3264,0.75,0.15881729125976562,False,False,0.2574938537486936,0.8122362508995341,DDI-2
3024,4032,0.75,0.22803115844726562,False,False,0.29026671130221837,0.8802157248304111,DDI-2
1046,1991,0.5253641386238072,0.18294525146484375,False,False,0.5003664002267919,1.0,DDI-2
2448,2588,0.9459041731066461,0.2762870788574219,False,False,1.0,1.0,DDI-2
2448,3264,0.75,0.07049179077148438,False,False,0.41968696931335425,0.9370724312771315,DDI-2
2448,3264,0.75,0.28685760498046875,False,False,0.5092660387162803,1.0,DDI-2
377,363,1.0385674931129476,0.6849937438964844,False,False,1.0,0.8050761955899173,DDI-2
2448,3264,0.75,0.3302803039550781,False,False,0.21547579354399338,0.8655232660678643,DDI-2
2448,3264,0.75,0.16936874389648438,False,False,0.6661582859668743,1.0,DDI-2
2448,3264,0.75,0.5504684448242188,False,False,0.07879360544084907,1.0,DDI-2
2448,2358,1.0381679389312977,0.001434326171875,False,False,0.23940404811761085,1.0,DDI-2
2448,3264,0.75,0.38848114013671875,False,False,0.337580715519382,0.48700770957211964,DDI-2
2448,3264,0.75,0.0492401123046875,False,False,1.0,1.0,DDI-2
2448,3264,0.75,0.46500396728515625,False,False,1.0,1.0,DDI-2
3024,3360,0.9,0.16694259643554688,False,False,0.32660877159946655,1.0,DDI-2
2448,3264,0.75,0.2115478515625,False,False,0.08718801434611403,1.0,DDI-2
4032,3024,1.3333333333333333,0.0884857177734375,False,False,1.0,1.0,DDI-2
540,422,1.2796208530805686,0.21173095703125,False,False,1.0,0.7337893673171559,DDI-2
194,163,1.1901840490797546,0.6260719299316406,False,True,1.0,1.0,DDI-2
3024,4032,0.75,0.23609161376953125,False,False,0.09898103708723878,0.6819531326599332,DDI-2
2434,2357,1.0326686465846415,0.08201980590820312,False,False,0.3331546871806871,0.9128864577312907,DDI-2
2448,3264,0.75,0.091156005859375,False,False,1.0,0.5675489001090328,DDI-2
3024,4032,0.75,0.4061393737792969,False,False,1.0,1.0,DDI-2
2448,3264,0.75,0.22818756103515625,False,False,0.4897282708013803,0.8971162114798672,DDI-2
2441,2403,1.015813566375364,0.046916961669921875,False,False,0.9938218690060135,0.7213339000141358,DDI-2
2448,3264,0.75,0.3810272216796875,False,False,0.9827554443510573,1.0,DDI-2
2448,3264,0.75,0.392425537109375,False,True,0.7147493677289802,0.7774449653299339,DDI-2
2538,4022,0.6310293386374938,0.3308906555175781,False,True,1.0,1.0,DDI-2
3024,4032,0.75,0.08094406127929688,False,False,1.0,1.0,DDI-2
2448,3264,0.75,0.177581787109375,False,False,0.21827544284718864,0.8695462945860908,DDI-2
3024,4032,0.75,0.1003875732421875,False,False,1.0,1.0,DDI-2
3024,4032,0.75,0.3860282897949219,False,False,0.1907093434286674,1.0,DDI-2
3024,4032,0.75,0.001251220703125,False,False,0.32984850773822155,0.7373660246055638,DDI-2
2448,3264,0.75,0.433441162109375,False,True,0.05798321882797506,0.7448968523410423,DDI-2
2448,3264,0.75,0.4379768371582031,False,True,1.0,1.0,DDI-2
1973,3019,0.6535276581649553,0.7772102355957031,False,True,0.1350030694018959,0.9288890239292359,DDI-2
2448,3264,0.75,0.2528190612792969,False,True,1.0,0.89978896371428,DDI-2
1002,1727,0.5801968731905037,0.2594947814941406,False,False,0.30314513370248336,1.0,DDI-2
3024,4032,0.75,0.2689704895019531,False,True,1.0,1.0,DDI-2
3024,4032,0.75,0.27083587646484375,False,False,1.0,1.0,DDI-2
2448,3264,0.75,0.16756820678710938,False,False,0.5524072858893188,1.0,DDI-2
2448,3264,0.75,0.20610427856445312,False,False,0.297524761175424,0.6636047309067892,DDI-2
2439,1485,1.6424242424242423,0.5709877014160156,False,True,0.09041953207813566,0.9115728182032302,DDI-2
3252,1541,2.110317975340688,0.0,True,False,1.0,0.603325057431834,DDI-2
2134,1057,2.018921475875118,0.15289306640625,False,False,0.3559509891792707,0.7834907942204019,DDI-2
3024,4032,0.75,0.0137481689453125,False,False,1.0,0.9201915406890648,DDI-2
2448,3264,0.75,0.287628173828125,False,True,0.5433543472540824,1.0,DDI-2
2448,3264,0.75,0.4391899108886719,False,False,1.0,1.0,DDI-2
504,251,2.00796812749004,0.7929191589355469,False,True,1.0,0.9176576520836817,DDI-2
2448,3264,0.75,0.5137100219726562,False,True,0.3782708410144771,0.8249934741151569,DDI-2
2448,3264,0.75,0.11822509765625,False,False,0.1492844922614672,1.0,DDI-2
1100,1463,0.7518796992481203,0.0,True,False,1.0,0.39018595786048477,DDI-2
340,458,0.74235807860262,0.43389129638671875,False,True,1.0,1.0,DDI-2
2448,3264,0.75,0.17914199829101562,False,False,1.0,0.886117842213513,DDI-2
1706,1484,1.1495956873315365,0.48070526123046875,False,False,0.18444890467254535,1.0,DDI-2
1299,1819,0.71412864211105,0.0809173583984375,False,False,0.52933117739073,0.49692116799152075,DDI-2
4032,3024,1.3333333333333333,0.4621467590332031,False,True,1.0,1.0,DDI-2
3024,4032,0.75,0.5586776733398438,False,True,0.41847696681565216,0.7877482171543798,DDI-2
1733,1528,1.1341623036649215,0.04860687255859375,False,False,1.0,0.7546982970129756,DDI-2
2448,3264,0.75,0.2515754699707031,False,True,1.0,0.8252740807908567,DDI-2
3024,4032,0.75,0.19191741943359375,False,False,0.2528275351275812,1.0,DDI-2
1710,3257,0.5250230273257599,0.30694580078125,False,True,0.9309853142455126,0.8769940912444693,DDI-2
2448,3264,0.75,0.059070587158203125,False,False,0.3162424658344498,1.0,DDI-2
1834,3259,0.562749309604173,0.3019447326660156,False,False,0.4469052962006426,1.0,DDI-2
2448,3264,0.75,0.07323837280273438,False,False,0.5606518726531069,0.7396783751216995,DDI-2
3264,2448,1.3333333333333333,0.4903907775878906,False,True,0.20410062510289365,1.0,DDI-2
3013,2644,1.1395612708018155,0.20812606811523438,False,False,0.4942052872552929,0.755953839385019,DDI-2
1716,2986,0.5746818486269256,0.3666648864746094,False,False,1.0,0.9663856012478672,DDI-2
2448,3264,0.75,0.3470878601074219,False,True,0.533373269206062,0.9037593293900936,DDI-2
2448,3264,0.75,0.2095794677734375,False,False,0.1544829399585229,0.918664489813961,DDI-2
2448,3264,0.75,0.20990753173828125,False,False,0.22392547457390954,0.9722365363461675,DDI-2
2448,3264,0.75,0.305267333984375,False,True,0.39725918074229144,0.9771687217309729,DDI-2
3024,4032,0.75,0.4593620300292969,False,True,0.23021464690909535,0.8132894178575948,DDI-2
3024,4032,0.75,0.12590789794921875,False,False,1.0,1.0,DDI-2
2448,3264,0.75,0.16867828369140625,False,False,0.45335514359443835,1.0,DDI-2
3264,2448,1.3333333333333333,0.09932327270507812,False,False,0.32131611152238354,1.0,DDI-2
2448,3264,0.75,0.3853950500488281,False,True,0.28285272258683064,1.0,DDI-2
2427,2526,0.9608076009501187,0.3118858337402344,False,False,0.11079653501165314,1.0,DDI-2
3024,4032,0.75,0.3453178405761719,False,False,0.16167213218415022,1.0,DDI-2
402,333,1.2072072072072073,0.5448226928710938,False,True,0.4307266963438706,0.5916471334557818,DDI-2
3264,2448,1.3333333333333333,0.0,True,False,0.7029083890176786,0.7963043101585934,DDI-2
2448,3264,0.75,0.4327659606933594,False,False,0.6057725480014341,1.0,DDI-2
2448,3264,0.75,9.918212890625e-05,False,False,0.12445180309980336,0.7244810451497469,DDI-2
2448,3264,0.75,0.053882598876953125,False,False,0.7993935035054335,1.0,DDI-2
2448,3264,0.75,0.258026123046875,False,False,0.4078875036755437,0.9163938779004478,DDI-2
1666,2719,0.6127252666421479,0.4902381896972656,False,False,0.09209070071313635,0.8577710141446283,DDI-2
2439,1576,1.5475888324873097,0.0192413330078125,False,False,0.32848601258647137,0.8166872186768244,DDI-2
516,1032,0.5,0.2965202331542969,False,False,0.6752750019863608,0.7695032320794909,DDI-2
1213,2180,0.5564220183486238,0.03397369384765625,False,False,0.5673771391989747,0.9928625842173003,DDI-2
2448,3264,0.75,0.11585617065429688,False,False,0.18046014328129384,1.0,DDI-2
3024,4032,0.75,0.3145332336425781,False,False,0.3627195571998088,1.0,DDI-2
1338,2274,0.5883905013192612,0.0598907470703125,False,False,1.0,1.0,DDI-2
2448,3264,0.75,0.3576469421386719,False,True,0.02714538753504743,1.0,DDI-2
2448,3264,0.75,0.2932853698730469,False,False,0.04389565818071074,0.7875750541315831,DDI-2
2448,2123,1.1530852567121996,0.3864860534667969,False,False,1.0,1.0,DDI-2
2448,3264,0.75,0.483062744140625,False,False,0.10101452720023174,0.9857961079870223,DDI-2
2448,3264,0.75,0.5103607177734375,False,True,0.1584553929564712,1.0,DDI-2
2448,3264,0.75,0.08560943603515625,False,False,0.17637445991648587,1.0,DDI-2
2448,3264,0.75,0.3506965637207031,False,False,0.5173423182544763,1.0,DDI-2
2448,3264,0.75,0.2652168273925781,False,False,0.8310004490397748,0.8071545391350305,DDI-2
2448,3264,0.75,0.0059814453125,False,False,0.7651556666488625,0.6179699139414037,DDI-2
2448,3264,0.75,0.15230178833007812,False,False,1.0,1.0,DDI-2
2448,3264,0.75,0.16339492797851562,False,False,0.653575202446152,1.0,DDI-2
2448,3264,0.75,0.0594940185546875,False,False,0.2805921174043795,0.5949462634172292,DDI-2
2448,3264,0.75,0.058956146240234375,False,False,1.0,0.7452660736623942,DDI-2
2448,3264,0.75,0.43273162841796875,False,False,0.08010975842328798,1.0,DDI-2
3024,4032,0.75,0.39124298095703125,False,False,0.796702472849947,1.0,DDI-2
3024,4032,0.75,0.021434783935546875,False,False,0.8376923147656696,0.9453141292620226,DDI-2
2448,3264,0.75,0.5708427429199219,False,True,0.16252882237553334,0.6164901917344984,DDI-2
277,417,0.6642685851318945,0.24933624267578125,False,True,1.0,0.8007892354653546,DDI-2
2438,2479,0.9834610730133119,0.2611198425292969,False,False,0.8013520743965704,1.0,DDI-2
3024,4032,0.75,0.3140411376953125,False,False,1.0,1.0,DDI-2
2448,3264,0.75,0.17278671264648438,False,False,1.0,0.8762424750901147,DDI-2
2448,3264,0.75,0.16143417358398438,False,False,0.15743274937879712,1.0,DDI-2
3024,4032,0.75,0.7955284118652344,False,True,0.29509223254253736,0.9874232921059204,DDI-2
2448,3264,0.75,0.08370208740234375,False,False,1.0,0.7601501978535136,DDI-2
2448,3264,0.75,0.4256553649902344,False,False,0.3027245276876165,0.7906581346011456,DDI-2
2448,3264,0.75,0.4267234802246094,False,False,0.17894401197616017,0.5605872436515149,DDI-2
3024,4032,0.75,0.2037506103515625,False,False,0.1570008096557545,1.0,DDI-2
2448,3264,0.75,0.09035491943359375,False,False,1.0,0.9047529843762604,DDI-2
3024,4032,0.75,0.028125762939453125,False,False,0.3660372697979089,0.9811862990323375,DDI-2
2448,1057,2.315988647114475,0.2580757141113281,False,False,1.0,1.0,DDI-2
2436,2160,1.1277777777777778,0.00090789794921875,False,False,0.33888653035239097,0.7971424684745071,DDI-2
1655,2409,0.6870070568700706,0.15024948120117188,False,False,0.43265419008753137,1.0,DDI-2
3264,2448,1.3333333333333333,0.3768768310546875,False,True,0.2195695051689132,1.0,DDI-2
2448,3264,0.75,0.5413665771484375,False,False,0.7469650165901229,0.978331159630512,DDI-2
1447,2112,0.6851325757575758,0.3188438415527344,False,False,1.0,1.0,DDI-2
1119,2020,0.553960396039604,0.6498985290527344,False,True,0.4855105006662482,1.0,DDI-2
2448,3264,0.75,0.30706024169921875,False,False,0.30993072185351617,0.757241405355005,DDI-2
1198,636,1.8836477987421383,0.17394256591796875,False,False,0.47053819793309287,1.0,DDI-2
2448,3264,0.75,0.440460205078125,False,False,0.18188684186305842,1.0,DDI-2
2448,3264,0.75,0.3558692932128906,False,False,0.07380392675616922,1.0,DDI-2
2448,3264,0.75,0.28424835205078125,False,False,0.27275346445754134,0.9006126469721084,DDI-2
2448,3264,0.75,0.20566940307617188,False,False,0.46280559495347684,0.7325043929672065,DDI-2
3024,4032,0.75,0.0,True,False,0.11042563261954279,0.6838658019615562,DDI-2
2448,3264,0.75,0.10315322875976562,False,False,0.45874785069648555,1.0,DDI-2
2448,3264,0.75,0.21854019165039062,False,False,0.3829950906381356,1.0,DDI-2
2448,3264,0.75,0.384674072265625,False,False,0.5675602645316704,1.0,DDI-2
3024,4032,0.75,0.1603240966796875,False,True,1.0,1.0,DDI-2
1877,4024,0.4664512922465209,0.31375885009765625,False,False,1.0,1.0,DDI-2
2448,3264,0.75,0.40116119384765625,False,False,0.3602706290754887,0.9848398720480052,DDI-2
2448,3264,0.75,0.27928924560546875,False,False,0.35212751831219863,0.9779670818708839,DDI-2
2448,3264,0.75,0.027881622314453125,False,False,0.2534593403062165,1.0,DDI-2
2448,3264,0.75,0.24539947509765625,False,False,0.19789206925388428,1.0,DDI-2
250,165,1.5151515151515151,0.45691680908203125,False,False,1.0,0.8827353545411374,DDI-2
2448,3264,0.75,0.13136672973632812,False,False,0.05860464445616684,0.758615072693292,DDI-2
2448,3264,0.75,0.3870277404785156,False,False,0.09958118566620001,0.9335284342823678,DDI-2
2448,3264,0.75,0.2673606872558594,False,False,0.7222205497769526,1.0,DDI-2
3264,2448,1.3333333333333333,0.22136306762695312,False,True,0.06453149016812815,0.8035686623296603,DDI-2
2448,3264,0.75,0.55712890625,False,True,0.24611033641906666,0.9810839850751149,DDI-2
2448,3264,0.75,0.24106979370117188,False,False,1.0,0.8490607506471745,DDI-2
3264,2448,1.3333333333333333,0.14204025268554688,False,False,0.2408809449699973,0.6567867892097385,DDI-2
1953,3132,0.6235632183908046,0.050647735595703125,False,False,0.0707673965956509,0.3226153001717172,DDI-2
2223,2131,1.0431722196152042,0.4087791442871094,False,False,0.055628237527030784,0.7295157651903287,DDI-2
2033,1231,1.6515028432168968,0.23403549194335938,False,False,1.0,0.8591727383971043,DDI-2
3024,4032,0.75,0.3589935302734375,False,False,0.2503341151469347,1.0,DDI-2
1370,1680,0.8154761904761905,0.4416236877441406,False,False,0.1767146031616458,0.616813403483556,DDI-2
2448,3264,0.75,0.00557708740234375,False,False,0.12041773780448936,0.6604844136056065,DDI-2
3024,4032,0.75,0.5356369018554688,False,False,0.3982847832097892,1.0,DDI-2
2448,3264,0.75,0.18790435791015625,False,False,0.15034831452248243,1.0,DDI-2
2339,771,3.033722438391699,0.18984222412109375,False,False,0.8307349386662771,1.0,DDI-2
2085,1572,1.3263358778625953,0.3148155212402344,False,False,0.42678164946040587,1.0,DDI-2
2448,3264,0.75,0.4333839416503906,False,False,0.34880281538574587,0.927875623721035,DDI-2
3024,4032,0.75,0.09212112426757812,False,False,1.0,1.0,DDI-2
757,2092,0.3618546845124283,0.5914459228515625,False,True,0.3329053294385473,0.9601966952170673,DDI-2
2448,3264,0.75,0.1583099365234375,False,False,0.8517782809714304,0.8961076148252196,DDI-2
2448,3264,0.75,0.059173583984375,False,False,1.0,0.7739531490504387,DDI-2
2448,3264,0.75,0.4546470642089844,False,False,0.4865952221583085,0.9730612561102023,DDI-2
2448,3264,0.75,0.3402366638183594,False,True,0.3932408032987268,0.9425368268133192,DDI-2
2024,3257,0.6214307645072152,0.18134689331054688,False,False,1.0,1.0,DDI-2
2448,3264,0.75,0.153839111328125,False,False,0.4965695773554433,1.0,DDI-2
314,452,0.6946902654867256,0.15470504760742188,False,False,1.0,0.9198165700751729,DDI-2
3264,2448,1.3333333333333333,0.15309524536132812,False,False,0.7159160063331383,0.91845169378584,DDI-2
615,564,1.0904255319148937,0.5451698303222656,False,False,0.5050707195747642,0.6814480691602098,DDI-2
2448,3264,0.75,0.21961593627929688,False,False,0.47139758820192723,0.8345125170470998,DDI-2
3024,4032,0.75,0.20473480224609375,False,False,1.0,1.0,DDI-2
2448,3264,0.75,0.22745513916015625,False,False,1.0,1.0,DDI-2
2448,3264,0.75,0.4305572509765625,False,False,0.69229320976867,1.0,DDI-2
3024,4032,0.75,0.015911102294921875,False,False,0.3903212502598529,1.0,DDI-2
2448,3264,0.75,0.07545852661132812,False,False,0.18065346322216386,0.7309319258916697,DDI-2
2448,3264,0.75,0.29383087158203125,False,False,0.19027758754364402,0.7325587416706532,DDI-2
350,485,0.7216494845360825,0.39762115478515625,False,False,1.0,0.6917258327205057,DDI-2
2448,3264,0.75,0.29322052001953125,False,False,0.2373042344456593,0.9913341716245784,DDI-2
2448,3264,0.75,0.13338470458984375,False,False,0.4420733661787156,1.0,DDI-2
2448,3264,0.75,0.400482177734375,False,True,0.1754936152319144,1.0,DDI-2
3024,4032,0.75,0.046474456787109375,False,False,0.5765541384858784,1.0,DDI-2
1253,716,1.75,0.17978286743164062,False,False,1.0,0.8596222126370521,DDI-2
3024,4032,0.75,0.1944427490234375,False,False,0.39209233454332204,1.0,DDI-2
3024,4032,0.75,0.2826881408691406,False,False,0.7967411944894226,1.0,DDI-2
2448,3264,0.75,0.323974609375,False,False,1.0,1.0,DDI-2
2448,3264,0.75,0.12548828125,False,False,0.7072407358261265,1.0,DDI-2
1971,2914,0.6763898421413864,0.42339324951171875,False,False,0.230873562329828,0.820429726451202,DDI-2
3024,4032,0.75,0.43483734130859375,False,False,0.49174400019859227,0.9243620260553589,DDI-2
3024,4032,0.75,0.5551681518554688,False,False,0.7768289821847872,0.661818884445004,DDI-2
3024,4032,0.75,0.4245452880859375,False,False,1.0,0.8765745275645959,DDI-2
2448,3264,0.75,0.022258758544921875,False,False,0.13025764203053167,0.9634995580485431,DDI-2
3024,4032,0.75,0.4317054748535156,False,False,1.0,1.0,DDI-2
2448,3264,0.75,0.2647209167480469,False,False,0.3045090303484928,0.8720678292801946,DDI-2
3024,4032,0.75,0.0997161865234375,False,False,0.6007298497805155,1.0,DDI-2
2415,2403,1.0049937578027466,0.3835334777832031,False,False,0.06308706938700227,1.0,DDI-2
936,1248,0.75,0.3631095886230469,False,False,0.22589480312737206,1.0,DDI-2
1173,1056,1.1107954545454546,0.3929939270019531,False,False,0.7768345162189774,0.7605352750906267,DDI-2
2448,3264,0.75,0.04522705078125,False,False,0.4175526848769453,0.7498557487851785,DDI-2
2448,3264,0.75,0.23616409301757812,False,False,1.0,1.0,DDI-2
1235,1665,0.7417417417417418,0.053863525390625,False,False,1.0,0.8288847767528941,DDI-2
2448,3264,0.75,0.32971954345703125,False,False,1.0,0.8008130510551601,DDI-2
2448,3264,0.75,0.24679946899414062,False,False,0.7774129277732782,1.0,DDI-2
2448,3264,0.75,0.016223907470703125,False,False,0.16334198884320483,1.0,DDI-2
2448,3264,0.75,0.26300048828125,False,False,1.0,1.0,DDI-2
3264,2448,1.3333333333333333,0.1912994384765625,False,False,0.8155246942434953,1.0,DDI-2
2448,3264,0.75,0.26427459716796875,False,True,0.7070709890562067,1.0,DDI-2
2448,3264,0.75,0.3462181091308594,False,False,0.8091928510047888,0.8914870202034028,DDI-2
2448,3264,0.75,0.5449333190917969,False,True,1.0,0.7548555922030856,DDI-2
2448,3264,0.75,0.3520927429199219,False,True,1.0,0.7788444970623472,DDI-2
3024,4032,0.75,0.6099700927734375,False,True,0.690230408677974,1.0,DDI-2
3264,2448,1.3333333333333333,0.5018844604492188,False,False,0.14671527327060502,1.0,DDI-2
1318,1006,1.3101391650099403,0.59716796875,False,False,0.18400047635474345,0.7476498311446973,DDI-2
2448,3264,0.75,0.2724189758300781,False,False,0.8409461930685186,0.9946887269083227,DDI-2
1982,2645,0.7493383742911153,0.4643898010253906,False,False,0.3388337508025581,1.0,DDI-2
2448,3264,0.75,0.3247566223144531,False,False,0.20303726447536963,0.8558703604947907,DDI-2
3024,4032,0.75,0.21858596801757812,False,True,0.3401899337304605,1.0,DDI-2
2373,1685,1.4083086053412464,0.3983802795410156,False,False,1.0,1.0,DDI-2
2448,3264,0.75,0.4253578186035156,False,False,0.09942859965670965,0.6780064439758811,DDI-2
2448,3264,0.75,0.19085311889648438,False,False,0.6963453259156318,1.0,DDI-2
2448,3264,0.75,0.18756484985351562,False,False,0.07143503373040219,1.0,DDI-2
2179,1331,1.637114951164538,0.16616439819335938,False,False,0.7495491309404495,1.0,DDI-2
2448,3264,0.75,0.13205718994140625,False,False,0.7037626058789564,1.0,DDI-2
2448,3264,0.75,0.42501068115234375,False,True,1.0,1.0,DDI-2
2448,3264,0.75,0.3271980285644531,False,False,1.0,1.0,DDI-2
2448,3264,0.75,0.3992156982421875,False,True,1.0,1.0,DDI-2
2433,2965,0.8205733558178752,0.08053970336914062,False,False,0.06929292878885589,1.0,DDI-2
2448,3264,0.75,0.27542877197265625,False,False,0.3116050075411822,1.0,DDI-2
2448,3264,0.75,0.5338478088378906,False,True,0.9925356032917098,1.0,DDI-2
1179,1912,0.6166317991631799,0.46604156494140625,False,False,0.48975190392285617,1.0,DDI-2
2992,1890,1.583068783068783,0.055889129638671875,False,False,0.7433259502677008,0.9089814039014443,DDI-2
4032,3024,1.3333333333333333,0.30661773681640625,False,False,0.6522535329058069,1.0,DDI-2
1768,1628,1.085995085995086,0.23249053955078125,False,False,0.8291727266139763,1.0,DDI-2
1131,609,1.8571428571428572,0.4880790710449219,False,True,0.09612787358727556,0.7524444285638735,DDI-2
2448,3264,0.75,0.055377960205078125,False,False,0.8581883982714418,0.6264782662047754,DDI-2
2448,3264,0.75,0.01123809814453125,False,False,0.7041446348657443,0.8627749004681851,DDI-2
1882,1884,0.9989384288747346,0.24559783935546875,False,False,1.0,1.0,DDI-2
1776,3248,0.5467980295566502,0.24773788452148438,False,False,0.6146852425248109,1.0,DDI-2
2448,3264,0.75,0.6042251586914062,False,True,0.15172334048685376,1.0,DDI-2
473,376,1.2579787234042554,0.47698974609375,False,True,1.0,1.0,DDI-2
2448,3264,0.75,0.06307220458984375,False,False,1.0,0.7237271096016575,DDI-2
3024,4032,0.75,0.09296417236328125,False,False,0.9006298831452783,0.8144556119309979,DDI-2
2448,3264,0.75,0.035106658935546875,False,False,0.5410720297608751,0.9299119114223771,DDI-2
2448,3264,0.75,0.4703826904296875,False,False,0.05227580982615485,1.0,DDI-2
2434,2624,0.9275914634146342,0.34110260009765625,False,True,1.0,0.8677417531781895,DDI-2
2448,3264,0.75,0.32436370849609375,False,False,1.0,1.0,DDI-2
380,97,3.917525773195876,0.4829750061035156,False,False,1.0,0.8629133781338828,DDI-2
403,200,2.015,0.31774139404296875,False,True,1.0,1.0,DDI-2
2448,3264,0.75,0.4021492004394531,False,False,1.0,1.0,DDI-2
3024,4032,0.75,0.1389923095703125,False,False,0.2817127324599311,0.6796510980224768,DDI-2
2448,3264,0.75,0.22739791870117188,False,False,0.3190058110150095,1.0,DDI-2
3024,4032,0.75,0.001903533935546875,False,False,0.5827629911090219,1.0,DDI-2
1910,2553,0.7481394437916177,0.228729248046875,False,False,1.0,1.0,DDI-2
417,172,2.4244186046511627,0.3200187683105469,False,False,1.0,0.9367919845152762,DDI-2
3024,4032,0.75,0.17955780029296875,False,False,0.6994859108281498,0.9116030555572141,DDI-2
2414,966,2.4989648033126293,0.1933441162109375,False,False,0.23193790121443741,0.8205186393684101,DDI-2
2448,3264,0.75,0.2623748779296875,False,False,0.7699360303162832,1.0,DDI-2
2448,3264,0.75,0.42194366455078125,False,False,0.09562086870434508,1.0,DDI-2
2441,878,2.7801822323462413,0.04265594482421875,False,False,0.15438298221521202,0.6362321493584266,DDI-2
2448,3264,0.75,0.2790031433105469,False,False,0.36753401995002827,1.0,DDI-2
2448,3264,0.75,0.3516273498535156,False,False,0.543509327325197,0.9460360988999286,DDI-2
2448,3264,0.75,0.2643013000488281,False,False,0.5452763372747141,0.9345802937937328,DDI-2
2448,3264,0.75,0.3887672424316406,False,False,0.494367986471218,0.8449956033146518,DDI-2
937,3237,0.2894655545257955,0.16922760009765625,False,False,0.6437064304931526,1.0,DDI-2
2448,3264,0.75,0.28212738037109375,False,False,1.0,1.0,DDI-2
1609,3257,0.49401289530242554,0.31752777099609375,False,False,0.2559415242570477,1.0,DDI-2
2448,3264,0.75,0.23034286499023438,False,False,1.0,0.8733006064243127,DDI-2
2448,3264,0.75,0.2736091613769531,False,True,0.9459772082806412,0.8327505075467567,DDI-2
540,429,1.2587412587412588,0.4483299255371094,False,False,1.0,1.0,DDI-2
2448,3264,0.75,0.28363800048828125,False,False,1.0,1.0,DDI-2
2448,3264,0.75,0.001659393310546875,False,False,1.0,0.6198060663934962,DDI-2
2448,3264,0.75,0.18259811401367188,False,False,0.9939312266102379,1.0,DDI-2
3024,4032,0.75,0.44725799560546875,False,False,0.7087259668896724,0.9044124451173136,DDI-2
4032,3024,1.3333333333333333,0.5962944030761719,False,True,0.11476359920470205,0.5572909608285311,DDI-2
1625,2179,0.7457549334557136,0.276947021484375,False,False,0.47585862785175537,1.0,DDI-2
2448,3264,0.75,0.4663658142089844,False,False,0.1864759535026257,0.64684974987432,DDI-2
3264,2448,1.3333333333333333,0.5459823608398438,False,False,0.24688408102610526,1.0,DDI-2
2448,3264,0.75,0.5881576538085938,False,True,0.4414958151105251,0.825600267046109,DDI-2
1064,2277,0.46728151075977165,0.3332672119140625,False,True,1.0,0.7481107296345316,DDI-2
2448,3264,0.75,0.047283172607421875,False,False,0.03701417048042422,0.8276351442137168,DDI-2
3024,4032,0.75,0.30301666259765625,False,False,1.0,0.9803618869945637,DDI-2
3024,4032,0.75,0.2814064025878906,False,False,0.8599702241491414,0.7115469319375193,DDI-2
2448,3264,0.75,0.10662841796875,False,False,0.11860902291056512,0.9513025131784236,DDI-2
2448,3264,0.75,0.25008392333984375,False,True,0.13826498521485692,0.8754966540959345,DDI-2
2448,3264,0.75,0.22682571411132812,False,False,0.05531730208893324,0.9387521636256729,DDI-2
233,335,0.6955223880597015,0.5125732421875,False,True,1.0,1.0,DDI-2
1886,3264,0.5778186274509803,0.5572433471679688,False,False,1.0,0.9268228235502174,DDI-2
2448,3264,0.75,0.18236541748046875,False,False,0.20345683581611376,1.0,DDI-2
2109,1634,1.2906976744186047,0.3096427917480469,False,False,0.4511041833751877,1.0,DDI-2
1346,1978,0.6804853387259858,0.4137535095214844,False,False,0.3853255047101922,0.7643115447753588,DDI-2
497,319,1.5579937304075235,0.14928436279296875,False,False,1.0,0.8919849357890005,DDI-2
2448,3264,0.75,0.000614166259765625,False,False,0.239253408377654,0.84368237605945,DDI-2
3024,4032,0.75,0.119293212890625,False,False,0.5532377076752467,0.7205691536440826,DDI-2
2942,2504,1.1749201277955272,0.5815353393554688,False,False,0.39642478134565484,0.8926946356978094,DDI-2
2448,3264,0.75,0.44570159912109375,False,False,0.7142155110291667,1.0,DDI-2
2448,3264,0.75,0.18940353393554688,False,False,0.44874386226310375,0.9759247031043691,DDI-2
2008,2633,0.7626281807823775,0.1583404541015625,False,False,1.0,1.0,DDI-2
1967,3220,0.6108695652173913,0.13869476318359375,False,False,1.0,1.0,DDI-2
2448,3264,0.75,0.12318801879882812,False,False,0.37397480460681365,1.0,DDI-2
3264,2448,1.3333333333333333,0.12411117553710938,False,False,0.3322310366678791,1.0,DDI-2
3264,2448,1.3333333333333333,0.0,True,False,0.18801490234634774,0.5074127821226107,DDI-2
2448,3264,0.75,0.3578834533691406,False,True,0.8447256213553874,1.0,DDI-2
4032,3024,1.3333333333333333,0.140716552734375,False,False,0.37344152907040046,0.7478105455347015,DDI-2
1725,3259,0.5293034673212642,0.4261894226074219,False,True,1.0,1.0,DDI-2
2448,3264,0.75,0.05396270751953125,False,False,0.7642908012905343,0.9219434160472226,DDI-2
2448,3264,0.75,0.13853073120117188,False,False,0.715384808963182,0.7742808508414669,DDI-2
2448,3264,0.75,0.1367034912109375,False,False,1.0,1.0,DDI-2
3024,4032,0.75,0.3513603210449219,False,False,1.0,1.0,DDI-2
2448,3264,0.75,0.19864273071289062,False,False,1.0,1.0,DDI-2
1096,1024,1.0703125,0.01371002197265625,False,False,0.3513174436636881,0.8825367063508583,DDI-2
2448,966,2.5341614906832297,0.16982650756835938,False,False,0.7323997702064602,1.0,DDI-2
2448,3264,0.75,0.046863555908203125,False,False,1.0,1.0,DDI-2
3264,2448,1.3333333333333333,0.28816986083984375,False,False,0.24295505019636426,1.0,DDI-2
3024,4032,0.75,0.6468276977539062,False,True,0.36759625612869323,1.0,DDI-2
2448,1354,1.8079763663220088,0.11925888061523438,False,False,0.8501631482800666,0.8970848616427036,DDI-2
2448,3264,0.75,0.09305953979492188,False,True,0.9644847809862447,0.8763046876137435,DDI-2
1875,1896,0.9889240506329114,0.3546142578125,False,False,0.13753485231211682,0.7055669007318969,DDI-2
2448,3264,0.75,0.5376663208007812,False,True,0.6820065422556244,0.9502069959053575,DDI-2
2448,3264,0.75,0.09143829345703125,False,False,1.0,1.0,DDI-2
2448,3264,0.75,0.07413482666015625,False,False,1.0,0.9452657241772677,DDI-2
2448,3264,0.75,0.123809814453125,False,False,1.0,0.569244440429774,DDI-2
3024,2761,1.0952553422672944,0.3542671203613281,False,True,0.22558427156088537,0.9380686135158924,DDI-2
2448,3264,0.75,0.002704620361328125,False,False,0.7691821328784019,0.5573942748273664,DDI-2
2448,3264,0.75,0.005878448486328125,False,False,1.0,0.6617176281619355,DDI-2
3264,2448,1.3333333333333333,0.1220703125,False,False,0.9711395020818709,1.0,DDI-2
3024,4032,0.75,0.14944839477539062,False,False,0.6834992051390496,1.0,DDI-2
2447,2143,1.1418572095193653,0.23258590698242188,False,False,1.0,1.0,DDI-2
2448,3264,0.75,0.2181549072265625,False,False,1.0,0.9964708625171526,DDI-2
3024,4032,0.75,0.023937225341796875,False,False,0.9168635194238861,1.0,DDI-2
236,319,0.7398119122257053,0.6166954040527344,False,True,0.7897690662901737,1.0,DDI-2
2448,3264,0.75,0.45496368408203125,False,False,1.0,1.0,DDI-2
360,348,1.0344827586206897,0.19788360595703125,False,False,1.0,1.0,DDI-2
3024,4032,0.75,0.1744842529296875,False,False,0.579115441064739,1.0,DDI-2
3264,1120,2.914285714285714,0.023540496826171875,False,False,1.0,0.5344087046629182,DDI-2
2448,3264,0.75,0.0,True,False,0.2530025285675739,0.6440955603437313,DDI-2
2448,3264,0.75,0.11386871337890625,False,False,0.09927523107112327,1.0,DDI-2
2448,3264,0.75,0.13861846923828125,False,False,0.7541650846471556,1.0,DDI-2
3024,4032,0.75,0.00222015380859375,False,False,0.8732568337296414,0.8540464186049449,DDI-2
2448,3264,0.75,0.07956314086914062,False,False,0.40449405223086565,1.0,DDI-2
2343,2281,1.027181060938185,0.0,True,False,0.25659618868803913,0.5863307260081998,DDI-2
2448,3264,0.75,0.05266571044921875,False,False,0.2087876407054079,1.0,DDI-2
1999,2169,0.9216228676809589,0.000530242919921875,False,False,0.24118917207051563,0.7759315093030603,DDI-2
2448,3264,0.75,0.2046051025390625,False,False,0.5177662461182231,1.0,DDI-2
2448,3264,0.75,0.29476165771484375,False,False,1.0,1.0,DDI-2
2448,3264,0.75,0.3115425109863281,False,False,0.038873054624956806,1.0,DDI-2
3024,4032,0.75,0.028163909912109375,False,False,1.0,0.7894786666180709,DDI-2
2442,838,2.9140811455847255,0.12606048583984375,False,False,0.9496003642892632,0.9050981326225601,DDI-2
3024,2691,1.1237458193979932,0.04742431640625,False,False,0.19797754288868422,0.8645417184701095,DDI-2
205,407,0.5036855036855037,0.31089019775390625,False,True,1.0,1.0,DDI-2
3024,4032,0.75,0.1948394775390625,False,False,0.44230502614561007,1.0,DDI-2
3024,4032,0.75,0.055843353271484375,False,False,1.0,1.0,DDI-2
3024,4032,0.75,0.19268417358398438,False,False,0.9371561467618633,0.8326561960828234,DDI-2
2448,3264,0.75,0.3510284423828125,False,False,1.0,1.0,DDI-2
2448,3264,0.75,0.07234573364257812,False,False,1.0,1.0,DDI-2
2448,3264,0.75,0.20581817626953125,False,True,1.0,1.0,DDI-2
1082,1462,0.7400820793433652,0.10214996337890625,False,False,1.0,0.5665509582211892,DDI-2
3264,2448,1.3333333333333333,0.07524871826171875,False,False,0.7613172065970679,0.9877448367754608,DDI-2
2448,3264,0.75,0.015594482421875,False,False,0.6681163519840101,0.8507027266083329,DDI-2
2448,3264,0.75,0.22662353515625,False,False,1.0,1.0,DDI-2
2448,3264,0.75,0.0928192138671875,False,False,0.44553088045250083,1.0,DDI-2
2448,3264,0.75,0.28357696533203125,False,False,1.0,1.0,DDI-2
2448,3264,0.75,0.14378738403320312,False,False,0.3178785853231058,1.0,DDI-2
4032,3024,1.3333333333333333,0.22344970703125,False,False,0.19464154219108804,0.9439828532272623,DDI-2
4032,3024,1.3333333333333333,0.31519317626953125,False,True,0.3621242172644873,1.0,DDI-2
2448,3264,0.75,0.17224502563476562,False,False,0.7524136687675592,1.0,DDI-2
2448,3264,0.75,0.11000442504882812,False,False,0.7465067784701485,0.835170346279818,DDI-2
2448,3264,0.75,0.14871597290039062,False,False,0.7382990878525963,1.0,DDI-2
2448,3264,0.75,0.47936248779296875,False,True,1.0,1.0,DDI-2
1138,1647,0.6909532483302975,0.19149398803710938,False,False,1.0,0.9349231788310001,DDI-2
2699,3502,0.7707024557395774,0.3625984191894531,False,False,1.0,1.0,DDI-2
2448,3264,0.75,0.11620330810546875,False,False,0.6736536678144444,1.0,DDI-2
2448,3264,0.75,0.5020828247070312,False,False,0.23775047455126735,0.9787692202353188,DDI-2
2448,3264,0.75,0.2594146728515625,False,False,0.35069210407095425,1.0,DDI-2
3024,4032,0.75,0.262786865234375,False,True,0.16510336618372637,1.0,DDI-2
3024,4032,0.75,0.12068557739257812,False,False,0.23465520450749822,1.0,DDI-2
2448,3264,0.75,0.4202690124511719,False,True,0.162076807896149,1.0,DDI-2
2448,3264,0.75,0.050350189208984375,False,False,0.42789460108491784,1.0,DDI-2
2448,3264,0.75,0.0947113037109375,False,False,1.0,1.0,DDI-2
2448,3264,0.75,0.2748908996582031,False,False,1.0,1.0,DDI-2
2448,3264,0.75,0.15069961547851562,False,False,0.6671403000841747,1.0,DDI-2
1341,3244,0.4133785450061652,0.16754913330078125,False,False,1.0,1.0,DDI-2
418,360,1.1611111111111112,0.17155075073242188,False,False,1.0,0.940917299091052,DDI-2
1318,1752,0.752283105022831,0.017917633056640625,False,False,0.5964452404953119,0.4587396182445225,DDI-2
1856,2166,0.8568790397045245,0.1888885498046875,False,False,0.6637898792183967,0.9242350654644569,DDI-2
2448,3264,0.75,0.1750640869140625,False,False,0.31821051899032565,1.0,DDI-2
3024,4032,0.75,0.29852294921875,False,True,1.0,1.0,DDI-2
2787,4029,0.691734921816828,0.0026092529296875,False,False,0.5224544206080678,0.8883344040846378,DDI-2
3024,4032,0.75,0.15869140625,False,False,1.0,1.0,DDI-2
3024,2338,1.2934131736526946,0.2824363708496094,False,False,1.0,1.0,DDI-2
3024,4032,0.75,0.01678466796875,False,False,1.0,0.8348258110898295,DDI-2
2667,1992,1.338855421686747,0.09058761596679688,False,False,0.35038292814774274,0.6903138719938297,DDI-2
3024,4032,0.75,0.5309600830078125,False,False,0.43083599883950713,1.0,DDI-2
1161,1817,0.6389653274628508,0.0405731201171875,False,False,1.0,0.772421016258521,DDI-2
2447,2851,0.858295334970186,0.01580047607421875,False,False,0.7119984634434217,1.0,DDI-2
2448,3264,0.75,0.0215301513671875,False,False,0.05126229620011041,0.5907960385230243,DDI-2
3024,4032,0.75,0.38118743896484375,False,True,1.0,1.0,DDI-2
3024,4032,0.75,0.0588531494140625,False,False,0.6334248588102297,1.0,DDI-2
3024,4032,0.75,0.15015029907226562,False,False,0.5516143454146685,1.0,DDI-2
3264,2448,1.3333333333333333,0.5185508728027344,False,False,0.5394241084648156,1.0,DDI-2
3024,4032,0.75,0.072967529296875,False,True,0.3358312541171099,0.7288446611295202,DDI-2
3024,4032,0.75,0.01544952392578125,False,False,1.0,0.67285425232502,DDI-2
3024,4032,0.75,0.2692146301269531,False,False,1.0,1.0,DDI-2
2448,3264,0.75,0.3011970520019531,False,False,0.3751618955989285,1.0,DDI-2
2147,3019,0.7111626366346472,0.07316970825195312,False,False,1.0,1.0,DDI-2
3024,4032,0.75,0.3079109191894531,False,False,0.4924092541580149,1.0,DDI-2
2448,3264,0.75,0.05522918701171875,False,False,0.4593625932416689,0.7577086338724522,DDI-2
3024,4032,0.75,0.2682762145996094,False,False,0.7362103369592051,0.8693527471128437,DDI-2
2448,3264,0.75,0.246002197265625,False,False,1.0,0.8720192780110404,DDI-2
3024,4032,0.75,0.2569236755371094,False,False,0.6700619997823289,1.0,DDI-2
2448,3264,0.75,0.09859848022460938,False,False,0.09627556608725828,0.6527992364445359,DDI-2
244,309,0.7896440129449838,0.514007568359375,False,False,1.0,1.0,DDI-2
2448,3264,0.75,0.3939933776855469,False,True,0.9059090791537553,1.0,DDI-2
3024,4032,0.75,0.1387786865234375,False,False,1.0,0.9606209542589818,DDI-2
3024,4032,0.75,0.17457199096679688,False,False,0.1838794193405866,0.8179782683762998,DDI-2
4032,3024,1.3333333333333333,0.2623329162597656,False,False,0.8033199655362995,1.0,DDI-2
1854,1435,1.29198606271777,0.35311126708984375,False,False,0.17052128364522068,1.0,DDI-2
3024,4032,0.75,0.07715225219726562,False,False,1.0,0.9208405823779795,DDI-2
3024,4032,0.75,0.20196151733398438,False,False,1.0,1.0,DDI-2
4032,3024,1.3333333333333333,0.39650726318359375,False,False,1.0,0.780614544518511,DDI-2
1549,3760,0.411968085106383,0.4056587219238281,False,True,1.0,1.0,DDI-2
2448,2676,0.9147982062780269,0.15932464599609375,False,False,0.6870459273977648,1.0,DDI-2
2448,3264,0.75,0.08228683471679688,False,False,1.0,1.0,DDI-2
2448,3264,0.75,0.0,True,False,1.0,0.7607651181140375,DDI-2
1388,3264,0.4252450980392157,0.12952804565429688,False,False,1.0,1.0,DDI-2
3024,4032,0.75,0.19541549682617188,False,False,1.0,1.0,DDI-2
2448,3264,0.75,0.21427536010742188,False,False,0.1804348587853037,1.0,DDI-2
2448,3264,0.75,0.49262237548828125,False,True,0.26781992402454763,1.0,DDI-2
2448,3264,0.75,0.17840194702148438,False,False,0.7546214570733916,1.0,DDI-2
2448,3264,0.75,0.026950836181640625,False,False,1.0,1.0,DDI-2
2448,3264,0.75,0.12127685546875,False,False,0.5694665472722616,1.0,DDI-2
2440,1457,1.6746739876458476,0.4351348876953125,False,True,0.5494932659481154,1.0,DDI-2
2448,3264,0.75,0.33850860595703125,False,True,0.07059264184597834,0.9458142694910455,DDI-2
1359,2475,0.5490909090909091,0.02059173583984375,False,False,0.8717938858088593,0.9378603336456156,DDI-2
2448,3264,0.75,0.3084526062011719,False,False,0.07202552796491096,0.7575413891139574,DDI-2
2448,3264,0.75,0.5084953308105469,False,False,1.0,0.8058443406856397,DDI-2
2448,3264,0.75,0.45903778076171875,False,False,0.33252471003097517,0.9394452036956075,DDI-2
1073,922,1.1637744034707158,0.22887420654296875,False,False,0.5618548237101691,1.0,DDI-2
3024,4032,0.75,0.2754669189453125,False,False,0.19331025733473906,1.0,DDI-2
3024,4032,0.75,0.15743637084960938,False,False,0.121528717679197,0.7422777302412934,DDI-2
2448,3264,0.75,0.20751571655273438,False,False,1.0,0.8177552232565451,DDI-2
382,324,1.1790123456790123,0.4336738586425781,False,True,1.0,1.0,DDI-2
4032,3024,1.3333333333333333,0.20542526245117188,False,False,0.29831088307437875,1.0,DDI-2
2448,3264,0.75,0.22951126098632812,False,False,0.08180802473722414,1.0,DDI-2
2448,3264,0.75,0.6564483642578125,False,True,0.0592204007526331,0.35951160344961763,DDI-2
3024,4032,0.75,0.40673065185546875,False,True,1.0,1.0,DDI-2
2448,3264,0.75,0.06672286987304688,False,False,1.0,0.7776930644780803,DDI-2
3024,3024,1.0,0.3741455078125,False,True,0.43823059918690715,0.9408851554142883,DDI-2
2448,3264,0.75,0.3810462951660156,False,False,0.17060870768629383,1.0,DDI-2
2448,3264,0.75,0.243438720703125,False,False,0.16490148868058788,0.9114664246274825,DDI-2
2841,3798,0.7480252764612955,0.4191398620605469,False,False,0.2562371291201873,0.7939552531788993,DDI-2
2421,2201,1.0999545661063153,0.2924156188964844,False,False,1.0,1.0,DDI-2
2448,3264,0.75,0.3814277648925781,False,False,0.1202273839979403,0.9889890886729106,DDI-2
2448,3264,0.75,0.0400543212890625,False,False,0.9626491488315879,0.9139852910059165,DDI-2
3024,4032,0.75,0.390106201171875,False,False,0.2956758816659647,1.0,DDI-2
2448,3264,0.75,0.20369720458984375,False,False,0.18331666305456434,0.8054580778730747,DDI-2
2291,2292,0.9995636998254799,0.3885498046875,False,False,0.12850610510786167,0.9414576494450957,DDI-2
2448,3264,0.75,0.4417686462402344,False,True,0.38830597740704065,0.8839124109777808,DDI-2
1965,2634,0.7460136674259681,0.13080215454101562,False,False,0.2184836999040336,0.9735504306283728,DDI-2
2448,3264,0.75,0.17749786376953125,False,False,1.0,0.8871902064422799,DDI-2
2448,3264,0.75,0.1214752197265625,False,False,1.0,0.9934539844815451,DDI-2
3024,3025,0.9996694214876033,0.10036087036132812,False,False,0.1625722123501337,0.9167906783162669,DDI-2
2448,3264,0.75,0.06978607177734375,False,False,0.26914588013906504,0.9468755956744374,DDI-2
2448,2449,0.9995916700694161,0.1544647216796875,False,False,0.5829751455730582,1.0,DDI-2
3024,4032,0.75,0.46352386474609375,False,True,0.12166258145093069,1.0,DDI-2
1680,1248,1.3461538461538463,0.2571907043457031,False,False,1.0,1.0,DDI-2
2448,2449,0.9995916700694161,0.21072769165039062,False,False,0.4909720370509639,0.6532914659848768,DDI-2
2448,2449,0.9995916700694161,0.2776603698730469,False,False,0.9877226159396105,1.0,DDI-2
2448,3264,0.75,0.21532058715820312,False,False,0.20812096248621662,0.8015402811596837,DDI-2
3264,2448,1.3333333333333333,0.10761642456054688,False,False,0.5728015288914841,0.746853758548023,DDI-2
2448,3264,0.75,0.0615234375,False,False,0.08113643438232668,0.48576646478011243,DDI-2
2448,2449,0.9995916700694161,0.037425994873046875,False,False,0.699150511789229,0.6210226460931776,DDI-2
3024,3025,0.9996694214876033,0.4671669006347656,False,True,0.4524001748983665,0.897557561832405,DDI-2
2448,3264,0.75,0.07438278198242188,False,False,0.4659530851807381,0.9024629436311985,DDI-2
2448,2449,0.9995916700694161,0.21358871459960938,False,False,0.2845678804171583,0.6313120937459467,DDI-2
2448,3264,0.75,0.06965255737304688,False,False,0.2464087792051908,0.7686423455351306,DDI-2
2448,2449,0.9995916700694161,0.033634185791015625,False,False,0.9048755684323291,0.6749578959862438,DDI-2
437,405,1.0790123456790124,0.7143669128417969,False,True,1.0,0.60148923584673,Fitzpatrick17k
485,364,1.3324175824175823,0.6675033569335938,False,True,1.0,0.36935436090419205,Fitzpatrick17k
485,364,1.3324175824175823,0.5051078796386719,False,True,1.0,0.6030169647764673,Fitzpatrick17k
451,392,1.1505102040816326,0.3668479919433594,False,False,1.0,1.0,Fitzpatrick17k
453,391,1.1585677749360614,0.2512321472167969,False,False,1.0,0.5778174111681431,Fitzpatrick17k
497,356,1.396067415730337,0.48236083984375,False,False,1.0,0.9527875528545254,Fitzpatrick17k
484,374,1.2941176470588236,0.2762794494628906,False,True,1.0,0.4896115001842042,Fitzpatrick17k
519,358,1.4497206703910615,0.4901542663574219,False,False,1.0,0.6243086696083636,Fitzpatrick17k
484,366,1.3224043715846994,0.2814445495605469,False,False,1.0,1.0,Fitzpatrick17k
486,364,1.335164835164835,0.607391357421875,False,True,1.0,0.7694369990283058,Fitzpatrick17k
482,362,1.3314917127071824,0.2631797790527344,False,True,1.0,0.513502611003256,Fitzpatrick17k
530,347,1.5273775216138328,0.14657211303710938,False,False,1.0,0.7399723623642886,Fitzpatrick17k
441,401,1.0997506234413965,0.7062416076660156,False,True,0.9521317792947707,0.9606845111037646,Fitzpatrick17k
395,447,0.883668903803132,0.4456291198730469,False,True,1.0,0.7702546585887257,Fitzpatrick17k
469,377,1.2440318302387268,0.4691429138183594,False,False,1.0,1.0,Fitzpatrick17k
476,371,1.2830188679245282,0.6277618408203125,False,True,1.0,0.7579145419035668,Fitzpatrick17k
471,377,1.2493368700265253,0.008792877197265625,False,False,1.0,0.3806576294944608,Fitzpatrick17k
499,355,1.4056338028169013,0.3022499084472656,False,False,1.0,0.6318274607928467,Fitzpatrick17k
476,372,1.2795698924731183,0.0081939697265625,False,False,1.0,0.4281563405544037,Fitzpatrick17k
400,461,0.8676789587852495,0.0376129150390625,False,False,1.0,0.7861623581123014,Fitzpatrick17k
457,388,1.1778350515463918,0.5789833068847656,False,True,1.0,1.0,Fitzpatrick17k
411,429,0.958041958041958,0.3535957336425781,False,False,1.0,0.47693587358713235,Fitzpatrick17k
459,384,1.1953125,0.726898193359375,False,True,1.0,0.7211136680855919,Fitzpatrick17k
505,369,1.3685636856368564,0.5946693420410156,False,True,1.0,0.5069401509605057,Fitzpatrick17k
499,362,1.3784530386740332,0.08837127685546875,False,False,1.0,0.4261708786526659,Fitzpatrick17k
485,364,1.3324175824175823,0.9734725952148438,True,True,1.0,0.9097606720938642,Fitzpatrick17k
505,349,1.4469914040114613,0.43881988525390625,False,True,1.0,0.4464805107224141,Fitzpatrick17k
481,337,1.427299703264095,0.132049560546875,False,False,1.0,1.0,Fitzpatrick17k
507,356,1.4241573033707866,0.13783645629882812,False,False,1.0,0.45029641837021883,Fitzpatrick17k
442,400,1.105,0.7128524780273438,False,True,1.0,1.0,Fitzpatrick17k
449,394,1.1395939086294415,0.7352714538574219,False,True,1.0,0.61845847427934,Fitzpatrick17k
526,350,1.502857142857143,0.2751350402832031,False,True,1.0,1.0,Fitzpatrick17k
503,352,1.4289772727272727,0.218963623046875,False,True,1.0,0.696761852920342,Fitzpatrick17k
446,397,1.1234256926952142,0.5418548583984375,False,True,0.6105899577739149,1.0,Fitzpatrick17k
1134,815,1.3914110429447852,0.16737747192382812,False,False,1.0,0.5604508198353312,Fitzpatrick17k
521,347,1.5014409221902016,0.18927001953125,False,False,1.0,0.5222526814773596,Fitzpatrick17k
465,381,1.220472440944882,0.0836334228515625,False,False,1.0,0.3905184738288109,Fitzpatrick17k
470,377,1.246684350132626,0.6533355712890625,False,True,1.0,1.0,Fitzpatrick17k
465,382,1.2172774869109948,0.03655242919921875,False,False,1.0,0.4520011609549807,Fitzpatrick17k
469,378,1.2407407407407407,0.4262847900390625,False,False,1.0,1.0,Fitzpatrick17k
446,396,1.1262626262626263,0.5076408386230469,False,True,1.0,0.5873796331087777,Fitzpatrick17k
1247,987,1.2634245187436677,0.47734832763671875,False,True,1.0,0.5864151938393103,Fitzpatrick17k
485,366,1.325136612021858,0.02385711669921875,False,False,1.0,0.5971784473890032,Fitzpatrick17k
469,391,1.1994884910485935,0.3768882751464844,False,False,1.0,1.0,Fitzpatrick17k
524,350,1.497142857142857,0.2923851013183594,False,False,1.0,0.8626648459615271,Fitzpatrick17k
486,364,1.335164835164835,0.011775970458984375,False,False,1.0,0.8399135062500033,Fitzpatrick17k
477,371,1.2857142857142858,0.8696670532226562,False,True,1.0,0.7943589096219994,Fitzpatrick17k
467,380,1.2289473684210526,0.04184722900390625,False,True,1.0,0.2891972016813502,Fitzpatrick17k
485,364,1.3324175824175823,0.4252052307128906,False,False,1.0,0.7115839558252516,Fitzpatrick17k
485,364,1.3324175824175823,0.23639297485351562,False,True,1.0,0.5518867927490075,Fitzpatrick17k
473,374,1.2647058823529411,0.4765129089355469,False,True,1.0,0.6890336835250322,Fitzpatrick17k
502,376,1.3351063829787233,0.5342216491699219,False,True,1.0,0.5604619140914582,Fitzpatrick17k
485,364,1.3324175824175823,0.40210723876953125,False,False,1.0,0.8383430904246376,Fitzpatrick17k
452,391,1.156010230179028,0.5511589050292969,False,False,1.0,0.35499126313825186,Fitzpatrick17k
411,429,0.958041958041958,0.00433349609375,False,False,1.0,0.8965772443098524,Fitzpatrick17k
483,367,1.3160762942779292,0.5959053039550781,False,True,1.0,0.7877737782388563,Fitzpatrick17k
392,448,0.875,0.11654281616210938,False,False,1.0,0.4372332658613108,Fitzpatrick17k
456,387,1.178294573643411,0.6131782531738281,False,True,1.0,0.9972687847769222,Fitzpatrick17k
485,364,1.3324175824175823,0.4341583251953125,False,False,1.0,1.0,Fitzpatrick17k
492,360,1.3666666666666667,0.21968460083007812,False,False,1.0,0.9221129459163977,Fitzpatrick17k
431,410,1.051219512195122,0.15090179443359375,False,False,1.0,1.0,Fitzpatrick17k
485,364,1.3324175824175823,0.22743606567382812,False,False,1.0,0.9537118501925954,Fitzpatrick17k
479,368,1.3016304347826086,0.120941162109375,False,False,1.0,0.5192192934216328,Fitzpatrick17k
485,364,1.3324175824175823,0.2988014221191406,False,True,1.0,0.8839016205414475,Fitzpatrick17k
429,412,1.0412621359223302,0.6552963256835938,False,False,1.0,0.725293316133113,Fitzpatrick17k
444,398,1.1155778894472361,0.5549354553222656,False,True,1.0,0.681389454473513,Fitzpatrick17k
472,374,1.2620320855614973,0.2749443054199219,False,False,1.0,0.4839339249733267,Fitzpatrick17k
1247,831,1.5006016847172081,0.40862274169921875,False,False,1.0,0.9333370527107901,Fitzpatrick17k
447,395,1.1316455696202532,0.5647201538085938,False,False,1.0,1.0,Fitzpatrick17k
449,394,1.1395939086294415,0.43778228759765625,False,False,1.0,1.0,Fitzpatrick17k
459,386,1.189119170984456,0.5286331176757812,False,True,1.0,0.7333235020521157,Fitzpatrick17k
522,350,1.4914285714285713,0.4779205322265625,False,False,1.0,0.8962749985569649,Fitzpatrick17k
400,454,0.8810572687224669,0.4395408630371094,False,True,1.0,1.0,Fitzpatrick17k
456,388,1.175257731958763,0.4516716003417969,False,False,1.0,1.0,Fitzpatrick17k
486,364,1.335164835164835,0.8426055908203125,False,True,1.0,0.9703244814452812,Fitzpatrick17k
485,364,1.3324175824175823,0.119537353515625,False,False,1.0,1.0,Fitzpatrick17k
441,402,1.0970149253731343,0.04034423828125,False,False,1.0,0.4479390982791133,Fitzpatrick17k
519,354,1.4661016949152543,0.2014923095703125,False,False,1.0,0.6322414784935326,Fitzpatrick17k
485,364,1.3324175824175823,0.4635124206542969,False,True,1.0,0.9972908403231298,Fitzpatrick17k
509,347,1.4668587896253602,0.5229072570800781,False,True,1.0,1.0,Fitzpatrick17k
1134,803,1.4122042341220424,0.00478363037109375,False,False,1.0,0.5731666404475938,Fitzpatrick17k
470,385,1.2207792207792207,0.6461219787597656,False,True,1.0,0.630508283401789,Fitzpatrick17k
500,355,1.408450704225352,0.1102752685546875,False,False,1.0,0.6372591070109562,Fitzpatrick17k
452,391,1.156010230179028,0.12315750122070312,False,False,1.0,0.7048351665930203,Fitzpatrick17k
502,376,1.3351063829787233,0.4961738586425781,False,True,1.0,0.762350145072239,Fitzpatrick17k
461,385,1.1974025974025975,0.4860801696777344,False,True,1.0,1.0,Fitzpatrick17k
498,362,1.3756906077348066,0.02698516845703125,False,False,1.0,0.43207482601391206,Fitzpatrick17k
413,428,0.9649532710280374,0.5990486145019531,False,True,1.0,1.0,Fitzpatrick17k
496,356,1.3932584269662922,0.09315872192382812,False,False,1.0,0.4790593310053862,Fitzpatrick17k
497,364,1.3653846153846154,0.024051666259765625,False,False,1.0,0.4350232227818727,Fitzpatrick17k
516,344,1.5,0.2790718078613281,False,False,1.0,0.6037263969008178,Fitzpatrick17k
359,492,0.7296747967479674,0.18388748168945312,False,False,1.0,0.7216591897111186,Fitzpatrick17k
495,358,1.3826815642458101,0.0975494384765625,False,True,1.0,0.47845335312049636,Fitzpatrick17k
519,349,1.487106017191977,0.3927268981933594,False,True,1.0,0.4887646642027639,Fitzpatrick17k
362,482,0.7510373443983402,0.4399909973144531,False,True,1.0,0.9247073528954831,Fitzpatrick17k
521,347,1.5014409221902016,0.4636077880859375,False,True,1.0,0.8067559633336769,Fitzpatrick17k
466,379,1.229551451187335,0.20606613159179688,False,False,1.0,0.4620645824575104,Fitzpatrick17k
521,347,1.5014409221902016,0.2073211669921875,False,False,1.0,1.0,Fitzpatrick17k
488,375,1.3013333333333332,0.389739990234375,False,False,1.0,1.0,Fitzpatrick17k
455,388,1.172680412371134,0.0,True,False,1.0,0.8457293751098885,Fitzpatrick17k
488,363,1.3443526170798898,0.25318145751953125,False,False,1.0,0.8371699705719982,Fitzpatrick17k
463,390,1.1871794871794872,0.48470306396484375,False,True,1.0,0.7296865999778835,Fitzpatrick17k
493,358,1.3770949720670391,0.4435462951660156,False,True,1.0,1.0,Fitzpatrick17k
521,347,1.5014409221902016,0.41645050048828125,False,False,1.0,0.9940264277575662,Fitzpatrick17k
510,360,1.4166666666666667,0.14858627319335938,False,True,1.0,0.5289856013746577,Fitzpatrick17k
468,379,1.2348284960422165,0.43015289306640625,False,True,1.0,0.4455335331523615,Fitzpatrick17k
418,423,0.9881796690307328,0.45400238037109375,False,True,1.0,1.0,Fitzpatrick17k
481,368,1.3070652173913044,0.3860321044921875,False,False,1.0,1.0,Fitzpatrick17k
436,406,1.0738916256157636,0.5695037841796875,False,True,0.34147148792606485,0.9169167539507784,Fitzpatrick17k
471,384,1.2265625,0.4288063049316406,False,True,1.0,0.5735425057674237,Fitzpatrick17k
485,364,1.3324175824175823,0.20311355590820312,False,True,1.0,1.0,Fitzpatrick17k
495,357,1.3865546218487395,0.19771957397460938,False,False,1.0,1.0,Fitzpatrick17k
431,411,1.048661800486618,0.5607070922851562,False,True,1.0,1.0,Fitzpatrick17k
372,476,0.7815126050420168,0.23846054077148438,False,False,1.0,1.0,Fitzpatrick17k
469,378,1.2407407407407407,0.3995933532714844,False,True,1.0,0.8979215487296014,Fitzpatrick17k
490,362,1.3535911602209945,0.13150787353515625,False,False,1.0,0.8587003844605889,Fitzpatrick17k
437,389,1.1233933161953729,0.44777679443359375,False,True,1.0,0.34568677502168316,Fitzpatrick17k
466,379,1.229551451187335,0.2780609130859375,False,False,1.0,0.6652877527988533,Fitzpatrick17k
456,389,1.1722365038560412,0.433807373046875,False,True,1.0,1.0,Fitzpatrick17k
485,364,1.3324175824175823,0.5396232604980469,False,True,1.0,0.5890128487201016,Fitzpatrick17k
490,376,1.303191489361702,0.2809410095214844,False,True,1.0,1.0,Fitzpatrick17k
456,398,1.1457286432160805,0.6936187744140625,False,True,1.0,0.6627426658699609,Fitzpatrick17k
485,380,1.2763157894736843,0.16006851196289062,False,False,1.0,0.7694315526439663,Fitzpatrick17k
356,497,0.716297786720322,0.47277069091796875,False,True,1.0,0.5133885486048959,Fitzpatrick17k
485,364,1.3324175824175823,0.4444541931152344,False,True,1.0,0.7060640922918306,Fitzpatrick17k
475,373,1.2734584450402144,0.44304656982421875,False,True,1.0,1.0,Fitzpatrick17k
510,341,1.4956011730205279,0.18796539306640625,False,False,1.0,0.9677202665399477,Fitzpatrick17k
485,364,1.3324175824175823,0.35358428955078125,False,False,1.0,0.7452638656746771,Fitzpatrick17k
450,393,1.1450381679389312,0.26660919189453125,False,False,1.0,0.7780382125042825,Fitzpatrick17k
482,357,1.350140056022409,0.9139251708984375,False,True,1.0,0.505148651671983,Fitzpatrick17k
473,374,1.2647058823529411,0.8017845153808594,False,True,1.0,0.9434942654688517,Fitzpatrick17k
482,368,1.309782608695652,0.45848846435546875,False,True,1.0,1.0,Fitzpatrick17k
488,361,1.3518005540166205,0.1639251708984375,False,False,1.0,1.0,Fitzpatrick17k
507,342,1.4824561403508771,0.295379638671875,False,False,1.0,0.8425230787506902,Fitzpatrick17k
481,367,1.3106267029972751,0.2082061767578125,False,False,1.0,0.8327394383694154,Fitzpatrick17k
448,396,1.1313131313131313,0.6866645812988281,False,True,1.0,0.5483154922363009,Fitzpatrick17k
454,389,1.167095115681234,0.4868965148925781,False,True,1.0,0.7414225499811766,Fitzpatrick17k
456,388,1.175257731958763,0.7004203796386719,False,True,1.0,0.5803970941883647,Fitzpatrick17k
485,364,1.3324175824175823,0.018085479736328125,False,False,1.0,0.9763469609485542,Fitzpatrick17k
521,347,1.5014409221902016,0.0,True,False,1.0,0.6184884660060772,Fitzpatrick17k
485,364,1.3324175824175823,0.2922935485839844,False,False,1.0,0.8474456403400294,Fitzpatrick17k
427,415,1.0289156626506024,0.050167083740234375,False,False,1.0,0.35333746483680856,Fitzpatrick17k
495,366,1.3524590163934427,0.02098846435546875,False,False,1.0,0.3149220432229222,Fitzpatrick17k
478,371,1.2884097035040432,0.6627540588378906,False,True,1.0,1.0,Fitzpatrick17k
483,366,1.319672131147541,0.4340858459472656,False,True,1.0,1.0,Fitzpatrick17k
471,376,1.252659574468085,0.28227996826171875,False,False,1.0,0.678993370956153,Fitzpatrick17k
1247,928,1.34375,0.558624267578125,False,True,0.5247505202786928,0.9173615746450836,Fitzpatrick17k
483,366,1.319672131147541,0.3312644958496094,False,True,1.0,0.9424671799527936,Fitzpatrick17k
521,347,1.5014409221902016,0.14587020874023438,False,True,1.0,0.5292786598714819,Fitzpatrick17k
495,372,1.3306451612903225,0.5340538024902344,False,True,1.0,1.0,Fitzpatrick17k
474,374,1.267379679144385,0.1174163818359375,False,False,1.0,0.7322024373976732,Fitzpatrick17k
488,362,1.3480662983425415,0.0660858154296875,False,False,1.0,0.4901681642625417,Fitzpatrick17k
459,386,1.189119170984456,0.22231292724609375,False,True,1.0,0.9741882392700975,Fitzpatrick17k
513,358,1.4329608938547487,0.41767120361328125,False,True,1.0,1.0,Fitzpatrick17k
500,361,1.3850415512465375,0.3911933898925781,False,True,1.0,0.5331549894577791,Fitzpatrick17k
486,364,1.335164835164835,0.05831146240234375,False,False,1.0,0.4639477649717828,Fitzpatrick17k
488,363,1.3443526170798898,0.2762908935546875,False,False,1.0,1.0,Fitzpatrick17k
460,383,1.2010443864229765,0.16165924072265625,False,True,1.0,1.0,Fitzpatrick17k
466,380,1.2263157894736842,0.010272979736328125,False,False,1.0,0.40495715677858873,Fitzpatrick17k
468,377,1.2413793103448276,0.47338104248046875,False,False,1.0,1.0,Fitzpatrick17k
476,371,1.2830188679245282,0.22829818725585938,False,False,1.0,0.6179273871270166,Fitzpatrick17k
485,364,1.3324175824175823,0.24095916748046875,False,True,1.0,0.6011010873260234,Fitzpatrick17k
439,402,1.092039800995025,0.21371841430664062,False,True,1.0,0.5806985552084318,Fitzpatrick17k
479,369,1.2981029810298104,0.11869049072265625,False,False,1.0,0.5889369813601046,Fitzpatrick17k
423,419,1.009546539379475,0.4597434997558594,False,True,1.0,0.6710085669179602,Fitzpatrick17k
445,398,1.1180904522613064,0.16283035278320312,False,False,1.0,0.5205000296424169,Fitzpatrick17k
445,399,1.1152882205513786,0.5278778076171875,False,False,1.0,0.9876806681968725,Fitzpatrick17k
485,364,1.3324175824175823,0.15440750122070312,False,False,1.0,0.48581506282440373,Fitzpatrick17k
475,373,1.2734584450402144,0.36305999755859375,False,True,1.0,0.4758628520788187,Fitzpatrick17k
498,363,1.371900826446281,0.104400634765625,False,False,1.0,0.4093061305667043,Fitzpatrick17k
495,358,1.3826815642458101,0.8310394287109375,False,True,1.0,0.8979776018295368,Fitzpatrick17k
485,364,1.3324175824175823,0.07538604736328125,False,True,1.0,0.6504520430574714,Fitzpatrick17k
470,377,1.246684350132626,0.06915283203125,False,False,1.0,0.33280738191832065,Fitzpatrick17k
1134,1123,1.0097951914514693,0.00321197509765625,False,False,1.0,0.532964992750152,Fitzpatrick17k
405,436,0.9288990825688074,0.0879974365234375,False,False,1.0,1.0,Fitzpatrick17k
458,395,1.159493670886076,0.49399566650390625,False,False,1.0,0.9542629769926309,Fitzpatrick17k
433,409,1.058679706601467,0.5267868041992188,False,False,1.0,0.8749376226406047,Fitzpatrick17k
424,435,0.9747126436781609,0.33762359619140625,False,False,1.0,0.6504455971889647,Fitzpatrick17k
418,440,0.95,0.15062713623046875,False,True,1.0,0.733296203150819,Fitzpatrick17k
521,347,1.5014409221902016,0.5133705139160156,False,False,1.0,1.0,Fitzpatrick17k
485,364,1.3324175824175823,0.6898918151855469,False,True,1.0,0.8435729273786192,Fitzpatrick17k
471,376,1.252659574468085,0.5092964172363281,False,True,1.0,0.682419039987465,Fitzpatrick17k
497,363,1.3691460055096418,0.048252105712890625,False,False,1.0,0.44445766265682507,Fitzpatrick17k
485,364,1.3324175824175823,0.4099082946777344,False,True,1.0,0.6442731545385619,Fitzpatrick17k
1134,756,1.5,0.28868865966796875,False,False,1.0,0.7430467407020339,Fitzpatrick17k
459,385,1.1922077922077923,0.7472038269042969,False,True,1.0,0.4580269601222371,Fitzpatrick17k
467,380,1.2289473684210526,0.21316146850585938,False,False,1.0,0.38879618475309524,Fitzpatrick17k
458,387,1.1834625322997416,0.15327072143554688,False,False,1.0,0.8097275835003162,Fitzpatrick17k
485,364,1.3324175824175823,0.6950454711914062,False,True,1.0,0.6761563503445569,Fitzpatrick17k
510,340,1.5,0.4023017883300781,False,False,1.0,1.0,Fitzpatrick17k
464,382,1.2146596858638743,0.11446762084960938,False,False,1.0,0.5178108314472624,Fitzpatrick17k
469,377,1.2440318302387268,0.5130653381347656,False,True,1.0,1.0,Fitzpatrick17k
442,400,1.105,0.3334541320800781,False,False,1.0,0.9726140967206418,Fitzpatrick17k
485,366,1.325136612021858,0.1955718994140625,False,False,1.0,0.6785709905706059,Fitzpatrick17k
337,507,0.6646942800788954,0.6273689270019531,False,True,1.0,1.0,Fitzpatrick17k
467,379,1.2321899736147757,0.351593017578125,False,True,1.0,1.0,Fitzpatrick17k
521,347,1.5014409221902016,0.04967498779296875,False,False,1.0,0.9028773987137764,Fitzpatrick17k
448,394,1.1370558375634519,0.1274566650390625,False,True,1.0,0.5645686501407714,Fitzpatrick17k
469,377,1.2440318302387268,0.01615142822265625,False,False,1.0,1.0,Fitzpatrick17k
485,364,1.3324175824175823,0.06506729125976562,False,False,1.0,0.47882859281975176,Fitzpatrick17k
484,366,1.3224043715846994,0.0644073486328125,False,False,1.0,0.7304523723280645,Fitzpatrick17k
485,364,1.3324175824175823,0.3748970031738281,False,True,1.0,0.6926256340697943,Fitzpatrick17k
420,421,0.997624703087886,0.3413505554199219,False,True,1.0,1.0,Fitzpatrick17k
464,382,1.2146596858638743,0.34368133544921875,False,True,1.0,0.4766411192322119,Fitzpatrick17k
471,375,1.256,0.14548492431640625,False,True,1.0,0.6427913780048722,Fitzpatrick17k
469,386,1.2150259067357514,0.057098388671875,False,False,1.0,0.7132353298195373,Fitzpatrick17k
508,361,1.407202216066482,0.323211669921875,False,False,1.0,0.7122201039674572,Fitzpatrick17k
485,364,1.3324175824175823,0.21511077880859375,False,False,1.0,0.5749135565575725,Fitzpatrick17k
476,371,1.2830188679245282,0.15966033935546875,False,False,1.0,0.49051395028626327,Fitzpatrick17k
440,401,1.0972568578553616,0.07473373413085938,False,False,1.0,0.8509665504844072,Fitzpatrick17k
463,382,1.212041884816754,0.15282058715820312,False,True,1.0,0.7920047740906305,Fitzpatrick17k
462,383,1.206266318537859,0.65887451171875,False,True,1.0,0.49151889406832794,Fitzpatrick17k
516,344,1.5,0.2731437683105469,False,False,1.0,0.5017302993397118,Fitzpatrick17k
448,396,1.1313131313131313,0.5895881652832031,False,False,1.0,0.7549075807560158,Fitzpatrick17k
416,425,0.9788235294117648,0.6086883544921875,False,True,1.0,0.6755721414285311,Fitzpatrick17k
404,352,1.1477272727272727,0.6099128723144531,False,True,1.0,0.8041509555667548,Fitzpatrick17k
379,478,0.7928870292887029,0.6046600341796875,False,True,1.0,0.739874604252119,Fitzpatrick17k
521,347,1.5014409221902016,0.0904998779296875,False,False,1.0,1.0,Fitzpatrick17k
488,371,1.3153638814016173,0.3520622253417969,False,False,1.0,0.8597161059005102,Fitzpatrick17k
464,381,1.2178477690288714,0.23250579833984375,False,False,1.0,1.0,Fitzpatrick17k
514,352,1.4602272727272727,0.16897201538085938,False,False,1.0,0.5862360266108363,Fitzpatrick17k
486,364,1.335164835164835,0.079833984375,False,False,1.0,0.49691497122282613,Fitzpatrick17k
478,363,1.3168044077134986,0.6101493835449219,False,True,1.0,0.6689545702488389,Fitzpatrick17k
364,485,0.7505154639175258,0.3579521179199219,False,False,1.0,0.8182405242705162,Fitzpatrick17k
473,374,1.2647058823529411,0.35892486572265625,False,True,1.0,0.5480380116907148,Fitzpatrick17k
414,426,0.971830985915493,0.5132675170898438,False,False,1.0,1.0,Fitzpatrick17k
474,373,1.2707774798927614,0.5404472351074219,False,True,1.0,0.7928948127510544,Fitzpatrick17k
448,394,1.1370558375634519,0.6505546569824219,False,True,1.0,1.0,Fitzpatrick17k
460,384,1.1979166666666667,0.5102882385253906,False,False,1.0,1.0,Fitzpatrick17k
452,392,1.153061224489796,0.5439453125,False,True,1.0,1.0,Fitzpatrick17k
462,382,1.2094240837696335,0.37073516845703125,False,False,1.0,1.0,Fitzpatrick17k
393,451,0.8713968957871396,0.4631080627441406,False,False,1.0,1.0,Fitzpatrick17k
443,417,1.0623501199040768,0.038238525390625,False,False,1.0,0.5560144530958686,Fitzpatrick17k
397,445,0.8921348314606742,0.13813018798828125,False,False,1.0,0.7474247499573524,Fitzpatrick17k
485,364,1.3324175824175823,0.35079193115234375,False,True,1.0,1.0,Fitzpatrick17k
475,373,1.2734584450402144,0.17290878295898438,False,True,1.0,0.8622455041409494,Fitzpatrick17k
434,408,1.0637254901960784,0.3632965087890625,False,False,1.0,0.7563185333446374,Fitzpatrick17k
483,366,1.319672131147541,0.19628524780273438,False,False,1.0,0.46092354713343786,Fitzpatrick17k
448,403,1.1116625310173698,0.2516441345214844,False,True,1.0,0.5302265234991516,Fitzpatrick17k
502,376,1.3351063829787233,0.5091133117675781,False,False,1.0,0.5638532702275963,Fitzpatrick17k
485,364,1.3324175824175823,0.25592803955078125,False,True,1.0,0.5650761923266834,Fitzpatrick17k
485,364,1.3324175824175823,0.054561614990234375,False,False,1.0,0.4292926416057842,Fitzpatrick17k
454,398,1.1407035175879396,0.22893142700195312,False,False,1.0,0.7370289107855355,Fitzpatrick17k
475,373,1.2734584450402144,0.5188751220703125,False,False,1.0,1.0,Fitzpatrick17k
488,363,1.3443526170798898,0.2799263000488281,False,False,1.0,0.6349025265968891,Fitzpatrick17k
438,404,1.0841584158415842,0.6944427490234375,False,True,1.0,0.6728235578238574,Fitzpatrick17k
459,399,1.150375939849624,0.13561630249023438,False,False,1.0,0.9691780157031654,Fitzpatrick17k
445,406,1.0960591133004927,0.4521751403808594,False,True,1.0,0.6902048844476373,Fitzpatrick17k
455,388,1.172680412371134,0.2560310363769531,False,False,1.0,0.5368275535197141,Fitzpatrick17k
482,375,1.2853333333333334,0.10985946655273438,False,False,1.0,0.9772388797635169,Fitzpatrick17k
516,344,1.5,0.23083877563476562,False,True,1.0,0.4403998961075996,Fitzpatrick17k
395,447,0.883668903803132,0.43883514404296875,False,True,1.0,1.0,Fitzpatrick17k
485,364,1.3324175824175823,0.4459037780761719,False,False,1.0,0.8480764040354852,Fitzpatrick17k
521,347,1.5014409221902016,0.49573516845703125,False,False,1.0,0.801114081955745,Fitzpatrick17k
455,388,1.172680412371134,0.2561302185058594,False,False,1.0,0.502043226897231,Fitzpatrick17k
507,348,1.456896551724138,0.21856689453125,False,True,1.0,0.7962181782884526,Fitzpatrick17k
426,416,1.0240384615384615,0.6431999206542969,False,True,1.0,0.799222590969399,Fitzpatrick17k
464,382,1.2146596858638743,0.8495559692382812,False,True,1.0,0.7477098147473943,Fitzpatrick17k
488,362,1.3480662983425415,0.4183769226074219,False,False,1.0,1.0,Fitzpatrick17k
508,361,1.407202216066482,0.4674186706542969,False,True,1.0,0.5500421182044006,Fitzpatrick17k
460,385,1.1948051948051948,0.2535209655761719,False,False,1.0,1.0,Fitzpatrick17k
457,388,1.1778350515463918,0.05777740478515625,False,False,1.0,0.6743995266648678,Fitzpatrick17k
516,344,1.5,0.66033935546875,False,True,1.0,0.9278040342556585,Fitzpatrick17k
485,364,1.3324175824175823,0.09460067749023438,False,False,1.0,0.39000319066294936,Fitzpatrick17k
495,365,1.356164383561644,0.7035255432128906,False,True,1.0,0.7076828532059968,Fitzpatrick17k
470,376,1.25,0.0296173095703125,False,False,1.0,0.45624950251229784,Fitzpatrick17k
377,471,0.8004246284501062,0.2960853576660156,False,False,1.0,1.0,Fitzpatrick17k
472,375,1.2586666666666666,0.093597412109375,False,True,1.0,1.0,Fitzpatrick17k
393,364,1.0796703296703296,0.26921844482421875,False,False,1.0,0.727436505497592,Fitzpatrick17k
469,377,1.2440318302387268,0.056484222412109375,False,False,1.0,0.6163931450380054,Fitzpatrick17k
459,386,1.189119170984456,0.20923614501953125,False,True,1.0,0.6378054687816523,Fitzpatrick17k
470,377,1.246684350132626,0.107574462890625,False,False,1.0,0.5955907899583678,Fitzpatrick17k
489,361,1.3545706371191135,0.5640754699707031,False,True,1.0,1.0,Fitzpatrick17k
485,364,1.3324175824175823,0.2698211669921875,False,False,1.0,0.5833336060028649,Fitzpatrick17k
463,383,1.2088772845953002,0.6932144165039062,False,False,1.0,0.9137012219698709,Fitzpatrick17k
471,375,1.256,0.08700942993164062,False,False,1.0,0.4194884275967062,Fitzpatrick17k
466,379,1.229551451187335,0.0,True,False,1.0,0.30673175550217907,Fitzpatrick17k
1134,756,1.5,0.015041351318359375,False,False,1.0,0.5795054527906605,Fitzpatrick17k
505,349,1.4469914040114613,0.25823974609375,False,False,1.0,0.7626123428944406,Fitzpatrick17k
448,395,1.1341772151898735,0.2897911071777344,False,False,1.0,0.6357964239993142,Fitzpatrick17k
485,365,1.3287671232876712,0.4258270263671875,False,False,1.0,0.9274977581105542,Fitzpatrick17k
485,364,1.3324175824175823,0.9726066589355469,True,True,1.0,0.42731146223546823,Fitzpatrick17k
432,409,1.0562347188264058,0.6888771057128906,False,False,1.0,1.0,Fitzpatrick17k
424,426,0.9953051643192489,0.5719375610351562,False,True,1.0,1.0,Fitzpatrick17k
434,408,1.0637254901960784,0.3853340148925781,False,False,1.0,1.0,Fitzpatrick17k
438,404,1.0841584158415842,0.33206939697265625,False,False,1.0,0.45585696596661074,Fitzpatrick17k
442,401,1.1022443890274314,0.8053398132324219,False,True,1.0,0.668633101635571,Fitzpatrick17k
486,364,1.335164835164835,0.19157028198242188,False,False,1.0,0.7253378873778891,Fitzpatrick17k
1134,839,1.3516090584028606,0.0,True,False,1.0,0.4411595767934804,Fitzpatrick17k
452,391,1.156010230179028,0.5358123779296875,False,True,1.0,0.9283911683970183,Fitzpatrick17k
514,352,1.4602272727272727,0.06267929077148438,False,True,1.0,0.5536638083552518,Fitzpatrick17k
435,406,1.0714285714285714,0.07844924926757812,False,False,1.0,0.6974017081592335,Fitzpatrick17k
492,359,1.3704735376044568,0.5168228149414062,False,True,1.0,0.5665889989297199,Fitzpatrick17k
515,351,1.4672364672364673,0.0107574462890625,False,False,1.0,0.621178984631503,Fitzpatrick17k
477,371,1.2857142857142858,0.28673553466796875,False,False,1.0,0.5667547693008482,Fitzpatrick17k
478,378,1.2645502645502646,0.2897453308105469,False,False,1.0,0.5549501681795732,Fitzpatrick17k
507,356,1.4241573033707866,0.10115432739257812,False,False,1.0,0.4175494874324991,Fitzpatrick17k
485,364,1.3324175824175823,0.3825111389160156,False,False,1.0,0.8849064526062997,Fitzpatrick17k
485,364,1.3324175824175823,0.18604660034179688,False,False,1.0,0.5986789330453474,Fitzpatrick17k
454,389,1.167095115681234,0.17987823486328125,False,False,1.0,0.5449844877401929,Fitzpatrick17k
482,360,1.3388888888888888,0.3065643310546875,False,False,1.0,0.8663390679704072,Fitzpatrick17k
422,420,1.0047619047619047,0.09496688842773438,False,True,1.0,0.49918900285948453,Fitzpatrick17k
422,420,1.0047619047619047,0.7063751220703125,False,True,1.0,0.7983096363372408,Fitzpatrick17k
474,381,1.2440944881889764,0.4544830322265625,False,True,1.0,0.6190145754530311,Fitzpatrick17k
464,381,1.2178477690288714,0.4161338806152344,False,False,0.2002172877139386,1.0,Fitzpatrick17k
428,413,1.036319612590799,0.0032501220703125,False,False,1.0,0.35554058528650334,Fitzpatrick17k
485,364,1.3324175824175823,0.4477272033691406,False,True,1.0,0.7610824698616375,Fitzpatrick17k
459,386,1.189119170984456,0.3499298095703125,False,True,1.0,0.5842635557238124,Fitzpatrick17k
433,410,1.0560975609756098,0.21960067749023438,False,False,1.0,1.0,Fitzpatrick17k
485,364,1.3324175824175823,0.10816574096679688,False,False,1.0,0.41385518918670244,Fitzpatrick17k
493,358,1.3770949720670391,0.6175270080566406,False,True,1.0,1.0,Fitzpatrick17k
450,394,1.1421319796954315,0.2729911804199219,False,False,1.0,1.0,Fitzpatrick17k
374,472,0.7923728813559322,0.3314857482910156,False,True,1.0,1.0,Fitzpatrick17k
437,405,1.0790123456790124,0.7620124816894531,False,True,1.0,0.8445837743175091,Fitzpatrick17k
526,344,1.5290697674418605,0.39862060546875,False,False,1.0,0.8872193729411344,Fitzpatrick17k
485,364,1.3324175824175823,0.456451416015625,False,True,1.0,0.9096701838356615,Fitzpatrick17k
468,379,1.2348284960422165,0.2967529296875,False,True,1.0,0.564199363983312,Fitzpatrick17k
481,369,1.3035230352303524,0.19391632080078125,False,False,1.0,0.9928412961259487,Fitzpatrick17k
475,373,1.2734584450402144,0.4566764831542969,False,True,1.0,0.7052163952024194,Fitzpatrick17k
442,400,1.105,0.2623329162597656,False,True,1.0,0.5116284564302485,Fitzpatrick17k
321,429,0.7482517482517482,0.3292579650878906,False,False,1.0,1.0,Fitzpatrick17k
521,347,1.5014409221902016,0.3217811584472656,False,True,1.0,0.819017116153773,Fitzpatrick17k
496,368,1.3478260869565217,0.5812110900878906,False,True,1.0,0.9125335877237918,Fitzpatrick17k
488,371,1.3153638814016173,0.4976997375488281,False,False,1.0,0.5893008633329111,Fitzpatrick17k
516,344,1.5,0.3118171691894531,False,False,1.0,1.0,Fitzpatrick17k
469,377,1.2440318302387268,0.5680961608886719,False,True,1.0,0.8167352916628682,Fitzpatrick17k
364,486,0.7489711934156379,0.2634086608886719,False,True,1.0,0.6162510053572721,Fitzpatrick17k
402,439,0.9157175398633257,0.18348312377929688,False,False,1.0,1.0,Fitzpatrick17k
485,364,1.3324175824175823,0.4736976623535156,False,False,1.0,0.6681379325599635,Fitzpatrick17k
473,373,1.2680965147453083,0.06280136108398438,False,False,1.0,0.6425469057137642,Fitzpatrick17k
430,412,1.0436893203883495,0.6140251159667969,False,True,1.0,0.9022192135792793,Fitzpatrick17k
454,389,1.167095115681234,0.4030303955078125,False,True,1.0,0.5257038232837421,Fitzpatrick17k
526,350,1.502857142857143,0.09520721435546875,False,False,1.0,0.6419018490557089,Fitzpatrick17k
521,347,1.5014409221902016,0.2516593933105469,False,False,1.0,0.9677499174035354,Fitzpatrick17k
459,385,1.1922077922077923,0.4671516418457031,False,True,1.0,0.7668502003820141,Fitzpatrick17k
481,368,1.3070652173913044,0.22845458984375,False,False,1.0,1.0,Fitzpatrick17k
485,364,1.3324175824175823,0.4410972595214844,False,True,1.0,0.4623321817554485,Fitzpatrick17k
485,364,1.3324175824175823,0.501220703125,False,False,1.0,0.7655591058115998,Fitzpatrick17k
516,344,1.5,0.3098602294921875,False,False,1.0,0.6168182406445097,Fitzpatrick17k
482,361,1.335180055401662,0.2196044921875,False,True,1.0,0.7034847473004741,Fitzpatrick17k
485,364,1.3324175824175823,0.45293426513671875,False,True,1.0,0.6353217961953955,Fitzpatrick17k
387,457,0.8468271334792122,0.6212806701660156,False,True,1.0,1.0,Fitzpatrick17k
485,364,1.3324175824175823,0.14346694946289062,False,False,1.0,0.6564978154223378,Fitzpatrick17k
492,361,1.3628808864265929,0.32343292236328125,False,False,1.0,0.5291146781703807,Fitzpatrick17k
1134,748,1.5160427807486632,0.14208221435546875,False,False,1.0,0.9259797957942728,Fitzpatrick17k
444,400,1.11,0.7136497497558594,False,False,1.0,1.0,Fitzpatrick17k
472,375,1.2586666666666666,0.7528038024902344,False,True,1.0,0.7931434077892761,Fitzpatrick17k
485,364,1.3324175824175823,0.02584075927734375,False,False,1.0,1.0,Fitzpatrick17k
485,364,1.3324175824175823,0.04291534423828125,False,False,1.0,0.3629806644543927,Fitzpatrick17k
475,372,1.2768817204301075,0.3175697326660156,False,False,1.0,0.6703477368574023,Fitzpatrick17k
485,364,1.3324175824175823,0.439239501953125,False,False,1.0,0.7660846984321457,Fitzpatrick17k
438,404,1.0841584158415842,0.2642402648925781,False,False,1.0,0.46473603976757066,Fitzpatrick17k
485,364,1.3324175824175823,0.34799957275390625,False,True,1.0,0.9969158691955832,Fitzpatrick17k
486,364,1.335164835164835,0.22870254516601562,False,False,1.0,0.8396195753239295,Fitzpatrick17k
429,412,1.0412621359223302,0.173492431640625,False,True,1.0,0.8144558317545482,Fitzpatrick17k
448,396,1.1313131313131313,0.63970947265625,False,True,1.0,0.5952903228548071,Fitzpatrick17k
485,364,1.3324175824175823,0.028507232666015625,False,False,1.0,0.5895692029831263,Fitzpatrick17k
461,384,1.2005208333333333,0.7003059387207031,False,True,1.0,0.6847296030582517,Fitzpatrick17k
358,502,0.7131474103585658,0.20660018920898438,False,False,1.0,0.6118082030816688,Fitzpatrick17k
473,372,1.271505376344086,0.16113662719726562,False,True,1.0,0.9674689136153048,Fitzpatrick17k
482,376,1.2819148936170213,0.41739654541015625,False,True,1.0,0.8211162186165261,Fitzpatrick17k
423,418,1.0119617224880382,0.3808097839355469,False,True,1.0,0.846163607380292,Fitzpatrick17k
485,364,1.3324175824175823,0.6442756652832031,False,True,1.0,1.0,Fitzpatrick17k
516,344,1.5,0.4276542663574219,False,False,1.0,1.0,Fitzpatrick17k
421,421,1.0,0.18118667602539062,False,False,1.0,0.6755427454062664,Fitzpatrick17k
477,379,1.2585751978891822,0.16526412963867188,False,False,1.0,0.4432653380142683,Fitzpatrick17k
468,379,1.2348284960422165,0.5992927551269531,False,True,1.0,0.6814226222096135,Fitzpatrick17k
426,415,1.0265060240963855,0.3513374328613281,False,True,1.0,0.9246379601787971,Fitzpatrick17k
526,350,1.502857142857143,0.08442306518554688,False,False,1.0,0.70086438821553,Fitzpatrick17k
486,364,1.335164835164835,0.6420402526855469,False,True,1.0,1.0,Fitzpatrick17k
454,390,1.1641025641025642,0.36923980712890625,False,False,1.0,0.7115243275483305,Fitzpatrick17k
475,373,1.2734584450402144,0.5019035339355469,False,False,1.0,1.0,Fitzpatrick17k
483,366,1.319672131147541,0.4240150451660156,False,True,1.0,0.7116794298202456,Fitzpatrick17k
484,365,1.326027397260274,0.21258163452148438,False,False,1.0,0.6456991409867314,Fitzpatrick17k
450,393,1.1450381679389312,0.2707786560058594,False,False,1.0,0.5128260549031742,Fitzpatrick17k
1134,782,1.4501278772378516,0.04767608642578125,False,False,1.0,0.513890337218605,Fitzpatrick17k
485,364,1.3324175824175823,0.18221664428710938,False,False,1.0,0.38192417827855074,Fitzpatrick17k
466,379,1.229551451187335,0.7678413391113281,False,True,1.0,0.6438159561782842,Fitzpatrick17k
526,350,1.502857142857143,0.2756080627441406,False,False,1.0,1.0,Fitzpatrick17k
475,372,1.2768817204301075,0.28173065185546875,False,False,1.0,0.8476270243630305,Fitzpatrick17k
452,392,1.153061224489796,0.4357719421386719,False,False,1.0,1.0,Fitzpatrick17k
473,374,1.2647058823529411,0.1692352294921875,False,False,1.0,0.5983921187605706,Fitzpatrick17k
458,387,1.1834625322997416,0.5339813232421875,False,True,1.0,0.5410272500823733,Fitzpatrick17k
478,370,1.2918918918918918,0.45047760009765625,False,True,1.0,0.6454296907316073,Fitzpatrick17k
486,365,1.3315068493150686,0.3023948669433594,False,False,1.0,0.5913102264862152,Fitzpatrick17k
501,353,1.4192634560906516,0.49369049072265625,False,True,1.0,0.548070106607167,Fitzpatrick17k
485,364,1.3324175824175823,0.5284080505371094,False,True,1.0,0.7976710184274316,Fitzpatrick17k
490,369,1.3279132791327912,0.029918670654296875,False,False,1.0,0.4744846084104535,Fitzpatrick17k
516,344,1.5,0.07441329956054688,False,False,1.0,0.6198676283463611,Fitzpatrick17k
488,370,1.318918918918919,0.006938934326171875,False,False,1.0,0.4047702229648044,Fitzpatrick17k
418,422,0.990521327014218,0.216522216796875,False,False,1.0,0.3475525353303311,Fitzpatrick17k
444,398,1.1155778894472361,0.4172554016113281,False,False,1.0,0.6270681752299343,Fitzpatrick17k
436,406,1.0738916256157636,0.6407394409179688,False,True,1.0,0.6034229301640642,Fitzpatrick17k
485,364,1.3324175824175823,0.24559783935546875,False,False,1.0,0.5901909292341273,Fitzpatrick17k
485,364,1.3324175824175823,0.4681854248046875,False,True,1.0,0.9150984566336662,Fitzpatrick17k
391,452,0.8650442477876106,0.6094551086425781,False,False,1.0,0.9365578318598791,Fitzpatrick17k
485,364,1.3324175824175823,0.2893638610839844,False,True,1.0,0.726615070327334,Fitzpatrick17k
470,377,1.246684350132626,0.4278297424316406,False,True,1.0,0.6892368951035972,Fitzpatrick17k
486,364,1.335164835164835,0.634918212890625,False,True,1.0,1.0,Fitzpatrick17k
443,400,1.1075,0.036693572998046875,False,False,1.0,0.472614238259171,Fitzpatrick17k
484,373,1.2975871313672922,0.043392181396484375,False,False,1.0,0.4332577890510703,Fitzpatrick17k
466,388,1.2010309278350515,0.034412384033203125,False,False,1.0,0.44404475046187947,Fitzpatrick17k
480,369,1.3008130081300813,0.16771316528320312,False,False,1.0,0.812726028759033,Fitzpatrick17k
521,347,1.5014409221902016,0.20635604858398438,False,False,1.0,1.0,Fitzpatrick17k
466,380,1.2263157894736842,0.0953216552734375,False,False,1.0,0.644576420246876,Fitzpatrick17k
456,388,1.175257731958763,0.1930084228515625,False,False,1.0,0.8001482549833784,Fitzpatrick17k
510,340,1.5,0.20685577392578125,False,False,1.0,1.0,Fitzpatrick17k
465,389,1.1953727506426735,0.5894126892089844,False,True,1.0,0.7015715630192152,Fitzpatrick17k
462,393,1.1755725190839694,0.6860809326171875,False,True,1.0,0.6577863720604815,Fitzpatrick17k
378,467,0.8094218415417559,0.4953422546386719,False,False,1.0,0.5620894169508902,Fitzpatrick17k
427,414,1.0314009661835748,0.04752349853515625,False,False,1.0,0.48086917170309335,Fitzpatrick17k
392,463,0.8466522678185745,0.5616683959960938,False,True,1.0,0.7936953519851142,Fitzpatrick17k
471,374,1.2593582887700534,0.114959716796875,False,False,1.0,1.0,Fitzpatrick17k
465,379,1.2269129287598945,0.33200836181640625,False,False,1.0,1.0,Fitzpatrick17k
424,417,1.0167865707434052,0.4089088439941406,False,True,1.0,0.5523180576394667,Fitzpatrick17k
472,375,1.2586666666666666,0.5016365051269531,False,False,1.0,1.0,Fitzpatrick17k
471,376,1.252659574468085,0.040374755859375,False,True,1.0,0.369400805963906,Fitzpatrick17k
482,384,1.2552083333333333,0.4453620910644531,False,False,1.0,0.9745878053285524,Fitzpatrick17k
468,378,1.2380952380952381,0.4832878112792969,False,True,1.0,0.8258281975182303,Fitzpatrick17k
459,385,1.1922077922077923,0.12161636352539062,False,True,1.0,0.6620264005826108,Fitzpatrick17k
452,400,1.13,0.050113677978515625,False,True,1.0,0.5355685570690032,Fitzpatrick17k
459,386,1.189119170984456,0.7073936462402344,False,True,1.0,0.6280237316452049,Fitzpatrick17k
525,345,1.5217391304347827,0.2900123596191406,False,False,1.0,0.6610000903292813,Fitzpatrick17k
465,381,1.220472440944882,0.6012611389160156,False,True,1.0,0.8944982964728861,Fitzpatrick17k
372,476,0.7815126050420168,0.5045623779296875,False,True,1.0,1.0,Fitzpatrick17k
459,368,1.247282608695652,0.08550262451171875,False,False,1.0,0.7364203426167394,Fitzpatrick17k
1134,800,1.4175,0.021999359130859375,False,False,1.0,0.702439472796386,Fitzpatrick17k
466,387,1.2041343669250646,0.2788963317871094,False,True,1.0,0.6319039608382956,Fitzpatrick17k
459,386,1.189119170984456,0.2838630676269531,False,False,1.0,1.0,Fitzpatrick17k
507,367,1.3814713896457766,0.19124221801757812,False,True,1.0,0.6734412382549683,Fitzpatrick17k
485,364,1.3324175824175823,0.39411163330078125,False,False,1.0,0.8483671118383341,Fitzpatrick17k
475,373,1.2734584450402144,0.37615966796875,False,True,1.0,0.7373890226756121,Fitzpatrick17k
521,347,1.5014409221902016,0.302947998046875,False,False,1.0,0.7172807384999221,Fitzpatrick17k
452,392,1.153061224489796,0.3164100646972656,False,False,1.0,0.80939558757412,Fitzpatrick17k
477,371,1.2857142857142858,0.6274452209472656,False,True,1.0,0.9834977377098328,Fitzpatrick17k
521,347,1.5014409221902016,0.046993255615234375,False,False,1.0,0.6098389717231463,Fitzpatrick17k
471,376,1.252659574468085,0.107635498046875,False,False,1.0,0.41892665473960844,Fitzpatrick17k
413,429,0.9627039627039627,0.5037956237792969,False,False,1.0,0.6469449490160276,Fitzpatrick17k
418,422,0.990521327014218,0.16879653930664062,False,False,1.0,0.48424060713937905,Fitzpatrick17k
436,406,1.0738916256157636,0.835845947265625,False,True,1.0,0.43471838332227936,Fitzpatrick17k
348,505,0.689108910891089,0.455291748046875,False,True,1.0,0.5229121682918282,Fitzpatrick17k
440,402,1.0945273631840795,0.4954261779785156,False,True,1.0,0.5987760225520282,Fitzpatrick17k
473,382,1.2382198952879582,0.33101654052734375,False,True,1.0,0.46247536343295487,Fitzpatrick17k
485,364,1.3324175824175823,0.20869827270507812,False,False,1.0,0.9077362510661149,Fitzpatrick17k
441,400,1.1025,0.20946502685546875,False,False,1.0,0.5751730275532886,Fitzpatrick17k
488,372,1.3118279569892473,0.12820053100585938,False,False,1.0,0.5981590747560337,Fitzpatrick17k
480,367,1.3079019073569482,0.2432403564453125,False,False,1.0,0.32848927322365223,Fitzpatrick17k
1134,756,1.5,0.3386573791503906,False,False,1.0,0.8370359218229501,Fitzpatrick17k
471,384,1.2265625,0.17739105224609375,False,True,1.0,0.4872625034226115,Fitzpatrick17k
459,386,1.189119170984456,0.3118858337402344,False,False,1.0,0.8106465015766701,Fitzpatrick17k
505,367,1.3760217983651226,0.5012130737304688,False,True,1.0,1.0,Fitzpatrick17k
479,370,1.2945945945945947,0.22954177856445312,False,False,1.0,0.5722820093105517,Fitzpatrick17k
516,344,1.5,0.35408782958984375,False,False,1.0,1.0,Fitzpatrick17k
441,400,1.1025,0.30527496337890625,False,True,1.0,1.0,Fitzpatrick17k
421,420,1.0023809523809524,0.6897659301757812,False,False,1.0,1.0,Fitzpatrick17k
485,364,1.3324175824175823,0.0869293212890625,False,False,1.0,0.6303262575335136,Fitzpatrick17k
516,344,1.5,0.31768798828125,False,False,1.0,0.6722188062068866,Fitzpatrick17k
521,347,1.5014409221902016,0.15706634521484375,False,False,1.0,1.0,Fitzpatrick17k
453,390,1.1615384615384616,0.18307876586914062,False,False,1.0,1.0,Fitzpatrick17k
484,366,1.3224043715846994,0.22063827514648438,False,False,1.0,0.6058945672977066,Fitzpatrick17k
488,363,1.3443526170798898,0.4193305969238281,False,True,1.0,0.7239313195740388,Fitzpatrick17k
1134,837,1.3548387096774193,0.0,True,False,1.0,0.538775500400547,Fitzpatrick17k
488,361,1.3518005540166205,0.4124870300292969,False,False,1.0,0.3173226300692803,Fitzpatrick17k
364,485,0.7505154639175258,0.3692474365234375,False,False,1.0,1.0,Fitzpatrick17k
453,391,1.1585677749360614,0.06366729736328125,False,False,1.0,0.5097418285999916,Fitzpatrick17k
428,414,1.0338164251207729,0.1943206787109375,False,False,1.0,0.629264110911755,Fitzpatrick17k
507,369,1.3739837398373984,0.5218276977539062,False,True,1.0,0.8089063353460655,Fitzpatrick17k
501,362,1.3839779005524862,0.38559722900390625,False,False,1.0,1.0,Fitzpatrick17k
1134,817,1.3880048959608322,0.00460052490234375,False,False,1.0,0.5918607257903628,Fitzpatrick17k
455,389,1.1696658097686374,0.14952468872070312,False,False,1.0,0.7792412189932575,Fitzpatrick17k
1134,780,1.4538461538461538,0.002994537353515625,False,False,1.0,0.5424371677109266,Fitzpatrick17k
490,368,1.3315217391304348,0.10606002807617188,False,True,1.0,0.49336395345459544,Fitzpatrick17k
443,400,1.1075,0.3059577941894531,False,True,1.0,1.0,Fitzpatrick17k
521,347,1.5014409221902016,0.41426849365234375,False,True,1.0,0.8478333540998435,Fitzpatrick17k
482,360,1.3388888888888888,0.11362075805664062,False,True,1.0,0.6378076707389742,Fitzpatrick17k
462,383,1.206266318537859,0.3832435607910156,False,True,1.0,0.6141019733511432,Fitzpatrick17k
468,378,1.2380952380952381,0.20050048828125,False,False,1.0,0.7676375484622623,Fitzpatrick17k
515,357,1.442577030812325,0.5171928405761719,False,True,1.0,0.6995539845853224,Fitzpatrick17k
384,494,0.7773279352226721,0.08152389526367188,False,False,1.0,0.3450635949914409,Fitzpatrick17k
430,412,1.0436893203883495,0.5281333923339844,False,True,1.0,1.0,Fitzpatrick17k
350,526,0.6653992395437263,0.2905464172363281,False,False,1.0,0.756716685783356,Fitzpatrick17k
486,364,1.335164835164835,0.002185821533203125,False,False,1.0,0.9294372509704097,Fitzpatrick17k
410,431,0.951276102088167,0.4898643493652344,False,True,1.0,0.6135021146583048,Fitzpatrick17k
453,391,1.1585677749360614,0.5462188720703125,False,True,1.0,0.5331606031173275,Fitzpatrick17k
380,485,0.7835051546391752,0.041515350341796875,False,False,1.0,0.663286654890994,Fitzpatrick17k
527,352,1.4971590909090908,0.5843963623046875,False,False,1.0,0.7632217537448422,Fitzpatrick17k
485,364,1.3324175824175823,0.029270172119140625,False,False,1.0,0.5890481883406599,Fitzpatrick17k
500,362,1.3812154696132597,0.3046150207519531,False,False,1.0,0.41597986899654665,Fitzpatrick17k
489,362,1.350828729281768,0.17412567138671875,False,True,1.0,0.41451813751466654,Fitzpatrick17k
482,424,1.1367924528301887,0.40926361083984375,False,False,1.0,1.0,Fitzpatrick17k
454,388,1.1701030927835052,0.4737396240234375,False,True,1.0,0.8658617177192343,Fitzpatrick17k
459,385,1.1922077922077923,0.10051345825195312,False,False,1.0,0.442557828164468,Fitzpatrick17k
445,398,1.1180904522613064,0.3072776794433594,False,False,1.0,0.7945485889680642,Fitzpatrick17k
482,367,1.3133514986376023,0.3480567932128906,False,False,1.0,0.7271012880372019,Fitzpatrick17k
465,380,1.2236842105263157,0.7212333679199219,False,True,1.0,0.7097869236702492,Fitzpatrick17k
482,373,1.292225201072386,0.354705810546875,False,True,1.0,0.6746697198524312,Fitzpatrick17k
436,406,1.0738916256157636,0.4730224609375,False,False,1.0,0.875301492091011,Fitzpatrick17k
477,371,1.2857142857142858,0.14011383056640625,False,False,1.0,0.8444862279355875,Fitzpatrick17k
458,386,1.1865284974093264,0.4706573486328125,False,True,1.0,0.692153989979619,Fitzpatrick17k
481,368,1.3070652173913044,0.25006103515625,False,False,1.0,0.5801040436150954,Fitzpatrick17k
479,369,1.2981029810298104,0.1156463623046875,False,False,1.0,0.6062309877170434,Fitzpatrick17k
485,364,1.3324175824175823,0.19816207885742188,False,True,1.0,0.940796962093994,Fitzpatrick17k
409,432,0.9467592592592593,0.4778594970703125,False,False,1.0,1.0,Fitzpatrick17k
521,347,1.5014409221902016,0.00323486328125,False,False,1.0,0.6034274944312137,Fitzpatrick17k
485,364,1.3324175824175823,0.059535980224609375,False,False,1.0,0.6127888467210002,Fitzpatrick17k
348,503,0.6918489065606361,0.21213912963867188,False,False,1.0,1.0,Fitzpatrick17k
382,473,0.8076109936575053,0.3515625,False,True,1.0,0.8410108214360782,Fitzpatrick17k
485,364,1.3324175824175823,0.6499595642089844,False,True,1.0,0.38615667853275043,Fitzpatrick17k
471,375,1.256,0.13593673706054688,False,True,1.0,0.46645846257367357,Fitzpatrick17k
485,364,1.3324175824175823,0.28426361083984375,False,False,1.0,0.62586294191067,Fitzpatrick17k
464,382,1.2146596858638743,0.4751739501953125,False,False,1.0,0.4866490956376582,Fitzpatrick17k
477,372,1.282258064516129,0.5672683715820312,False,True,1.0,0.9366196697251513,Fitzpatrick17k
521,347,1.5014409221902016,0.31699371337890625,False,False,1.0,0.6456683827083467,Fitzpatrick17k
466,380,1.2263157894736842,0.06955718994140625,False,False,1.0,0.38952072274556254,Fitzpatrick17k
530,348,1.5229885057471264,0.7892341613769531,False,True,1.0,0.8139259007676319,Fitzpatrick17k
459,416,1.1033653846153846,0.3930473327636719,False,True,1.0,0.7840772329633073,Fitzpatrick17k
429,412,1.0412621359223302,0.6451148986816406,False,True,1.0,1.0,Fitzpatrick17k
353,500,0.706,0.2827644348144531,False,False,1.0,0.6730604772162865,Fitzpatrick17k
485,364,1.3324175824175823,0.24907684326171875,False,False,1.0,1.0,Fitzpatrick17k
448,395,1.1341772151898735,0.897613525390625,False,True,1.0,0.46875946844200755,Fitzpatrick17k
490,362,1.3535911602209945,0.4466590881347656,False,False,1.0,0.8518922466336692,Fitzpatrick17k
433,409,1.058679706601467,0.4244728088378906,False,False,1.0,0.8996585534023125,Fitzpatrick17k
456,389,1.1722365038560412,0.2234649658203125,False,False,1.0,0.8724043726743687,Fitzpatrick17k
457,388,1.1778350515463918,0.09078216552734375,False,False,1.0,0.5436843439906092,Fitzpatrick17k
480,368,1.3043478260869565,0.6405143737792969,False,True,1.0,0.5623119777746636,Fitzpatrick17k
439,403,1.0893300248138957,0.10338973999023438,False,False,1.0,0.2776162526447959,Fitzpatrick17k
446,398,1.120603015075377,0.2716217041015625,False,False,1.0,0.7169541785587455,Fitzpatrick17k
475,372,1.2768817204301075,0.24305343627929688,False,False,1.0,0.8987938109675642,Fitzpatrick17k
510,363,1.4049586776859504,0.4394950866699219,False,False,1.0,0.48464166323855934,Fitzpatrick17k
444,399,1.112781954887218,0.47667694091796875,False,True,1.0,0.6734601763738305,Fitzpatrick17k
413,428,0.9649532710280374,0.4060859680175781,False,True,1.0,0.8954214845122057,Fitzpatrick17k
459,386,1.189119170984456,0.3923988342285156,False,True,1.0,0.5465756841921474,Fitzpatrick17k
1134,756,1.5,0.17695236206054688,False,False,1.0,0.8877680649241646,Fitzpatrick17k
439,413,1.062953995157385,0.24013519287109375,False,False,1.0,0.4865702588504516,Fitzpatrick17k
480,368,1.3043478260869565,0.2445068359375,False,False,1.0,1.0,Fitzpatrick17k
482,411,1.1727493917274938,0.2892417907714844,False,False,1.0,0.7342100730283432,Fitzpatrick17k
485,364,1.3324175824175823,0.4997673034667969,False,True,1.0,0.6238916158326133,Fitzpatrick17k
476,372,1.2795698924731183,0.15596389770507812,False,False,1.0,1.0,Fitzpatrick17k
505,367,1.3760217983651226,0.7236213684082031,False,True,1.0,1.0,Fitzpatrick17k
1134,742,1.528301886792453,0.012798309326171875,False,False,1.0,0.5447458496636443,Fitzpatrick17k
402,440,0.9136363636363637,0.27225494384765625,False,False,1.0,0.6889376431943908,Fitzpatrick17k
457,402,1.13681592039801,0.1793060302734375,False,False,1.0,1.0,Fitzpatrick17k
437,424,1.0306603773584906,0.5116500854492188,False,True,1.0,0.92999979637865,Fitzpatrick17k
442,400,1.105,0.3602561950683594,False,False,1.0,1.0,Fitzpatrick17k
476,373,1.2761394101876675,0.4154853820800781,False,True,1.0,1.0,Fitzpatrick17k
455,389,1.1696658097686374,0.039794921875,False,False,1.0,0.6470134179521736,Fitzpatrick17k
450,393,1.1450381679389312,0.11562728881835938,False,False,1.0,0.5321638028196685,Fitzpatrick17k
488,363,1.3443526170798898,0.2620391845703125,False,False,1.0,0.5567345808736803,Fitzpatrick17k
478,370,1.2918918918918918,0.004955291748046875,False,False,1.0,0.36245982063480414,Fitzpatrick17k
485,364,1.3324175824175823,0.19219589233398438,False,False,1.0,0.38147825354679954,Fitzpatrick17k
406,435,0.9333333333333333,0.09943008422851562,False,False,1.0,0.6574440709225184,Fitzpatrick17k
510,361,1.4127423822714682,0.24298858642578125,False,True,1.0,0.6064133142752635,Fitzpatrick17k
516,344,1.5,0.19174575805664062,False,False,1.0,0.6271025086509447,Fitzpatrick17k
475,373,1.2734584450402144,0.4889717102050781,False,True,1.0,1.0,Fitzpatrick17k
469,378,1.2407407407407407,0.19635772705078125,False,False,1.0,0.39218173057054734,Fitzpatrick17k
485,364,1.3324175824175823,0.2584419250488281,False,False,1.0,0.812402415485197,Fitzpatrick17k
474,373,1.2707774798927614,0.2303314208984375,False,False,1.0,0.9186028230426346,Fitzpatrick17k
456,388,1.175257731958763,0.4315528869628906,False,True,1.0,0.9294198141569512,Fitzpatrick17k
465,381,1.220472440944882,0.15794754028320312,False,False,1.0,0.5626199736498058,Fitzpatrick17k
473,388,1.2190721649484537,0.22411727905273438,False,True,1.0,0.7233468832227289,Fitzpatrick17k
433,425,1.0188235294117647,0.2192840576171875,False,False,1.0,0.6927632538166307,Fitzpatrick17k
436,407,1.0712530712530712,0.4140586853027344,False,True,1.0,0.703594681333336,Fitzpatrick17k
473,373,1.2680965147453083,0.0140228271484375,False,False,1.0,0.35536080341819976,Fitzpatrick17k
1134,792,1.4318181818181819,0.09831619262695312,False,False,1.0,0.527517764424916,Fitzpatrick17k
444,399,1.112781954887218,0.751617431640625,False,True,1.0,0.8313021756529566,Fitzpatrick17k
485,364,1.3324175824175823,0.6504592895507812,False,True,1.0,0.8109960900402798,Fitzpatrick17k
483,366,1.319672131147541,0.181793212890625,False,False,1.0,0.35315617664469334,Fitzpatrick17k
427,414,1.0314009661835748,0.8358993530273438,False,True,1.0,0.8313354235617716,Fitzpatrick17k
479,370,1.2945945945945947,0.10224533081054688,False,False,1.0,0.779712546520118,Fitzpatrick17k
428,413,1.036319612590799,0.3015861511230469,False,False,1.0,0.5412367543187889,Fitzpatrick17k
521,347,1.5014409221902016,0.3416557312011719,False,True,1.0,1.0,Fitzpatrick17k
450,394,1.1421319796954315,0.4038810729980469,False,False,1.0,0.5407440231021082,Fitzpatrick17k
437,404,1.0816831683168318,0.15787506103515625,False,False,1.0,0.6386318035406237,Fitzpatrick17k
475,372,1.2768817204301075,0.027889251708984375,False,False,1.0,0.4512778816613769,Fitzpatrick17k
329,301,1.0930232558139534,0.03321075439453125,False,False,1.0,0.41304358508104716,Fitzpatrick17k
457,388,1.1778350515463918,0.44884490966796875,False,False,1.0,0.5088113093130632,Fitzpatrick17k
485,364,1.3324175824175823,0.13463973999023438,False,False,1.0,0.8230837524618853,Fitzpatrick17k
458,386,1.1865284974093264,0.2525787353515625,False,True,1.0,0.9806046725262404,Fitzpatrick17k
485,364,1.3324175824175823,0.34737396240234375,False,False,1.0,0.8286267818258991,Fitzpatrick17k
406,436,0.9311926605504587,0.438507080078125,False,True,1.0,0.8583034783955236,Fitzpatrick17k
362,488,0.7418032786885246,0.6101913452148438,False,True,1.0,1.0,Fitzpatrick17k
430,411,1.0462287104622872,0.47193145751953125,False,False,1.0,0.7512088071411346,Fitzpatrick17k
428,415,1.0313253012048194,0.048419952392578125,False,False,1.0,0.5356115853082746,Fitzpatrick17k
624,624,1.0,0.6450576782226562,False,True,0.14777839171714344,0.3712215179558139,PAD-UFES (reference)
519,519,1.0,0.4510307312011719,False,False,0.17042637267583824,0.40110618625683325,PAD-UFES (reference)
428,428,1.0,0.3583259582519531,False,False,0.49265093632369195,0.6221568544252933,PAD-UFES (reference)
428,428,1.0,0.2528877258300781,False,False,0.2682823281506322,0.3195355671714085,PAD-UFES (reference)
1040,1039,1.0009624639076036,0.3158149719238281,False,False,0.37770033996724023,0.5093025588700139,PAD-UFES (reference)
1172,1172,1.0,0.2559967041015625,False,False,0.5004795265435256,0.5262644717070536,PAD-UFES (reference)
516,515,1.0019417475728156,0.5529060363769531,False,False,0.21592097452793865,0.5794978531176705,PAD-UFES (reference)
399,399,1.0,0.5347061157226562,False,False,0.6088531345094315,0.8754640914454277,PAD-UFES (reference)
417,417,1.0,0.3819694519042969,False,True,1.0,0.7469378863159681,PAD-UFES (reference)
513,513,1.0,0.8931159973144531,False,True,0.19626262879294396,0.5042035932245337,PAD-UFES (reference)
704,704,1.0,0.8352165222167969,False,True,0.2992540710443079,0.4704971355887282,PAD-UFES (reference)
618,618,1.0,0.4959983825683594,False,True,0.16654821618042134,0.40674884888355123,PAD-UFES (reference)
1220,1219,1.0008203445447088,0.11740875244140625,False,False,0.44010543772152316,0.2626568748124628,PAD-UFES (reference)
392,392,1.0,0.19990158081054688,False,False,0.32493062328278977,0.4865837183718509,PAD-UFES (reference)
948,948,1.0,0.5820274353027344,False,False,0.3416890529169313,0.552445191369921,PAD-UFES (reference)
412,412,1.0,0.17748260498046875,False,False,1.0,0.553981628967621,PAD-UFES (reference)
515,515,1.0,0.3322906494140625,False,False,0.19558548116363478,0.3518901856715396,PAD-UFES (reference)
996,996,1.0,0.08893966674804688,False,False,1.0,0.45984772397690393,PAD-UFES (reference)
1047,1047,1.0,0.0,True,False,1.0,0.4759456359271966,PAD-UFES (reference)
875,875,1.0,0.13465118408203125,False,False,1.0,0.5640751043863962,PAD-UFES (reference)
779,779,1.0,0.6011123657226562,False,True,0.27766829918226316,0.3576562460371573,PAD-UFES (reference)
1349,1349,1.0,0.1183929443359375,False,False,1.0,0.4531336744949331,PAD-UFES (reference)
899,898,1.0011135857461024,0.0,True,False,0.2362705883298843,0.29605050256644627,PAD-UFES (reference)
910,910,1.0,0.15414047241210938,False,True,1.0,0.4961257098149103,PAD-UFES (reference)
2592,2591,1.0003859513701274,0.0484161376953125,False,False,1.0,0.40156897721111845,PAD-UFES (reference)
1677,1678,0.9994040524433849,0.14600753784179688,False,False,0.32547969324027276,0.34041505248604664,PAD-UFES (reference)
576,576,1.0,0.3114280700683594,False,False,0.2005540100514498,0.44702684455059427,PAD-UFES (reference)
417,418,0.9976076555023924,0.28278350830078125,False,False,0.414872276592671,0.32536482054787114,PAD-UFES (reference)
1059,1059,1.0,0.08725357055664062,False,False,1.0,0.4890263763895547,PAD-UFES (reference)
444,445,0.9977528089887641,0.1988067626953125,False,False,0.4586011217447379,0.3140989378030024,PAD-UFES (reference)
1183,1183,1.0,0.144317626953125,False,False,0.17016022052945234,0.27237798829782717,PAD-UFES (reference)
2262,2262,1.0,0.04113006591796875,False,False,0.07647472639351993,0.3944221663596467,PAD-UFES (reference)
2111,2111,1.0,0.06267166137695312,False,False,0.07108603686062961,0.3962192753485217,PAD-UFES (reference)
1380,1380,1.0,0.03409576416015625,False,False,0.1803116938931035,0.25336614302932686,PAD-UFES (reference)
309,309,1.0,0.332977294921875,False,False,0.5862306824195855,0.33261420772806416,PAD-UFES (reference)
472,472,1.0,0.9422569274902344,False,True,0.7911807843880659,0.4575503494495496,PAD-UFES (reference)
337,337,1.0,0.9480552673339844,False,True,1.0,0.36445288982959595,PAD-UFES (reference)
252,252,1.0,0.7525482177734375,False,False,1.0,0.66739704996795,PAD-UFES (reference)
355,355,1.0,0.14274978637695312,False,False,0.1327673856544949,0.3341780454023463,PAD-UFES (reference)
378,376,1.0053191489361701,0.05150604248046875,False,False,0.08342119265333495,0.3235254978807504,PAD-UFES (reference)
358,365,0.9808219178082191,0.06895065307617188,False,False,0.14795124755332453,0.5503627949916107,PAD-UFES (reference)
316,318,0.9937106918238994,0.06406021118164062,False,False,0.11692728030222624,0.34584984860317364,PAD-UFES (reference)
519,519,1.0,0.4095611572265625,False,False,1.0,0.45788233455042665,PAD-UFES (reference)
447,447,1.0,0.41131591796875,False,False,1.0,0.5050826842549686,PAD-UFES (reference)
2612,2612,1.0,0.029315948486328125,False,False,0.11667775245389407,0.43290390071185053,PAD-UFES (reference)
1133,1133,1.0,0.08406448364257812,False,False,0.24516351230996597,0.334665807732365,PAD-UFES (reference)
1066,1066,1.0,0.2513618469238281,False,False,0.060480113216700465,0.29131358324116075,PAD-UFES (reference)
784,784,1.0,0.23316192626953125,False,False,1.0,0.4590913591580294,PAD-UFES (reference)
1629,1629,1.0,0.4423637390136719,False,False,0.09407145498552988,0.2941602893446185,PAD-UFES (reference)
759,759,1.0,0.3060340881347656,False,False,0.548983701114365,0.5519423042461015,PAD-UFES (reference)
394,394,1.0,0.23080825805664062,False,False,0.5843634206551422,0.6858495598054999,PAD-UFES (reference)
323,323,1.0,0.21413040161132812,False,False,0.8399831494067789,0.40735767121910277,PAD-UFES (reference)
3120,3120,1.0,0.29993438720703125,False,False,0.15907924441563343,0.40648097393447113,PAD-UFES (reference)
2589,2589,1.0,0.28002166748046875,False,False,0.14033073338088725,0.3143838605741046,PAD-UFES (reference)
1907,1907,1.0,0.6623764038085938,False,True,0.36761133869168633,0.5007909957824794,PAD-UFES (reference)
1634,1634,1.0,0.0124664306640625,False,False,1.0,0.6880835138569688,PAD-UFES (reference)
377,378,0.9973544973544973,0.3199653625488281,False,False,0.6481760404962222,0.29865461510485486,PAD-UFES (reference)
1845,1845,1.0,0.09981155395507812,False,False,0.39761805488933205,0.302977134242855,PAD-UFES (reference)
1350,1350,1.0,0.11522293090820312,False,False,1.0,0.45593224247879,PAD-UFES (reference)
596,596,1.0,0.18999862670898438,False,False,0.6855064805575191,0.5272873039435692,PAD-UFES (reference)
640,640,1.0,0.040706634521484375,False,False,1.0,0.5518827790290542,PAD-UFES (reference)
972,972,1.0,0.2844390869140625,False,False,0.08677214010172633,0.40374974182265766,PAD-UFES (reference)
1653,1653,1.0,0.27951812744140625,False,False,0.05634717137374286,0.5570449734308128,PAD-UFES (reference)
972,972,1.0,0.12596893310546875,False,False,0.09976488773910025,0.35156460686058494,PAD-UFES (reference)
1052,1052,1.0,0.15073013305664062,False,False,0.09746792275943214,0.5569112870584153,PAD-UFES (reference)
2256,2256,1.0,0.38774871826171875,False,True,0.8274790805493236,0.47802624712071684,PAD-UFES (reference)
626,626,1.0,0.4684257507324219,False,False,0.5451792658901655,0.5008193479745847,PAD-UFES (reference)
1003,1003,1.0,0.22902297973632812,False,False,0.3636468559922338,0.3838812233196346,PAD-UFES (reference)
1810,1809,1.0005527915975678,0.14529800415039062,False,False,0.31313445657199546,0.4214393793833944,PAD-UFES (reference)
401,401,1.0,0.8578758239746094,False,True,1.0,0.9682752518096371,PAD-UFES (reference)
677,677,1.0,0.6947021484375,False,False,0.24391401901516077,0.4467978170448385,PAD-UFES (reference)
558,558,1.0,0.8788108825683594,False,True,1.0,0.5565589480318822,PAD-UFES (reference)
750,750,1.0,0.6856193542480469,False,True,1.0,0.7204748254902035,PAD-UFES (reference)
996,996,1.0,0.4808464050292969,False,False,0.21547491016520282,0.7587487957879153,PAD-UFES (reference)
532,532,1.0,0.23058319091796875,False,False,0.8141968878559845,0.44291733927614163,PAD-UFES (reference)
1732,1732,1.0,0.37134552001953125,False,True,0.510380989017738,0.320916280542968,PAD-UFES (reference)
2223,2223,1.0,0.21030426025390625,False,False,0.15208306645788153,0.37309697437793343,PAD-UFES (reference)
1411,1411,1.0,0.0030364990234375,False,False,0.3679841720157775,0.40193861269430586,PAD-UFES (reference)
434,434,1.0,0.8151702880859375,False,True,0.7681685584357065,0.7154405433588088,PAD-UFES (reference)
750,750,1.0,0.08219146728515625,False,False,0.291970185216,0.4004102893921617,PAD-UFES (reference)
552,552,1.0,0.09854507446289062,False,False,0.3318664982645691,0.23975687458740993,PAD-UFES (reference)
600,600,1.0,0.1721038818359375,False,False,1.0,0.5011016765759506,PAD-UFES (reference)
873,873,1.0,0.31815338134765625,False,False,1.0,0.629827307624273,PAD-UFES (reference)
822,822,1.0,0.5143928527832031,False,False,0.13601303256854394,0.35207942188559954,PAD-UFES (reference)
1146,1146,1.0,0.5565986633300781,False,False,1.0,0.7134094878718501,PAD-UFES (reference)
1663,1663,1.0,0.7274055480957031,False,True,0.22062148537439158,0.35618919256366305,PAD-UFES (reference)
763,763,1.0,0.167144775390625,False,False,1.0,0.3894933148710362,PAD-UFES (reference)
377,377,1.0,0.06686019897460938,False,False,0.25356506318334643,0.2387345516317416,PAD-UFES (reference)
613,613,1.0,0.3514823913574219,False,False,0.7481885126328319,0.40120192653823844,PAD-UFES (reference)
1275,1275,1.0,0.3537483215332031,False,False,0.18589986620212326,0.435274462943168,PAD-UFES (reference)
1226,1226,1.0,0.6251640319824219,False,True,0.19888041539409865,0.27861429586038755,PAD-UFES (reference)
1316,1317,0.9992406985573272,0.377685546875,False,False,0.22119652214650387,0.7312098323732569,PAD-UFES (reference)
1591,1591,1.0,0.2697410583496094,False,False,0.39697409684809526,0.23373898946591434,PAD-UFES (reference)
1723,1724,0.9994199535962877,0.20114898681640625,False,False,0.3109043403888964,0.28791363855622215,PAD-UFES (reference)
1893,1893,1.0,0.045978546142578125,False,False,0.4894774948091547,0.5197233063010057,PAD-UFES (reference)
875,875,1.0,0.13254165649414062,False,False,0.24399509838377584,0.34390944328199263,PAD-UFES (reference)
575,574,1.0017421602787457,0.12855148315429688,False,False,0.11261990104826129,0.26156549926689654,PAD-UFES (reference)
1148,1148,1.0,0.27500152587890625,False,True,0.7205110771477617,0.5777795700559305,PAD-UFES (reference)
822,822,1.0,0.7682991027832031,False,False,0.37556672941524316,0.5706259049621641,PAD-UFES (reference)
1272,1272,1.0,0.10387802124023438,False,False,0.34457955044746585,0.7032114708409921,PAD-UFES (reference)
1399,1398,1.0007153075822603,0.18813323974609375,False,False,0.36416689645295625,0.6706821825525424,PAD-UFES (reference)
1089,1089,1.0,0.087371826171875,False,False,0.823762778359634,0.42011678993291474,PAD-UFES (reference)
596,595,1.0016806722689076,0.042644500732421875,False,False,1.0,0.2709117598229769,PAD-UFES (reference)
559,559,1.0,0.556976318359375,False,False,1.0,0.4411142717884873,PAD-UFES (reference)
977,977,1.0,0.003997802734375,False,False,0.9586276116195951,0.48200810294416735,PAD-UFES (reference)
1242,1242,1.0,0.4825325012207031,False,False,0.2837746356986145,0.42687886515963097,PAD-UFES (reference)
1054,1054,1.0,0.00440216064453125,False,False,1.0,0.5100949820881664,PAD-UFES (reference)
2064,2064,1.0,0.16474151611328125,False,False,0.3225861248182324,0.2910002323138191,PAD-UFES (reference)
1414,1414,1.0,0.725799560546875,False,False,0.4686031981209289,0.3205382708463955,PAD-UFES (reference)
1716,1716,1.0,0.09682083129882812,False,False,0.1733106175132719,0.399461253276709,PAD-UFES (reference)
1480,1480,1.0,0.08213043212890625,False,False,0.19390629527373973,0.19776519292905867,PAD-UFES (reference)
469,469,1.0,0.3150138854980469,False,False,0.3496536927381016,0.4965386407514167,PAD-UFES (reference)
2534,2534,1.0,0.17950820922851562,False,False,0.5180388685087376,0.5136236410709227,PAD-UFES (reference)
537,537,1.0,0.337066650390625,False,False,0.5169114219114719,0.2548420084027245,PAD-UFES (reference)
547,547,1.0,0.2911376953125,False,False,0.17613537453016384,0.30202880412691785,PAD-UFES (reference)
224,224,1.0,0.4925346374511719,False,False,0.9206024094771861,0.6506763215476709,PAD-UFES (reference)
488,488,1.0,0.226226806640625,False,False,0.7990522051242046,0.37219711184269744,PAD-UFES (reference)
512,512,1.0,0.22502899169921875,False,False,0.98679478601538,0.3920000278985915,PAD-UFES (reference)
1272,1272,1.0,0.12220001220703125,False,False,0.6881436031474679,0.38884596770253843,PAD-UFES (reference)
547,547,1.0,0.4827232360839844,False,False,0.1855533034848604,0.5468606015437127,PAD-UFES (reference)
749,749,1.0,0.487518310546875,False,False,0.354894126107745,0.404255224725588,PAD-UFES (reference)
693,693,1.0,0.2783088684082031,False,False,0.4680642253688272,0.8223799843977847,PAD-UFES (reference)
628,628,1.0,0.3229827880859375,False,False,1.0,0.6538774795176305,PAD-UFES (reference)
1122,1122,1.0,0.20461273193359375,False,False,0.3588078000068202,0.5345019202531804,PAD-UFES (reference)
893,893,1.0,0.1217041015625,False,False,0.3410224854111674,0.45860848034403906,PAD-UFES (reference)
1567,1567,1.0,0.4226799011230469,False,True,1.0,1.0,PAD-UFES (reference)
927,928,0.9989224137931034,0.02031707763671875,False,False,0.14414227827350223,0.18520681467528882,PAD-UFES (reference)
3474,3476,0.9994246260069045,0.9466972351074219,False,True,0.050509210112537464,0.33780718528457265,PAD-UFES (reference)
882,881,1.0011350737797957,0.868499755859375,False,True,0.34691460572507893,0.19419797318295118,PAD-UFES (reference)
733,733,1.0,0.8692512512207031,False,True,0.9646942378265712,0.3952391638477371,PAD-UFES (reference)
1125,1125,1.0,0.8749351501464844,False,True,0.7350001132122072,0.32449951411275574,PAD-UFES (reference)
1434,1434,1.0,0.10357284545898438,False,False,0.6132249177530521,0.33106561474179036,PAD-UFES (reference)
920,921,0.998914223669924,0.5798721313476562,False,True,0.3090647917726168,0.5268561035373285,PAD-UFES (reference)
936,937,0.9989327641408752,0.19427490234375,False,False,0.4049578221480553,0.54285458785999,PAD-UFES (reference)
1225,1225,1.0,0.023929595947265625,False,False,0.16795940301903886,0.2806645766401737,PAD-UFES (reference)
1031,1030,1.0009708737864078,0.0488739013671875,False,False,1.0,0.4355381311214404,PAD-UFES (reference)
684,684,1.0,0.057857513427734375,False,False,0.7301755741429915,0.33625257492763055,PAD-UFES (reference)
674,674,1.0,0.0,True,False,1.0,0.43701545862369,PAD-UFES (reference)
513,513,1.0,0.9644508361816406,True,True,1.0,0.6224819441239957,PAD-UFES (reference)
944,944,1.0,0.0391845703125,False,False,1.0,0.6147397946937988,PAD-UFES (reference)
1411,1411,1.0,0.0498809814453125,False,True,1.0,0.5309530101116586,PAD-UFES (reference)
3096,3096,1.0,0.07342910766601562,False,False,1.0,1.0,PAD-UFES (reference)
1804,1804,1.0,0.11383438110351562,False,False,0.39718560849695705,0.4224242890831986,PAD-UFES (reference)
564,564,1.0,0.136474609375,False,False,1.0,0.4312716830171424,PAD-UFES (reference)
1949,1949,1.0,0.18224716186523438,False,False,0.09793404193011863,0.31167411626477404,PAD-UFES (reference)
1288,1288,1.0,0.3083953857421875,False,False,0.12803577358250032,0.35546852275860746,PAD-UFES (reference)
3024,3024,1.0,0.062427520751953125,False,False,0.08893030246760984,0.3672559661830878,PAD-UFES (reference)
470,470,1.0,0.4509735107421875,False,False,1.0,0.5295436536566726,PAD-UFES (reference)
1076,1075,1.0009302325581395,0.8338813781738281,False,True,0.19802253769015332,0.7336403005571788,PAD-UFES (reference)
747,747,1.0,0.7693252563476562,False,False,0.6469045463153656,0.6711655711035417,PAD-UFES (reference)
2176,2176,1.0,0.5044174194335938,False,True,0.6613533328458439,0.9390167098201389,PAD-UFES (reference)
709,709,1.0,0.17850875854492188,False,False,0.5563915479469803,0.6835646293761036,PAD-UFES (reference)
283,283,1.0,0.9792251586914062,True,True,1.0,0.6089707990816592,PAD-UFES (reference)
590,591,0.9983079526226735,0.8404083251953125,False,True,1.0,0.5737199611650109,PAD-UFES (reference)
1095,1095,1.0,0.3769035339355469,False,False,0.20220779340468287,0.3908839592732531,PAD-UFES (reference)
241,241,1.0,0.4523200988769531,False,False,1.0,0.3409265074458693,PAD-UFES (reference)
420,420,1.0,0.40857696533203125,False,False,0.2980372749317414,0.6287547414949843,PAD-UFES (reference)
2055,2055,1.0,0.23309707641601562,False,False,0.10322495776089864,0.29287852374187323,PAD-UFES (reference)
421,423,0.9952718676122931,0.74554443359375,False,True,0.21949610748098308,0.5453009338608057,PAD-UFES (reference)
478,478,1.0,0.39803314208984375,False,False,1.0,0.38252310130081363,PAD-UFES (reference)
258,258,1.0,0.7957992553710938,False,False,1.0,0.35229450260045925,PAD-UFES (reference)
347,347,1.0,0.09440994262695312,False,False,0.41466202056830226,0.3444175671902886,PAD-UFES (reference)
1809,1809,1.0,0.31793975830078125,False,False,0.09284800416663108,0.26096657649067384,PAD-UFES (reference)
2098,2098,1.0,0.02996826171875,False,False,0.23473718442574998,0.3783263709346105,PAD-UFES (reference)
2159,2159,1.0,0.3095817565917969,False,False,0.04411160365499686,0.3191364463068217,PAD-UFES (reference)
3096,3096,1.0,0.2588348388671875,False,False,0.13086519546205427,0.71265138618769,PAD-UFES (reference)
640,640,1.0,0.3113059997558594,False,False,0.5659611529774069,0.7232010005330021,PAD-UFES (reference)
300,300,1.0,0.4030113220214844,False,False,0.6048836206802469,0.5203041894507465,PAD-UFES (reference)
640,640,1.0,0.19284439086914062,False,False,0.38907125973886253,0.4587559951764223,PAD-UFES (reference)
757,756,1.0013227513227514,0.2598114013671875,False,False,0.10144868256087534,0.38453914587912436,PAD-UFES (reference)
1056,1056,1.0,0.41725921630859375,False,False,0.3183008378657361,0.9463943063428465,PAD-UFES (reference)
1072,1072,1.0,0.2306671142578125,False,False,0.3715901142039704,0.47029940931983766,PAD-UFES (reference)
564,564,1.0,0.8552703857421875,False,True,1.0,0.8825193584289235,PAD-UFES (reference)
294,294,1.0,0.7033576965332031,False,False,1.0,0.5855065198684462,PAD-UFES (reference)
1299,1299,1.0,0.5242652893066406,False,False,0.09077364532031217,0.4957186785461996,PAD-UFES (reference)
303,303,1.0,0.9893150329589844,True,True,1.0,0.4065308444011218,PAD-UFES (reference)
1443,1443,1.0,0.3582916259765625,False,False,0.3287190039705117,0.5749430261345626,PAD-UFES (reference)
925,924,1.001082251082251,0.13194656372070312,False,False,1.0,0.773249600635404,PAD-UFES (reference)
640,640,1.0,0.9701156616210938,True,True,1.0,0.6997903648001682,PAD-UFES (reference)
288,288,1.0,0.20825958251953125,False,False,0.18861021572415956,0.25928265216681834,PAD-UFES (reference)
275,275,1.0,0.15706634521484375,False,False,0.2561557323378457,0.18139806411949183,PAD-UFES (reference)
1069,1070,0.9990654205607477,0.4277610778808594,False,False,0.2320779573410714,0.6703385026238812,PAD-UFES (reference)
1535,1534,1.0006518904823989,0.4667510986328125,False,False,0.1749454872234878,0.6167492399225174,PAD-UFES (reference)
358,358,1.0,0.4801177978515625,False,True,1.0,0.6864134192291917,PAD-UFES (reference)
437,437,1.0,0.18589019775390625,False,False,0.5096022827549845,0.4496202731484703,PAD-UFES (reference)
2448,2448,1.0,0.3024482727050781,False,False,0.20040535884772137,0.6217977228582302,PAD-UFES (reference)
1246,1246,1.0,0.6211929321289062,False,False,0.10065383496918277,0.3219280588412075,PAD-UFES (reference)
482,481,1.002079002079002,0.4593620300292969,False,False,0.2428518986915144,0.3603754989209593,PAD-UFES (reference)
1057,1057,1.0,0.059917449951171875,False,False,0.619333040297925,0.3621232621470638,PAD-UFES (reference)
1094,1094,1.0,0.15325164794921875,False,False,0.0631880473579701,0.25477378497043585,PAD-UFES (reference)
749,750,0.9986666666666667,0.3944549560546875,False,False,0.5492118154340703,0.6087088012199672,PAD-UFES (reference)
918,918,1.0,0.00183868408203125,False,False,1.0,0.46234556110365715,PAD-UFES (reference)
2336,2336,1.0,0.42861175537109375,False,False,0.16530252533216147,0.38556277913801174,PAD-UFES (reference)
1658,1658,1.0,0.31537628173828125,False,False,0.420881167761231,0.4013453165091081,PAD-UFES (reference)
719,719,1.0,0.73291015625,False,True,0.2231705796577967,0.49809355945132305,PAD-UFES (reference)
1107,1107,1.0,0.9878463745117188,True,True,0.18081162766514086,0.37928113240633426,PAD-UFES (reference)
1088,1088,1.0,0.0521697998046875,False,False,1.0,0.46637103874664604,PAD-UFES (reference)
1186,1186,1.0,0.38451385498046875,False,False,1.0,0.46670356120588136,PAD-UFES (reference)
474,475,0.9978947368421053,0.4708824157714844,False,True,0.5472698641700066,0.47420862264794555,PAD-UFES (reference)
278,278,1.0,0.87200927734375,False,True,1.0,0.686981759340937,PAD-UFES (reference)
1383,1383,1.0,0.31156158447265625,False,False,0.4976449336747893,0.5234670073546303,PAD-UFES (reference)
605,605,1.0,0.5339698791503906,False,False,1.0,0.6227059832675372,PAD-UFES (reference)
644,644,1.0,0.4701194763183594,False,False,1.0,0.8642299699940277,PAD-UFES (reference)
2112,2112,1.0,0.15412521362304688,False,False,0.26338295686315083,0.4254661230259316,PAD-UFES (reference)
227,227,1.0,0.5546913146972656,False,False,1.0,0.5542237305450096,PAD-UFES (reference)
313,313,1.0,0.5321846008300781,False,False,1.0,0.6125941132469829,PAD-UFES (reference)
1414,1414,1.0,0.23318099975585938,False,False,0.3454168701896818,0.28619031966317143,PAD-UFES (reference)
743,743,1.0,0.2913551330566406,False,False,1.0,0.4072313597489631,PAD-UFES (reference)
401,401,1.0,0.902557373046875,False,True,1.0,0.44002794819116925,PAD-UFES (reference)
562,562,1.0,0.9356346130371094,False,True,0.5637564624355791,0.5218321239498881,PAD-UFES (reference)
1156,1156,1.0,0.3124046325683594,False,False,0.6704130922138595,0.34932861579858454,PAD-UFES (reference)
542,542,1.0,0.3735618591308594,False,True,1.0,0.703790724417896,PAD-UFES (reference)
877,876,1.0011415525114156,0.356536865234375,False,True,1.0,0.44465048806662916,PAD-UFES (reference)
358,358,1.0,0.9494361877441406,False,True,1.0,0.5838301931485393,PAD-UFES (reference)
453,453,1.0,0.7281379699707031,False,False,1.0,0.7307954889717838,PAD-UFES (reference)
382,382,1.0,0.9104576110839844,False,True,0.477687143051119,0.25801967950584853,PAD-UFES (reference)
380,380,1.0,0.7506752014160156,False,True,1.0,0.4793612519919015,PAD-UFES (reference)
750,750,1.0,0.6311073303222656,False,True,0.8237283701573845,0.37701745155148697,PAD-UFES (reference)
539,539,1.0,0.6838760375976562,False,True,1.0,0.3727357495696242,PAD-UFES (reference)
654,655,0.9984732824427481,0.22616958618164062,False,False,1.0,0.3970917782821358,PAD-UFES (reference)
477,477,1.0,0.3821868896484375,False,False,0.7905773757135011,0.2979837013915185,PAD-UFES (reference)
277,277,1.0,0.5189971923828125,False,False,1.0,0.4617616743457662,PAD-UFES (reference)
943,944,0.9989406779661016,0.3067474365234375,False,False,0.563926533250093,0.44997196940870154,PAD-UFES (reference)
358,358,1.0,0.2534332275390625,False,False,1.0,0.19099404940330791,PAD-UFES (reference)
948,948,1.0,0.7097549438476562,False,True,0.7757468335692675,0.4933927640808642,PAD-UFES (reference)
464,465,0.9978494623655914,0.2475738525390625,False,False,0.4104555640990505,0.3471097233922019,PAD-UFES (reference)
249,248,1.0040322580645162,0.047122955322265625,False,False,0.9557418051293851,0.3383734510768716,PAD-UFES (reference)
848,848,1.0,0.5421600341796875,False,True,1.0,0.8229157525280826,PAD-UFES (reference)
626,626,1.0,0.18597793579101562,False,False,0.3364831156271112,0.473329740031971,PAD-UFES (reference)
570,570,1.0,0.23307418823242188,False,False,0.17587007986026149,0.21083554600418042,PAD-UFES (reference)
506,506,1.0,0.19176483154296875,False,False,1.0,0.29455463912195756,PAD-UFES (reference)
727,727,1.0,0.3145179748535156,False,False,0.5077478435189172,0.4329029855622696,PAD-UFES (reference)
913,913,1.0,0.2889595031738281,False,True,1.0,0.6065217130891152,PAD-UFES (reference)
694,693,1.0014430014430014,0.3728981018066406,False,True,1.0,0.623045049483571,PAD-UFES (reference)
629,629,1.0,0.3240165710449219,False,False,1.0,0.468463757764232,PAD-UFES (reference)
531,531,1.0,0.29327392578125,False,False,0.4798562810122194,0.5194822109691006,PAD-UFES (reference)
758,758,1.0,0.26634979248046875,False,False,1.0,0.5134179445880234,PAD-UFES (reference)
1194,1194,1.0,0.08825302124023438,False,False,0.6943377046891112,0.4770535500995125,PAD-UFES (reference)
570,570,1.0,0.3622093200683594,False,False,0.48557287731168264,0.24268552426638468,PAD-UFES (reference)
519,519,1.0,0.4964103698730469,False,False,0.6613913242829927,0.36141948488973774,PAD-UFES (reference)
496,496,1.0,0.4350318908691406,False,False,0.8407049407289992,0.4655942487562036,PAD-UFES (reference)
1846,1846,1.0,0.3143310546875,False,True,0.8486231656225002,0.6019915601779136,PAD-UFES (reference)
1409,1409,1.0,0.34295654296875,False,False,0.8380340936796868,0.48874725517634093,PAD-UFES (reference)
372,372,1.0,0.5708847045898438,False,False,1.0,0.5443782811054259,PAD-UFES (reference)
1449,1449,1.0,0.3205909729003906,False,False,0.542063049012398,0.45554866296823493,PAD-UFES (reference)
381,381,1.0,0.3789215087890625,False,False,0.30138253174583496,0.26461918786566097,PAD-UFES (reference)
379,379,1.0,0.11884689331054688,False,False,0.31226216748651425,0.1805076777066062,PAD-UFES (reference)
301,301,1.0,0.316131591796875,False,False,0.7554500499460914,0.3543530820331048,PAD-UFES (reference)
824,824,1.0,0.6788253784179688,False,True,0.44193696091997153,0.3985685610349482,PAD-UFES (reference)
1242,1242,1.0,0.3503570556640625,False,False,0.5154924460201249,0.6099816739712228,PAD-UFES (reference)
189,189,1.0,0.7614631652832031,False,True,0.8790601546019675,0.3188662951908465,PAD-UFES (reference)
345,345,1.0,0.3454551696777344,False,False,0.5124777032008607,0.26800713938367454,PAD-UFES (reference)
1495,1495,1.0,0.5298042297363281,False,True,0.2150361247149238,0.2758608454637803,PAD-UFES (reference)
584,584,1.0,0.5240402221679688,False,True,1.0,0.5822967146985236,PAD-UFES (reference)
979,979,1.0,0.2906990051269531,False,False,0.37914084271996773,0.6339868295196817,PAD-UFES (reference)
708,708,1.0,0.33056640625,False,False,0.4541053753542817,0.5789985486446142,PAD-UFES (reference)
534,534,1.0,0.31127166748046875,False,False,1.0,0.5271265842310938,PAD-UFES (reference)
1333,1333,1.0,0.33074951171875,False,False,0.24285381275031054,0.42974983955831747,PAD-UFES (reference)
534,534,1.0,0.31127166748046875,False,False,1.0,0.5271265842310938,PAD-UFES (reference)
1280,1280,1.0,0.69952392578125,False,True,0.05390381467848645,0.3477850520022596,PAD-UFES (reference)
187,187,1.0,0.5127906799316406,False,True,1.0,0.6251828462646609,PAD-UFES (reference)
1244,1243,1.000804505229284,0.5536460876464844,False,True,0.32163818994001936,0.4694752321986309,PAD-UFES (reference)
1657,1658,0.9993968636911942,0.6063079833984375,False,True,0.3088523010791658,0.5592956146892346,PAD-UFES (reference)
974,974,1.0,0.7508201599121094,False,True,0.4149271106789553,0.35034348264635584,PAD-UFES (reference)
452,452,1.0,0.193206787109375,False,False,0.7791026598493883,0.46614368744716206,PAD-UFES (reference)
905,905,1.0,0.6774520874023438,False,True,1.0,0.5641023316199202,PAD-UFES (reference)
1320,1320,1.0,0.193511962890625,False,False,1.0,0.38281671022654884,PAD-UFES (reference)
1494,1494,1.0,0.18703842163085938,False,False,0.46270624214248146,0.43349650706047377,PAD-UFES (reference)
2060,2059,1.0004856726566294,0.09020614624023438,False,False,0.35591908240565273,0.400478479775475,PAD-UFES (reference)
757,757,1.0,0.4490242004394531,False,True,1.0,0.6698088697853622,PAD-UFES (reference)
1006,1006,1.0,0.25042724609375,False,False,0.23307499807787269,0.6221596462045201,PAD-UFES (reference)
766,766,1.0,0.17021560668945312,False,False,0.19897732424646553,0.5728304364906089,PAD-UFES (reference)
1017,1017,1.0,0.38425445556640625,False,False,0.41311645965157234,0.3225057963143634,PAD-UFES (reference)
1945,1945,1.0,0.09835052490234375,False,False,0.13849126558709524,0.3147583520661943,PAD-UFES (reference)
435,435,1.0,0.4688072204589844,False,True,1.0,0.6708825757060266,PAD-UFES (reference)
1810,1810,1.0,0.433990478515625,False,False,0.4595261194706929,0.6217466948138202,PAD-UFES (reference)
278,278,1.0,0.4315986633300781,False,False,1.0,0.42959817149139,PAD-UFES (reference)
1231,1231,1.0,0.3122825622558594,False,False,0.19022469016345095,0.4488952886955134,PAD-UFES (reference)
517,517,1.0,0.10394287109375,False,False,0.2933852868623089,0.19196809043472376,PAD-UFES (reference)
1018,1018,1.0,0.0233154296875,False,False,0.8132343032531674,0.3505800277978331,PAD-UFES (reference)
303,303,1.0,0.8665733337402344,False,True,1.0,0.5143255534658987,PAD-UFES (reference)
456,456,1.0,0.3864021301269531,False,False,1.0,0.47437669752017614,PAD-UFES (reference)
404,404,1.0,0.06866455078125,False,False,0.5962599183487074,0.3083220552566717,PAD-UFES (reference)
608,614,0.990228013029316,0.18283462524414062,False,False,0.7477396291863032,0.29892435328219225,PAD-UFES (reference)
402,402,1.0,0.944091796875,False,True,0.8835221970608458,0.38116055220296974,PAD-UFES (reference)
489,489,1.0,0.7959709167480469,False,False,0.6940692325281667,0.3170854089978243,PAD-UFES (reference)
456,456,1.0,0.2693824768066406,False,False,1.0,0.38032081140935176,PAD-UFES (reference)
2430,2429,1.0004116920543433,0.17310714721679688,False,False,0.39222763143021744,0.6860112716649693,PAD-UFES (reference)
460,460,1.0,0.5345344543457031,False,False,1.0,0.4902218141902677,PAD-UFES (reference)
1133,1133,1.0,0.3037376403808594,False,False,1.0,0.45456575694997486,PAD-UFES (reference)
1548,1547,1.0006464124111183,0.267578125,False,False,1.0,0.6364953686327646,PAD-UFES (reference)
2430,2429,1.0004116920543433,0.17310714721679688,False,False,0.39222763143021744,0.6860112716649693,PAD-UFES (reference)
1133,1133,1.0,0.3037376403808594,False,False,1.0,0.45456575694997486,PAD-UFES (reference)
976,977,0.9989764585465711,0.18516921997070312,False,False,1.0,0.33121178075600777,PAD-UFES (reference)
932,932,1.0,0.3913841247558594,False,False,0.4935701518340697,0.40386978235481746,PAD-UFES (reference)
1136,1136,1.0,0.5807876586914062,False,False,0.19001055348193252,0.5216650261700684,PAD-UFES (reference)
869,868,1.0011520737327189,0.30985260009765625,False,False,0.5653294991741257,0.2701826266655802,PAD-UFES (reference)
735,734,1.0013623978201636,0.42449951171875,False,False,0.632239260465682,0.28253962324385495,PAD-UFES (reference)
432,432,1.0,0.5513076782226562,False,True,1.0,0.3722960638345744,PAD-UFES (reference)
542,542,1.0,0.24321746826171875,False,False,1.0,0.967922165925944,PAD-UFES (reference)
1830,1830,1.0,0.14412689208984375,False,False,0.2887128539692189,0.323270099041989,PAD-UFES (reference)
863,863,1.0,0.4815559387207031,False,False,0.31698339929309766,0.2879463375892123,PAD-UFES (reference)
750,750,1.0,0.4550056457519531,False,True,0.5698173062913581,0.5019803244347065,PAD-UFES (reference)
542,541,1.0018484288354899,0.4466705322265625,False,False,1.0,0.38105097793652554,PAD-UFES (reference)
1242,1242,1.0,0.981597900390625,True,True,0.35453225279418915,0.5900576282313789,PAD-UFES (reference)
914,914,1.0,0.2841339111328125,False,False,1.0,1.0,PAD-UFES (reference)
829,829,1.0,0.12619781494140625,False,False,0.5071892150364777,0.6787983545619577,PAD-UFES (reference)
534,534,1.0,0.7664527893066406,False,True,0.4636539996324893,0.6521768248572186,PAD-UFES (reference)
1041,1042,0.9990403071017274,0.5240859985351562,False,True,1.0,0.4696512375503863,PAD-UFES (reference)
556,556,1.0,0.9094924926757812,False,True,1.0,0.6671213789749716,PAD-UFES (reference)
965,965,1.0,0.31168365478515625,False,False,0.38578762187140236,0.5700591291533033,PAD-UFES (reference)
1125,1125,1.0,0.9363136291503906,False,True,0.3172580969138533,0.4395744438674771,PAD-UFES (reference)
1118,1118,1.0,0.24640274047851562,False,False,0.3790591741007829,0.5539926085132078,PAD-UFES (reference)
1100,1099,1.0009099181073704,0.2159423828125,False,False,0.8728155339358658,1.0,PAD-UFES (reference)
246,246,1.0,0.48016357421875,False,True,0.6726427888461827,0.32195081075190546,PAD-UFES (reference)
961,961,1.0,0.11416244506835938,False,False,0.47948785993403026,0.38067573710641234,PAD-UFES (reference)
1669,1669,1.0,0.277862548828125,False,False,0.8953885698427968,0.7799622072917274,PAD-UFES (reference)
940,940,1.0,0.045635223388671875,False,False,1.0,0.4317158106553397,PAD-UFES (reference)
1329,1328,1.0007530120481927,0.5546875,False,True,0.9199630853424927,0.4640074014951523,PAD-UFES (reference)
1094,1094,1.0,0.016284942626953125,False,False,1.0,0.42989164027915766,PAD-UFES (reference)
1726,1727,0.9994209612044007,0.130859375,False,False,1.0,0.3630357631191095,PAD-UFES (reference)
1635,1635,1.0,0.02402496337890625,False,False,1.0,0.6375842055661615,PAD-UFES (reference)
1789,1790,0.9994413407821229,0.5184516906738281,False,False,0.9149563002913466,0.4115591006654904,PAD-UFES (reference)
1336,1336,1.0,0.21628570556640625,False,False,0.5285135987935274,0.3511305608212934,PAD-UFES (reference)
1557,1557,1.0,0.2150726318359375,False,False,0.708335322768123,0.37609315016806244,PAD-UFES (reference)
1726,1726,1.0,0.7147140502929688,False,True,0.39340791885820225,0.482640445156681,PAD-UFES (reference)
1232,1231,1.0008123476848092,0.5204277038574219,False,True,1.0,0.3389795651104985,PAD-UFES (reference)
1216,1216,1.0,0.8509750366210938,False,True,0.3727130853671966,0.33431870270532826,PAD-UFES (reference)
1366,1367,0.9992684711046086,0.6015968322753906,False,False,0.336422202288134,0.4070462104142939,PAD-UFES (reference)
2175,2175,1.0,0.4661102294921875,False,False,0.22216384230154254,0.7094145081952908,PAD-UFES (reference)
914,914,1.0,0.4910469055175781,False,True,0.759783599598363,0.3248025834217454,PAD-UFES (reference)
1729,1729,1.0,0.08072662353515625,False,False,0.21237582850216694,0.26132633844417424,PAD-UFES (reference)
1772,1772,1.0,0.17745208740234375,False,False,0.27146056794828727,0.43837851276928835,PAD-UFES (reference)
1418,1418,1.0,0.19220352172851562,False,False,0.09443253764244512,0.4598132532302341,PAD-UFES (reference)
1489,1489,1.0,0.0298309326171875,False,False,0.11321484932004554,0.18731265592796573,PAD-UFES (reference)
442,442,1.0,0.5447425842285156,False,False,1.0,0.7489585948770155,PAD-UFES (reference)
634,634,1.0,0.07410049438476562,False,False,1.0,0.3841433704072928,PAD-UFES (reference)
1189,1190,0.9991596638655462,0.8522491455078125,False,True,0.9978491492911669,0.4219097972396585,PAD-UFES (reference)
635,635,1.0,0.3756828308105469,False,True,0.29514531009391815,0.5280669760386152,PAD-UFES (reference)
498,498,1.0,0.346282958984375,False,True,1.0,0.4799540403033005,PAD-UFES (reference)
750,751,0.9986684420772304,0.5637931823730469,False,False,0.5099222350472586,0.4480233821301356,PAD-UFES (reference)
750,750,1.0,0.2909431457519531,False,False,0.8752664620220366,0.6023033038908602,PAD-UFES (reference)
752,750,1.0026666666666666,0.11188888549804688,False,False,0.8754323025249926,0.3931336085362941,PAD-UFES (reference)
2683,2683,1.0,0.19939041137695312,False,False,0.23409802936445206,0.5018546422236623,PAD-UFES (reference)
1366,1367,0.9992684711046086,0.07526016235351562,False,False,0.31213052683896203,0.566880189460692,PAD-UFES (reference)
1712,1712,1.0,0.01026153564453125,False,False,0.24926913624384905,0.31266724566197507,PAD-UFES (reference)
847,847,1.0,0.32596588134765625,False,False,0.6430393077326698,0.5273319915709531,PAD-UFES (reference)
1369,1369,1.0,0.2344207763671875,False,False,0.21186047491784618,0.3326299676460829,PAD-UFES (reference)
1548,1548,1.0,0.047290802001953125,False,False,0.14292346461915326,0.273696072622903,PAD-UFES (reference)
923,923,1.0,0.32598876953125,False,False,1.0,0.41726196915575653,PAD-UFES (reference)
900,909,0.9900990099009901,0.15625381469726562,False,False,0.2785027742160653,0.6880184145908269,PAD-UFES (reference)
878,879,0.9988623435722411,0.10344314575195312,False,False,0.26151624371027166,0.5321972939485671,PAD-UFES (reference)
