image_id,image_path,mask_path,height,width,area_pixels,area_fraction,bbox_x_min,bbox_y_min,bbox_x_max,bbox_y_max,bbox_width,bbox_height,bbox_area_fraction,bbox_aspect_ratio,touches_border,touches_left,touches_right,touches_top,touches_bottom,component_count,largest_component_fraction
ISIC_0000000,data/raw/isic2018/images/ISIC2018_Task1-2_Training_Input/ISIC_0000000.jpg,data/raw/isic2018/masks/ISIC2018_Task1_Training_GroundTruth/ISIC_0000000_segmentation.png,767,1022,368211,0.46973238045910437,49,46,900,635,852,590,0.6412765316874905,1.4440677966101696,False,False,False,False,False,1,1.0
ISIC_0000001,data/raw/isic2018/images/ISIC2018_Task1-2_Training_Input/ISIC_0000001.jpg,data/raw/isic2018/masks/ISIC2018_Task1_Training_GroundTruth/ISIC_0000001_segmentation.png,767,1022,55266,0.07050367788700736,351,229,649,482,299,254,0.09688546883810409,1.1771653543307086,False,False,False,False,False,1,1.0
ISIC_0000003,data/raw/isic2018/images/ISIC2018_Task1-2_Training_Input/ISIC_0000003.jpg,data/raw/isic2018/masks/ISIC2018_Task1_Training_GroundTruth/ISIC_0000003_segmentation.png,767,1022,263828,0.3365693976327828,251,49,849,700,599,652,0.4982280315458862,0.9187116564417178,False,False,False,False,False,1,1.0
ISIC_0000004,data/raw/isic2018/images/ISIC2018_Task1-2_Training_Input/ISIC_0000004.jpg,data/raw/isic2018/masks/ISIC2018_Task1_Training_GroundTruth/ISIC_0000004_segmentation.png,767,1022,270416,0.3449738095663334,181,57,719,718,539,662,0.45519815684663606,0.8141993957703928,False,False,False,False,False,1,1.0
ISIC_0000006,data/raw/isic2018/images/ISIC2018_Task1-2_Training_Input/ISIC_0000006.jpg,data/raw/isic2018/masks/ISIC2018_Task1_Training_GroundTruth/ISIC_0000006_segmentation.png,767,1022,71899,0.09172264930333192,333,191,625,540,293,350,0.13082459681020164,0.8371428571428572,False,False,False,False,False,1,1.0
ISIC_0000007,data/raw/isic2018/images/ISIC2018_Task1-2_Training_Input/ISIC_0000007.jpg,data/raw/isic2018/masks/ISIC2018_Task1_Training_GroundTruth/ISIC_0000007_segmentation.png,767,1022,69027,0.08805879516350842,345,233,691,532,347,300,0.13280195541630416,1.1566666666666667,False,False,False,False,False,1,1.0
ISIC_0000008,data/raw/isic2018/images/ISIC2018_Task1-2_Training_Input/ISIC_0000008.jpg,data/raw/isic2018/masks/ISIC2018_Task1_Training_GroundTruth/ISIC_0000008_segmentation.png,767,1022,264545,0.33748408545250896,199,83,807,716,609,634,0.49256130449536534,0.9605678233438486,False,False,False,False,False,1,1.0
ISIC_0000009,data/raw/isic2018/images/ISIC2018_Task1-2_Training_Input/ISIC_0000009.jpg,data/raw/isic2018/masks/ISIC2018_Task1_Training_GroundTruth/ISIC_0000009_segmentation.png,767,1022,181372,0.2313790226490482,183,153,733,630,551,478,0.3359953257793982,1.1527196652719665,False,False,False,False,False,1,1.0
ISIC_0000011,data/raw/isic2018/images/ISIC2018_Task1-2_Training_Input/ISIC_0000011.jpg,data/raw/isic2018/masks/ISIC2018_Task1_Training_GroundTruth/ISIC_0000011_segmentation.png,767,1022,141291,0.18024708052569674,243,151,753,576,511,426,0.2777053455019557,1.199530516431925,False,False,False,False,False,1,1.0
ISIC_0000012,data/raw/isic2018/images/ISIC2018_Task1-2_Training_Input/ISIC_0000012.jpg,data/raw/isic2018/masks/ISIC2018_Task1_Training_GroundTruth/ISIC_0000012_segmentation.png,767,1022,39446,0.0503218629524643,372,279,621,518,250,240,0.07654291378461334,1.0416666666666667,False,False,False,False,False,1,1.0
ISIC_0000013,data/raw/isic2018/images/ISIC2018_Task1-2_Training_Input/ISIC_0000013.jpg,data/raw/isic2018/masks/ISIC2018_Task1_Training_GroundTruth/ISIC_0000013_segmentation.png,767,1022,216167,0.2757675340679752,198,122,789,637,592,516,0.38969528266022346,1.1472868217054264,False,False,False,False,False,1,1.0
ISIC_0000014,data/raw/isic2018/images/ISIC2018_Task1-2_Training_Input/ISIC_0000014.jpg,data/raw/isic2018/masks/ISIC2018_Task1_Training_GroundTruth/ISIC_0000014_segmentation.png,767,1022,219922,0.28055784475566226,127,135,807,640,681,506,0.4395936081564129,1.3458498023715415,False,False,False,False,False,1,1.0
ISIC_0000015,data/raw/isic2018/images/ISIC2018_Task1-2_Training_Input/ISIC_0000015.jpg,data/raw/isic2018/masks/ISIC2018_Task1_Training_GroundTruth/ISIC_0000015_segmentation.png,767,1022,178521,0.2277419585290493,177,111,725,621,549,511,0.3578878748370274,1.0743639921722115,False,False,False,False,False,1,1.0
ISIC_0000016,data/raw/isic2018/images/ISIC2018_Task1-2_Training_Input/ISIC_0000016.jpg,data/raw/isic2018/masks/ISIC2018_Task1_Training_GroundTruth/ISIC_0000016_segmentation.png,767,1022,163125,0.20810104685191752,247,27,737,514,491,488,0.3056715747683939,1.0061475409836065,False,False,False,False,False,1,1.0
ISIC_0000017,data/raw/isic2018/images/ISIC2018_Task1-2_Training_Input/ISIC_0000017.jpg,data/raw/isic2018/masks/ISIC2018_Task1_Training_GroundTruth/ISIC_0000017_segmentation.png,1129,1504,261985,0.15428888773721802,424,261,1008,872,585,612,0.21084606976612705,0.9558823529411765,False,False,False,False,False,1,1.0
ISIC_0000018,data/raw/isic2018/images/ISIC2018_Task1-2_Training_Input/ISIC_0000018.jpg,data/raw/isic2018/masks/ISIC2018_Task1_Training_GroundTruth/ISIC_0000018_segmentation.png,1129,1504,400005,0.23557198518741873,194,213,1174,852,981,640,0.3697491660855964,1.5328125,False,False,False,False,False,1,1.0
ISIC_0000019,data/raw/isic2018/images/ISIC2018_Task1-2_Training_Input/ISIC_0000019.jpg,data/raw/isic2018/masks/ISIC2018_Task1_Training_GroundTruth/ISIC_0000019_segmentation.png,1129,1504,545924,0.32150698226636265,210,227,1142,1013,933,787,0.43242878747903435,1.1855146124523508,False,False,False,False,False,1,1.0
ISIC_0000020,data/raw/isic2018/images/ISIC2018_Task1-2_Training_Input/ISIC_0000020.jpg,data/raw/isic2018/masks/ISIC2018_Task1_Training_GroundTruth/ISIC_0000020_segmentation.png,1129,1504,406746,0.239541912443699,294,149,938,1094,645,946,0.35934290371822175,0.6818181818181818,False,False,False,False,False,1,1.0
ISIC_0000021,data/raw/isic2018/images/ISIC2018_Task1-2_Training_Input/ISIC_0000021.jpg,data/raw/isic2018/masks/ISIC2018_Task1_Training_GroundTruth/ISIC_0000021_segmentation.png,1129,1504,431267,0.25398288355351184,190,107,1088,1054,899,948,0.5019104649190584,0.9483122362869199,False,False,False,False,False,1,1.0
ISIC_0000022,data/raw/isic2018/images/ISIC2018_Task1-2_Training_Input/ISIC_0000022.jpg,data/raw/isic2018/masks/ISIC2018_Task1_Training_GroundTruth/ISIC_0000022_segmentation.png,1129,1504,694575,0.40905091589242976,151,116,1347,935,1197,820,0.5780510902135197,1.4597560975609756,False,False,False,False,False,1,1.0
ISIC_0000023,data/raw/isic2018/images/ISIC2018_Task1-2_Training_Input/ISIC_0000023.jpg,data/raw/isic2018/masks/ISIC2018_Task1_Training_GroundTruth/ISIC_0000023_segmentation.png,1129,1504,300761,0.17712495053050148,576,261,1245,830,670,570,0.22490954148841943,1.1754385964912282,False,False,False,False,False,1,1.0
ISIC_0000024,data/raw/isic2018/images/ISIC2018_Task1-2_Training_Input/ISIC_0000024.jpg,data/raw/isic2018/masks/ISIC2018_Task1_Training_GroundTruth/ISIC_0000024_segmentation.png,1129,1504,565139,0.33282313005295594,340,133,1270,1035,931,903,0.4951031085690594,1.0310077519379846,False,False,False,False,False,1,1.0
ISIC_0000025,data/raw/isic2018/images/ISIC2018_Task1-2_Training_Input/ISIC_0000025.jpg,data/raw/isic2018/masks/ISIC2018_Task1_Training_GroundTruth/ISIC_0000025_segmentation.png,1129,1504,333050,0.1961406724082694,396,253,1092,970,697,718,0.2947239601982549,0.9707520891364902,False,False,False,False,False,1,1.0
ISIC_0000026,data/raw/isic2018/images/ISIC2018_Task1-2_Training_Input/ISIC_0000026.jpg,data/raw/isic2018/masks/ISIC2018_Task1_Training_GroundTruth/ISIC_0000026_segmentation.png,1129,1504,906051,0.5335939119537154,80,88,1461,1060,1382,973,0.7919159772346079,1.420349434737924,False,False,False,False,False,1,1.0
ISIC_0000027,data/raw/isic2018/images/ISIC2018_Task1-2_Training_Input/ISIC_0000027.jpg,data/raw/isic2018/masks/ISIC2018_Task1_Training_GroundTruth/ISIC_0000027_segmentation.png,1129,1504,323129,0.19029797127942258,366,173,1010,952,645,780,0.29628696078246614,0.8269230769230769,False,False,False,False,False,1,1.0
ISIC_0000028,data/raw/isic2018/images/ISIC2018_Task1-2_Training_Input/ISIC_0000028.jpg,data/raw/isic2018/masks/ISIC2018_Task1_Training_GroundTruth/ISIC_0000028_segmentation.png,1129,1504,407653,0.24007606524320146,272,271,1174,946,903,676,0.3594948457493922,1.3357988165680474,False,False,False,False,False,1,1.0
ISIC_0000029,data/raw/isic2018/images/ISIC2018_Task1-2_Training_Input/ISIC_0000029.jpg,data/raw/isic2018/masks/ISIC2018_Task1_Training_GroundTruth/ISIC_0000029_segmentation.png,1129,1504,658297,0.3876859817575335,298,97,1248,1070,951,974,0.5455036937225562,0.9763860369609856,False,False,False,False,False,1,1.0
ISIC_0000030,data/raw/isic2018/images/ISIC2018_Task1-2_Training_Input/ISIC_0000030.jpg,data/raw/isic2018/masks/ISIC2018_Task1_Training_GroundTruth/ISIC_0000030_segmentation.png,1129,1503,844635,0.49775559598252567,247,23,1372,1107,1126,1085,0.7199713357459866,1.0377880184331798,False,False,False,False,False,1,1.0
ISIC_0000031,data/raw/isic2018/images/ISIC2018_Task1-2_Training_Input/ISIC_0000031.jpg,data/raw/isic2018/masks/ISIC2018_Task1_Training_GroundTruth/ISIC_0000031_segmentation.png,1129,1504,553757,0.32612001300341104,186,150,1194,1005,1009,856,0.5086548065507038,1.1787383177570094,False,False,False,False,False,1,1.0
ISIC_0000032,data/raw/isic2018/images/ISIC2018_Task1-2_Training_Input/ISIC_0000032.jpg,data/raw/isic2018/masks/ISIC2018_Task1_Training_GroundTruth/ISIC_0000032_segmentation.png,1129,1504,559052,0.32923835817801483,312,193,1132,1064,821,872,0.4216167574392703,0.9415137614678899,False,False,False,False,False,1,1.0
ISIC_0000034,data/raw/isic2018/images/ISIC2018_Task1-2_Training_Input/ISIC_0000034.jpg,data/raw/isic2018/masks/ISIC2018_Task1_Training_GroundTruth/ISIC_0000034_segmentation.png,1129,1504,349738,0.20596861278103387,366,333,1258,866,893,534,0.2808348095659876,1.6722846441947565,False,False,False,False,False,1,1.0
ISIC_0000035,data/raw/isic2018/images/ISIC2018_Task1-2_Training_Input/ISIC_0000035.jpg,data/raw/isic2018/masks/ISIC2018_Task1_Training_GroundTruth/ISIC_0000035_segmentation.png,1129,1504,790488,0.4655362493639636,174,73,1326,1012,1153,940,0.6382860938883969,1.226595744680851,False,False,False,False,False,1,1.0
ISIC_0000036,data/raw/isic2018/images/ISIC2018_Task1-2_Training_Input/ISIC_0000036.jpg,data/raw/isic2018/masks/ISIC2018_Task1_Training_GroundTruth/ISIC_0000036_segmentation.png,1129,1504,666158,0.3923155023274221,123,168,1188,1028,1066,861,0.5405284755856247,1.2380952380952381,False,False,False,False,False,1,1.0
ISIC_0000037,data/raw/isic2018/images/ISIC2018_Task1-2_Training_Input/ISIC_0000037.jpg,data/raw/isic2018/masks/ISIC2018_Task1_Training_GroundTruth/ISIC_0000037_segmentation.png,1129,1504,729776,0.4297815803855794,135,17,1372,1018,1238,1002,0.7305443529389594,1.2355289421157685,False,False,False,False,False,1,1.0
ISIC_0000038,data/raw/isic2018/images/ISIC2018_Task1-2_Training_Input/ISIC_0000038.jpg,data/raw/isic2018/masks/ISIC2018_Task1_Training_GroundTruth/ISIC_0000038_segmentation.png,1129,1504,887122,0.5224461960311328,15,135,1381,1054,1367,920,0.7406526204700074,1.4858695652173912,False,False,False,False,False,1,1.0
ISIC_0000039,data/raw/isic2018/images/ISIC2018_Task1-2_Training_Input/ISIC_0000039.jpg,data/raw/isic2018/masks/ISIC2018_Task1_Training_GroundTruth/ISIC_0000039_segmentation.png,1129,1504,375622,0.22121228539660404,350,243,1088,928,739,686,0.29855666848840057,1.0772594752186588,False,False,False,False,False,1,1.0
ISIC_0000040,data/raw/isic2018/images/ISIC2018_Task1-2_Training_Input/ISIC_0000040.jpg,data/raw/isic2018/masks/ISIC2018_Task1_Training_GroundTruth/ISIC_0000040_segmentation.png,1129,1504,456060,0.2685840416109153,333,164,1189,921,857,758,0.38256765542845295,1.1306068601583112,False,False,False,False,False,1,1.0
ISIC_0000041,data/raw/isic2018/images/ISIC2018_Task1-2_Training_Input/ISIC_0000041.jpg,data/raw/isic2018/masks/ISIC2018_Task1_Training_GroundTruth/ISIC_0000041_segmentation.png,1129,1504,117643,0.06928262160073874,434,307,818,768,385,462,0.10475166311742645,0.8333333333333334,False,False,False,False,False,1,1.0
ISIC_0000042,data/raw/isic2018/images/ISIC2018_Task1-2_Training_Input/ISIC_0000042.jpg,data/raw/isic2018/masks/ISIC2018_Task1_Training_GroundTruth/ISIC_0000042_segmentation.png,1129,1504,569203,0.33521651150519194,314,124,1163,1055,850,932,0.46654448485762207,0.9120171673819742,False,False,False,False,False,1,1.0
ISIC_0000043,data/raw/isic2018/images/ISIC2018_Task1-2_Training_Input/ISIC_0000043.jpg,data/raw/isic2018/masks/ISIC2018_Task1_Training_GroundTruth/ISIC_0000043_segmentation.png,1129,1504,696187,0.4100002591259446,196,144,1224,1091,1029,948,0.5744892863200347,1.0854430379746836,False,False,False,False,False,1,1.0
ISIC_0000044,data/raw/isic2018/images/ISIC2018_Task1-2_Training_Input/ISIC_0000044.jpg,data/raw/isic2018/masks/ISIC2018_Task1_Training_GroundTruth/ISIC_0000044_segmentation.png,1129,1504,866075,0.5100511420387087,118,71,1350,1012,1233,942,0.6840253566515274,1.3089171974522293,False,False,False,False,False,1,1.0
ISIC_0000045,data/raw/isic2018/images/ISIC2018_Task1-2_Training_Input/ISIC_0000045.jpg,data/raw/isic2018/masks/ISIC2018_Task1_Training_GroundTruth/ISIC_0000045_segmentation.png,1129,1504,546475,0.32183147861975386,226,17,1086,868,861,852,0.43201713058063057,1.0105633802816902,False,False,False,False,False,1,1.0
ISIC_0000046,data/raw/isic2018/images/ISIC2018_Task1-2_Training_Input/ISIC_0000046.jpg,data/raw/isic2018/masks/ISIC2018_Task1_Training_GroundTruth/ISIC_0000046_segmentation.png,1129,1504,646256,0.3805947647136423,158,149,1262,974,1105,826,0.5375273260087067,1.337772397094431,False,False,False,False,False,1,1.0
ISIC_0000047,data/raw/isic2018/images/ISIC2018_Task1-2_Training_Input/ISIC_0000047.jpg,data/raw/isic2018/masks/ISIC2018_Task1_Training_GroundTruth/ISIC_0000047_segmentation.png,1129,1504,419095,0.24681451764883253,256,198,1041,931,786,734,0.33976358291087955,1.0708446866485013,False,False,False,False,False,1,1.0
ISIC_0000048,data/raw/isic2018/images/ISIC2018_Task1-2_Training_Input/ISIC_0000048.jpg,data/raw/isic2018/masks/ISIC2018_Task1_Training_GroundTruth/ISIC_0000048_segmentation.png,1129,1504,216375,0.12742812788572075,379,285,857,946,479,662,0.1867461790701619,0.7235649546827795,False,False,False,False,False,1,1.0
ISIC_0000049,data/raw/isic2018/images/ISIC2018_Task1-2_Training_Input/ISIC_0000049.jpg,data/raw/isic2018/masks/ISIC2018_Task1_Training_GroundTruth/ISIC_0000049_segmentation.png,1129,1504,1113674,0.655867789231668,112,3,1419,1071,1308,1069,0.8234622053031302,1.2235734331150607,False,False,False,False,False,1,1.0
ISIC_0000050,data/raw/isic2018/images/ISIC2018_Task1-2_Training_Input/ISIC_0000050.jpg,data/raw/isic2018/masks/ISIC2018_Task1_Training_GroundTruth/ISIC_0000050_segmentation.png,1129,1504,478932,0.28205387935096016,304,196,1324,919,1021,724,0.4353339426719183,1.410220994475138,False,False,False,False,False,1,1.0
ISIC_0000051,data/raw/isic2018/images/ISIC2018_Task1-2_Training_Input/ISIC_0000051.jpg,data/raw/isic2018/masks/ISIC2018_Task1_Training_GroundTruth/ISIC_0000051_segmentation.png,1129,1504,487859,0.2873111914139796,212,191,1218,990,1007,800,0.4744360477168649,1.25875,False,False,False,False,False,1,1.0
ISIC_0000052,data/raw/isic2018/images/ISIC2018_Task1-2_Training_Input/ISIC_0000052.jpg,data/raw/isic2018/masks/ISIC2018_Task1_Training_GroundTruth/ISIC_0000052_segmentation.png,1129,1504,1048706,0.6176066656615721,192,3,1413,1125,1222,1123,0.808182019486271,1.0881567230632234,False,False,False,False,False,1,1.0
ISIC_0000053,data/raw/isic2018/images/ISIC2018_Task1-2_Training_Input/ISIC_0000053.jpg,data/raw/isic2018/masks/ISIC2018_Task1_Training_GroundTruth/ISIC_0000053_segmentation.png,1129,1504,939662,0.5533881895105818,104,15,1241,1118,1138,1104,0.7398940881593578,1.0307971014492754,False,False,False,False,False,1,1.0
ISIC_0000054,data/raw/isic2018/images/ISIC2018_Task1-2_Training_Input/ISIC_0000054.jpg,data/raw/isic2018/masks/ISIC2018_Task1_Training_GroundTruth/ISIC_0000054_segmentation.png,1129,1504,359096,0.21147975048527223,352,259,1100,1002,749,744,0.3281806531858357,1.006720430107527,False,False,False,False,False,1,1.0
ISIC_0000055,data/raw/isic2018/images/ISIC2018_Task1-2_Training_Input/ISIC_0000055.jpg,data/raw/isic2018/masks/ISIC2018_Task1_Training_GroundTruth/ISIC_0000055_segmentation.png,1129,1504,716401,0.4219047405913725,424,75,1474,1126,1051,1052,0.6511434521229482,0.9990494296577946,False,False,False,False,False,1,1.0
ISIC_0000056,data/raw/isic2018/images/ISIC2018_Task1-2_Training_Input/ISIC_0000056.jpg,data/raw/isic2018/masks/ISIC2018_Task1_Training_GroundTruth/ISIC_0000056_segmentation.png,1129,1504,844468,0.4973262913894804,299,41,1395,1043,1097,1003,0.6479862380566497,1.0937188434695913,False,False,False,False,False,1,1.0
ISIC_0000057,data/raw/isic2018/images/ISIC2018_Task1-2_Training_Input/ISIC_0000057.jpg,data/raw/isic2018/masks/ISIC2018_Task1_Training_GroundTruth/ISIC_0000057_segmentation.png,1129,1504,333218,0.19623961140531068,416,334,1041,1070,626,737,0.27170650924372913,0.8493894165535957,False,False,False,False,False,1,1.0
ISIC_0000058,data/raw/isic2018/images/ISIC2018_Task1-2_Training_Input/ISIC_0000058.jpg,data/raw/isic2018/masks/ISIC2018_Task1_Training_GroundTruth/ISIC_0000058_segmentation.png,1129,1504,803772,0.47335949720143977,231,78,1322,1096,1092,1019,0.6553224469027382,1.071638861629048,False,False,False,False,False,1,1.0
ISIC_0000059,data/raw/isic2018/images/ISIC2018_Task1-2_Training_Input/ISIC_0000059.jpg,data/raw/isic2018/masks/ISIC2018_Task1_Training_GroundTruth/ISIC_0000059_segmentation.png,1129,1504,725578,0.42730928330475093,138,152,1245,1021,1108,870,0.5676978308802744,1.2735632183908046,False,False,False,False,False,1,1.0
ISIC_0000060,data/raw/isic2018/images/ISIC2018_Task1-2_Training_Input/ISIC_0000060.jpg,data/raw/isic2018/masks/ISIC2018_Task1_Training_GroundTruth/ISIC_0000060_segmentation.png,1129,1504,857785,0.505168973672804,112,94,1152,1118,1041,1025,0.6283951387972787,1.015609756097561,False,False,False,False,False,1,1.0
ISIC_0000061,data/raw/isic2018/images/ISIC2018_Task1-2_Training_Input/ISIC_0000061.jpg,data/raw/isic2018/masks/ISIC2018_Task1_Training_GroundTruth/ISIC_0000061_segmentation.png,1129,1504,543000,0.3197849725797637,302,201,1206,1048,905,848,0.451962761246066,1.0672169811320755,False,False,False,False,False,1,1.0
ISIC_0000062,data/raw/isic2018/images/ISIC2018_Task1-2_Training_Input/ISIC_0000062.jpg,data/raw/isic2018/masks/ISIC2018_Task1_Training_GroundTruth/ISIC_0000062_segmentation.png,1129,1504,139452,0.0821264346154571,504,309,874,850,371,542,0.11842173454195956,0.6845018450184502,False,False,False,False,False,1,1.0
ISIC_0000063,data/raw/isic2018/images/ISIC2018_Task1-2_Training_Input/ISIC_0000063.jpg,data/raw/isic2018/masks/ISIC2018_Task1_Training_GroundTruth/ISIC_0000063_segmentation.png,1129,1504,735276,0.43302065469347756,208,109,1215,1125,1008,1017,0.6037257599457249,0.9911504424778761,False,False,False,False,False,1,1.0
ISIC_0000064,data/raw/isic2018/images/ISIC2018_Task1-2_Training_Input/ISIC_0000064.jpg,data/raw/isic2018/masks/ISIC2018_Task1_Training_GroundTruth/ISIC_0000064_segmentation.png,1129,1504,573651,0.3378360392363794,260,175,1104,1058,845,884,0.43991340482068486,0.9558823529411765,False,False,False,False,False,1,1.0
ISIC_0000065,data/raw/isic2018/images/ISIC2018_Task1-2_Training_Input/ISIC_0000065.jpg,data/raw/isic2018/masks/ISIC2018_Task1_Training_GroundTruth/ISIC_0000065_segmentation.png,1129,1504,437113,0.2574257250815069,168,311,1388,856,1221,546,0.39261467500895164,2.2362637362637363,False,False,False,False,False,1,1.0
ISIC_0000066,data/raw/isic2018/images/ISIC2018_Task1-2_Training_Input/ISIC_0000066.jpg,data/raw/isic2018/masks/ISIC2018_Task1_Training_GroundTruth/ISIC_0000066_segmentation.png,722,962,351650,0.5062888373137681,30,10,840,684,811,675,0.7881563110094966,1.2014814814814814,False,False,False,False,False,1,1.0
ISIC_0000067,data/raw/isic2018/images/ISIC2018_Task1-2_Training_Input/ISIC_0000067.jpg,data/raw/isic2018/masks/ISIC2018_Task1_Training_GroundTruth/ISIC_0000067_segmentation.png,722,962,191824,0.2761790130211183,124,78,620,645,497,568,0.4064362679321128,0.875,False,False,False,False,False,1,1.0
ISIC_0000068,data/raw/isic2018/images/ISIC2018_Task1-2_Training_Input/ISIC_0000068.jpg,data/raw/isic2018/masks/ISIC2018_Task1_Training_GroundTruth/ISIC_0000068_segmentation.png,722,962,252687,0.36380664704764426,91,130,788,633,698,504,0.5064932821165509,1.3849206349206349,False,False,False,False,False,1,1.0
ISIC_0000069,data/raw/isic2018/images/ISIC2018_Task1-2_Training_Input/ISIC_0000069.jpg,data/raw/isic2018/masks/ISIC2018_Task1_Training_GroundTruth/ISIC_0000069_segmentation.png,767,1022,102704,0.13102105695558214,241,223,715,556,475,334,0.20239222119881511,1.4221556886227544,False,False,False,False,False,1,1.0
ISIC_0000071,data/raw/isic2018/images/ISIC2018_Task1-2_Training_Input/ISIC_0000071.jpg,data/raw/isic2018/masks/ISIC2018_Task1_Training_GroundTruth/ISIC_0000071_segmentation.png,767,1022,70619,0.09008973380926016,273,247,657,498,385,252,0.12376989158971978,1.5277777777777777,False,False,False,False,False,1,1.0
ISIC_0000072,data/raw/isic2018/images/ISIC2018_Task1-2_Training_Input/ISIC_0000072.jpg,data/raw/isic2018/masks/ISIC2018_Task1_Training_GroundTruth/ISIC_0000072_segmentation.png,767,1022,96534,0.1231498939880644,312,220,651,625,340,406,0.17609973031380044,0.8374384236453202,False,False,False,False,False,1,1.0
ISIC_0000073,data/raw/isic2018/images/ISIC2018_Task1-2_Training_Input/ISIC_0000073.jpg,data/raw/isic2018/masks/ISIC2018_Task1_Training_GroundTruth/ISIC_0000073_segmentation.png,767,1022,269618,0.343955788812998,125,127,897,626,773,500,0.4930639362958843,1.546,False,False,False,False,False,1,1.0
ISIC_0000074,data/raw/isic2018/images/ISIC2018_Task1-2_Training_Input/ISIC_0000074.jpg,data/raw/isic2018/masks/ISIC2018_Task1_Training_GroundTruth/ISIC_0000074_segmentation.png,767,1022,290818,0.3710009516835614,40,51,1015,635,976,585,0.7283823675743806,1.6683760683760684,False,False,False,False,False,1,1.0
ISIC_0000075,data/raw/isic2018/images/ISIC2018_Task1-2_Training_Input/ISIC_0000075.jpg,data/raw/isic2018/masks/ISIC2018_Task1_Training_GroundTruth/ISIC_0000075_segmentation.png,767,1022,485147,0.6189094165643968,76,1,941,762,866,762,0.8418342743859345,1.136482939632546,False,False,False,False,False,1,1.0
ISIC_0000077,data/raw/isic2018/images/ISIC2018_Task1-2_Training_Input/ISIC_0000077.jpg,data/raw/isic2018/masks/ISIC2018_Task1_Training_GroundTruth/ISIC_0000077_segmentation.png,1129,1504,704081,0.41464921414168066,275,175,1258,1116,984,942,0.5458888491038953,1.0445859872611465,False,False,False,False,False,1,1.0
ISIC_0000078,data/raw/isic2018/images/ISIC2018_Task1-2_Training_Input/ISIC_0000078.jpg,data/raw/isic2018/masks/ISIC2018_Task1_Training_GroundTruth/ISIC_0000078_segmentation.png,1129,1504,190555,0.11222214631664248,505,304,1020,864,516,561,0.1704789589732959,0.9197860962566845,False,False,False,False,False,1,1.0
ISIC_0000079,data/raw/isic2018/images/ISIC2018_Task1-2_Training_Input/ISIC_0000079.jpg,data/raw/isic2018/masks/ISIC2018_Task1_Training_GroundTruth/ISIC_0000079_segmentation.png,1129,1504,101028,0.05949767257787913,481,401,968,772,488,372,0.10691065337429094,1.3118279569892473,False,False,False,False,False,1,1.0
ISIC_0000080,data/raw/isic2018/images/ISIC2018_Task1-2_Training_Input/ISIC_0000080.jpg,data/raw/isic2018/masks/ISIC2018_Task1_Training_GroundTruth/ISIC_0000080_segmentation.png,1944,2592,933866,0.18533323489813544,674,457,1883,1497,1210,1041,0.249979757277854,1.1623439000960616,False,False,False,False,False,1,1.0
ISIC_0000081,data/raw/isic2018/images/ISIC2018_Task1-2_Training_Input/ISIC_0000081.jpg,data/raw/isic2018/masks/ISIC2018_Task1_Training_GroundTruth/ISIC_0000081_segmentation.png,1536,2048,358896,0.1140899658203125,558,417,1328,1189,771,773,0.18945789337158203,0.9974126778783958,False,False,False,False,False,1,1.0
ISIC_0000082,data/raw/isic2018/images/ISIC2018_Task1-2_Training_Input/ISIC_0000082.jpg,data/raw/isic2018/masks/ISIC2018_Task1_Training_GroundTruth/ISIC_0000082_segmentation.png,1536,2048,814134,0.2588062286376953,543,129,1548,1313,1006,1185,0.37896156311035156,0.8489451476793249,False,False,False,False,False,1,1.0
ISIC_0000085,data/raw/isic2018/images/ISIC2018_Task1-2_Training_Input/ISIC_0000085.jpg,data/raw/isic2018/masks/ISIC2018_Task1_Training_GroundTruth/ISIC_0000085_segmentation.png,1536,2048,405093,0.12877559661865234,646,444,1486,1206,841,763,0.20398553212483725,1.1022280471821757,False,False,False,False,False,1,1.0
ISIC_0000086,data/raw/isic2018/images/ISIC2018_Task1-2_Training_Input/ISIC_0000086.jpg,data/raw/isic2018/masks/ISIC2018_Task1_Training_GroundTruth/ISIC_0000086_segmentation.png,1944,2592,1183945,0.2349634281486562,391,485,2121,1417,1731,933,0.3205143318472794,1.855305466237942,False,False,False,False,False,1,1.0
ISIC_0000087,data/raw/isic2018/images/ISIC2018_Task1-2_Training_Input/ISIC_0000087.jpg,data/raw/isic2018/masks/ISIC2018_Task1_Training_GroundTruth/ISIC_0000087_segmentation.png,1536,2048,1217582,0.38705889383951825,249,244,1913,1225,1665,982,0.5197620391845703,1.695519348268839,False,False,False,False,False,1,1.0
ISIC_0000088,data/raw/isic2018/images/ISIC2018_Task1-2_Training_Input/ISIC_0000088.jpg,data/raw/isic2018/masks/ISIC2018_Task1_Training_GroundTruth/ISIC_0000088_segmentation.png,1536,2048,693024,0.220306396484375,510,171,1488,1336,979,1166,0.3628775278727214,0.839622641509434,False,False,False,False,False,1,1.0
ISIC_0000089,data/raw/isic2018/images/ISIC2018_Task1-2_Training_Input/ISIC_0000089.jpg,data/raw/isic2018/masks/ISIC2018_Task1_Training_GroundTruth/ISIC_0000089_segmentation.png,1536,2048,387423,0.12315845489501953,736,297,1336,1325,601,1029,0.1965932846069336,0.5840621963070942,False,False,False,False,False,1,1.0
ISIC_0000091,data/raw/isic2018/images/ISIC2018_Task1-2_Training_Input/ISIC_0000091.jpg,data/raw/isic2018/masks/ISIC2018_Task1_Training_GroundTruth/ISIC_0000091_segmentation.png,1536,2048,433786,0.13789685567220053,614,370,1296,1212,683,843,0.18303203582763672,0.8102016607354685,False,False,False,False,False,1,1.0
ISIC_0000092,data/raw/isic2018/images/ISIC2018_Task1-2_Training_Input/ISIC_0000092.jpg,data/raw/isic2018/masks/ISIC2018_Task1_Training_GroundTruth/ISIC_0000092_segmentation.png,1536,2048,275198,0.08748308817545573,713,465,1449,995,737,531,0.1244058609008789,1.3879472693032016,False,False,False,False,False,1,1.0
ISIC_0000093,data/raw/isic2018/images/ISIC2018_Task1-2_Training_Input/ISIC_0000093.jpg,data/raw/isic2018/masks/ISIC2018_Task1_Training_GroundTruth/ISIC_0000093_segmentation.png,1536,2048,344051,0.10937086741129558,726,494,1406,1152,681,659,0.14266300201416016,1.0333839150227617,False,False,False,False,False,1,1.0
ISIC_0000094,data/raw/isic2018/images/ISIC2018_Task1-2_Training_Input/ISIC_0000094.jpg,data/raw/isic2018/masks/ISIC2018_Task1_Training_GroundTruth/ISIC_0000094_segmentation.png,1536,2048,187740,0.059680938720703125,815,566,1477,981,663,416,0.087677001953125,1.59375,False,False,False,False,False,1,1.0
ISIC_0000095,data/raw/isic2018/images/ISIC2018_Task1-2_Training_Input/ISIC_0000095.jpg,data/raw/isic2018/masks/ISIC2018_Task1_Training_GroundTruth/ISIC_0000095_segmentation.png,1536,2048,244944,0.0778656005859375,797,463,1309,1126,513,664,0.10828399658203125,0.7725903614457831,False,False,False,False,False,1,1.0
ISIC_0000096,data/raw/isic2018/images/ISIC2018_Task1-2_Training_Input/ISIC_0000096.jpg,data/raw/isic2018/masks/ISIC2018_Task1_Training_GroundTruth/ISIC_0000096_segmentation.png,1536,2048,866202,0.2753582000732422,484,211,1705,1182,1222,972,0.37758636474609375,1.257201646090535,False,False,False,False,False,1,1.0
ISIC_0000097,data/raw/isic2018/images/ISIC2018_Task1-2_Training_Input/ISIC_0000097.jpg,data/raw/isic2018/masks/ISIC2018_Task1_Training_GroundTruth/ISIC_0000097_segmentation.png,1536,2048,765883,0.243467648824056,439,193,1689,1169,1251,977,0.3885354995727539,1.2804503582395086,False,False,False,False,False,1,1.0
ISIC_0000098,data/raw/isic2018/images/ISIC2018_Task1-2_Training_Input/ISIC_0000098.jpg,data/raw/isic2018/masks/ISIC2018_Task1_Training_GroundTruth/ISIC_0000098_segmentation.png,1536,2048,70880,0.022532145182291668,786,610,1186,875,401,266,0.03390820821126302,1.5075187969924813,False,False,False,False,False,1,1.0
ISIC_0000099,data/raw/isic2018/images/ISIC2018_Task1-2_Training_Input/ISIC_0000099.jpg,data/raw/isic2018/masks/ISIC2018_Task1_Training_GroundTruth/ISIC_0000099_segmentation.png,1536,2048,1254952,0.39893849690755206,226,305,1821,1381,1596,1077,0.5464210510253906,1.4818941504178273,False,False,False,False,False,1,1.0
ISIC_0000100,data/raw/isic2018/images/ISIC2018_Task1-2_Training_Input/ISIC_0000100.jpg,data/raw/isic2018/masks/ISIC2018_Task1_Training_GroundTruth/ISIC_0000100_segmentation.png,1704,2272,1493566,0.3857860336904053,537,100,1876,1635,1340,1536,0.5316405475104146,0.8723958333333334,False,False,False,False,False,1,1.0
ISIC_0000101,data/raw/isic2018/images/ISIC2018_Task1-2_Training_Input/ISIC_0000101.jpg,data/raw/isic2018/masks/ISIC2018_Task1_Training_GroundTruth/ISIC_0000101_segmentation.png,1704,2272,1509448,0.38988833234146664,486,37,1828,1577,1343,1541,0.5345652627620181,0.8715120051914341,False,False,False,False,False,1,1.0
ISIC_0000102,data/raw/isic2018/images/ISIC2018_Task1-2_Training_Input/ISIC_0000102.jpg,data/raw/isic2018/masks/ISIC2018_Task1_Training_GroundTruth/ISIC_0000102_segmentation.png,1536,2048,88639,0.028177579243977863,838,599,1188,959,351,361,0.04028034210205078,0.9722991689750693,False,False,False,False,False,1,1.0
ISIC_0000103,data/raw/isic2018/images/ISIC2018_Task1-2_Training_Input/ISIC_0000103.jpg,data/raw/isic2018/masks/ISIC2018_Task1_Training_GroundTruth/ISIC_0000103_segmentation.png,1536,2048,1239383,0.39398924509684247,135,116,1541,1315,1407,1200,0.5367279052734375,1.1725,False,False,False,False,False,1,1.0
ISIC_0000104,data/raw/isic2018/images/ISIC2018_Task1-2_Training_Input/ISIC_0000104.jpg,data/raw/isic2018/masks/ISIC2018_Task1_Training_GroundTruth/ISIC_0000104_segmentation.png,1536,2048,746520,0.23731231689453125,503,321,1615,1180,1113,860,0.3042793273925781,1.294186046511628,False,False,False,False,False,1,1.0
ISIC_0000105,data/raw/isic2018/images/ISIC2018_Task1-2_Training_Input/ISIC_0000105.jpg,data/raw/isic2018/masks/ISIC2018_Task1_Training_GroundTruth/ISIC_0000105_segmentation.png,1944,2592,363733,0.07218574563074734,863,470,1608,1202,746,733,0.10852043959254179,1.0177353342428377,False,False,False,False,False,1,1.0
ISIC_0000107,data/raw/isic2018/images/ISIC2018_Task1-2_Training_Input/ISIC_0000107.jpg,data/raw/isic2018/masks/ISIC2018_Task1_Training_GroundTruth/ISIC_0000107_segmentation.png,1536,2048,615438,0.19564247131347656,498,141,1408,1295,911,1155,0.3344869613647461,0.7887445887445887,False,False,False,False,False,1,1.0
ISIC_0000108,data/raw/isic2018/images/ISIC2018_Task1-2_Training_Input/ISIC_0000108.jpg,data/raw/isic2018/masks/ISIC2018_Task1_Training_GroundTruth/ISIC_0000108_segmentation.png,1536,2048,586814,0.18654314676920572,676,349,1637,1177,962,829,0.2535177866617839,1.1604342581423401,False,False,False,False,False,1,1.0
ISIC_0000109,data/raw/isic2018/images/ISIC2018_Task1-2_Training_Input/ISIC_0000109.jpg,data/raw/isic2018/masks/ISIC2018_Task1_Training_GroundTruth/ISIC_0000109_segmentation.png,1536,2048,1117827,0.3553476333618164,214,129,1692,1529,1479,1401,0.658696174621582,1.0556745182012848,False,False,False,False,False,1,1.0
ISIC_0000110,data/raw/isic2018/images/ISIC2018_Task1-2_Training_Input/ISIC_0000110.jpg,data/raw/isic2018/masks/ISIC2018_Task1_Training_GroundTruth/ISIC_0000110_segmentation.png,1536,2048,331872,0.105499267578125,617,429,1435,952,819,524,0.13642501831054688,1.5629770992366412,False,False,False,False,False,1,1.0
ISIC_0000111,data/raw/isic2018/images/ISIC2018_Task1-2_Training_Input/ISIC_0000111.jpg,data/raw/isic2018/masks/ISIC2018_Task1_Training_GroundTruth/ISIC_0000111_segmentation.png,1536,2048,1897950,0.6033420562744141,91,79,1990,1492,1900,1414,0.8540471394856771,1.3437057991513437,False,False,False,False,False,1,1.0
ISIC_0000112,data/raw/isic2018/images/ISIC2018_Task1-2_Training_Input/ISIC_0000112.jpg,data/raw/isic2018/masks/ISIC2018_Task1_Training_GroundTruth/ISIC_0000112_segmentation.png,1536,2048,637524,0.20266342163085938,551,233,1589,1104,1039,872,0.28801218668619794,1.19151376146789,False,False,False,False,False,1,1.0
ISIC_0000113,data/raw/isic2018/images/ISIC2018_Task1-2_Training_Input/ISIC_0000113.jpg,data/raw/isic2018/masks/ISIC2018_Task1_Training_GroundTruth/ISIC_0000113_segmentation.png,2112,2816,1074586,0.1806818854381887,677,469,1933,1552,1257,1084,0.22910680849690082,1.1595940959409594,False,False,False,False,False,1,1.0
ISIC_0000115,data/raw/isic2018/images/ISIC2018_Task1-2_Training_Input/ISIC_0000115.jpg,data/raw/isic2018/masks/ISIC2018_Task1_Training_GroundTruth/ISIC_0000115_segmentation.png,1536,2048,680824,0.2164281209309896,714,273,1454,1451,741,1179,0.2777223587036133,0.628498727735369,False,False,False,False,False,1,1.0
ISIC_0000116,data/raw/isic2018/images/ISIC2018_Task1-2_Training_Input/ISIC_0000116.jpg,data/raw/isic2018/masks/ISIC2018_Task1_Training_GroundTruth/ISIC_0000116_segmentation.png,1536,2048,1136881,0.3614047368367513,130,173,1538,1345,1409,1173,0.5253973007202148,1.2011935208866156,False,False,False,False,False,1,1.0
ISIC_0000117,data/raw/isic2018/images/ISIC2018_Task1-2_Training_Input/ISIC_0000117.jpg,data/raw/isic2018/masks/ISIC2018_Task1_Training_GroundTruth/ISIC_0000117_segmentation.png,1536,2048,721904,0.22948710123697916,659,231,1723,1110,1065,880,0.2979278564453125,1.2102272727272727,False,False,False,False,False,1,1.0
ISIC_0000119,data/raw/isic2018/images/ISIC2018_Task1-2_Training_Input/ISIC_0000119.jpg,data/raw/isic2018/masks/ISIC2018_Task1_Training_GroundTruth/ISIC_0000119_segmentation.png,1536,2048,533631,0.16963672637939453,656,269,1425,1281,770,1013,0.24795850118001303,0.7601184600197434,False,False,False,False,False,1,1.0
ISIC_0000120,data/raw/isic2018/images/ISIC2018_Task1-2_Training_Input/ISIC_0000120.jpg,data/raw/isic2018/masks/ISIC2018_Task1_Training_GroundTruth/ISIC_0000120_segmentation.png,1536,2048,1325982,0.42151832580566406,338,69,1620,1465,1283,1397,0.5697730382283529,0.9183965640658555,False,False,False,False,False,1,1.0
ISIC_0000121,data/raw/isic2018/images/ISIC2018_Task1-2_Training_Input/ISIC_0000121.jpg,data/raw/isic2018/masks/ISIC2018_Task1_Training_GroundTruth/ISIC_0000121_segmentation.png,1536,2048,868625,0.27612845102945965,382,290,1487,1360,1106,1071,0.37655067443847656,1.0326797385620916,False,False,False,False,False,1,1.0
ISIC_0000122,data/raw/isic2018/images/ISIC2018_Task1-2_Training_Input/ISIC_0000122.jpg,data/raw/isic2018/masks/ISIC2018_Task1_Training_GroundTruth/ISIC_0000122_segmentation.png,1536,2048,1229010,0.39069175720214844,379,247,1831,1290,1453,1044,0.4822196960449219,1.3917624521072798,False,False,False,False,False,1,1.0
ISIC_0000123,data/raw/isic2018/images/ISIC2018_Task1-2_Training_Input/ISIC_0000123.jpg,data/raw/isic2018/masks/ISIC2018_Task1_Training_GroundTruth/ISIC_0000123_segmentation.png,1536,2048,588232,0.1869939168294271,525,303,1649,1044,1125,742,0.26535987854003906,1.5161725067385445,False,False,False,False,False,1,1.0
ISIC_0000124,data/raw/isic2018/images/ISIC2018_Task1-2_Training_Input/ISIC_0000124.jpg,data/raw/isic2018/masks/ISIC2018_Task1_Training_GroundTruth/ISIC_0000124_segmentation.png,1536,2048,758493,0.2411184310913086,526,164,1495,1341,970,1178,0.36324183146158856,0.8234295415959253,False,False,False,False,False,1,1.0
ISIC_0000125,data/raw/isic2018/images/ISIC2018_Task1-2_Training_Input/ISIC_0000125.jpg,data/raw/isic2018/masks/ISIC2018_Task1_Training_GroundTruth/ISIC_0000125_segmentation.png,1536,2048,45736,0.014539082845052084,957,640,1224,876,268,237,0.020191192626953125,1.130801687763713,False,False,False,False,False,1,1.0
ISIC_0000126,data/raw/isic2018/images/ISIC2018_Task1-2_Training_Input/ISIC_0000126.jpg,data/raw/isic2018/masks/ISIC2018_Task1_Training_GroundTruth/ISIC_0000126_segmentation.png,1536,2048,801828,0.2548942565917969,422,268,1538,1268,1117,1001,0.35543982187906903,1.115884115884116,False,False,False,False,False,1,1.0
ISIC_0000127,data/raw/isic2018/images/ISIC2018_Task1-2_Training_Input/ISIC_0000127.jpg,data/raw/isic2018/masks/ISIC2018_Task1_Training_GroundTruth/ISIC_0000127_segmentation.png,1536,2048,1350688,0.4293721516927083,219,7,1711,1380,1493,1374,0.6521167755126953,1.086608442503639,False,False,False,False,False,1,1.0
ISIC_0000128,data/raw/isic2018/images/ISIC2018_Task1-2_Training_Input/ISIC_0000128.jpg,data/raw/isic2018/masks/ISIC2018_Task1_Training_GroundTruth/ISIC_0000128_segmentation.png,1536,2048,477328,0.15173848470052084,615,375,1479,1149,865,775,0.21310647328694662,1.1161290322580646,False,False,False,False,False,1,1.0
ISIC_0000129,data/raw/isic2018/images/ISIC2018_Task1-2_Training_Input/ISIC_0000129.jpg,data/raw/isic2018/masks/ISIC2018_Task1_Training_GroundTruth/ISIC_0000129_segmentation.png,1536,2048,294124,0.09349950154622395,822,460,1414,1201,593,742,0.13987414042154947,0.7991913746630728,False,False,False,False,False,1,1.0
ISIC_0000131,data/raw/isic2018/images/ISIC2018_Task1-2_Training_Input/ISIC_0000131.jpg,data/raw/isic2018/masks/ISIC2018_Task1_Training_GroundTruth/ISIC_0000131_segmentation.png,1536,2048,818564,0.26021448771158856,467,97,1512,1113,1046,1017,0.3381671905517578,1.0285152409046214,False,False,False,False,False,1,1.0
ISIC_0000132,data/raw/isic2018/images/ISIC2018_Task1-2_Training_Input/ISIC_0000132.jpg,data/raw/isic2018/masks/ISIC2018_Task1_Training_GroundTruth/ISIC_0000132_segmentation.png,1536,2048,143932,0.04575475056966146,819,351,1223,802,405,452,0.058193206787109375,0.8960176991150443,False,False,False,False,False,1,1.0
ISIC_0000133,data/raw/isic2018/images/ISIC2018_Task1-2_Training_Input/ISIC_0000133.jpg,data/raw/isic2018/masks/ISIC2018_Task1_Training_GroundTruth/ISIC_0000133_segmentation.png,1536,2048,446727,0.14201068878173828,803,349,1549,1128,747,780,0.18522262573242188,0.9576923076923077,False,False,False,False,False,1,1.0
ISIC_0000134,data/raw/isic2018/images/ISIC2018_Task1-2_Training_Input/ISIC_0000134.jpg,data/raw/isic2018/masks/ISIC2018_Task1_Training_GroundTruth/ISIC_0000134_segmentation.png,1536,2048,282699,0.08986759185791016,861,391,1315,1196,455,806,0.11658032735188802,0.5645161290322581,False,False,False,False,False,1,1.0
ISIC_0000135,data/raw/isic2018/images/ISIC2018_Task1-2_Training_Input/ISIC_0000135.jpg,data/raw/isic2018/masks/ISIC2018_Task1_Training_GroundTruth/ISIC_0000135_segmentation.png,1704,2272,391811,0.10120423981683528,765,529,1533,1301,769,773,0.1535422555875157,0.9948253557567918,False,False,False,False,False,1,1.0
ISIC_0000136,data/raw/isic2018/images/ISIC2018_Task1-2_Training_Input/ISIC_0000136.jpg,data/raw/isic2018/masks/ISIC2018_Task1_Training_GroundTruth/ISIC_0000136_segmentation.png,1536,2048,1617095,0.5140606562296549,133,58,1800,1419,1668,1362,0.7221908569335938,1.224669603524229,False,False,False,False,False,1,1.0
ISIC_0000137,data/raw/isic2018/images/ISIC2018_Task1-2_Training_Input/ISIC_0000137.jpg,data/raw/isic2018/masks/ISIC2018_Task1_Training_GroundTruth/ISIC_0000137_segmentation.png,1536,2048,774924,0.24634170532226562,468,321,1797,1149,1330,829,0.350497563680013,1.6043425814234016,False,False,False,False,False,1,1.0
ISIC_0000138,data/raw/isic2018/images/ISIC2018_Task1-2_Training_Input/ISIC_0000138.jpg,data/raw/isic2018/masks/ISIC2018_Task1_Training_GroundTruth/ISIC_0000138_segmentation.png,1536,2048,565102,0.1796410878499349,686,396,1557,1242,872,847,0.2347895304361979,1.0295159386068478,False,False,False,False,False,1,1.0
ISIC_0000139,data/raw/isic2018/images/ISIC2018_Task1-2_Training_Input/ISIC_0000139.jpg,data/raw/isic2018/masks/ISIC2018_Task1_Training_GroundTruth/ISIC_0000139_segmentation.png,2112,2816,1592409,0.2677491243220558,713,321,2153,1767,1441,1447,0.35059518525094696,0.9958534899792675,False,False,False,False,False,1,1.0
ISIC_0000140,data/raw/isic2018/images/ISIC2018_Task1-2_Training_Input/ISIC_0000140.jpg,data/raw/isic2018/masks/ISIC2018_Task1_Training_GroundTruth/ISIC_0000140_segmentation.png,2112,2816,2068369,0.3477774796078685,746,203,2419,1901,1674,1699,0.4782139801782025,0.985285462036492,False,False,False,False,False,1,1.0
ISIC_0000141,data/raw/isic2018/images/ISIC2018_Task1-2_Training_Input/ISIC_0000141.jpg,data/raw/isic2018/masks/ISIC2018_Task1_Training_GroundTruth/ISIC_0000141_segmentation.png,1536,2048,540903,0.17194843292236328,544,444,1666,1160,1123,717,0.2559633255004883,1.5662482566248257,False,False,False,False,False,1,1.0
ISIC_0000142,data/raw/isic2018/images/ISIC2018_Task1-2_Training_Input/ISIC_0000142.jpg,data/raw/isic2018/masks/ISIC2018_Task1_Training_GroundTruth/ISIC_0000142_segmentation.png,1536,2048,1139816,0.36233774820963544,471,227,1707,1390,1237,1164,0.4577217102050781,1.0627147766323024,False,False,False,False,False,1,1.0
ISIC_0000143,data/raw/isic2018/images/ISIC2018_Task1-2_Training_Input/ISIC_0000143.jpg,data/raw/isic2018/masks/ISIC2018_Task1_Training_GroundTruth/ISIC_0000143_segmentation.png,1944,2592,1401944,0.2782270868261952,487,528,2098,1669,1612,1142,0.36534223695574863,1.4115586690017514,False,False,False,False,False,1,1.0
ISIC_0000145,data/raw/isic2018/images/ISIC2018_Task1-2_Training_Input/ISIC_0000145.jpg,data/raw/isic2018/masks/ISIC2018_Task1_Training_GroundTruth/ISIC_0000145_segmentation.png,1536,2048,957679,0.30443795522054035,502,109,1528,1317,1027,1209,0.39470767974853516,0.8494623655913979,False,False,False,False,False,1,1.0
ISIC_0000146,data/raw/isic2018/images/ISIC2018_Task1-2_Training_Input/ISIC_0000146.jpg,data/raw/isic2018/masks/ISIC2018_Task1_Training_GroundTruth/ISIC_0000146_segmentation.png,1536,2048,1164950,0.370327631632487,387,133,1650,1325,1264,1193,0.4793650309244792,1.0595138306789607,False,False,False,False,False,1,1.0
ISIC_0000147,data/raw/isic2018/images/ISIC2018_Task1-2_Training_Input/ISIC_0000147.jpg,data/raw/isic2018/masks/ISIC2018_Task1_Training_GroundTruth/ISIC_0000147_segmentation.png,1536,2048,1537501,0.4887584050496419,367,51,1779,1464,1413,1414,0.6351413726806641,0.9992927864214993,False,False,False,False,False,1,1.0
ISIC_0000148,data/raw/isic2018/images/ISIC2018_Task1-2_Training_Input/ISIC_0000148.jpg,data/raw/isic2018/masks/ISIC2018_Task1_Training_GroundTruth/ISIC_0000148_segmentation.png,2112,2816,878038,0.14763412265409778,991,359,2002,1662,1012,1304,0.22188683712121213,0.7760736196319018,False,False,False,False,False,1,1.0
ISIC_0000149,data/raw/isic2018/images/ISIC2018_Task1-2_Training_Input/ISIC_0000149.jpg,data/raw/isic2018/masks/ISIC2018_Task1_Training_GroundTruth/ISIC_0000149_segmentation.png,1536,2048,1629610,0.5180390675862631,413,11,1931,1384,1519,1374,0.6634731292724609,1.1055312954876273,False,False,False,False,False,1,1.0
ISIC_0000150,data/raw/isic2018/images/ISIC2018_Task1-2_Training_Input/ISIC_0000150.jpg,data/raw/isic2018/masks/ISIC2018_Task1_Training_GroundTruth/ISIC_0000150_segmentation.png,1536,2048,1017241,0.32337220509847003,285,233,1675,1322,1391,1090,0.48198382059733075,1.2761467889908258,False,False,False,False,False,1,1.0
ISIC_0000151,data/raw/isic2018/images/ISIC2018_Task1-2_Training_Input/ISIC_0000151.jpg,data/raw/isic2018/masks/ISIC2018_Task1_Training_GroundTruth/ISIC_0000151_segmentation.png,1536,2048,312451,0.09932549794514973,577,423,1432,993,856,571,0.1553777058919271,1.499124343257443,False,False,False,False,False,1,1.0
ISIC_0000152,data/raw/isic2018/images/ISIC2018_Task1-2_Training_Input/ISIC_0000152.jpg,data/raw/isic2018/masks/ISIC2018_Task1_Training_GroundTruth/ISIC_0000152_segmentation.png,1944,2592,1140869,0.22641464874511,819,157,2000,1513,1182,1357,0.3183215687395214,0.871039056742815,False,False,False,False,False,1,1.0
ISIC_0000153,data/raw/isic2018/images/ISIC2018_Task1-2_Training_Input/ISIC_0000153.jpg,data/raw/isic2018/masks/ISIC2018_Task1_Training_GroundTruth/ISIC_0000153_segmentation.png,1944,2592,1406970,0.27922453703703703,521,253,2031,1657,1511,1405,0.4213175313087436,1.0754448398576513,False,False,False,False,False,1,1.0
ISIC_0000154,data/raw/isic2018/images/ISIC2018_Task1-2_Training_Input/ISIC_0000154.jpg,data/raw/isic2018/masks/ISIC2018_Task1_Training_GroundTruth/ISIC_0000154_segmentation.png,1536,2048,312482,0.09933535257975261,752,369,1517,1057,766,689,0.16777483622233072,1.111756168359942,False,False,False,False,False,1,1.0
ISIC_0000155,data/raw/isic2018/images/ISIC2018_Task1-2_Training_Input/ISIC_0000155.jpg,data/raw/isic2018/masks/ISIC2018_Task1_Training_GroundTruth/ISIC_0000155_segmentation.png,1536,2048,1516518,0.4820880889892578,342,39,1814,1504,1473,1466,0.6864604949951172,1.004774897680764,False,False,False,False,False,1,1.0
ISIC_0000156,data/raw/isic2018/images/ISIC2018_Task1-2_Training_Input/ISIC_0000156.jpg,data/raw/isic2018/masks/ISIC2018_Task1_Training_GroundTruth/ISIC_0000156_segmentation.png,1536,2048,988194,0.31413841247558594,406,109,1542,1452,1137,1344,0.48577880859375,0.8459821428571429,False,False,False,False,False,1,1.0
ISIC_0000157,data/raw/isic2018/images/ISIC2018_Task1-2_Training_Input/ISIC_0000157.jpg,data/raw/isic2018/masks/ISIC2018_Task1_Training_GroundTruth/ISIC_0000157_segmentation.png,629,963,201985,0.33345880239777986,230,74,756,605,527,532,0.4628553787432292,0.9906015037593985,False,False,False,False,False,1,1.0
ISIC_0000159,data/raw/isic2018/images/ISIC2018_Task1-2_Training_Input/ISIC_0000159.jpg,data/raw/isic2018/masks/ISIC2018_Task1_Training_GroundTruth/ISIC_0000159_segmentation.png,724,965,266871,0.38197549594938884,281,70,836,717,556,648,0.5156843099647898,0.8580246913580247,False,False,False,False,False,1,1.0
ISIC_0000160,data/raw/isic2018/images/ISIC2018_Task1-2_Training_Input/ISIC_0000160.jpg,data/raw/isic2018/masks/ISIC2018_Task1_Training_GroundTruth/ISIC_0000160_segmentation.png,540,722,277226,0.7110546834923567,0,38,720,539,721,502,0.9283420539653227,1.4362549800796813,True,True,False,False,True,1,1.0
ISIC_0000161,data/raw/isic2018/images/ISIC2018_Task1-2_Training_Input/ISIC_0000161.jpg,data/raw/isic2018/masks/ISIC2018_Task1_Training_GroundTruth/ISIC_0000161_segmentation.png,674,962,318679,0.4914942904557148,144,38,873,665,730,628,0.7070457812297575,1.1624203821656052,False,False,False,False,False,1,1.0
ISIC_0000162,data/raw/isic2018/images/ISIC2018_Task1-2_Training_Input/ISIC_0000162.jpg,data/raw/isic2018/masks/ISIC2018_Task1_Training_GroundTruth/ISIC_0000162_segmentation.png,640,964,255651,0.4143720824688797,159,20,808,566,650,547,0.5762934387966805,1.1882998171846435,False,False,False,False,False,1,1.0
ISIC_0000163,data/raw/isic2018/images/ISIC2018_Task1-2_Training_Input/ISIC_0000163.jpg,data/raw/isic2018/masks/ISIC2018_Task1_Training_GroundTruth/ISIC_0000163_segmentation.png,649,965,184908,0.295245774687243,178,106,799,551,622,446,0.44294849788834156,1.3946188340807175,False,False,False,False,False,1,1.0
ISIC_0000164,data/raw/isic2018/images/ISIC2018_Task1-2_Training_Input/ISIC_0000164.jpg,data/raw/isic2018/masks/ISIC2018_Task1_Training_GroundTruth/ISIC_0000164_segmentation.png,638,959,211373,0.34546990889804885,234,94,849,632,616,539,0.5426629750818022,1.1428571428571428,False,False,False,False,False,1,1.0
ISIC_0000165,data/raw/isic2018/images/ISIC2018_Task1-2_Training_Input/ISIC_0000165.jpg,data/raw/isic2018/masks/ISIC2018_Task1_Training_GroundTruth/ISIC_0000165_segmentation.png,649,961,71112,0.11401836492226093,433,92,809,398,377,307,0.18557165510374563,1.228013029315961,False,False,False,False,False,1,1.0
ISIC_0000166,data/raw/isic2018/images/ISIC2018_Task1-2_Training_Input/ISIC_0000166.jpg,data/raw/isic2018/masks/ISIC2018_Task1_Training_GroundTruth/ISIC_0000166_segmentation.png,542,722,193477,0.49441639153233635,90,2,616,503,527,502,0.6760484917868569,1.049800796812749,False,False,False,False,False,1,1.0
ISIC_0000167,data/raw/isic2018/images/ISIC2018_Task1-2_Training_Input/ISIC_0000167.jpg,data/raw/isic2018/masks/ISIC2018_Task1_Training_GroundTruth/ISIC_0000167_segmentation.png,624,965,161205,0.2677112395376644,232,6,694,501,463,496,0.38137372127009433,0.9334677419354839,False,False,False,False,False,1,1.0
ISIC_0000169,data/raw/isic2018/images/ISIC2018_Task1-2_Training_Input/ISIC_0000169.jpg,data/raw/isic2018/masks/ISIC2018_Task1_Training_GroundTruth/ISIC_0000169_segmentation.png,542,722,110269,0.28178440371661334,126,61,596,464,471,404,0.48625691243062014,1.1658415841584158,False,False,False,False,False,1,1.0
ISIC_0000170,data/raw/isic2018/images/ISIC2018_Task1-2_Training_Input/ISIC_0000170.jpg,data/raw/isic2018/masks/ISIC2018_Task1_Training_GroundTruth/ISIC_0000170_segmentation.png,542,722,150747,0.38522298657889625,150,68,710,428,561,361,0.5175276752767528,1.554016620498615,False,False,False,False,False,1,1.0
ISIC_0000171,data/raw/isic2018/images/ISIC2018_Task1-2_Training_Input/ISIC_0000171.jpg,data/raw/isic2018/masks/ISIC2018_Task1_Training_GroundTruth/ISIC_0000171_segmentation.png,720,964,285600,0.4114799446749654,115,70,819,677,705,608,0.6175656984785616,1.1595394736842106,False,False,False,False,False,1,1.0
ISIC_0000172,data/raw/isic2018/images/ISIC2018_Task1-2_Training_Input/ISIC_0000172.jpg,data/raw/isic2018/masks/ISIC2018_Task1_Training_GroundTruth/ISIC_0000172_segmentation.png,674,962,232278,0.3582392024528523,232,54,790,651,559,598,0.515558585291523,0.9347826086956522,False,False,False,False,False,1,1.0
ISIC_0000173,data/raw/isic2018/images/ISIC2018_Task1-2_Training_Input/ISIC_0000173.jpg,data/raw/isic2018/masks/ISIC2018_Task1_Training_GroundTruth/ISIC_0000173_segmentation.png,545,722,132036,0.33555109405575745,64,65,613,425,550,361,0.5045871559633027,1.5235457063711912,False,False,False,False,False,1,1.0
ISIC_0000175,data/raw/isic2018/images/ISIC2018_Task1-2_Training_Input/ISIC_0000175.jpg,data/raw/isic2018/masks/ISIC2018_Task1_Training_GroundTruth/ISIC_0000175_segmentation.png,638,966,138360,0.22449814054011955,239,97,666,561,428,465,0.3229229541073619,0.9204301075268817,False,False,False,False,False,1,1.0
ISIC_0000176,data/raw/isic2018/images/ISIC2018_Task1-2_Training_Input/ISIC_0000176.jpg,data/raw/isic2018/masks/ISIC2018_Task1_Training_GroundTruth/ISIC_0000176_segmentation.png,1127,944,181374,0.17048223121230807,185,227,759,681,575,455,0.2459140435835351,1.2637362637362637,False,False,False,False,False,1,1.0
ISIC_0000177,data/raw/isic2018/images/ISIC2018_Task1-2_Training_Input/ISIC_0000177.jpg,data/raw/isic2018/masks/ISIC2018_Task1_Training_GroundTruth/ISIC_0000177_segmentation.png,703,1069,92016,0.12244197326172611,295,126,713,434,419,309,0.17228182837950945,1.3559870550161812,False,False,False,False,False,1,1.0
ISIC_0000179,data/raw/isic2018/images/ISIC2018_Task1-2_Training_Input/ISIC_0000179.jpg,data/raw/isic2018/masks/ISIC2018_Task1_Training_GroundTruth/ISIC_0000179_segmentation.png,1043,1502,646028,0.41237953103117225,256,117,1414,966,1159,850,0.6288515280999575,1.3635294117647059,False,False,False,False,False,1,1.0
ISIC_0000181,data/raw/isic2018/images/ISIC2018_Task1-2_Training_Input/ISIC_0000181.jpg,data/raw/isic2018/masks/ISIC2018_Task1_Training_GroundTruth/ISIC_0000181_segmentation.png,1051,1502,339824,0.21526895316235506,678,82,1257,859,580,778,0.2858478577880935,0.7455012853470437,False,False,False,False,False,1,1.0
ISIC_0000182,data/raw/isic2018/images/ISIC2018_Task1-2_Training_Input/ISIC_0000182.jpg,data/raw/isic2018/masks/ISIC2018_Task1_Training_GroundTruth/ISIC_0000182_segmentation.png,1051,1502,421368,0.2669247853480485,397,170,1154,895,758,726,0.3486046514574288,1.044077134986226,False,False,False,False,False,1,1.0
ISIC_0000183,data/raw/isic2018/images/ISIC2018_Task1-2_Training_Input/ISIC_0000183.jpg,data/raw/isic2018/masks/ISIC2018_Task1_Training_GroundTruth/ISIC_0000183_segmentation.png,705,1079,349896,0.45996884428055923,169,37,854,703,686,667,0.6015052024793117,1.0284857571214392,False,False,False,False,False,1,1.0
ISIC_0000184,data/raw/isic2018/images/ISIC2018_Task1-2_Training_Input/ISIC_0000184.jpg,data/raw/isic2018/masks/ISIC2018_Task1_Training_GroundTruth/ISIC_0000184_segmentation.png,707,1057,306854,0.4106174369295289,201,73,939,627,739,555,0.5488365433380749,1.3315315315315315,False,False,False,False,False,1,1.0
ISIC_0000185,data/raw/isic2018/images/ISIC2018_Task1-2_Training_Input/ISIC_0000185.jpg,data/raw/isic2018/masks/ISIC2018_Task1_Training_GroundTruth/ISIC_0000185_segmentation.png,705,1045,205518,0.2789616206861448,216,137,723,686,508,550,0.3792459873086973,0.9236363636363636,False,False,False,False,False,1,1.0
ISIC_0000186,data/raw/isic2018/images/ISIC2018_Task1-2_Training_Input/ISIC_0000186.jpg,data/raw/isic2018/masks/ISIC2018_Task1_Training_GroundTruth/ISIC_0000186_segmentation.png,702,1064,78628,0.10526851316325,381,157,714,449,334,293,0.1310193218087955,1.1399317406143346,False,False,False,False,False,1,1.0
ISIC_0000187,data/raw/isic2018/images/ISIC2018_Task1-2_Training_Input/ISIC_0000187.jpg,data/raw/isic2018/masks/ISIC2018_Task1_Training_GroundTruth/ISIC_0000187_segmentation.png,542,722,317960,0.812523637701751,66,3,717,541,652,539,0.8980486757776165,1.209647495361781,True,False,False,False,True,1,1.0
ISIC_0000188,data/raw/isic2018/images/ISIC2018_Task1-2_Training_Input/ISIC_0000188.jpg,data/raw/isic2018/masks/ISIC2018_Task1_Training_GroundTruth/ISIC_0000188_segmentation.png,1036,1502,909708,0.5846181924743842,280,1,1433,1035,1154,1035,0.7675673105100536,1.114975845410628,True,False,False,False,True,1,1.0
ISIC_0000189,data/raw/isic2018/images/ISIC2018_Task1-2_Training_Input/ISIC_0000189.jpg,data/raw/isic2018/masks/ISIC2018_Task1_Training_GroundTruth/ISIC_0000189_segmentation.png,1051,1502,643788,0.4078216041788874,358,144,1270,1049,913,906,0.5239940149575384,1.0077262693156732,False,False,False,False,False,1,1.0
ISIC_0000190,data/raw/isic2018/images/ISIC2018_Task1-2_Training_Input/ISIC_0000190.jpg,data/raw/isic2018/masks/ISIC2018_Task1_Training_GroundTruth/ISIC_0000190_segmentation.png,543,722,236130,0.6023017707105799,40,9,640,542,601,534,0.8186131219295695,1.1254681647940075,True,False,False,False,True,1,1.0
ISIC_0000191,data/raw/isic2018/images/ISIC2018_Task1-2_Training_Input/ISIC_0000191.jpg,data/raw/isic2018/masks/ISIC2018_Task1_Training_GroundTruth/ISIC_0000191_segmentation.png,1051,1502,206529,0.13083031695132782,514,286,1139,712,626,427,0.16932830441111818,1.4660421545667448,False,False,False,False,False,1,1.0
ISIC_0000192,data/raw/isic2018/images/ISIC2018_Task1-2_Training_Input/ISIC_0000192.jpg,data/raw/isic2018/masks/ISIC2018_Task1_Training_GroundTruth/ISIC_0000192_segmentation.png,1051,1502,833214,0.5278176513142642,29,69,1305,910,1277,842,0.681130519282251,1.5166270783847982,False,False,False,False,False,1,1.0
ISIC_0000193,data/raw/isic2018/images/ISIC2018_Task1-2_Training_Input/ISIC_0000193.jpg,data/raw/isic2018/masks/ISIC2018_Task1_Training_GroundTruth/ISIC_0000193_segmentation.png,704,1057,228547,0.30713398770104067,145,140,826,568,682,429,0.39318235572374644,1.5897435897435896,False,False,False,False,False,1,1.0
ISIC_0000196,data/raw/isic2018/images/ISIC2018_Task1-2_Training_Input/ISIC_0000196.jpg,data/raw/isic2018/masks/ISIC2018_Task1_Training_GroundTruth/ISIC_0000196_segmentation.png,1036,1494,494876,0.31973195226207274,348,165,1186,1025,839,861,0.46671822424834475,0.9744483159117305,False,False,False,False,False,1,1.0
ISIC_0000197,data/raw/isic2018/images/ISIC2018_Task1-2_Training_Input/ISIC_0000197.jpg,data/raw/isic2018/masks/ISIC2018_Task1_Training_GroundTruth/ISIC_0000197_segmentation.png,1051,1502,476865,0.30208057509112496,496,140,1258,1049,763,910,0.4398385406834655,0.8384615384615385,False,False,False,False,False,1,1.0
ISIC_0000198,data/raw/isic2018/images/ISIC2018_Task1-2_Training_Input/ISIC_0000198.jpg,data/raw/isic2018/masks/ISIC2018_Task1_Training_GroundTruth/ISIC_0000198_segmentation.png,542,725,76606,0.19495101157908132,203,91,540,415,338,325,0.27955210586588625,1.04,False,False,False,False,False,1,1.0
ISIC_0000199,data/raw/isic2018/images/ISIC2018_Task1-2_Training_Input/ISIC_0000199.jpg,data/raw/isic2018/masks/ISIC2018_Task1_Training_GroundTruth/ISIC_0000199_segmentation.png,542,718,118352,0.3041248239780448,130,90,573,465,444,376,0.4289899166401135,1.1808510638297873,False,False,False,False,False,1,1.0
ISIC_0000200,data/raw/isic2018/images/ISIC2018_Task1-2_Training_Input/ISIC_0000200.jpg,data/raw/isic2018/masks/ISIC2018_Task1_Training_GroundTruth/ISIC_0000200_segmentation.png,670,962,167958,0.26058584416793373,222,57,736,498,515,442,0.35316659943525613,1.165158371040724,False,False,False,False,False,1,1.0
ISIC_0000201,data/raw/isic2018/images/ISIC2018_Task1-2_Training_Input/ISIC_0000201.jpg,data/raw/isic2018/masks/ISIC2018_Task1_Training_GroundTruth/ISIC_0000201_segmentation.png,705,1043,122880,0.1671120540176659,316,177,780,537,465,361,0.22828991656636952,1.2880886426592797,False,False,False,False,False,1,1.0
ISIC_0000202,data/raw/isic2018/images/ISIC2018_Task1-2_Training_Input/ISIC_0000202.jpg,data/raw/isic2018/masks/ISIC2018_Task1_Training_GroundTruth/ISIC_0000202_segmentation.png,1051,1502,1273996,0.8070406600270366,0,10,1497,1048,1498,1039,0.9859495933743908,1.4417709335899904,True,True,False,False,False,1,1.0
ISIC_0000203,data/raw/isic2018/images/ISIC2018_Task1-2_Training_Input/ISIC_0000203.jpg,data/raw/isic2018/masks/ISIC2018_Task1_Training_GroundTruth/ISIC_0000203_segmentation.png,1051,1502,1472000,0.9324706290755999,0,0,1501,1049,1502,1050,0.9990485252140818,1.4304761904761905,True,True,True,True,False,1,1.0
ISIC_0000204,data/raw/isic2018/images/ISIC2018_Task1-2_Training_Input/ISIC_0000204.jpg,data/raw/isic2018/masks/ISIC2018_Task1_Training_GroundTruth/ISIC_0000204_segmentation.png,1018,1456,750642,0.5064349942788057,210,0,1210,1014,1001,1015,0.6854739685658153,0.9862068965517241,True,False,False,True,False,1,1.0
ISIC_0000205,data/raw/isic2018/images/ISIC2018_Task1-2_Training_Input/ISIC_0000205.jpg,data/raw/isic2018/masks/ISIC2018_Task1_Training_GroundTruth/ISIC_0000205_segmentation.png,1026,1502,1052067,0.6826940297926352,97,1,1443,983,1347,983,0.8592188972208595,1.37029501525941,False,False,False,False,False,1,1.0
ISIC_0000206,data/raw/isic2018/images/ISIC2018_Task1-2_Training_Input/ISIC_0000206.jpg,data/raw/isic2018/masks/ISIC2018_Task1_Training_GroundTruth/ISIC_0000206_segmentation.png,1051,1502,270141,0.1711267311203204,354,270,1113,878,760,609,0.29319613176722187,1.2479474548440066,False,False,False,False,False,1,1.0
ISIC_0000207,data/raw/isic2018/images/ISIC2018_Task1-2_Training_Input/ISIC_0000207.jpg,data/raw/isic2018/masks/ISIC2018_Task1_Training_GroundTruth/ISIC_0000207_segmentation.png,701,1062,635029,0.8530039142360524,3,1,1058,698,1056,698,0.9900948604495595,1.512893982808023,False,False,False,False,False,1,1.0
ISIC_0000208,data/raw/isic2018/images/ISIC2018_Task1-2_Training_Input/ISIC_0000208.jpg,data/raw/isic2018/masks/ISIC2018_Task1_Training_GroundTruth/ISIC_0000208_segmentation.png,1051,1502,1141352,0.7230144140194932,247,4,1501,1050,1255,1047,0.8323725676262921,1.1986628462273161,True,False,True,False,True,1,1.0
ISIC_0000209,data/raw/isic2018/images/ISIC2018_Task1-2_Training_Input/ISIC_0000209.jpg,data/raw/isic2018/masks/ISIC2018_Task1_Training_GroundTruth/ISIC_0000209_segmentation.png,542,722,233151,0.5958004109126964,51,3,641,527,591,525,0.7928851795443163,1.1257142857142857,False,False,False,False,False,1,1.0
ISIC_0000210,data/raw/isic2018/images/ISIC2018_Task1-2_Training_Input/ISIC_0000210.jpg,data/raw/isic2018/masks/ISIC2018_Task1_Training_GroundTruth/ISIC_0000210_segmentation.png,542,722,34718,0.08871932209626805,255,181,485,370,231,190,0.11215770052437367,1.2157894736842105,False,False,False,False,False,1,1.0
ISIC_0000211,data/raw/isic2018/images/ISIC2018_Task1-2_Training_Input/ISIC_0000211.jpg,data/raw/isic2018/masks/ISIC2018_Task1_Training_GroundTruth/ISIC_0000211_segmentation.png,674,962,91743,0.14149398199843305,289,158,650,483,362,326,0.18200830367002474,1.1104294478527608,False,False,False,False,False,1,1.0
ISIC_0000212,data/raw/isic2018/images/ISIC2018_Task1-2_Training_Input/ISIC_0000212.jpg,data/raw/isic2018/masks/ISIC2018_Task1_Training_GroundTruth/ISIC_0000212_segmentation.png,542,722,268981,0.6873613680735146,20,15,721,524,702,510,0.9148940519876113,1.3764705882352941,True,False,True,False,False,1,1.0
ISIC_0000213,data/raw/isic2018/images/ISIC2018_Task1-2_Training_Input/ISIC_0000213.jpg,data/raw/isic2018/masks/ISIC2018_Task1_Training_GroundTruth/ISIC_0000213_segmentation.png,542,718,149178,0.38333727348415547,62,96,626,474,565,379,0.5502549106271007,1.4907651715039578,False,False,False,False,False,1,1.0
ISIC_0000214,data/raw/isic2018/images/ISIC2018_Task1-2_Training_Input/ISIC_0000214.jpg,data/raw/isic2018/masks/ISIC2018_Task1_Training_GroundTruth/ISIC_0000214_segmentation.png,642,958,153199,0.24908948419279522,211,115,922,492,712,378,0.43759389694261797,1.8835978835978835,False,False,False,False,False,1,1.0
ISIC_0000215,data/raw/isic2018/images/ISIC2018_Task1-2_Training_Input/ISIC_0000215.jpg,data/raw/isic2018/masks/ISIC2018_Task1_Training_GroundTruth/ISIC_0000215_segmentation.png,674,962,475978,0.7340944002665071,1,2,904,673,904,672,0.9369204858819102,1.3452380952380953,True,False,False,False,True,1,1.0
ISIC_0000216,data/raw/isic2018/images/ISIC2018_Task1-2_Training_Input/ISIC_0000216.jpg,data/raw/isic2018/masks/ISIC2018_Task1_Training_GroundTruth/ISIC_0000216_segmentation.png,626,949,271970,0.45780491992580047,200,57,866,619,667,563,0.6321114877944498,1.1847246891651866,False,False,False,False,False,1,1.0
ISIC_0000217,data/raw/isic2018/images/ISIC2018_Task1-2_Training_Input/ISIC_0000217.jpg,data/raw/isic2018/masks/ISIC2018_Task1_Training_GroundTruth/ISIC_0000217_segmentation.png,638,959,357964,0.58505954151562,61,2,831,578,771,577,0.7270945767044433,1.3362218370883883,False,False,False,False,False,1,1.0
ISIC_0000218,data/raw/isic2018/images/ISIC2018_Task1-2_Training_Input/ISIC_0000218.jpg,data/raw/isic2018/masks/ISIC2018_Task1_Training_GroundTruth/ISIC_0000218_segmentation.png,1016,1502,357728,0.23441710265577656,263,229,1127,768,865,540,0.3060879457311511,1.6018518518518519,False,False,False,False,False,1,1.0
ISIC_0000219,data/raw/isic2018/images/ISIC2018_Task1-2_Training_Input/ISIC_0000219.jpg,data/raw/isic2018/masks/ISIC2018_Task1_Training_GroundTruth/ISIC_0000219_segmentation.png,674,962,242170,0.37349549960825923,145,7,772,546,628,540,0.5230201669370809,1.162962962962963,False,False,False,False,False,1,1.0
ISIC_0000220,data/raw/isic2018/images/ISIC2018_Task1-2_Training_Input/ISIC_0000220.jpg,data/raw/isic2018/masks/ISIC2018_Task1_Training_GroundTruth/ISIC_0000220_segmentation.png,674,962,82639,0.12745300653312522,231,224,610,517,380,294,0.1723042375861367,1.2925170068027212,False,False,False,False,False,1,1.0
ISIC_0000221,data/raw/isic2018/images/ISIC2018_Task1-2_Training_Input/ISIC_0000221.jpg,data/raw/isic2018/masks/ISIC2018_Task1_Training_GroundTruth/ISIC_0000221_segmentation.png,671,962,101942,0.15792669891030547,350,153,746,490,397,338,0.2078785193539292,1.1745562130177514,False,False,False,False,False,1,1.0
ISIC_0000222,data/raw/isic2018/images/ISIC2018_Task1-2_Training_Input/ISIC_0000222.jpg,data/raw/isic2018/masks/ISIC2018_Task1_Training_GroundTruth/ISIC_0000222_segmentation.png,645,966,327626,0.5258253486767137,105,0,849,618,745,619,0.7401335323478903,1.2035541195476576,True,False,False,True,False,1,1.0
ISIC_0000223,data/raw/isic2018/images/ISIC2018_Task1-2_Training_Input/ISIC_0000223.jpg,data/raw/isic2018/masks/ISIC2018_Task1_Training_GroundTruth/ISIC_0000223_segmentation.png,634,959,325883,0.5359864869754575,9,78,956,575,948,498,0.7764791794817815,1.9036144578313252,False,False,False,False,False,1,1.0
ISIC_0000224,data/raw/isic2018/images/ISIC2018_Task1-2_Training_Input/ISIC_0000224.jpg,data/raw/isic2018/masks/ISIC2018_Task1_Training_GroundTruth/ISIC_0000224_segmentation.png,640,957,376330,0.6144363897596656,130,2,826,639,697,638,0.7260416666666667,1.0924764890282133,True,False,False,False,True,1,1.0
ISIC_0000225,data/raw/isic2018/images/ISIC2018_Task1-2_Training_Input/ISIC_0000225.jpg,data/raw/isic2018/masks/ISIC2018_Task1_Training_GroundTruth/ISIC_0000225_segmentation.png,723,957,69062,0.0998134153091944,257,250,571,569,315,320,0.1456834766321102,0.984375,False,False,False,False,False,1,1.0
ISIC_0000226,data/raw/isic2018/images/ISIC2018_Task1-2_Training_Input/ISIC_0000226.jpg,data/raw/isic2018/masks/ISIC2018_Task1_Training_GroundTruth/ISIC_0000226_segmentation.png,672,964,307627,0.47487372801817823,125,37,800,620,676,584,0.6094151353487454,1.1575342465753424,False,False,False,False,False,1,1.0
ISIC_0000227,data/raw/isic2018/images/ISIC2018_Task1-2_Training_Input/ISIC_0000227.jpg,data/raw/isic2018/masks/ISIC2018_Task1_Training_GroundTruth/ISIC_0000227_segmentation.png,723,959,114133,0.1646092849715226,325,200,758,575,434,376,0.23535350476017405,1.1542553191489362,False,False,False,False,False,1,1.0
ISIC_0000228,data/raw/isic2018/images/ISIC2018_Task1-2_Training_Input/ISIC_0000228.jpg,data/raw/isic2018/masks/ISIC2018_Task1_Training_GroundTruth/ISIC_0000228_segmentation.png,639,959,238175,0.38866614121060505,85,96,778,588,694,493,0.5583248069112159,1.407707910750507,False,False,False,False,False,1,1.0
ISIC_0000229,data/raw/isic2018/images/ISIC2018_Task1-2_Training_Input/ISIC_0000229.jpg,data/raw/isic2018/masks/ISIC2018_Task1_Training_GroundTruth/ISIC_0000229_segmentation.png,641,962,264152,0.42837172946377317,47,51,869,563,823,513,0.6846744140035872,1.6042884990253412,False,False,False,False,False,1,1.0
ISIC_0000230,data/raw/isic2018/images/ISIC2018_Task1-2_Training_Input/ISIC_0000230.jpg,data/raw/isic2018/masks/ISIC2018_Task1_Training_GroundTruth/ISIC_0000230_segmentation.png,674,962,410090,0.6324762333664411,26,36,899,672,874,637,0.8586494506375812,1.3720565149136579,False,False,False,False,False,1,1.0
ISIC_0000231,data/raw/isic2018/images/ISIC2018_Task1-2_Training_Input/ISIC_0000231.jpg,data/raw/isic2018/masks/ISIC2018_Task1_Training_GroundTruth/ISIC_0000231_segmentation.png,723,962,220278,0.31670706774441215,291,24,791,621,501,598,0.4307502523270158,0.8377926421404682,False,False,False,False,False,1,1.0
ISIC_0000232,data/raw/isic2018/images/ISIC2018_Task1-2_Training_Input/ISIC_0000232.jpg,data/raw/isic2018/masks/ISIC2018_Task1_Training_GroundTruth/ISIC_0000232_segmentation.png,645,960,110957,0.17919412144702843,264,103,648,492,385,390,0.24249031007751937,0.9871794871794872,False,False,False,False,False,1,1.0
ISIC_0000233,data/raw/isic2018/images/ISIC2018_Task1-2_Training_Input/ISIC_0000233.jpg,data/raw/isic2018/masks/ISIC2018_Task1_Training_GroundTruth/ISIC_0000233_segmentation.png,674,962,466764,0.7198837732962362,1,43,947,671,947,629,0.9186829490983793,1.505564387917329,False,False,False,False,False,1,1.0
ISIC_0000234,data/raw/isic2018/images/ISIC2018_Task1-2_Training_Input/ISIC_0000234.jpg,data/raw/isic2018/masks/ISIC2018_Task1_Training_GroundTruth/ISIC_0000234_segmentation.png,676,962,277863,0.42727644576757,79,14,734,589,656,576,0.5810380248250071,1.1388888888888888,False,False,False,False,False,1,1.0
ISIC_0000235,data/raw/isic2018/images/ISIC2018_Task1-2_Training_Input/ISIC_0000235.jpg,data/raw/isic2018/masks/ISIC2018_Task1_Training_GroundTruth/ISIC_0000235_segmentation.png,542,724,254385,0.6482666000693156,57,13,648,540,592,528,0.7965586838188824,1.121212121212121,False,False,False,False,False,1,1.0
ISIC_0000236,data/raw/isic2018/images/ISIC2018_Task1-2_Training_Input/ISIC_0000236.jpg,data/raw/isic2018/masks/ISIC2018_Task1_Training_GroundTruth/ISIC_0000236_segmentation.png,768,1024,386032,0.4908650716145833,33,29,863,682,831,654,0.6910629272460938,1.2706422018348624,False,False,False,False,False,1,1.0
ISIC_0000239,data/raw/isic2018/images/ISIC2018_Task1-2_Training_Input/ISIC_0000239.jpg,data/raw/isic2018/masks/ISIC2018_Task1_Training_GroundTruth/ISIC_0000239_segmentation.png,768,1024,324878,0.41310373942057294,169,109,892,688,724,580,0.5339558919270834,1.2482758620689656,False,False,False,False,False,1,1.0
ISIC_0000240,data/raw/isic2018/images/ISIC2018_Task1-2_Training_Input/ISIC_0000240.jpg,data/raw/isic2018/masks/ISIC2018_Task1_Training_GroundTruth/ISIC_0000240_segmentation.png,768,1024,135869,0.17276636759440103,306,174,755,582,450,409,0.23403167724609375,1.1002444987775062,False,False,False,False,False,1,1.0
ISIC_0000242,data/raw/isic2018/images/ISIC2018_Task1-2_Training_Input/ISIC_0000242.jpg,data/raw/isic2018/masks/ISIC2018_Task1_Training_GroundTruth/ISIC_0000242_segmentation.png,768,1024,284611,0.36190160115559894,80,104,967,618,888,515,0.581512451171875,1.7242718446601941,False,False,False,False,False,1,1.0
ISIC_0000243,data/raw/isic2018/images/ISIC2018_Task1-2_Training_Input/ISIC_0000243.jpg,data/raw/isic2018/masks/ISIC2018_Task1_Training_GroundTruth/ISIC_0000243_segmentation.png,768,576,195700,0.44239185474537035,33,97,493,687,461,591,0.6158921983506944,0.7800338409475466,False,False,False,False,False,1,1.0
ISIC_0000244,data/raw/isic2018/images/ISIC2018_Task1-2_Training_Input/ISIC_0000244.jpg,data/raw/isic2018/masks/ISIC2018_Task1_Training_GroundTruth/ISIC_0000244_segmentation.png,768,1024,226551,0.2880744934082031,159,39,693,665,535,627,0.4265403747558594,0.8532695374800638,False,False,False,False,False,1,1.0
ISIC_0000245,data/raw/isic2018/images/ISIC2018_Task1-2_Training_Input/ISIC_0000245.jpg,data/raw/isic2018/masks/ISIC2018_Task1_Training_GroundTruth/ISIC_0000245_segmentation.png,768,1024,392171,0.4986712137858073,114,83,903,701,790,619,0.6218083699544271,1.2762520193861067,False,False,False,False,False,1,1.0
ISIC_0000246,data/raw/isic2018/images/ISIC2018_Task1-2_Training_Input/ISIC_0000246.jpg,data/raw/isic2018/masks/ISIC2018_Task1_Training_GroundTruth/ISIC_0000246_segmentation.png,768,1024,385790,0.49055735270182294,95,0,889,733,795,734,0.7419967651367188,1.0831062670299727,True,False,False,True,False,1,1.0
ISIC_0000247,data/raw/isic2018/images/ISIC2018_Task1-2_Training_Input/ISIC_0000247.jpg,data/raw/isic2018/masks/ISIC2018_Task1_Training_GroundTruth/ISIC_0000247_segmentation.png,768,1024,93344,0.11869303385416667,353,169,679,539,327,371,0.15426254272460938,0.8814016172506739,False,False,False,False,False,1,1.0
ISIC_0000249,data/raw/isic2018/images/ISIC2018_Task1-2_Training_Input/ISIC_0000249.jpg,data/raw/isic2018/masks/ISIC2018_Task1_Training_GroundTruth/ISIC_0000249_segmentation.png,768,1024,128798,0.1637751261393229,264,263,771,618,508,356,0.22996012369791666,1.4269662921348314,False,False,False,False,False,1,1.0
ISIC_0000250,data/raw/isic2018/images/ISIC2018_Task1-2_Training_Input/ISIC_0000250.jpg,data/raw/isic2018/masks/ISIC2018_Task1_Training_GroundTruth/ISIC_0000250_segmentation.png,768,1024,246172,0.3130238850911458,157,108,868,591,712,484,0.4381917317708333,1.4710743801652892,False,False,False,False,False,1,1.0
ISIC_0000251,data/raw/isic2018/images/ISIC2018_Task1-2_Training_Input/ISIC_0000251.jpg,data/raw/isic2018/masks/ISIC2018_Task1_Training_GroundTruth/ISIC_0000251_segmentation.png,768,1024,84291,0.10718154907226562,334,245,724,548,391,304,0.15114339192708334,1.2861842105263157,False,False,False,False,False,1,1.0
ISIC_0000252,data/raw/isic2018/images/ISIC2018_Task1-2_Training_Input/ISIC_0000252.jpg,data/raw/isic2018/masks/ISIC2018_Task1_Training_GroundTruth/ISIC_0000252_segmentation.png,768,576,92658,0.20945909288194445,112,160,451,571,340,412,0.31665943287037035,0.8252427184466019,False,False,False,False,False,1,1.0
ISIC_0000253,data/raw/isic2018/images/ISIC2018_Task1-2_Training_Input/ISIC_0000253.jpg,data/raw/isic2018/masks/ISIC2018_Task1_Training_GroundTruth/ISIC_0000253_segmentation.png,768,576,43664,0.09870515046296297,159,206,388,475,230,270,0.140380859375,0.8518518518518519,False,False,False,False,False,1,1.0
ISIC_0000254,data/raw/isic2018/images/ISIC2018_Task1-2_Training_Input/ISIC_0000254.jpg,data/raw/isic2018/masks/ISIC2018_Task1_Training_GroundTruth/ISIC_0000254_segmentation.png,768,1024,150845,0.19180933634440103,246,164,739,569,494,406,0.2550303141276042,1.2167487684729064,False,False,False,False,False,1,1.0
ISIC_0000255,data/raw/isic2018/images/ISIC2018_Task1-2_Training_Input/ISIC_0000255.jpg,data/raw/isic2018/masks/ISIC2018_Task1_Training_GroundTruth/ISIC_0000255_segmentation.png,768,1024,157133,0.19980494181315103,191,179,763,561,573,383,0.2790565490722656,1.4960835509138382,False,False,False,False,False,1,1.0
ISIC_0000256,data/raw/isic2018/images/ISIC2018_Task1-2_Training_Input/ISIC_0000256.jpg,data/raw/isic2018/masks/ISIC2018_Task1_Training_GroundTruth/ISIC_0000256_segmentation.png,768,1024,57723,0.07339859008789062,383,215,643,529,261,315,0.10454177856445312,0.8285714285714286,False,False,False,False,False,1,1.0
ISIC_0000258,data/raw/isic2018/images/ISIC2018_Task1-2_Training_Input/ISIC_0000258.jpg,data/raw/isic2018/masks/ISIC2018_Task1_Training_GroundTruth/ISIC_0000258_segmentation.png,768,1024,419297,0.5331637064615885,34,149,894,766,861,618,0.6765975952148438,1.3932038834951457,False,False,False,False,False,1,1.0
ISIC_0000259,data/raw/isic2018/images/ISIC2018_Task1-2_Training_Input/ISIC_0000259.jpg,data/raw/isic2018/masks/ISIC2018_Task1_Training_GroundTruth/ISIC_0000259_segmentation.png,768,1024,703222,0.8941930135091146,0,3,1023,767,1024,765,0.99609375,1.3385620915032679,True,True,True,False,True,1,1.0
ISIC_0000260,data/raw/isic2018/images/ISIC2018_Task1-2_Training_Input/ISIC_0000260.jpg,data/raw/isic2018/masks/ISIC2018_Task1_Training_GroundTruth/ISIC_0000260_segmentation.png,768,1024,129262,0.1643651326497396,247,151,699,557,453,407,0.23443984985351562,1.113022113022113,False,False,False,False,False,1,1.0
ISIC_0000261,data/raw/isic2018/images/ISIC2018_Task1-2_Training_Input/ISIC_0000261.jpg,data/raw/isic2018/masks/ISIC2018_Task1_Training_GroundTruth/ISIC_0000261_segmentation.png,768,1024,66280,0.08427937825520833,367,225,669,521,303,297,0.11442947387695312,1.02020202020202,False,False,False,False,False,1,1.0
ISIC_0000262,data/raw/isic2018/images/ISIC2018_Task1-2_Training_Input/ISIC_0000262.jpg,data/raw/isic2018/masks/ISIC2018_Task1_Training_GroundTruth/ISIC_0000262_segmentation.png,768,576,28991,0.06553593388310185,201,281,419,484,219,204,0.10099283854166667,1.0735294117647058,False,False,False,False,False,1,1.0
ISIC_0000263,data/raw/isic2018/images/ISIC2018_Task1-2_Training_Input/ISIC_0000263.jpg,data/raw/isic2018/masks/ISIC2018_Task1_Training_GroundTruth/ISIC_0000263_segmentation.png,768,1024,172466,0.2193018595377604,203,151,699,653,497,503,0.31787999471028644,0.9880715705765407,False,False,False,False,False,1,1.0
ISIC_0000264,data/raw/isic2018/images/ISIC2018_Task1-2_Training_Input/ISIC_0000264.jpg,data/raw/isic2018/masks/ISIC2018_Task1_Training_GroundTruth/ISIC_0000264_segmentation.png,768,1024,379083,0.4820289611816406,75,55,938,648,864,594,0.652587890625,1.4545454545454546,False,False,False,False,False,1,1.0
ISIC_0000265,data/raw/isic2018/images/ISIC2018_Task1-2_Training_Input/ISIC_0000265.jpg,data/raw/isic2018/masks/ISIC2018_Task1_Training_GroundTruth/ISIC_0000265_segmentation.png,768,1024,196654,0.25005849202473956,331,104,814,669,484,566,0.3483378092447917,0.8551236749116607,False,False,False,False,False,1,1.0
ISIC_0000268,data/raw/isic2018/images/ISIC2018_Task1-2_Training_Input/ISIC_0000268.jpg,data/raw/isic2018/masks/ISIC2018_Task1_Training_GroundTruth/ISIC_0000268_segmentation.png,768,1024,437708,0.5565745035807291,64,155,1017,748,954,594,0.7205657958984375,1.606060606060606,False,False,False,False,False,1,1.0
ISIC_0000269,data/raw/isic2018/images/ISIC2018_Task1-2_Training_Input/ISIC_0000269.jpg,data/raw/isic2018/masks/ISIC2018_Task1_Training_GroundTruth/ISIC_0000269_segmentation.png,768,576,86597,0.19575783058449073,100,207,431,569,332,363,0.2724338107638889,0.9146005509641874,False,False,False,False,False,1,1.0
ISIC_0000271,data/raw/isic2018/images/ISIC2018_Task1-2_Training_Input/ISIC_0000271.jpg,data/raw/isic2018/masks/ISIC2018_Task1_Training_GroundTruth/ISIC_0000271_segmentation.png,768,1024,162372,0.2064666748046875,228,222,740,627,513,406,0.26483917236328125,1.2635467980295567,False,False,False,False,False,1,1.0
ISIC_0000274,data/raw/isic2018/images/ISIC2018_Task1-2_Training_Input/ISIC_0000274.jpg,data/raw/isic2018/masks/ISIC2018_Task1_Training_GroundTruth/ISIC_0000274_segmentation.png,768,1024,241444,0.3070119222005208,130,170,865,634,736,465,0.4351806640625,1.5827956989247312,False,False,False,False,False,1,1.0
ISIC_0000275,data/raw/isic2018/images/ISIC2018_Task1-2_Training_Input/ISIC_0000275.jpg,data/raw/isic2018/masks/ISIC2018_Task1_Training_GroundTruth/ISIC_0000275_segmentation.png,768,1024,69716,0.08864847819010417,434,221,681,613,248,393,0.123931884765625,0.6310432569974554,False,False,False,False,False,1,1.0
ISIC_0000276,data/raw/isic2018/images/ISIC2018_Task1-2_Training_Input/ISIC_0000276.jpg,data/raw/isic2018/masks/ISIC2018_Task1_Training_GroundTruth/ISIC_0000276_segmentation.png,768,1024,333679,0.42429478963216144,187,5,801,733,615,729,0.5700874328613281,0.8436213991769548,False,False,False,False,False,1,1.0
ISIC_0000277,data/raw/isic2018/images/ISIC2018_Task1-2_Training_Input/ISIC_0000277.jpg,data/raw/isic2018/masks/ISIC2018_Task1_Training_GroundTruth/ISIC_0000277_segmentation.png,768,1024,357984,0.4552001953125,115,78,839,702,725,625,0.576178232828776,1.16,False,False,False,False,False,1,1.0
ISIC_0000278,data/raw/isic2018/images/ISIC2018_Task1-2_Training_Input/ISIC_0000278.jpg,data/raw/isic2018/masks/ISIC2018_Task1_Training_GroundTruth/ISIC_0000278_segmentation.png,768,1024,435908,0.5542856852213541,34,10,854,679,821,670,0.6994501749674479,1.2253731343283583,False,False,False,False,False,1,1.0
ISIC_0000279,data/raw/isic2018/images/ISIC2018_Task1-2_Training_Input/ISIC_0000279.jpg,data/raw/isic2018/masks/ISIC2018_Task1_Training_GroundTruth/ISIC_0000279_segmentation.png,768,1024,449232,0.57122802734375,31,0,915,749,885,750,0.8440017700195312,1.18,True,False,False,True,False,1,1.0
ISIC_0000281,data/raw/isic2018/images/ISIC2018_Task1-2_Training_Input/ISIC_0000281.jpg,data/raw/isic2018/masks/ISIC2018_Task1_Training_GroundTruth/ISIC_0000281_segmentation.png,768,1024,219028,0.2785085042317708,236,195,863,673,628,479,0.3825022379557292,1.3110647181628392,False,False,False,False,False,1,1.0
ISIC_0000282,data/raw/isic2018/images/ISIC2018_Task1-2_Training_Input/ISIC_0000282.jpg,data/raw/isic2018/masks/ISIC2018_Task1_Training_GroundTruth/ISIC_0000282_segmentation.png,768,1024,336778,0.42823537190755206,100,0,806,695,707,696,0.625701904296875,1.0158045977011494,True,False,False,True,False,1,1.0
ISIC_0000283,data/raw/isic2018/images/ISIC2018_Task1-2_Training_Input/ISIC_0000283.jpg,data/raw/isic2018/masks/ISIC2018_Task1_Training_GroundTruth/ISIC_0000283_segmentation.png,768,1024,112471,0.14301427205403647,268,176,738,571,471,396,0.2371673583984375,1.1893939393939394,False,False,False,False,False,1,1.0
ISIC_0000287,data/raw/isic2018/images/ISIC2018_Task1-2_Training_Input/ISIC_0000287.jpg,data/raw/isic2018/masks/ISIC2018_Task1_Training_GroundTruth/ISIC_0000287_segmentation.png,768,1024,242941,0.3089154561360677,156,135,902,639,747,505,0.4796791076660156,1.4792079207920792,False,False,False,False,False,1,1.0
ISIC_0000288,data/raw/isic2018/images/ISIC2018_Task1-2_Training_Input/ISIC_0000288.jpg,data/raw/isic2018/masks/ISIC2018_Task1_Training_GroundTruth/ISIC_0000288_segmentation.png,768,1024,622070,0.7910029093424479,0,1,1019,766,1020,766,0.993499755859375,1.3315926892950392,True,True,False,False,False,1,1.0
ISIC_0000290,data/raw/isic2018/images/ISIC2018_Task1-2_Training_Input/ISIC_0000290.jpg,data/raw/isic2018/masks/ISIC2018_Task1_Training_GroundTruth/ISIC_0000290_segmentation.png,768,1024,246543,0.3134956359863281,163,111,867,594,705,484,0.4338836669921875,1.4566115702479339,False,False,False,False,False,1,1.0
ISIC_0000292,data/raw/isic2018/images/ISIC2018_Task1-2_Training_Input/ISIC_0000292.jpg,data/raw/isic2018/masks/ISIC2018_Task1_Training_GroundTruth/ISIC_0000292_segmentation.png,768,1024,506818,0.6444524129231771,19,1,868,764,850,764,0.8257548014322916,1.112565445026178,False,False,False,False,False,1,1.0
ISIC_0000293,data/raw/isic2018/images/ISIC2018_Task1-2_Training_Input/ISIC_0000293.jpg,data/raw/isic2018/masks/ISIC2018_Task1_Training_GroundTruth/ISIC_0000293_segmentation.png,768,1024,617025,0.7845878601074219,60,1,1023,767,964,767,0.9401804606119791,1.256844850065189,True,False,True,False,True,1,1.0
ISIC_0000294,data/raw/isic2018/images/ISIC2018_Task1-2_Training_Input/ISIC_0000294.jpg,data/raw/isic2018/masks/ISIC2018_Task1_Training_GroundTruth/ISIC_0000294_segmentation.png,768,1024,578294,0.7353388468424479,6,12,1021,721,1016,710,0.9172566731770834,1.4309859154929578,False,False,False,False,False,1,1.0
ISIC_0000295,data/raw/isic2018/images/ISIC2018_Task1-2_Training_Input/ISIC_0000295.jpg,data/raw/isic2018/masks/ISIC2018_Task1_Training_GroundTruth/ISIC_0000295_segmentation.png,576,767,308868,0.699125380269448,60,2,738,574,679,573,0.8806565080399826,1.1849912739965096,False,False,False,False,False,1,1.0
ISIC_0000297,data/raw/isic2018/images/ISIC2018_Task1-2_Training_Input/ISIC_0000297.jpg,data/raw/isic2018/masks/ISIC2018_Task1_Training_GroundTruth/ISIC_0000297_segmentation.png,576,767,50692,0.1147417789366942,253,90,510,334,258,245,0.1430763798348544,1.0530612244897959,False,False,False,False,False,1,1.0
ISIC_0000298,data/raw/isic2018/images/ISIC2018_Task1-2_Training_Input/ISIC_0000298.jpg,data/raw/isic2018/masks/ISIC2018_Task1_Training_GroundTruth/ISIC_0000298_segmentation.png,576,767,50320,0.1138997537302622,218,237,523,487,306,251,0.17385104302477183,1.2191235059760956,False,False,False,False,False,1,1.0
ISIC_0000299,data/raw/isic2018/images/ISIC2018_Task1-2_Training_Input/ISIC_0000299.jpg,data/raw/isic2018/masks/ISIC2018_Task1_Training_GroundTruth/ISIC_0000299_segmentation.png,576,767,296705,0.6715943249311893,22,9,697,527,676,519,0.794138418079096,1.302504816955684,False,False,False,False,False,1,1.0
ISIC_0000300,data/raw/isic2018/images/ISIC2018_Task1-2_Training_Input/ISIC_0000300.jpg,data/raw/isic2018/masks/ISIC2018_Task1_Training_GroundTruth/ISIC_0000300_segmentation.png,576,767,208075,0.47097955599014923,56,4,571,572,516,569,0.6645751847023034,0.9068541300527241,False,False,False,False,False,1,1.0
ISIC_0000301,data/raw/isic2018/images/ISIC2018_Task1-2_Training_Input/ISIC_0000301.jpg,data/raw/isic2018/masks/ISIC2018_Task1_Training_GroundTruth/ISIC_0000301_segmentation.png,576,767,372165,0.8423986853541938,2,1,766,575,765,575,0.9956608539765319,1.3304347826086957,True,False,True,False,True,1,1.0
ISIC_0000303,data/raw/isic2018/images/ISIC2018_Task1-2_Training_Input/ISIC_0000303.jpg,data/raw/isic2018/masks/ISIC2018_Task1_Training_GroundTruth/ISIC_0000303_segmentation.png,576,767,401588,0.9089978994640011,0,1,765,574,766,574,0.9952285238302188,1.3344947735191637,True,True,False,False,False,1,1.0
ISIC_0000306,data/raw/isic2018/images/ISIC2018_Task1-2_Training_Input/ISIC_0000306.jpg,data/raw/isic2018/masks/ISIC2018_Task1_Training_GroundTruth/ISIC_0000306_segmentation.png,576,767,61383,0.13894094958713601,203,135,516,442,314,308,0.21890844560336087,1.0194805194805194,False,False,False,False,False,1,1.0
ISIC_0000307,data/raw/isic2018/images/ISIC2018_Task1-2_Training_Input/ISIC_0000307.jpg,data/raw/isic2018/masks/ISIC2018_Task1_Training_GroundTruth/ISIC_0000307_segmentation.png,576,767,338203,0.7655254056207446,0,1,706,570,707,570,0.9121713385484572,1.2403508771929825,True,True,False,False,False,1,1.0
ISIC_0000310,data/raw/isic2018/images/ISIC2018_Task1-2_Training_Input/ISIC_0000310.jpg,data/raw/isic2018/masks/ISIC2018_Task1_Training_GroundTruth/ISIC_0000310_segmentation.png,576,767,326241,0.7384493155149935,24,2,699,571,676,570,0.8721751412429378,1.1859649122807017,False,False,False,False,False,1,1.0
ISIC_0000311,data/raw/isic2018/images/ISIC2018_Task1-2_Training_Input/ISIC_0000311.jpg,data/raw/isic2018/masks/ISIC2018_Task1_Training_GroundTruth/ISIC_0000311_segmentation.png,576,767,337188,0.7632279443720121,26,10,760,570,735,561,0.9333238265971316,1.3101604278074865,False,False,False,False,False,1,1.0
ISIC_0000313,data/raw/isic2018/images/ISIC2018_Task1-2_Training_Input/ISIC_0000313.jpg,data/raw/isic2018/masks/ISIC2018_Task1_Training_GroundTruth/ISIC_0000313_segmentation.png,576,767,100570,0.22764106185716354,222,132,653,457,432,326,0.31877444589308995,1.3251533742331287,False,False,False,False,False,1,1.0
ISIC_0000314,data/raw/isic2018/images/ISIC2018_Task1-2_Training_Input/ISIC_0000314.jpg,data/raw/isic2018/masks/ISIC2018_Task1_Training_GroundTruth/ISIC_0000314_segmentation.png,576,767,145820,0.3300648268868608,144,46,618,478,475,433,0.46554713530349123,1.0969976905311778,False,False,False,False,False,1,1.0
ISIC_0000315,data/raw/isic2018/images/ISIC2018_Task1-2_Training_Input/ISIC_0000315.jpg,data/raw/isic2018/masks/ISIC2018_Task1_Training_GroundTruth/ISIC_0000315_segmentation.png,576,767,73649,0.16670514631319716,180,78,518,411,339,334,0.2562880269448066,1.0149700598802396,False,False,False,False,False,1,1.0
ISIC_0000316,data/raw/isic2018/images/ISIC2018_Task1-2_Training_Input/ISIC_0000316.jpg,data/raw/isic2018/masks/ISIC2018_Task1_Training_GroundTruth/ISIC_0000316_segmentation.png,576,767,177091,0.40084700492539477,151,39,627,541,477,503,0.543085886571056,0.94831013916501,False,False,False,False,False,1,1.0
ISIC_0000317,data/raw/isic2018/images/ISIC2018_Task1-2_Training_Input/ISIC_0000317.jpg,data/raw/isic2018/masks/ISIC2018_Task1_Training_GroundTruth/ISIC_0000317_segmentation.png,576,767,15446,0.034962154135882946,247,161,366,330,120,170,0.046175575836592785,0.7058823529411765,False,False,False,False,False,1,1.0
ISIC_0000319,data/raw/isic2018/images/ISIC2018_Task1-2_Training_Input/ISIC_0000319.jpg,data/raw/isic2018/masks/ISIC2018_Task1_Training_GroundTruth/ISIC_0000319_segmentation.png,576,767,69425,0.15714408590467913,202,136,534,400,333,265,0.1997433181225554,1.2566037735849056,False,False,False,False,False,1,1.0
ISIC_0000320,data/raw/isic2018/images/ISIC2018_Task1-2_Training_Input/ISIC_0000320.jpg,data/raw/isic2018/masks/ISIC2018_Task1_Training_GroundTruth/ISIC_0000320_segmentation.png,576,767,159735,0.36156154932637985,156,64,605,525,450,462,0.47058344198174706,0.974025974025974,False,False,False,False,False,1,1.0
ISIC_0000321,data/raw/isic2018/images/ISIC2018_Task1-2_Training_Input/ISIC_0000321.jpg,data/raw/isic2018/masks/ISIC2018_Task1_Training_GroundTruth/ISIC_0000321_segmentation.png,576,767,193701,0.4384438830943068,121,3,677,453,557,451,0.5686092097638707,1.2350332594235034,False,False,False,False,False,1,1.0
ISIC_0000322,data/raw/isic2018/images/ISIC2018_Task1-2_Training_Input/ISIC_0000322.jpg,data/raw/isic2018/masks/ISIC2018_Task1_Training_GroundTruth/ISIC_0000322_segmentation.png,576,767,130596,0.2956051716644937,77,85,590,396,514,312,0.3629943502824859,1.6474358974358974,False,False,False,False,False,1,1.0
ISIC_0000323,data/raw/isic2018/images/ISIC2018_Task1-2_Training_Input/ISIC_0000323.jpg,data/raw/isic2018/masks/ISIC2018_Task1_Training_GroundTruth/ISIC_0000323_segmentation.png,576,767,37802,0.08556515283210199,239,120,470,345,232,226,0.11868028393452122,1.0265486725663717,False,False,False,False,False,1,1.0
ISIC_0000324,data/raw/isic2018/images/ISIC2018_Task1-2_Training_Input/ISIC_0000324.jpg,data/raw/isic2018/masks/ISIC2018_Task1_Training_GroundTruth/ISIC_0000324_segmentation.png,576,767,156799,0.3549158880197016,161,35,600,510,440,476,0.47406924525568594,0.9243697478991597,False,False,False,False,False,1,1.0
ISIC_0000325,data/raw/isic2018/images/ISIC2018_Task1-2_Training_Input/ISIC_0000325.jpg,data/raw/isic2018/masks/ISIC2018_Task1_Training_GroundTruth/ISIC_0000325_segmentation.png,576,767,124960,0.28284803708532524,132,62,564,448,433,387,0.3792984028683181,1.1188630490956073,False,False,False,False,False,1,1.0
ISIC_0000326,data/raw/isic2018/images/ISIC2018_Task1-2_Training_Input/ISIC_0000326.jpg,data/raw/isic2018/masks/ISIC2018_Task1_Training_GroundTruth/ISIC_0000326_segmentation.png,576,767,68042,0.15401365348399246,219,143,518,482,300,340,0.23087787918296393,0.8823529411764706,False,False,False,False,False,1,1.0
ISIC_0000327,data/raw/isic2018/images/ISIC2018_Task1-2_Training_Input/ISIC_0000327.jpg,data/raw/isic2018/masks/ISIC2018_Task1_Training_GroundTruth/ISIC_0000327_segmentation.png,576,767,71684,0.16225735187599594,198,97,541,400,344,304,0.2367086773866435,1.131578947368421,False,False,False,False,False,1,1.0
ISIC_0000328,data/raw/isic2018/images/ISIC2018_Task1-2_Training_Input/ISIC_0000328.jpg,data/raw/isic2018/masks/ISIC2018_Task1_Training_GroundTruth/ISIC_0000328_segmentation.png,576,767,186735,0.42267628205128205,123,16,639,524,517,509,0.5956490837317109,1.0157170923379175,False,False,False,False,False,1,1.0
ISIC_0000329,data/raw/isic2018/images/ISIC2018_Task1-2_Training_Input/ISIC_0000329.jpg,data/raw/isic2018/masks/ISIC2018_Task1_Training_GroundTruth/ISIC_0000329_segmentation.png,576,767,66638,0.15083568738229755,210,112,484,425,275,314,0.19545396928871506,0.8757961783439491,False,False,False,False,False,1,1.0
ISIC_0000330,data/raw/isic2018/images/ISIC2018_Task1-2_Training_Input/ISIC_0000330.jpg,data/raw/isic2018/masks/ISIC2018_Task1_Training_GroundTruth/ISIC_0000330_segmentation.png,576,767,77846,0.1762050919889903,219,68,596,350,378,283,0.2421365710560626,1.3356890459363957,False,False,False,False,False,1,1.0
ISIC_0000331,data/raw/isic2018/images/ISIC2018_Task1-2_Training_Input/ISIC_0000331.jpg,data/raw/isic2018/masks/ISIC2018_Task1_Training_GroundTruth/ISIC_0000331_segmentation.png,576,767,131016,0.29655584528465884,121,134,551,534,431,401,0.39120445820657684,1.0748129675810474,False,False,False,False,False,1,1.0
ISIC_0000332,data/raw/isic2018/images/ISIC2018_Task1-2_Training_Input/ISIC_0000332.jpg,data/raw/isic2018/masks/ISIC2018_Task1_Training_GroundTruth/ISIC_0000332_segmentation.png,576,767,61912,0.14013834564682023,205,72,501,360,297,289,0.19428373533246415,1.027681660899654,False,False,False,False,False,1,1.0
ISIC_0000336,data/raw/isic2018/images/ISIC2018_Task1-2_Training_Input/ISIC_0000336.jpg,data/raw/isic2018/masks/ISIC2018_Task1_Training_GroundTruth/ISIC_0000336_segmentation.png,576,767,60588,0.13714146023468057,189,102,491,402,303,301,0.20643877661886137,1.0066445182724253,False,False,False,False,False,1,1.0
ISIC_0000337,data/raw/isic2018/images/ISIC2018_Task1-2_Training_Input/ISIC_0000337.jpg,data/raw/isic2018/masks/ISIC2018_Task1_Training_GroundTruth/ISIC_0000337_segmentation.png,576,767,237695,0.5380246812979864,105,6,674,546,570,541,0.6979981529769665,1.0536044362292052,False,False,False,False,False,1,1.0
ISIC_0000338,data/raw/isic2018/images/ISIC2018_Task1-2_Training_Input/ISIC_0000338.jpg,data/raw/isic2018/masks/ISIC2018_Task1_Training_GroundTruth/ISIC_0000338_segmentation.png,576,767,66833,0.1512770715630885,206,145,495,490,290,346,0.22712045487469215,0.838150289017341,False,False,False,False,False,1,1.0
ISIC_0000339,data/raw/isic2018/images/ISIC2018_Task1-2_Training_Input/ISIC_0000339.jpg,data/raw/isic2018/masks/ISIC2018_Task1_Training_GroundTruth/ISIC_0000339_segmentation.png,576,767,61276,0.13869875416485586,227,74,531,330,305,257,0.17742512313486888,1.1867704280155642,False,False,False,False,False,1,1.0
ISIC_0000340,data/raw/isic2018/images/ISIC2018_Task1-2_Training_Input/ISIC_0000340.jpg,data/raw/isic2018/masks/ISIC2018_Task1_Training_GroundTruth/ISIC_0000340_segmentation.png,576,767,68417,0.15486246921628277,239,157,510,501,272,345,0.2124076488483268,0.7884057971014493,False,False,False,False,False,1,1.0
ISIC_0000341,data/raw/isic2018/images/ISIC2018_Task1-2_Training_Input/ISIC_0000341.jpg,data/raw/isic2018/masks/ISIC2018_Task1_Training_GroundTruth/ISIC_0000341_segmentation.png,576,767,102718,0.23250307837172243,194,43,581,450,388,408,0.35832246849196003,0.9509803921568627,False,False,False,False,False,1,1.0
ISIC_0000342,data/raw/isic2018/images/ISIC2018_Task1-2_Training_Input/ISIC_0000342.jpg,data/raw/isic2018/masks/ISIC2018_Task1_Training_GroundTruth/ISIC_0000342_segmentation.png,576,767,74857,0.1694394647254817,156,126,518,436,363,311,0.2555342785745328,1.167202572347267,False,False,False,False,False,1,1.0
ISIC_0000343,data/raw/isic2018/images/ISIC2018_Task1-2_Training_Input/ISIC_0000343.jpg,data/raw/isic2018/masks/ISIC2018_Task1_Training_GroundTruth/ISIC_0000343_segmentation.png,576,767,143236,0.3242159206142257,33,76,545,540,513,465,0.5399486636245111,1.103225806451613,False,False,False,False,False,1,1.0
ISIC_0000344,data/raw/isic2018/images/ISIC2018_Task1-2_Training_Input/ISIC_0000344.jpg,data/raw/isic2018/masks/ISIC2018_Task1_Training_GroundTruth/ISIC_0000344_segmentation.png,576,767,174351,0.3946449913081269,87,47,623,548,537,502,0.6101830725771403,1.0697211155378485,False,False,False,False,False,1,1.0
ISIC_0000345,data/raw/isic2018/images/ISIC2018_Task1-2_Training_Input/ISIC_0000345.jpg,data/raw/isic2018/masks/ISIC2018_Task1_Training_GroundTruth/ISIC_0000345_segmentation.png,576,767,22301,0.05047850572214979,274,184,435,352,162,169,0.06197033898305085,0.9585798816568047,False,False,False,False,False,1,1.0
ISIC_0000346,data/raw/isic2018/images/ISIC2018_Task1-2_Training_Input/ISIC_0000346.jpg,data/raw/isic2018/masks/ISIC2018_Task1_Training_GroundTruth/ISIC_0000346_segmentation.png,576,767,103432,0.2341192235260032,193,126,563,507,371,382,0.3207889685643923,0.9712041884816754,False,False,False,False,False,1,1.0
ISIC_0000348,data/raw/isic2018/images/ISIC2018_Task1-2_Training_Input/ISIC_0000348.jpg,data/raw/isic2018/masks/ISIC2018_Task1_Training_GroundTruth/ISIC_0000348_segmentation.png,576,767,92828,0.2101169781254527,204,118,589,468,386,351,0.3066737288135593,1.0997150997150997,False,False,False,False,False,1,1.0
ISIC_0000349,data/raw/isic2018/images/ISIC2018_Task1-2_Training_Input/ISIC_0000349.jpg,data/raw/isic2018/masks/ISIC2018_Task1_Training_GroundTruth/ISIC_0000349_segmentation.png,576,767,56505,0.1278995545415037,208,121,482,396,275,276,0.17180030421555845,0.9963768115942029,False,False,False,False,False,1,1.0
ISIC_0000350,data/raw/isic2018/images/ISIC2018_Task1-2_Training_Input/ISIC_0000350.jpg,data/raw/isic2018/masks/ISIC2018_Task1_Training_GroundTruth/ISIC_0000350_segmentation.png,576,767,84326,0.19087262784296682,82,166,565,436,484,271,0.2968908445603361,1.7859778597785978,False,False,False,False,False,1,1.0
ISIC_0000351,data/raw/isic2018/images/ISIC2018_Task1-2_Training_Input/ISIC_0000351.jpg,data/raw/isic2018/masks/ISIC2018_Task1_Training_GroundTruth/ISIC_0000351_segmentation.png,576,767,56854,0.12868951904968853,205,192,572,393,368,202,0.16826017673475302,1.8217821782178218,False,False,False,False,False,1,1.0
ISIC_0000352,data/raw/isic2018/images/ISIC2018_Task1-2_Training_Input/ISIC_0000352.jpg,data/raw/isic2018/masks/ISIC2018_Task1_Training_GroundTruth/ISIC_0000352_segmentation.png,576,767,48258,0.10923239895697523,258,165,504,425,247,261,0.14592161016949154,0.946360153256705,False,False,False,False,False,1,1.0
ISIC_0000353,data/raw/isic2018/images/ISIC2018_Task1-2_Training_Input/ISIC_0000353.jpg,data/raw/isic2018/masks/ISIC2018_Task1_Training_GroundTruth/ISIC_0000353_segmentation.png,576,767,105891,0.23968519122120818,156,129,567,496,412,368,0.34318412284513977,1.1195652173913044,False,False,False,False,False,1,1.0
ISIC_0000354,data/raw/isic2018/images/ISIC2018_Task1-2_Training_Input/ISIC_0000354.jpg,data/raw/isic2018/masks/ISIC2018_Task1_Training_GroundTruth/ISIC_0000354_segmentation.png,576,767,187677,0.4248085071707953,147,0,626,515,480,516,0.560625814863103,0.9302325581395349,True,False,False,True,False,1,1.0
ISIC_0000355,data/raw/isic2018/images/ISIC2018_Task1-2_Training_Input/ISIC_0000355.jpg,data/raw/isic2018/masks/ISIC2018_Task1_Training_GroundTruth/ISIC_0000355_segmentation.png,576,767,172842,0.3912293568013907,102,50,542,568,441,519,0.518069589308996,0.8497109826589595,False,False,False,False,False,1,1.0
ISIC_0000357,data/raw/isic2018/images/ISIC2018_Task1-2_Training_Input/ISIC_0000357.jpg,data/raw/isic2018/masks/ISIC2018_Task1_Training_GroundTruth/ISIC_0000357_segmentation.png,576,767,39482,0.08936784731276257,270,169,522,396,253,228,0.13056823120382444,1.1096491228070176,False,False,False,False,False,1,1.0
ISIC_0000358,data/raw/isic2018/images/ISIC2018_Task1-2_Training_Input/ISIC_0000358.jpg,data/raw/isic2018/masks/ISIC2018_Task1_Training_GroundTruth/ISIC_0000358_segmentation.png,576,767,77393,0.1751797225843836,236,72,533,396,298,325,0.2192208097928437,0.916923076923077,False,False,False,False,False,1,1.0
ISIC_0000359,data/raw/isic2018/images/ISIC2018_Task1-2_Training_Input/ISIC_0000359.jpg,data/raw/isic2018/masks/ISIC2018_Task1_Training_GroundTruth/ISIC_0000359_segmentation.png,576,767,300348,0.6798402868318123,46,1,713,571,668,571,0.8633655656960741,1.1698774080560421,False,False,False,False,False,1,1.0
ISIC_0000360,data/raw/isic2018/images/ISIC2018_Task1-2_Training_Input/ISIC_0000360.jpg,data/raw/isic2018/masks/ISIC2018_Task1_Training_GroundTruth/ISIC_0000360_segmentation.png,576,767,36257,0.08206803201506592,272,223,476,447,205,225,0.10440433507170796,0.9111111111111111,False,False,False,False,False,1,1.0
ISIC_0000361,data/raw/isic2018/images/ISIC2018_Task1-2_Training_Input/ISIC_0000361.jpg,data/raw/isic2018/masks/ISIC2018_Task1_Training_GroundTruth/ISIC_0000361_segmentation.png,576,767,149876,0.3392456178473128,159,53,622,515,464,463,0.4862740837317108,1.0021598272138228,False,False,False,False,False,1,1.0
ISIC_0000363,data/raw/isic2018/images/ISIC2018_Task1-2_Training_Input/ISIC_0000363.jpg,data/raw/isic2018/masks/ISIC2018_Task1_Training_GroundTruth/ISIC_0000363_segmentation.png,576,767,100607,0.22772481167608286,187,148,632,481,446,334,0.33718129798638274,1.3353293413173652,False,False,False,False,False,1,1.0
ISIC_0000364,data/raw/isic2018/images/ISIC2018_Task1-2_Training_Input/ISIC_0000364.jpg,data/raw/isic2018/masks/ISIC2018_Task1_Training_GroundTruth/ISIC_0000364_segmentation.png,576,767,207647,0.47001077430102856,80,11,634,564,555,554,0.6959609952194697,1.0018050541516246,False,False,False,False,False,1,1.0
ISIC_0000365,data/raw/isic2018/images/ISIC2018_Task1-2_Training_Input/ISIC_0000365.jpg,data/raw/isic2018/masks/ISIC2018_Task1_Training_GroundTruth/ISIC_0000365_segmentation.png,576,767,63533,0.1438074931189338,204,163,504,447,301,285,0.19417508691873098,1.056140350877193,False,False,False,False,False,1,1.0
ISIC_0000366,data/raw/isic2018/images/ISIC2018_Task1-2_Training_Input/ISIC_0000366.jpg,data/raw/isic2018/masks/ISIC2018_Task1_Training_GroundTruth/ISIC_0000366_segmentation.png,576,767,30213,0.06838738591916559,212,125,427,375,216,251,0.12271838331160365,0.8605577689243028,False,False,False,False,False,1,1.0
ISIC_0000367,data/raw/isic2018/images/ISIC2018_Task1-2_Training_Input/ISIC_0000367.jpg,data/raw/isic2018/masks/ISIC2018_Task1_Training_GroundTruth/ISIC_0000367_segmentation.png,576,767,160090,0.3623650948862813,144,90,638,501,495,412,0.4616199478487614,1.2014563106796117,False,False,False,False,False,1,1.0
ISIC_0000368,data/raw/isic2018/images/ISIC2018_Task1-2_Training_Input/ISIC_0000368.jpg,data/raw/isic2018/masks/ISIC2018_Task1_Training_GroundTruth/ISIC_0000368_segmentation.png,576,767,283841,0.6424765500507026,172,1,744,573,573,573,0.743175521512386,1.0,False,False,False,False,False,1,1.0
ISIC_0000370,data/raw/isic2018/images/ISIC2018_Task1-2_Training_Input/ISIC_0000370.jpg,data/raw/isic2018/masks/ISIC2018_Task1_Training_GroundTruth/ISIC_0000370_segmentation.png,576,767,167041,0.3780987433000145,146,81,618,509,473,429,0.4593043785310734,1.1025641025641026,False,False,False,False,False,1,1.0
ISIC_0000372,data/raw/isic2018/images/ISIC2018_Task1-2_Training_Input/ISIC_0000372.jpg,data/raw/isic2018/masks/ISIC2018_Task1_Training_GroundTruth/ISIC_0000372_segmentation.png,576,767,124702,0.2822640518615095,39,123,536,456,498,334,0.37649391568883095,1.4910179640718564,False,False,False,False,False,1,1.0
ISIC_0000374,data/raw/isic2018/images/ISIC2018_Task1-2_Training_Input/ISIC_0000374.jpg,data/raw/isic2018/masks/ISIC2018_Task1_Training_GroundTruth/ISIC_0000374_segmentation.png,576,767,64188,0.14529009126466755,208,102,502,433,295,332,0.22168803418803418,0.8885542168674698,False,False,False,False,False,1,1.0
ISIC_0000376,data/raw/isic2018/images/ISIC2018_Task1-2_Training_Input/ISIC_0000376.jpg,data/raw/isic2018/masks/ISIC2018_Task1_Training_GroundTruth/ISIC_0000376_segmentation.png,2082,2725,1316921,0.23211996228044665,671,130,1921,1686,1251,1557,0.34331967321471063,0.8034682080924855,False,False,False,False,False,1,1.0
ISIC_0000377,data/raw/isic2018/images/ISIC2018_Task1-2_Training_Input/ISIC_0000377.jpg,data/raw/isic2018/masks/ISIC2018_Task1_Training_GroundTruth/ISIC_0000377_segmentation.png,2304,3072,1253628,0.17711893717447916,672,570,2082,1976,1411,1407,0.28049002753363717,1.0028429282160625,False,False,False,False,False,1,1.0
ISIC_0000378,data/raw/isic2018/images/ISIC2018_Task1-2_Training_Input/ISIC_0000378.jpg,data/raw/isic2018/masks/ISIC2018_Task1_Training_GroundTruth/ISIC_0000378_segmentation.png,2122,2530,1878599,0.3499195329933354,514,6,2060,1662,1547,1657,0.47747091452988266,0.9336149668074833,False,False,False,False,False,1,1.0
ISIC_0000379,data/raw/isic2018/images/ISIC2018_Task1-2_Training_Input/ISIC_0000379.jpg,data/raw/isic2018/masks/ISIC2018_Task1_Training_GroundTruth/ISIC_0000379_segmentation.png,2304,3072,2766123,0.3908119201660156,517,332,2726,2223,2210,1892,0.5907581470630787,1.168076109936575,False,False,False,False,False,1,1.0
ISIC_0000380,data/raw/isic2018/images/ISIC2018_Task1-2_Training_Input/ISIC_0000380.jpg,data/raw/isic2018/masks/ISIC2018_Task1_Training_GroundTruth/ISIC_0000380_segmentation.png,1958,2155,1721462,0.4079786893676724,146,486,1997,1863,1852,1378,0.6048257016843268,1.3439767779390421,False,False,False,False,False,1,1.0
ISIC_0000381,data/raw/isic2018/images/ISIC2018_Task1-2_Training_Input/ISIC_0000381.jpg,data/raw/isic2018/masks/ISIC2018_Task1_Training_GroundTruth/ISIC_0000381_segmentation.png,1943,2101,1373643,0.33649221763623577,138,409,1669,1899,1532,1491,0.5595482679497521,1.027498323272971,False,False,False,False,False,1,1.0
ISIC_0000382,data/raw/isic2018/images/ISIC2018_Task1-2_Training_Input/ISIC_0000382.jpg,data/raw/isic2018/masks/ISIC2018_Task1_Training_GroundTruth/ISIC_0000382_segmentation.png,2067,2314,1297758,0.2713250448773353,317,475,1746,1884,1430,1410,0.4215521599452064,1.0141843971631206,False,False,False,False,False,1,1.0
ISIC_0000383,data/raw/isic2018/images/ISIC2018_Task1-2_Training_Input/ISIC_0000383.jpg,data/raw/isic2018/masks/ISIC2018_Task1_Training_GroundTruth/ISIC_0000383_segmentation.png,1988,2117,1193869,0.2836739378167921,452,397,1779,1689,1328,1293,0.407999247254904,1.0270688321732406,False,False,False,False,False,1,1.0
ISIC_0000384,data/raw/isic2018/images/ISIC2018_Task1-2_Training_Input/ISIC_0000384.jpg,data/raw/isic2018/masks/ISIC2018_Task1_Training_GroundTruth/ISIC_0000384_segmentation.png,2096,2583,360765,0.06663596829534271,775,885,1558,1583,784,699,0.10122261527958791,1.1216022889842632,False,False,False,False,False,1,1.0
ISIC_0000385,data/raw/isic2018/images/ISIC2018_Task1-2_Training_Input/ISIC_0000385.jpg,data/raw/isic2018/masks/ISIC2018_Task1_Training_GroundTruth/ISIC_0000385_segmentation.png,2304,3072,1251625,0.17683594315140336,816,494,2229,1876,1414,1383,0.27629174126519096,1.022415039768619,False,False,False,False,False,1,1.0
ISIC_0000386,data/raw/isic2018/images/ISIC2018_Task1-2_Training_Input/ISIC_0000386.jpg,data/raw/isic2018/masks/ISIC2018_Task1_Training_GroundTruth/ISIC_0000386_segmentation.png,2304,3072,1147937,0.16218637537073205,891,698,2142,2015,1252,1318,0.23313960322627314,0.9499241274658573,False,False,False,False,False,1,1.0
ISIC_0000387,data/raw/isic2018/images/ISIC2018_Task1-2_Training_Input/ISIC_0000387.jpg,data/raw/isic2018/masks/ISIC2018_Task1_Training_GroundTruth/ISIC_0000387_segmentation.png,2304,3072,725109,0.10244708591037327,737,637,1725,1853,989,1217,0.17005256370261865,0.8126540673788003,False,False,False,False,False,1,1.0
ISIC_0000388,data/raw/isic2018/images/ISIC2018_Task1-2_Training_Input/ISIC_0000388.jpg,data/raw/isic2018/masks/ISIC2018_Task1_Training_GroundTruth/ISIC_0000388_segmentation.png,2304,3072,721884,0.10199144151475695,1045,710,1937,1717,893,1008,0.12717692057291666,0.8859126984126984,False,False,False,False,False,1,1.0
ISIC_0000390,data/raw/isic2018/images/ISIC2018_Task1-2_Training_Input/ISIC_0000390.jpg,data/raw/isic2018/masks/ISIC2018_Task1_Training_GroundTruth/ISIC_0000390_segmentation.png,2304,3072,3044676,0.4301673041449653,466,581,3068,2176,2603,1596,0.5869530571831597,1.630952380952381,False,False,False,False,False,1,1.0
ISIC_0000391,data/raw/isic2018/images/ISIC2018_Task1-2_Training_Input/ISIC_0000391.jpg,data/raw/isic2018/masks/ISIC2018_Task1_Training_GroundTruth/ISIC_0000391_segmentation.png,2304,3072,2694690,0.38071950276692706,499,260,2414,2146,1916,1887,0.5108150906032987,1.0153683094859565,False,False,False,False,False,1,1.0
ISIC_0000392,data/raw/isic2018/images/ISIC2018_Task1-2_Training_Input/ISIC_0000392.jpg,data/raw/isic2018/masks/ISIC2018_Task1_Training_GroundTruth/ISIC_0000392_segmentation.png,2304,3072,1968675,0.2781444125705295,523,434,2342,1828,1820,1395,0.3587086995442708,1.3046594982078854,False,False,False,False,False,1,1.0
ISIC_0000393,data/raw/isic2018/images/ISIC2018_Task1-2_Training_Input/ISIC_0000393.jpg,data/raw/isic2018/masks/ISIC2018_Task1_Training_GroundTruth/ISIC_0000393_segmentation.png,2304,3072,3805013,0.5375915809913918,273,26,2627,2281,2355,2256,0.7506306966145834,1.0438829787234043,False,False,False,False,False,1,1.0
ISIC_0000395,data/raw/isic2018/images/ISIC2018_Task1-2_Training_Input/ISIC_0000395.jpg,data/raw/isic2018/masks/ISIC2018_Task1_Training_GroundTruth/ISIC_0000395_segmentation.png,2304,3072,2955462,0.41756269666883683,199,248,2177,2287,1979,2040,0.5703904893663194,0.9700980392156863,False,False,False,False,False,1,1.0
ISIC_0000396,data/raw/isic2018/images/ISIC2018_Task1-2_Training_Input/ISIC_0000396.jpg,data/raw/isic2018/masks/ISIC2018_Task1_Training_GroundTruth/ISIC_0000396_segmentation.png,2000,2565,1675956,0.3266970760233918,594,386,2106,1750,1513,1365,0.40258187134502926,1.1084249084249085,False,False,False,False,False,1,1.0
ISIC_0000397,data/raw/isic2018/images/ISIC2018_Task1-2_Training_Input/ISIC_0000397.jpg,data/raw/isic2018/masks/ISIC2018_Task1_Training_GroundTruth/ISIC_0000397_segmentation.png,2304,3072,1581690,0.22346920437282985,682,320,2192,1978,1511,1659,0.35416624281141496,0.9107896323086196,False,False,False,False,False,1,1.0
ISIC_0000403,data/raw/isic2018/images/ISIC2018_Task1-2_Training_Input/ISIC_0000403.jpg,data/raw/isic2018/masks/ISIC2018_Task1_Training_GroundTruth/ISIC_0000403_segmentation.png,2304,3072,917027,0.1295622366446036,993,541,2001,1945,1009,1405,0.20029209278247975,0.7181494661921708,False,False,False,False,False,1,1.0
ISIC_0000407,data/raw/isic2018/images/ISIC2018_Task1-2_Training_Input/ISIC_0000407.jpg,data/raw/isic2018/masks/ISIC2018_Task1_Training_GroundTruth/ISIC_0000407_segmentation.png,2304,3072,2253633,0.31840472751193577,343,503,2648,1969,2306,1467,0.47795359293619794,1.5719154737559646,False,False,False,False,False,1,1.0
ISIC_0000408,data/raw/isic2018/images/ISIC2018_Task1-2_Training_Input/ISIC_0000408.jpg,data/raw/isic2018/masks/ISIC2018_Task1_Training_GroundTruth/ISIC_0000408_segmentation.png,2304,3072,4779093,0.6752145555284288,3,109,3071,2087,3069,1979,0.8581021626790365,1.5507832238504295,True,False,True,False,False,1,1.0
ISIC_0000409,data/raw/isic2018/images/ISIC2018_Task1-2_Training_Input/ISIC_0000409.jpg,data/raw/isic2018/masks/ISIC2018_Task1_Training_GroundTruth/ISIC_0000409_segmentation.png,1909,2601,444004,0.08942122232473347,807,557,1648,1318,842,762,0.12921733571868338,1.10498687664042,False,False,False,False,False,1,1.0
ISIC_0000410,data/raw/isic2018/images/ISIC2018_Task1-2_Training_Input/ISIC_0000410.jpg,data/raw/isic2018/masks/ISIC2018_Task1_Training_GroundTruth/ISIC_0000410_segmentation.png,1985,2313,794146,0.17296738073380008,495,1,1665,1372,1171,1372,0.3499249124159689,0.8534985422740525,False,False,False,False,False,1,1.0
ISIC_0000412,data/raw/isic2018/images/ISIC2018_Task1-2_Training_Input/ISIC_0000412.jpg,data/raw/isic2018/masks/ISIC2018_Task1_Training_GroundTruth/ISIC_0000412_segmentation.png,2185,2597,2180844,0.3843272778218839,485,210,2437,2172,1953,1963,0.6756147958082244,0.9949057564951604,False,False,False,False,False,1,1.0
ISIC_0000413,data/raw/isic2018/images/ISIC2018_Task1-2_Training_Input/ISIC_0000413.jpg,data/raw/isic2018/masks/ISIC2018_Task1_Training_GroundTruth/ISIC_0000413_segmentation.png,2304,3072,3320135,0.4690855520742911,230,382,2989,2199,2760,1818,0.70892333984375,1.518151815181518,False,False,False,False,False,1,1.0
ISIC_0000415,data/raw/isic2018/images/ISIC2018_Task1-2_Training_Input/ISIC_0000415.jpg,data/raw/isic2018/masks/ISIC2018_Task1_Training_GroundTruth/ISIC_0000415_segmentation.png,2304,3072,3597579,0.5082842508951823,97,1,2973,2301,2877,2301,0.9353040059407552,1.2503259452411994,False,False,False,False,False,1,1.0
ISIC_0000416,data/raw/isic2018/images/ISIC2018_Task1-2_Training_Input/ISIC_0000416.jpg,data/raw/isic2018/masks/ISIC2018_Task1_Training_GroundTruth/ISIC_0000416_segmentation.png,2304,3072,936235,0.132276040536386,825,417,1869,1805,1045,1389,0.20507600572374132,0.7523398128149748,False,False,False,False,False,1,1.0
ISIC_0000418,data/raw/isic2018/images/ISIC2018_Task1-2_Training_Input/ISIC_0000418.jpg,data/raw/isic2018/masks/ISIC2018_Task1_Training_GroundTruth/ISIC_0000418_segmentation.png,2304,3072,1553841,0.21953455607096353,550,500,2564,1798,2015,1299,0.36981158786349827,1.5511932255581216,False,False,False,False,False,1,1.0
ISIC_0000419,data/raw/isic2018/images/ISIC2018_Task1-2_Training_Input/ISIC_0000419.jpg,data/raw/isic2018/masks/ISIC2018_Task1_Training_GroundTruth/ISIC_0000419_segmentation.png,2304,3072,2325885,0.32861285739474827,585,141,2585,2217,2001,2077,0.5871916876898872,0.9634087626384208,False,False,False,False,False,1,1.0
ISIC_0000420,data/raw/isic2018/images/ISIC2018_Task1-2_Training_Input/ISIC_0000420.jpg,data/raw/isic2018/masks/ISIC2018_Task1_Training_GroundTruth/ISIC_0000420_segmentation.png,2304,3072,1607637,0.22713512844509548,424,557,2522,1747,2099,1191,0.3531998528374566,1.762384550797649,False,False,False,False,False,1,1.0
ISIC_0000421,data/raw/isic2018/images/ISIC2018_Task1-2_Training_Input/ISIC_0000421.jpg,data/raw/isic2018/masks/ISIC2018_Task1_Training_GroundTruth/ISIC_0000421_segmentation.png,2304,3072,1258165,0.17775994760018807,701,437,2173,1917,1473,1481,0.30821524726019967,0.9945982444294396,False,False,False,False,False,1,1.0
ISIC_0000423,data/raw/isic2018/images/ISIC2018_Task1-2_Training_Input/ISIC_0000423.jpg,data/raw/isic2018/masks/ISIC2018_Task1_Training_GroundTruth/ISIC_0000423_segmentation.png,2304,3072,2280595,0.3222140559443721,445,405,2405,1977,1961,1573,0.43581545794451676,1.2466624284806103,False,False,False,False,False,1,1.0
ISIC_0000425,data/raw/isic2018/images/ISIC2018_Task1-2_Training_Input/ISIC_0000425.jpg,data/raw/isic2018/masks/ISIC2018_Task1_Training_GroundTruth/ISIC_0000425_segmentation.png,2304,3072,3009326,0.4251728764286748,453,47,2582,2200,2130,2154,0.6482187906901041,0.9888579387186629,False,False,False,False,False,1,1.0
ISIC_0000426,data/raw/isic2018/images/ISIC2018_Task1-2_Training_Input/ISIC_0000426.jpg,data/raw/isic2018/masks/ISIC2018_Task1_Training_GroundTruth/ISIC_0000426_segmentation.png,2304,3072,3975531,0.5616832309299045,144,7,3071,2171,2928,2165,0.8956231011284722,1.3524249422632795,True,False,True,False,False,1,1.0
ISIC_0000427,data/raw/isic2018/images/ISIC2018_Task1-2_Training_Input/ISIC_0000427.jpg,data/raw/isic2018/masks/ISIC2018_Task1_Training_GroundTruth/ISIC_0000427_segmentation.png,2304,3072,1949009,0.2753659001103154,605,241,2209,2073,1605,1833,0.41565577189127606,0.8756137479541735,False,False,False,False,False,1,1.0
ISIC_0000431,data/raw/isic2018/images/ISIC2018_Task1-2_Training_Input/ISIC_0000431.jpg,data/raw/isic2018/masks/ISIC2018_Task1_Training_GroundTruth/ISIC_0000431_segmentation.png,2304,3072,788514,0.11140526665581597,1129,408,2099,1670,971,1263,0.17326821221245658,0.7688044338875692,False,False,False,False,False,1,1.0
ISIC_0000433,data/raw/isic2018/images/ISIC2018_Task1-2_Training_Input/ISIC_0000433.jpg,data/raw/isic2018/masks/ISIC2018_Task1_Training_GroundTruth/ISIC_0000433_segmentation.png,2304,3072,4065978,0.5744620429144965,3,1,2810,2120,2808,2120,0.841064453125,1.3245283018867924,False,False,False,False,False,1,1.0
ISIC_0000434,data/raw/isic2018/images/ISIC2018_Task1-2_Training_Input/ISIC_0000434.jpg,data/raw/isic2018/masks/ISIC2018_Task1_Training_GroundTruth/ISIC_0000434_segmentation.png,2304,3072,2041254,0.28839874267578125,542,66,2434,1694,1893,1629,0.4356803894042969,1.1620626151012892,False,False,False,False,False,1,1.0
ISIC_0000436,data/raw/isic2018/images/ISIC2018_Task1-2_Training_Input/ISIC_0000436.jpg,data/raw/isic2018/masks/ISIC2018_Task1_Training_GroundTruth/ISIC_0000436_segmentation.png,2304,3072,3591036,0.5073598225911459,197,31,2410,2256,2214,2226,0.6963043212890625,0.9946091644204852,False,False,False,False,False,1,1.0
ISIC_0000439,data/raw/isic2018/images/ISIC2018_Task1-2_Training_Input/ISIC_0000439.jpg,data/raw/isic2018/masks/ISIC2018_Task1_Training_GroundTruth/ISIC_0000439_segmentation.png,2304,3072,545065,0.07700955426251446,961,621,1859,1442,899,822,0.1044065687391493,1.0936739659367396,False,False,False,False,False,1,1.0
ISIC_0000442,data/raw/isic2018/images/ISIC2018_Task1-2_Training_Input/ISIC_0000442.jpg,data/raw/isic2018/masks/ISIC2018_Task1_Training_GroundTruth/ISIC_0000442_segmentation.png,2304,3072,1401502,0.19801132767288773,835,457,2316,1836,1482,1380,0.2889506022135417,1.0739130434782609,False,False,False,False,False,1,1.0
ISIC_0000443,data/raw/isic2018/images/ISIC2018_Task1-2_Training_Input/ISIC_0000443.jpg,data/raw/isic2018/masks/ISIC2018_Task1_Training_GroundTruth/ISIC_0000443_segmentation.png,2304,3072,735723,0.10394668579101562,1105,542,2072,1519,968,978,0.1337551540798611,0.9897750511247444,False,False,False,False,False,1,1.0
ISIC_0000444,data/raw/isic2018/images/ISIC2018_Task1-2_Training_Input/ISIC_0000444.jpg,data/raw/isic2018/masks/ISIC2018_Task1_Training_GroundTruth/ISIC_0000444_segmentation.png,2304,3072,729387,0.10305150349934895,865,436,2125,1524,1261,1089,0.19401677449544272,1.157943067033976,False,False,False,False,False,1,1.0
ISIC_0000447,data/raw/isic2018/images/ISIC2018_Task1-2_Training_Input/ISIC_0000447.jpg,data/raw/isic2018/masks/ISIC2018_Task1_Training_GroundTruth/ISIC_0000447_segmentation.png,1956,2012,305481,0.07762245545134103,641,777,1301,1477,661,701,0.117739625640838,0.9429386590584878,False,False,False,False,False,1,1.0
ISIC_0000448,data/raw/isic2018/images/ISIC2018_Task1-2_Training_Input/ISIC_0000448.jpg,data/raw/isic2018/masks/ISIC2018_Task1_Training_GroundTruth/ISIC_0000448_segmentation.png,2304,3072,1375821,0.19438298543294272,910,449,2288,1972,1379,1524,0.2969241672092014,0.9048556430446194,False,False,False,False,False,1,1.0
ISIC_0000449,data/raw/isic2018/images/ISIC2018_Task1-2_Training_Input/ISIC_0000449.jpg,data/raw/isic2018/masks/ISIC2018_Task1_Training_GroundTruth/ISIC_0000449_segmentation.png,2304,3072,246871,0.034879189950448496,1389,755,1973,1367,585,613,0.05066553751627604,0.9543230016313213,False,False,False,False,False,1,1.0
ISIC_0000451,data/raw/isic2018/images/ISIC2018_Task1-2_Training_Input/ISIC_0000451.jpg,data/raw/isic2018/masks/ISIC2018_Task1_Training_GroundTruth/ISIC_0000451_segmentation.png,2304,3072,1150479,0.16254552205403647,790,734,2126,1963,1337,1230,0.23234473334418404,1.0869918699186991,False,False,False,False,False,1,1.0
ISIC_0000453,data/raw/isic2018/images/ISIC2018_Task1-2_Training_Input/ISIC_0000453.jpg,data/raw/isic2018/masks/ISIC2018_Task1_Training_GroundTruth/ISIC_0000453_segmentation.png,2304,3072,1641874,0.2319723058629919,909,378,2385,2121,1477,1744,0.36393455222800924,0.8469036697247706,False,False,False,False,False,1,1.0
ISIC_0000455,data/raw/isic2018/images/ISIC2018_Task1-2_Training_Input/ISIC_0000455.jpg,data/raw/isic2018/masks/ISIC2018_Task1_Training_GroundTruth/ISIC_0000455_segmentation.png,1824,2283,1168459,0.28059681205861786,261,417,1848,1525,1588,1109,0.42291325664138446,1.4319206492335437,False,False,False,False,False,1,1.0
ISIC_0000456,data/raw/isic2018/images/ISIC2018_Task1-2_Training_Input/ISIC_0000456.jpg,data/raw/isic2018/masks/ISIC2018_Task1_Training_GroundTruth/ISIC_0000456_segmentation.png,2304,3072,1844727,0.26063240898980033,545,257,2269,1869,1725,1613,0.39311514960394967,1.069435833849969,False,False,False,False,False,1,1.0
ISIC_0000457,data/raw/isic2018/images/ISIC2018_Task1-2_Training_Input/ISIC_0000457.jpg,data/raw/isic2018/masks/ISIC2018_Task1_Training_GroundTruth/ISIC_0000457_segmentation.png,753,1028,277024,0.35787330573942877,246,17,835,652,590,636,0.4847535926333576,0.9276729559748428,False,False,False,False,False,1,1.0
ISIC_0000458,data/raw/isic2018/images/ISIC2018_Task1-2_Training_Input/ISIC_0000458.jpg,data/raw/isic2018/masks/ISIC2018_Task1_Training_GroundTruth/ISIC_0000458_segmentation.png,802,919,183760,0.24932228731761455,217,160,696,682,480,523,0.340606590162244,0.9177820267686424,False,False,False,False,False,1,1.0
ISIC_0000460,data/raw/isic2018/images/ISIC2018_Task1-2_Training_Input/ISIC_0000460.jpg,data/raw/isic2018/masks/ISIC2018_Task1_Training_GroundTruth/ISIC_0000460_segmentation.png,802,919,130152,0.17658790998564525,152,198,692,573,541,376,0.2759911971974308,1.4388297872340425,False,False,False,False,False,1,1.0
ISIC_0000461,data/raw/isic2018/images/ISIC2018_Task1-2_Training_Input/ISIC_0000461.jpg,data/raw/isic2018/masks/ISIC2018_Task1_Training_GroundTruth/ISIC_0000461_segmentation.png,802,919,242156,0.3285529375690263,122,193,847,689,726,497,0.4895568478151737,1.460764587525151,False,False,False,False,False,1,1.0
ISIC_0000463,data/raw/isic2018/images/ISIC2018_Task1-2_Training_Input/ISIC_0000463.jpg,data/raw/isic2018/masks/ISIC2018_Task1_Training_GroundTruth/ISIC_0000463_segmentation.png,2000,3008,1749824,0.29086170212765955,749,99,2190,1578,1442,1480,0.3547473404255319,0.9743243243243244,False,False,False,False,False,1,1.0
ISIC_0000465,data/raw/isic2018/images/ISIC2018_Task1-2_Training_Input/ISIC_0000465.jpg,data/raw/isic2018/masks/ISIC2018_Task1_Training_GroundTruth/ISIC_0000465_segmentation.png,802,919,114766,0.155712459873168,276,174,629,648,354,475,0.22814291800422773,0.7452631578947368,False,False,False,False,False,1,1.0
ISIC_0000466,data/raw/isic2018/images/ISIC2018_Task1-2_Training_Input/ISIC_0000466.jpg,data/raw/isic2018/masks/ISIC2018_Task1_Training_GroundTruth/ISIC_0000466_segmentation.png,802,919,254497,0.34529698604413883,197,36,742,757,546,722,0.534859803700759,0.7562326869806094,False,False,False,False,False,1,1.0
ISIC_0000469,data/raw/isic2018/images/ISIC2018_Task1-2_Training_Input/ISIC_0000469.jpg,data/raw/isic2018/masks/ISIC2018_Task1_Training_GroundTruth/ISIC_0000469_segmentation.png,802,919,194504,0.26389955470409937,214,62,749,655,536,594,0.4319777270642762,0.9023569023569024,False,False,False,False,False,1,1.0
ISIC_0000470,data/raw/isic2018/images/ISIC2018_Task1-2_Training_Input/ISIC_0000470.jpg,data/raw/isic2018/masks/ISIC2018_Task1_Training_GroundTruth/ISIC_0000470_segmentation.png,802,919,128085,0.17378344128796616,187,174,685,610,499,437,0.2958639853033358,1.1418764302059496,False,False,False,False,False,1,1.0
ISIC_0000471,data/raw/isic2018/images/ISIC2018_Task1-2_Training_Input/ISIC_0000471.jpg,data/raw/isic2018/masks/ISIC2018_Task1_Training_GroundTruth/ISIC_0000471_segmentation.png,802,919,107980,0.14650533622418382,291,188,638,634,348,447,0.21105560364594497,0.7785234899328859,False,False,False,False,False,1,1.0
ISIC_0000473,data/raw/isic2018/images/ISIC2018_Task1-2_Training_Input/ISIC_0000473.jpg,data/raw/isic2018/masks/ISIC2018_Task1_Training_GroundTruth/ISIC_0000473_segmentation.png,2000,3008,1038908,0.17269082446808512,962,415,2129,1627,1168,1213,0.2355026595744681,0.9629018961253092,False,False,False,False,False,1,1.0
ISIC_0000474,data/raw/isic2018/images/ISIC2018_Task1-2_Training_Input/ISIC_0000474.jpg,data/raw/isic2018/masks/ISIC2018_Task1_Training_GroundTruth/ISIC_0000474_segmentation.png,802,919,360466,0.48907383337087096,55,78,882,773,828,696,0.7818972698829639,1.1896551724137931,False,False,False,False,False,1,1.0
ISIC_0000476,data/raw/isic2018/images/ISIC2018_Task1-2_Training_Input/ISIC_0000476.jpg,data/raw/isic2018/masks/ISIC2018_Task1_Training_GroundTruth/ISIC_0000476_segmentation.png,802,919,339915,0.4611906034695633,38,23,898,799,861,777,0.9076831859415662,1.1081081081081081,False,False,False,False,False,1,1.0
ISIC_0000477,data/raw/isic2018/images/ISIC2018_Task1-2_Training_Input/ISIC_0000477.jpg,data/raw/isic2018/masks/ISIC2018_Task1_Training_GroundTruth/ISIC_0000477_segmentation.png,802,919,273766,0.3714408212330979,218,98,747,764,530,667,0.4796360567569108,0.7946026986506747,False,False,False,False,False,1,1.0
ISIC_0000479,data/raw/isic2018/images/ISIC2018_Task1-2_Training_Input/ISIC_0000479.jpg,data/raw/isic2018/masks/ISIC2018_Task1_Training_GroundTruth/ISIC_0000479_segmentation.png,802,919,368326,0.49973814104564485,27,0,851,770,825,771,0.8630152041007384,1.0700389105058365,True,False,False,True,False,1,1.0
ISIC_0000480,data/raw/isic2018/images/ISIC2018_Task1-2_Training_Input/ISIC_0000480.jpg,data/raw/isic2018/masks/ISIC2018_Task1_Training_GroundTruth/ISIC_0000480_segmentation.png,802,919,143045,0.19408090220585641,196,112,623,638,428,527,0.30603035393019085,0.8121442125237192,False,False,False,False,False,1,1.0
ISIC_0000481,data/raw/isic2018/images/ISIC2018_Task1-2_Training_Input/ISIC_0000481.jpg,data/raw/isic2018/masks/ISIC2018_Task1_Training_GroundTruth/ISIC_0000481_segmentation.png,802,919,507784,0.6889522656905072,2,9,918,801,917,793,0.9866261983778313,1.1563682219419924,True,False,True,False,True,1,1.0
ISIC_0000482,data/raw/isic2018/images/ISIC2018_Task1-2_Training_Input/ISIC_0000482.jpg,data/raw/isic2018/masks/ISIC2018_Task1_Training_GroundTruth/ISIC_0000482_segmentation.png,802,919,178016,0.24152893066571873,124,227,785,599,662,373,0.3350247884098242,1.774798927613941,False,False,False,False,False,1,1.0
ISIC_0000483,data/raw/isic2018/images/ISIC2018_Task1-2_Training_Input/ISIC_0000483.jpg,data/raw/isic2018/masks/ISIC2018_Task1_Training_GroundTruth/ISIC_0000483_segmentation.png,802,919,232226,0.31508009085013255,145,115,772,632,628,518,0.44136665952094734,1.2123552123552124,False,False,False,False,False,1,1.0
ISIC_0000484,data/raw/isic2018/images/ISIC2018_Task1-2_Training_Input/ISIC_0000484.jpg,data/raw/isic2018/masks/ISIC2018_Task1_Training_GroundTruth/ISIC_0000484_segmentation.png,802,919,387287,0.5254640873333533,63,68,918,662,856,595,0.6910362830681729,1.438655462184874,True,False,True,False,False,1,1.0
ISIC_0000485,data/raw/isic2018/images/ISIC2018_Task1-2_Training_Input/ISIC_0000485.jpg,data/raw/isic2018/masks/ISIC2018_Task1_Training_GroundTruth/ISIC_0000485_segmentation.png,802,919,451527,0.6126237724513526,0,0,916,799,917,800,0.9953353829788966,1.14625,True,True,False,True,False,1,1.0
ISIC_0000486,data/raw/isic2018/images/ISIC2018_Task1-2_Training_Input/ISIC_0000486.jpg,data/raw/isic2018/masks/ISIC2018_Task1_Training_GroundTruth/ISIC_0000486_segmentation.png,802,919,135183,0.18341388096678868,235,166,643,654,409,489,0.2713577861657065,0.83640081799591,False,False,False,False,False,1,1.0
ISIC_0000487,data/raw/isic2018/images/ISIC2018_Task1-2_Training_Input/ISIC_0000487.jpg,data/raw/isic2018/masks/ISIC2018_Task1_Training_GroundTruth/ISIC_0000487_segmentation.png,802,919,299143,0.4058718817754308,30,117,751,730,722,614,0.6014723799858352,1.1758957654723128,False,False,False,False,False,1,1.0
ISIC_0000488,data/raw/isic2018/images/ISIC2018_Task1-2_Training_Input/ISIC_0000488.jpg,data/raw/isic2018/masks/ISIC2018_Task1_Training_GroundTruth/ISIC_0000488_segmentation.png,802,919,121823,0.1652872714839669,197,222,754,545,558,324,0.24529535790556253,1.7222222222222223,False,False,False,False,False,1,1.0
ISIC_0000489,data/raw/isic2018/images/ISIC2018_Task1-2_Training_Input/ISIC_0000489.jpg,data/raw/isic2018/masks/ISIC2018_Task1_Training_GroundTruth/ISIC_0000489_segmentation.png,802,919,205749,0.27915656994619004,200,0,701,665,502,666,0.45361568874332125,0.7537537537537538,True,False,False,True,False,1,1.0
ISIC_0000490,data/raw/isic2018/images/ISIC2018_Task1-2_Training_Input/ISIC_0000490.jpg,data/raw/isic2018/masks/ISIC2018_Task1_Training_GroundTruth/ISIC_0000490_segmentation.png,802,919,219271,0.2975029781368125,196,144,750,647,555,504,0.37951910213584644,1.1011904761904763,False,False,False,False,False,1,1.0
ISIC_0000491,data/raw/isic2018/images/ISIC2018_Task1-2_Training_Input/ISIC_0000491.jpg,data/raw/isic2018/masks/ISIC2018_Task1_Training_GroundTruth/ISIC_0000491_segmentation.png,802,919,382993,0.5196380647944883,101,23,805,793,705,771,0.7374857198679037,0.914396887159533,False,False,False,False,False,1,1.0
ISIC_0000492,data/raw/isic2018/images/ISIC2018_Task1-2_Training_Input/ISIC_0000492.jpg,data/raw/isic2018/masks/ISIC2018_Task1_Training_GroundTruth/ISIC_0000492_segmentation.png,802,919,115393,0.15656316227928546,273,155,628,629,356,475,0.22943186104379965,0.7494736842105263,False,False,False,False,False,1,1.0
ISIC_0000493,data/raw/isic2018/images/ISIC2018_Task1-2_Training_Input/ISIC_0000493.jpg,data/raw/isic2018/masks/ISIC2018_Task1_Training_GroundTruth/ISIC_0000493_segmentation.png,802,919,334997,0.4545179488710216,142,77,842,746,701,670,0.6372398709428821,1.0462686567164179,False,False,False,False,False,1,1.0
ISIC_0000494,data/raw/isic2018/images/ISIC2018_Task1-2_Training_Input/ISIC_0000494.jpg,data/raw/isic2018/masks/ISIC2018_Task1_Training_GroundTruth/ISIC_0000494_segmentation.png,802,919,100829,0.13680298709157465,267,195,636,591,370,397,0.19929772956075534,0.9319899244332494,False,False,False,False,False,1,1.0
ISIC_0000495,data/raw/isic2018/images/ISIC2018_Task1-2_Training_Input/ISIC_0000495.jpg,data/raw/isic2018/masks/ISIC2018_Task1_Training_GroundTruth/ISIC_0000495_segmentation.png,802,919,154109,0.20909233987935494,262,157,664,676,403,520,0.2843272667080938,0.775,False,False,False,False,False,1,1.0
ISIC_0000496,data/raw/isic2018/images/ISIC2018_Task1-2_Training_Input/ISIC_0000496.jpg,data/raw/isic2018/masks/ISIC2018_Task1_Training_GroundTruth/ISIC_0000496_segmentation.png,717,1019,180986,0.2477146216311285,272,48,667,661,396,614,0.33278996144386364,0.6449511400651465,False,False,False,False,False,1,1.0
ISIC_0000498,data/raw/isic2018/images/ISIC2018_Task1-2_Training_Input/ISIC_0000498.jpg,data/raw/isic2018/masks/ISIC2018_Task1_Training_GroundTruth/ISIC_0000498_segmentation.png,802,919,216115,0.2932209736811399,134,179,816,638,683,460,0.42627381491863375,1.4847826086956522,False,False,False,False,False,1,1.0
ISIC_0000499,data/raw/isic2018/images/ISIC2018_Task1-2_Training_Input/ISIC_0000499.jpg,data/raw/isic2018/masks/ISIC2018_Task1_Training_GroundTruth/ISIC_0000499_segmentation.png,802,919,114693,0.155613414776443,259,176,708,576,450,401,0.24483133841131666,1.1221945137157108,False,False,False,False,False,1,1.0
ISIC_0000500,data/raw/isic2018/images/ISIC2018_Task1-2_Training_Input/ISIC_0000500.jpg,data/raw/isic2018/masks/ISIC2018_Task1_Training_GroundTruth/ISIC_0000500_segmentation.png,802,919,156284,0.21204334104890113,152,257,756,608,605,352,0.28894032600761427,1.71875,False,False,False,False,False,1,1.0
ISIC_0000501,data/raw/isic2018/images/ISIC2018_Task1-2_Training_Input/ISIC_0000501.jpg,data/raw/isic2018/masks/ISIC2018_Task1_Training_GroundTruth/ISIC_0000501_segmentation.png,802,919,130659,0.17727579853413256,245,175,667,619,423,445,0.2553938874250717,0.950561797752809,False,False,False,False,False,1,1.0
ISIC_0000503,data/raw/isic2018/images/ISIC2018_Task1-2_Training_Input/ISIC_0000503.jpg,data/raw/isic2018/masks/ISIC2018_Task1_Training_GroundTruth/ISIC_0000503_segmentation.png,802,919,174632,0.2369375798805489,176,159,737,617,562,459,0.3499928090546213,1.224400871459695,False,False,False,False,False,1,1.0
ISIC_0000504,data/raw/isic2018/images/ISIC2018_Task1-2_Training_Input/ISIC_0000504.jpg,data/raw/isic2018/masks/ISIC2018_Task1_Training_GroundTruth/ISIC_0000504_segmentation.png,2592,3872,1271507,0.12669177172609938,1297,478,2601,1751,1305,1274,0.16565692435720844,1.0243328100470959,False,False,False,False,False,1,1.0
ISIC_0000505,data/raw/isic2018/images/ISIC2018_Task1-2_Training_Input/ISIC_0000505.jpg,data/raw/isic2018/masks/ISIC2018_Task1_Training_GroundTruth/ISIC_0000505_segmentation.png,802,919,111375,0.15111161161296977,292,127,642,701,351,575,0.27383255680168456,0.6104347826086957,False,False,False,False,False,1,1.0
ISIC_0000506,data/raw/isic2018/images/ISIC2018_Task1-2_Training_Input/ISIC_0000506.jpg,data/raw/isic2018/masks/ISIC2018_Task1_Training_GroundTruth/ISIC_0000506_segmentation.png,802,919,75417,0.10232443917409957,322,248,609,588,288,341,0.1332468610845031,0.844574780058651,False,False,False,False,False,1,1.0
ISIC_0000507,data/raw/isic2018/images/ISIC2018_Task1-2_Training_Input/ISIC_0000507.jpg,data/raw/isic2018/masks/ISIC2018_Task1_Training_GroundTruth/ISIC_0000507_segmentation.png,717,1019,185860,0.25438564074769066,164,52,733,541,570,490,0.3822764955387389,1.163265306122449,False,False,False,False,False,1,1.0
ISIC_0000508,data/raw/isic2018/images/ISIC2018_Task1-2_Training_Input/ISIC_0000508.jpg,data/raw/isic2018/masks/ISIC2018_Task1_Training_GroundTruth/ISIC_0000508_segmentation.png,717,1019,140533,0.19234680539758534,237,105,748,536,512,432,0.30273342065607023,1.1851851851851851,False,False,False,False,False,1,1.0
ISIC_0000509,data/raw/isic2018/images/ISIC2018_Task1-2_Training_Input/ISIC_0000509.jpg,data/raw/isic2018/masks/ISIC2018_Task1_Training_GroundTruth/ISIC_0000509_segmentation.png,802,919,220822,0.299607347246682,242,51,684,765,443,715,0.4297539611254779,0.6195804195804195,False,False,False,False,False,1,1.0
ISIC_0000510,data/raw/isic2018/images/ISIC2018_Task1-2_Training_Input/ISIC_0000510.jpg,data/raw/isic2018/masks/ISIC2018_Task1_Training_GroundTruth/ISIC_0000510_segmentation.png,802,919,220002,0.29849478588620937,186,135,739,661,554,527,0.3961234020498265,1.0512333965844403,False,False,False,False,False,1,1.0
ISIC_0000511,data/raw/isic2018/images/ISIC2018_Task1-2_Training_Input/ISIC_0000511.jpg,data/raw/isic2018/masks/ISIC2018_Task1_Training_GroundTruth/ISIC_0000511_segmentation.png,802,919,375134,0.5089751139018612,78,16,878,785,801,770,0.8368225247544903,1.0402597402597402,False,False,False,False,False,1,1.0
ISIC_0000513,data/raw/isic2018/images/ISIC2018_Task1-2_Training_Input/ISIC_0000513.jpg,data/raw/isic2018/masks/ISIC2018_Task1_Training_GroundTruth/ISIC_0000513_segmentation.png,802,919,194402,0.26376116292511376,154,167,707,638,554,472,0.35478225003324115,1.173728813559322,False,False,False,False,False,1,1.0
ISIC_0000514,data/raw/isic2018/images/ISIC2018_Task1-2_Training_Input/ISIC_0000514.jpg,data/raw/isic2018/masks/ISIC2018_Task1_Training_GroundTruth/ISIC_0000514_segmentation.png,802,919,95852,0.1300502823463648,294,163,627,619,334,457,0.20709651334123885,0.7308533916849015,False,False,False,False,False,1,1.0
ISIC_0000515,data/raw/isic2018/images/ISIC2018_Task1-2_Training_Input/ISIC_0000515.jpg,data/raw/isic2018/masks/ISIC2018_Task1_Training_GroundTruth/ISIC_0000515_segmentation.png,802,919,333611,0.45263744881539353,133,92,777,773,645,682,0.5968348986076701,0.9457478005865103,False,False,False,False,False,1,1.0
ISIC_0000517,data/raw/isic2018/images/ISIC2018_Task1-2_Training_Input/ISIC_0000517.jpg,data/raw/isic2018/masks/ISIC2018_Task1_Training_GroundTruth/ISIC_0000517_segmentation.png,802,919,565032,0.7666253300372572,2,0,916,801,915,802,0.9956474428726877,1.1408977556109725,True,False,False,True,True,1,1.0
ISIC_0000518,data/raw/isic2018/images/ISIC2018_Task1-2_Training_Input/ISIC_0000518.jpg,data/raw/isic2018/masks/ISIC2018_Task1_Training_GroundTruth/ISIC_0000518_segmentation.png,802,919,137914,0.1871192530100212,251,120,676,613,426,494,0.28552666212596906,0.8623481781376519,False,False,False,False,False,1,1.0
ISIC_0000519,data/raw/isic2018/images/ISIC2018_Task1-2_Training_Input/ISIC_0000519.jpg,data/raw/isic2018/masks/ISIC2018_Task1_Training_GroundTruth/ISIC_0000519_segmentation.png,2304,3072,3377877,0.47724363538953996,685,20,2649,2282,1965,2263,0.6282658047146268,0.8683163941670349,False,False,False,False,False,1,1.0
ISIC_0000520,data/raw/isic2018/images/ISIC2018_Task1-2_Training_Input/ISIC_0000520.jpg,data/raw/isic2018/masks/ISIC2018_Task1_Training_GroundTruth/ISIC_0000520_segmentation.png,2304,3072,1105089,0.15613259209526908,813,898,2225,1958,1413,1061,0.21181360880533853,1.3317624882186616,False,False,False,False,False,1,1.0
ISIC_0000521,data/raw/isic2018/images/ISIC2018_Task1-2_Training_Input/ISIC_0000521.jpg,data/raw/isic2018/masks/ISIC2018_Task1_Training_GroundTruth/ISIC_0000521_segmentation.png,2304,3072,3792195,0.5357805887858073,12,379,3020,2039,3009,1661,0.7061356438530816,1.8115593016255267,False,False,False,False,False,1,1.0
ISIC_0000522,data/raw/isic2018/images/ISIC2018_Task1-2_Training_Input/ISIC_0000522.jpg,data/raw/isic2018/masks/ISIC2018_Task1_Training_GroundTruth/ISIC_0000522_segmentation.png,802,919,200661,0.2722532623826723,199,39,703,720,505,682,0.4672893392199588,0.7404692082111437,False,False,False,False,False,1,1.0
ISIC_0000523,data/raw/isic2018/images/ISIC2018_Task1-2_Training_Input/ISIC_0000523.jpg,data/raw/isic2018/masks/ISIC2018_Task1_Training_GroundTruth/ISIC_0000523_segmentation.png,802,919,159568,0.21649901361937918,230,163,701,627,472,465,0.2977865456055183,1.0150537634408603,False,False,False,False,False,1,1.0
ISIC_0000524,data/raw/isic2018/images/ISIC2018_Task1-2_Training_Input/ISIC_0000524.jpg,data/raw/isic2018/masks/ISIC2018_Task1_Training_GroundTruth/ISIC_0000524_segmentation.png,802,919,230319,0.3124927072959603,161,117,783,668,623,552,0.46659195319644303,1.1286231884057971,False,False,False,False,False,1,1.0
ISIC_0000525,data/raw/isic2018/images/ISIC2018_Task1-2_Training_Input/ISIC_0000525.jpg,data/raw/isic2018/masks/ISIC2018_Task1_Training_GroundTruth/ISIC_0000525_segmentation.png,711,1007,264717,0.3697283571958317,188,90,853,627,666,538,0.5004462433849132,1.237918215613383,False,False,False,False,False,1,1.0
ISIC_0000527,data/raw/isic2018/images/ISIC2018_Task1-2_Training_Input/ISIC_0000527.jpg,data/raw/isic2018/masks/ISIC2018_Task1_Training_GroundTruth/ISIC_0000527_segmentation.png,713,1011,172439,0.2392185260868178,262,79,754,605,493,527,0.360426611620006,0.9354838709677419,False,False,False,False,False,1,1.0
ISIC_0000528,data/raw/isic2018/images/ISIC2018_Task1-2_Training_Input/ISIC_0000528.jpg,data/raw/isic2018/masks/ISIC2018_Task1_Training_GroundTruth/ISIC_0000528_segmentation.png,711,1008,96649,0.13485505547741836,292,161,759,522,468,362,0.2363873819570022,1.292817679558011,False,False,False,False,False,1,1.0
ISIC_0000529,data/raw/isic2018/images/ISIC2018_Task1-2_Training_Input/ISIC_0000529.jpg,data/raw/isic2018/masks/ISIC2018_Task1_Training_GroundTruth/ISIC_0000529_segmentation.png,753,1028,306583,0.3960590840270565,129,64,909,647,781,584,0.5892177076389642,1.3373287671232876,False,False,False,False,False,1,1.0
ISIC_0000530,data/raw/isic2018/images/ISIC2018_Task1-2_Training_Input/ISIC_0000530.jpg,data/raw/isic2018/masks/ISIC2018_Task1_Training_GroundTruth/ISIC_0000530_segmentation.png,802,919,171657,0.23290115299346845,182,135,654,657,473,523,0.33563941072237796,0.904397705544933,False,False,False,False,False,1,1.0
ISIC_0000531,data/raw/isic2018/images/ISIC2018_Task1-2_Training_Input/ISIC_0000531.jpg,data/raw/isic2018/masks/ISIC2018_Task1_Training_GroundTruth/ISIC_0000531_segmentation.png,802,919,137146,0.18607724432118833,238,128,693,627,456,500,0.30934632949725793,0.912,False,False,False,False,False,1,1.0
ISIC_0000532,data/raw/isic2018/images/ISIC2018_Task1-2_Training_Input/ISIC_0000532.jpg,data/raw/isic2018/masks/ISIC2018_Task1_Training_GroundTruth/ISIC_0000532_segmentation.png,802,919,156042,0.21171499976934705,161,192,728,654,568,463,0.3568119961250302,1.2267818574514038,False,False,False,False,False,1,1.0
ISIC_0000533,data/raw/isic2018/images/ISIC2018_Task1-2_Training_Input/ISIC_0000533.jpg,data/raw/isic2018/masks/ISIC2018_Task1_Training_GroundTruth/ISIC_0000533_segmentation.png,682,1016,261582,0.3775111413859191,332,3,895,664,564,662,0.5388389867688826,0.851963746223565,False,False,False,False,False,1,1.0
ISIC_0000534,data/raw/isic2018/images/ISIC2018_Task1-2_Training_Input/ISIC_0000534.jpg,data/raw/isic2018/masks/ISIC2018_Task1_Training_GroundTruth/ISIC_0000534_segmentation.png,719,824,254215,0.4290867169882658,92,48,705,667,614,620,0.6425456067623587,0.9903225806451613,False,False,False,False,False,1,1.0
ISIC_0000535,data/raw/isic2018/images/ISIC2018_Task1-2_Training_Input/ISIC_0000535.jpg,data/raw/isic2018/masks/ISIC2018_Task1_Training_GroundTruth/ISIC_0000535_segmentation.png,719,824,125155,0.21124775510755228,200,66,563,586,364,521,0.3200980325965135,0.6986564299424184,False,False,False,False,False,1,1.0
ISIC_0000536,data/raw/isic2018/images/ISIC2018_Task1-2_Training_Input/ISIC_0000536.jpg,data/raw/isic2018/masks/ISIC2018_Task1_Training_GroundTruth/ISIC_0000536_segmentation.png,682,796,34306,0.06319353365065798,241,226,485,451,245,226,0.10199457699052447,1.084070796460177,False,False,False,False,False,1,1.0
ISIC_0000537,data/raw/isic2018/images/ISIC2018_Task1-2_Training_Input/ISIC_0000537.jpg,data/raw/isic2018/masks/ISIC2018_Task1_Training_GroundTruth/ISIC_0000537_segmentation.png,719,824,232931,0.3931616862686849,175,27,710,700,536,674,0.6097735528039213,0.7952522255192879,False,False,False,False,False,1,1.0
ISIC_0000538,data/raw/isic2018/images/ISIC2018_Task1-2_Training_Input/ISIC_0000538.jpg,data/raw/isic2018/masks/ISIC2018_Task1_Training_GroundTruth/ISIC_0000538_segmentation.png,719,824,101644,0.17156379545485234,236,136,595,556,360,421,0.2558164656953428,0.8551068883610451,False,False,False,False,False,1,1.0
ISIC_0000539,data/raw/isic2018/images/ISIC2018_Task1-2_Training_Input/ISIC_0000539.jpg,data/raw/isic2018/masks/ISIC2018_Task1_Training_GroundTruth/ISIC_0000539_segmentation.png,719,824,328438,0.5543669065719649,27,0,768,704,742,705,0.8829516453542542,1.052482269503546,True,False,False,True,False,1,1.0
ISIC_0000540,data/raw/isic2018/images/ISIC2018_Task1-2_Training_Input/ISIC_0000540.jpg,data/raw/isic2018/masks/ISIC2018_Task1_Training_GroundTruth/ISIC_0000540_segmentation.png,719,824,303841,0.5128498994018121,72,39,765,690,694,652,0.7637495442699542,1.0644171779141105,False,False,False,False,False,1,1.0
ISIC_0000541,data/raw/isic2018/images/ISIC2018_Task1-2_Training_Input/ISIC_0000541.jpg,data/raw/isic2018/masks/ISIC2018_Task1_Training_GroundTruth/ISIC_0000541_segmentation.png,719,824,187114,0.3158276732786907,108,150,681,587,574,438,0.4243555639574922,1.3105022831050228,False,False,False,False,False,1,1.0
ISIC_0000542,data/raw/isic2018/images/ISIC2018_Task1-2_Training_Input/ISIC_0000542.jpg,data/raw/isic2018/masks/ISIC2018_Task1_Training_GroundTruth/ISIC_0000542_segmentation.png,719,824,251735,0.4249007521233644,0,147,808,573,809,427,0.5830694600105324,1.8946135831381734,True,True,False,False,False,1,1.0
ISIC_0000543,data/raw/isic2018/images/ISIC2018_Task1-2_Training_Input/ISIC_0000543.jpg,data/raw/isic2018/masks/ISIC2018_Task1_Training_GroundTruth/ISIC_0000543_segmentation.png,680,853,166945,0.2878163574925867,180,40,637,539,458,500,0.3948003585959589,0.916,False,False,False,False,False,1,1.0
ISIC_0000544,data/raw/isic2018/images/ISIC2018_Task1-2_Training_Input/ISIC_0000544.jpg,data/raw/isic2018/masks/ISIC2018_Task1_Training_GroundTruth/ISIC_0000544_segmentation.png,719,824,149971,0.2531344099815007,160,145,613,635,454,491,0.376254101570412,0.924643584521385,False,False,False,False,False,1,1.0
ISIC_0000545,data/raw/isic2018/images/ISIC2018_Task1-2_Training_Input/ISIC_0000545.jpg,data/raw/isic2018/masks/ISIC2018_Task1_Training_GroundTruth/ISIC_0000545_segmentation.png,719,824,233913,0.3948191933240612,174,12,620,695,447,684,0.5160687038362343,0.6535087719298246,False,False,False,False,False,1,1.0
ISIC_0000546,data/raw/isic2018/images/ISIC2018_Task1-2_Training_Input/ISIC_0000546.jpg,data/raw/isic2018/masks/ISIC2018_Task1_Training_GroundTruth/ISIC_0000546_segmentation.png,719,824,197884,0.33400623843795996,142,68,683,625,542,558,0.5104784152747208,0.9713261648745519,False,False,False,False,False,1,1.0
ISIC_0000547,data/raw/isic2018/images/ISIC2018_Task1-2_Training_Input/ISIC_0000547.jpg,data/raw/isic2018/masks/ISIC2018_Task1_Training_GroundTruth/ISIC_0000547_segmentation.png,719,824,304696,0.514293044546768,19,75,791,640,773,566,0.7384818450652876,1.3657243816254416,False,False,False,False,False,1,1.0
ISIC_0000548,data/raw/isic2018/images/ISIC2018_Task1-2_Training_Input/ISIC_0000548.jpg,data/raw/isic2018/masks/ISIC2018_Task1_Training_GroundTruth/ISIC_0000548_segmentation.png,750,771,129206,0.22344314742758323,148,85,654,525,507,441,0.3866614785992218,1.1496598639455782,False,False,False,False,False,1,1.0
ISIC_0000549,data/raw/isic2018/images/ISIC2018_Task1-2_Training_Input/ISIC_0000549.jpg,data/raw/isic2018/masks/ISIC2018_Task1_Training_GroundTruth/ISIC_0000549_segmentation.png,719,824,315054,0.5317761994139649,95,0,776,714,682,715,0.8230653415612299,0.9538461538461539,True,False,False,True,False,1,1.0
ISIC_0000550,data/raw/isic2018/images/ISIC2018_Task1-2_Training_Input/ISIC_0000550.jpg,data/raw/isic2018/masks/ISIC2018_Task1_Training_GroundTruth/ISIC_0000550_segmentation.png,719,824,221473,0.3738218534372173,96,109,795,624,700,516,0.6096655279041819,1.3565891472868217,False,False,False,False,False,1,1.0
ISIC_0000552,data/raw/isic2018/images/ISIC2018_Task1-2_Training_Input/ISIC_0000552.jpg,data/raw/isic2018/masks/ISIC2018_Task1_Training_GroundTruth/ISIC_0000552_segmentation.png,566,679,212146,0.5520121567260105,42,38,612,563,571,526,0.7815119927975561,1.085551330798479,False,False,False,False,False,1,1.0
ISIC_0000554,data/raw/isic2018/images/ISIC2018_Task1-2_Training_Input/ISIC_0000554.jpg,data/raw/isic2018/masks/ISIC2018_Task1_Training_GroundTruth/ISIC_0000554_segmentation.png,719,824,201485,0.34008432693735907,142,46,676,640,535,595,0.5372972845240828,0.8991596638655462,False,False,False,False,False,1,1.0
ISIC_0000555,data/raw/isic2018/images/ISIC2018_Task1-2_Training_Input/ISIC_0000555.jpg,data/raw/isic2018/masks/ISIC2018_Task1_Training_GroundTruth/ISIC_0000555_segmentation.png,680,833,110212,0.19456959254289952,212,147,615,584,404,438,0.3123931925711461,0.9223744292237442,False,False,False,False,False,1,1.0
ISIC_0000556,data/raw/isic2018/images/ISIC2018_Task1-2_Training_Input/ISIC_0000556.jpg,data/raw/isic2018/masks/ISIC2018_Task1_Training_GroundTruth/ISIC_0000556_segmentation.png,719,824,302489,0.5105678733948175,88,25,710,716,623,692,0.7276759793132317,0.9002890173410405,False,False,False,False,False,1,1.0
ISIC_0000882,data/raw/isic2018/images/ISIC2018_Task1-2_Training_Input/ISIC_0000882.jpg,data/raw/isic2018/masks/ISIC2018_Task1_Training_GroundTruth/ISIC_0000882_segmentation.png,2016,3024,564136,0.09253616570084824,141,190,1177,872,1037,683,0.11617886931006971,1.5183016105417277,False,False,False,False,False,1,1.0
ISIC_0000900,data/raw/isic2018/images/ISIC2018_Task1-2_Training_Input/ISIC_0000900.jpg,data/raw/isic2018/masks/ISIC2018_Task1_Training_GroundTruth/ISIC_0000900_segmentation.png,2016,3024,416847,0.06837610622952885,972,322,1860,941,889,620,0.09041097148736038,1.4338709677419355,False,False,False,False,False,1,1.0
ISIC_0000999,data/raw/isic2018/images/ISIC2018_Task1-2_Training_Input/ISIC_0000999.jpg,data/raw/isic2018/masks/ISIC2018_Task1_Training_GroundTruth/ISIC_0000999_segmentation.png,2016,3024,523620,0.08589025888133031,2048,240,2885,1270,838,1031,0.14171974731250525,0.8128031037827352,False,False,False,False,False,1,1.0
ISIC_0001100,data/raw/isic2018/images/ISIC2018_Task1-2_Training_Input/ISIC_0001100.jpg,data/raw/isic2018/masks/ISIC2018_Task1_Training_GroundTruth/ISIC_0001100_segmentation.png,2304,3072,1085138,0.15331381338614006,497,766,1899,1777,1403,1012,0.20060164840133102,1.3863636363636365,False,False,False,False,False,1,1.0
ISIC_0001102,data/raw/isic2018/images/ISIC2018_Task1-2_Training_Input/ISIC_0001102.jpg,data/raw/isic2018/masks/ISIC2018_Task1_Training_GroundTruth/ISIC_0001102_segmentation.png,2304,3072,3188981,0.45055544817889176,174,170,2806,2082,2633,1913,0.7116429364239728,1.3763721902770518,False,False,False,False,False,1,1.0
ISIC_0001103,data/raw/isic2018/images/ISIC2018_Task1-2_Training_Input/ISIC_0001103.jpg,data/raw/isic2018/masks/ISIC2018_Task1_Training_GroundTruth/ISIC_0001103_segmentation.png,2592,3872,1950436,0.19433962414549535,916,381,2797,2191,1882,1811,0.3396000328410366,1.0392048591938157,False,False,False,False,False,1,1.0
ISIC_0001105,data/raw/isic2018/images/ISIC2018_Task1-2_Training_Input/ISIC_0001105.jpg,data/raw/isic2018/masks/ISIC2018_Task1_Training_GroundTruth/ISIC_0001105_segmentation.png,2304,3072,1019454,0.1440336439344618,963,596,2291,1675,1329,1080,0.202789306640625,1.2305555555555556,False,False,False,False,False,1,1.0
ISIC_0001106,data/raw/isic2018/images/ISIC2018_Task1-2_Training_Input/ISIC_0001106.jpg,data/raw/isic2018/masks/ISIC2018_Task1_Training_GroundTruth/ISIC_0001106_segmentation.png,2592,3872,2490021,0.24810337035123967,571,482,2779,2084,2209,1603,0.35282462806728904,1.378041172800998,False,False,False,False,False,1,1.0
ISIC_0001118,data/raw/isic2018/images/ISIC2018_Task1-2_Training_Input/ISIC_0001118.jpg,data/raw/isic2018/masks/ISIC2018_Task1_Training_GroundTruth/ISIC_0001118_segmentation.png,2592,3872,5993452,0.5971819680389756,158,43,3847,2454,3690,2412,0.8868155991735537,1.5298507462686568,False,False,False,False,False,1,1.0
ISIC_0001119,data/raw/isic2018/images/ISIC2018_Task1-2_Training_Input/ISIC_0001119.jpg,data/raw/isic2018/masks/ISIC2018_Task1_Training_GroundTruth/ISIC_0001119_segmentation.png,2304,3072,390654,0.055193583170572914,1296,671,1880,1528,585,858,0.07091522216796875,0.6818181818181818,False,False,False,False,False,1,1.0
ISIC_0001126,data/raw/isic2018/images/ISIC2018_Task1-2_Training_Input/ISIC_0001126.jpg,data/raw/isic2018/masks/ISIC2018_Task1_Training_GroundTruth/ISIC_0001126_segmentation.png,2304,3072,1453473,0.20535405476888022,739,518,2087,2119,1349,1602,0.30533091227213544,0.8420724094881398,False,False,False,False,False,1,1.0
ISIC_0001128,data/raw/isic2018/images/ISIC2018_Task1-2_Training_Input/ISIC_0001128.jpg,data/raw/isic2018/masks/ISIC2018_Task1_Training_GroundTruth/ISIC_0001128_segmentation.png,2304,3072,1247632,0.1762717918113426,924,548,2507,1635,1584,1088,0.24348958333333334,1.4558823529411764,False,False,False,False,False,1,1.0
ISIC_0001131,data/raw/isic2018/images/ISIC2018_Task1-2_Training_Input/ISIC_0001131.jpg,data/raw/isic2018/masks/ISIC2018_Task1_Training_GroundTruth/ISIC_0001131_segmentation.png,2304,3072,2427916,0.3430283157913773,451,0,2483,1997,2033,1998,0.5738906860351562,1.0175175175175175,True,False,False,True,False,1,1.0
ISIC_0001133,data/raw/isic2018/images/ISIC2018_Task1-2_Training_Input/ISIC_0001133.jpg,data/raw/isic2018/masks/ISIC2018_Task1_Training_GroundTruth/ISIC_0001133_segmentation.png,2304,3072,1715724,0.24240620930989584,781,539,2418,1903,1638,1365,0.31589508056640625,1.2,False,False,False,False,False,1,1.0
ISIC_0001134,data/raw/isic2018/images/ISIC2018_Task1-2_Training_Input/ISIC_0001134.jpg,data/raw/isic2018/masks/ISIC2018_Task1_Training_GroundTruth/ISIC_0001134_segmentation.png,2304,3072,576768,0.08148871527777778,1035,734,2113,1555,1079,822,0.1253111097547743,1.3126520681265206,False,False,False,False,False,1,1.0
ISIC_0001140,data/raw/isic2018/images/ISIC2018_Task1-2_Training_Input/ISIC_0001140.jpg,data/raw/isic2018/masks/ISIC2018_Task1_Training_GroundTruth/ISIC_0001140_segmentation.png,1936,1936,1103789,0.2944932573765453,475,248,1673,1573,1199,1326,0.4241817712246431,0.9042232277526395,False,False,False,False,False,1,1.0
ISIC_0001142,data/raw/isic2018/images/ISIC2018_Task1-2_Training_Input/ISIC_0001142.jpg,data/raw/isic2018/masks/ISIC2018_Task1_Training_GroundTruth/ISIC_0001142_segmentation.png,2304,3072,3484636,0.4923270896629051,273,2,2455,2289,2183,2288,0.7056771737557871,0.9541083916083916,False,False,False,False,False,1,1.0
ISIC_0001148,data/raw/isic2018/images/ISIC2018_Task1-2_Training_Input/ISIC_0001148.jpg,data/raw/isic2018/masks/ISIC2018_Task1_Training_GroundTruth/ISIC_0001148_segmentation.png,2304,3072,2035005,0.28751585218641496,537,325,2351,2266,1815,1942,0.49799177381727433,0.9346035015447992,False,False,False,False,False,1,1.0
ISIC_0001152,data/raw/isic2018/images/ISIC2018_Task1-2_Training_Input/ISIC_0001152.jpg,data/raw/isic2018/masks/ISIC2018_Task1_Training_GroundTruth/ISIC_0001152_segmentation.png,1296,1936,1525097,0.6078369713549637,2,75,1934,1222,1933,1148,0.8844298413427202,1.6837979094076656,False,False,False,False,False,1,1.0
ISIC_0001163,data/raw/isic2018/images/ISIC2018_Task1-2_Training_Input/ISIC_0001163.jpg,data/raw/isic2018/masks/ISIC2018_Task1_Training_GroundTruth/ISIC_0001163_segmentation.png,2016,3024,596031,0.09776795556185437,881,593,1841,1525,961,933,0.14707292060342655,1.030010718113612,False,False,False,False,False,1,1.0
ISIC_0001181,data/raw/isic2018/images/ISIC2018_Task1-2_Training_Input/ISIC_0001181.jpg,data/raw/isic2018/masks/ISIC2018_Task1_Training_GroundTruth/ISIC_0001181_segmentation.png,2848,4288,378959,0.031031120948977024,1480,770,2250,1662,771,893,0.056378183040206274,0.8633818589025756,False,False,False,False,False,1,1.0
ISIC_0001184,data/raw/isic2018/images/ISIC2018_Task1-2_Training_Input/ISIC_0001184.jpg,data/raw/isic2018/masks/ISIC2018_Task1_Training_GroundTruth/ISIC_0001184_segmentation.png,2848,4288,594587,0.04868785570916485,1186,1237,1999,2222,814,986,0.06572136246436358,0.8255578093306288,False,False,False,False,False,1,1.0
ISIC_0001185,data/raw/isic2018/images/ISIC2018_Task1-2_Training_Input/ISIC_0001185.jpg,data/raw/isic2018/masks/ISIC2018_Task1_Training_GroundTruth/ISIC_0001185_segmentation.png,2848,4288,510235,0.041780678113994635,1297,817,2043,1712,747,896,0.05480672480295153,0.8337053571428571,False,False,False,False,False,1,1.0
ISIC_0001186,data/raw/isic2018/images/ISIC2018_Task1-2_Training_Input/ISIC_0001186.jpg,data/raw/isic2018/masks/ISIC2018_Task1_Training_GroundTruth/ISIC_0001186_segmentation.png,2848,4288,381005,0.031198658000377327,983,1164,1675,1976,693,813,0.04613483997673151,0.8523985239852399,False,False,False,False,False,1,1.0
ISIC_0001188,data/raw/isic2018/images/ISIC2018_Task1-2_Training_Input/ISIC_0001188.jpg,data/raw/isic2018/masks/ISIC2018_Task1_Training_GroundTruth/ISIC_0001188_segmentation.png,2848,4288,461062,0.03775413880387389,1149,656,1904,1466,756,811,0.05020510596595673,0.9321824907521579,False,False,False,False,False,1,1.0
ISIC_0001190,data/raw/isic2018/images/ISIC2018_Task1-2_Training_Input/ISIC_0001190.jpg,data/raw/isic2018/masks/ISIC2018_Task1_Training_GroundTruth/ISIC_0001190_segmentation.png,2848,4288,366485,0.030009685377536476,1676,1134,2384,1819,709,686,0.03982681614749287,1.033527696793003,False,False,False,False,False,1,1.0
ISIC_0001191,data/raw/isic2018/images/ISIC2018_Task1-2_Training_Input/ISIC_0001191.jpg,data/raw/isic2018/masks/ISIC2018_Task1_Training_GroundTruth/ISIC_0001191_segmentation.png,2848,4288,315252,0.025814462623679355,1567,947,2269,1677,703,731,0.042080214054376994,0.9616963064295485,False,False,False,False,False,1,1.0
ISIC_0001204,data/raw/isic2018/images/ISIC2018_Task1-2_Training_Input/ISIC_0001204.jpg,data/raw/isic2018/masks/ISIC2018_Task1_Training_GroundTruth/ISIC_0001204_segmentation.png,2016,3024,608876,0.09987494226085496,1007,514,1691,1614,685,1101,0.12371021904132024,0.6221616712079927,False,False,False,False,False,1,1.0
ISIC_0001212,data/raw/isic2018/images/ISIC2018_Task1-2_Training_Input/ISIC_0001212.jpg,data/raw/isic2018/masks/ISIC2018_Task1_Training_GroundTruth/ISIC_0001212_segmentation.png,2848,4288,1295324,0.10606782188076472,779,660,2001,2079,1223,1420,0.14220669388311252,0.8612676056338028,False,False,False,False,False,1,1.0
ISIC_0001213,data/raw/isic2018/images/ISIC2018_Task1-2_Training_Input/ISIC_0001213.jpg,data/raw/isic2018/masks/ISIC2018_Task1_Training_GroundTruth/ISIC_0001213_segmentation.png,2848,4288,513685,0.04206318193966963,839,1164,1675,2105,837,942,0.06456268735326177,0.8885350318471338,False,False,False,False,False,1,1.0
ISIC_0001216,data/raw/isic2018/images/ISIC2018_Task1-2_Training_Input/ISIC_0001216.jpg,data/raw/isic2018/masks/ISIC2018_Task1_Training_GroundTruth/ISIC_0001216_segmentation.png,2848,4288,414408,0.033933868229079324,928,1144,1773,1767,846,624,0.043227507127284924,1.3557692307692308,False,False,False,False,False,1,1.0
ISIC_0001242,data/raw/isic2018/images/ISIC2018_Task1-2_Training_Input/ISIC_0001242.jpg,data/raw/isic2018/masks/ISIC2018_Task1_Training_GroundTruth/ISIC_0001242_segmentation.png,2848,4288,366687,0.030026226181242663,1667,930,2615,1550,949,621,0.04825730350180278,1.5281803542673107,False,False,False,False,False,1,1.0
ISIC_0001247,data/raw/isic2018/images/ISIC2018_Task1-2_Training_Input/ISIC_0001247.jpg,data/raw/isic2018/masks/ISIC2018_Task1_Training_GroundTruth/ISIC_0001247_segmentation.png,2016,3024,350173,0.0574394591941715,1634,625,2465,1214,832,590,0.08051986226589401,1.4101694915254237,False,False,False,False,False,1,1.0
ISIC_0001254,data/raw/isic2018/images/ISIC2018_Task1-2_Training_Input/ISIC_0001254.jpg,data/raw/isic2018/masks/ISIC2018_Task1_Training_GroundTruth/ISIC_0001254_segmentation.png,2016,3024,409061,0.06709895570882674,699,519,1364,1371,666,853,0.09318605914588057,0.7807737397420867,False,False,False,False,False,1,1.0
ISIC_0001262,data/raw/isic2018/images/ISIC2018_Task1-2_Training_Input/ISIC_0001262.jpg,data/raw/isic2018/masks/ISIC2018_Task1_Training_GroundTruth/ISIC_0001262_segmentation.png,2016,3024,286617,0.04701426288107836,1164,938,1813,1536,650,599,0.06386572761820777,1.0851419031719534,False,False,False,False,False,1,1.0
ISIC_0001267,data/raw/isic2018/images/ISIC2018_Task1-2_Training_Input/ISIC_0001267.jpg,data/raw/isic2018/masks/ISIC2018_Task1_Training_GroundTruth/ISIC_0001267_segmentation.png,2016,3024,350402,0.05747702244478038,870,423,1637,1155,768,733,0.09234063995968758,1.0477489768076398,False,False,False,False,False,1,1.0
ISIC_0001275,data/raw/isic2018/images/ISIC2018_Task1-2_Training_Input/ISIC_0001275.jpg,data/raw/isic2018/masks/ISIC2018_Task1_Training_GroundTruth/ISIC_0001275_segmentation.png,2016,3024,341147,0.05595890941253044,1048,324,1723,1069,676,746,0.08272051104392374,0.9061662198391421,False,False,False,False,False,1,1.0
ISIC_0001286,data/raw/isic2018/images/ISIC2018_Task1-2_Training_Input/ISIC_0001286.jpg,data/raw/isic2018/masks/ISIC2018_Task1_Training_GroundTruth/ISIC_0001286_segmentation.png,2016,3024,365789,0.06000097762870581,806,439,1546,1282,741,844,0.10258605757117661,0.8779620853080569,False,False,False,False,False,1,1.0
ISIC_0001292,data/raw/isic2018/images/ISIC2018_Task1-2_Training_Input/ISIC_0001292.jpg,data/raw/isic2018/masks/ISIC2018_Task1_Training_GroundTruth/ISIC_0001292_segmentation.png,2016,3024,333134,0.05464452370454355,779,366,1398,1337,620,972,0.09885204081632654,0.6378600823045267,False,False,False,False,False,1,1.0
ISIC_0001296,data/raw/isic2018/images/ISIC2018_Task1-2_Training_Input/ISIC_0001296.jpg,data/raw/isic2018/masks/ISIC2018_Task1_Training_GroundTruth/ISIC_0001296_segmentation.png,2016,3024,328165,0.05382945037582934,1539,710,2535,1229,997,520,0.08504057487192408,1.9173076923076924,False,False,False,False,False,1,1.0
ISIC_0001299,data/raw/isic2018/images/ISIC2018_Task1-2_Training_Input/ISIC_0001299.jpg,data/raw/isic2018/masks/ISIC2018_Task1_Training_GroundTruth/ISIC_0001299_segmentation.png,2016,3024,378768,0.06212994457042076,1302,94,1853,1161,552,1068,0.09670256991685564,0.5168539325842697,False,False,False,False,False,1,1.0
ISIC_0001306,data/raw/isic2018/images/ISIC2018_Task1-2_Training_Input/ISIC_0001306.jpg,data/raw/isic2018/masks/ISIC2018_Task1_Training_GroundTruth/ISIC_0001306_segmentation.png,2016,3024,204898,0.033609759490215836,909,403,1457,895,549,493,0.0443963175547997,1.1135902636916837,False,False,False,False,False,1,1.0
ISIC_0001367,data/raw/isic2018/images/ISIC2018_Task1-2_Training_Input/ISIC_0001367.jpg,data/raw/isic2018/masks/ISIC2018_Task1_Training_GroundTruth/ISIC_0001367_segmentation.png,2016,3024,383927,0.06297618391492399,1057,122,1802,906,746,785,0.096058581611657,0.9503184713375796,False,False,False,False,False,1,1.0
ISIC_0001372,data/raw/isic2018/images/ISIC2018_Task1-2_Training_Input/ISIC_0001372.jpg,data/raw/isic2018/masks/ISIC2018_Task1_Training_GroundTruth/ISIC_0001372_segmentation.png,2016,3024,364723,0.05982611987696313,643,701,1427,1394,785,694,0.08936280916687663,1.1311239193083573,False,False,False,False,False,1,1.0
ISIC_0001374,data/raw/isic2018/images/ISIC2018_Task1-2_Training_Input/ISIC_0001374.jpg,data/raw/isic2018/masks/ISIC2018_Task1_Training_GroundTruth/ISIC_0001374_segmentation.png,2016,3024,441399,0.07240341159611993,614,763,1375,1663,762,901,0.11261790595867976,0.8457269700332963,False,False,False,False,False,1,1.0
ISIC_0001385,data/raw/isic2018/images/ISIC2018_Task1-2_Training_Input/ISIC_0001385.jpg,data/raw/isic2018/masks/ISIC2018_Task1_Training_GroundTruth/ISIC_0001385_segmentation.png,2016,3024,455763,0.07475956238977072,864,389,1728,1133,865,745,0.10570610381498279,1.1610738255033557,False,False,False,False,False,1,1.0
ISIC_0001423,data/raw/isic2018/images/ISIC2018_Task1-2_Training_Input/ISIC_0001423.jpg,data/raw/isic2018/masks/ISIC2018_Task1_Training_GroundTruth/ISIC_0001423_segmentation.png,2016,3024,454655,0.07457781530822205,730,180,1593,962,864,783,0.11096938775510204,1.103448275862069,False,False,False,False,False,1,1.0
ISIC_0001427,data/raw/isic2018/images/ISIC2018_Task1-2_Training_Input/ISIC_0001427.jpg,data/raw/isic2018/masks/ISIC2018_Task1_Training_GroundTruth/ISIC_0001427_segmentation.png,2016,3024,397939,0.06527459556353406,910,355,1694,1144,785,790,0.10172423521877887,0.9936708860759493,False,False,False,False,False,1,1.0
ISIC_0001442,data/raw/isic2018/images/ISIC2018_Task1-2_Training_Input/ISIC_0001442.jpg,data/raw/isic2018/masks/ISIC2018_Task1_Training_GroundTruth/ISIC_0001442_segmentation.png,2016,3024,481113,0.07891776502267574,889,505,1771,1236,883,732,0.10602284895439658,1.2062841530054644,False,False,False,False,False,1,1.0
ISIC_0001449,data/raw/isic2018/images/ISIC2018_Task1-2_Training_Input/ISIC_0001449.jpg,data/raw/isic2018/masks/ISIC2018_Task1_Training_GroundTruth/ISIC_0001449_segmentation.png,2016,3024,319036,0.052332005332997394,995,372,1728,1065,734,694,0.08355707252036618,1.057636887608069,False,False,False,False,False,1,1.0
ISIC_0001769,data/raw/isic2018/images/ISIC2018_Task1-2_Training_Input/ISIC_0001769.jpg,data/raw/isic2018/masks/ISIC2018_Task1_Training_GroundTruth/ISIC_0001769_segmentation.png,2016,3024,217079,0.03560782916561686,1364,635,2063,1156,700,522,0.05993716931216931,1.3409961685823755,False,False,False,False,False,1,1.0
ISIC_0001852,data/raw/isic2018/images/ISIC2018_Task1-2_Training_Input/ISIC_0001852.jpg,data/raw/isic2018/masks/ISIC2018_Task1_Training_GroundTruth/ISIC_0001852_segmentation.png,2016,3024,131212,0.021522922440581172,1290,809,1785,1161,496,353,0.02871997564457882,1.405099150141643,False,False,False,False,False,1,1.0
ISIC_0001871,data/raw/isic2018/images/ISIC2018_Task1-2_Training_Input/ISIC_0001871.jpg,data/raw/isic2018/masks/ISIC2018_Task1_Training_GroundTruth/ISIC_0001871_segmentation.png,2016,3024,206061,0.03380052831317712,1103,639,1682,1133,580,495,0.04709349017384731,1.1717171717171717,False,False,False,False,False,1,1.0
ISIC_0001960,data/raw/isic2018/images/ISIC2018_Task1-2_Training_Input/ISIC_0001960.jpg,data/raw/isic2018/masks/ISIC2018_Task1_Training_GroundTruth/ISIC_0001960_segmentation.png,2016,3024,289911,0.04755458317586294,832,952,1666,1569,835,618,0.08464525856638952,1.3511326860841424,False,False,False,False,False,1,1.0
ISIC_0002093,data/raw/isic2018/images/ISIC2018_Task1-2_Training_Input/ISIC_0002093.jpg,data/raw/isic2018/masks/ISIC2018_Task1_Training_GroundTruth/ISIC_0002093_segmentation.png,2016,3024,1247380,0.20460981460485428,484,145,1455,2013,972,1869,0.29799107142857145,0.5200642054574639,False,False,False,False,False,1,1.0
ISIC_0002107,data/raw/isic2018/images/ISIC2018_Task1-2_Training_Input/ISIC_0002107.jpg,data/raw/isic2018/masks/ISIC2018_Task1_Training_GroundTruth/ISIC_0002107_segmentation.png,2016,3024,818578,0.13427270985554715,421,722,1371,1845,951,1124,0.17533738032249938,0.8460854092526691,False,False,False,False,False,1,1.0
ISIC_0002206,data/raw/isic2018/images/ISIC2018_Task1-2_Training_Input/ISIC_0002206.jpg,data/raw/isic2018/masks/ISIC2018_Task1_Training_GroundTruth/ISIC_0002206_segmentation.png,2016,3024,305607,0.050129224143361045,739,344,1387,951,649,608,0.06472558159066095,1.0674342105263157,False,False,False,False,False,1,1.0
ISIC_0002246,data/raw/isic2018/images/ISIC2018_Task1-2_Training_Input/ISIC_0002246.jpg,data/raw/isic2018/masks/ISIC2018_Task1_Training_GroundTruth/ISIC_0002246_segmentation.png,2016,3024,430960,0.07069108507600572,1555,680,2451,1297,897,618,0.09093029572940287,1.4514563106796117,False,False,False,False,False,1,1.0
ISIC_0002251,data/raw/isic2018/images/ISIC2018_Task1-2_Training_Input/ISIC_0002251.jpg,data/raw/isic2018/masks/ISIC2018_Task1_Training_GroundTruth/ISIC_0002251_segmentation.png,2016,3024,669620,0.10983888154027042,1529,986,2632,1780,1104,795,0.14396730914588057,1.3886792452830188,False,False,False,False,False,1,1.0
ISIC_0002287,data/raw/isic2018/images/ISIC2018_Task1-2_Training_Input/ISIC_0002287.jpg,data/raw/isic2018/masks/ISIC2018_Task1_Training_GroundTruth/ISIC_0002287_segmentation.png,2016,3024,698767,0.11461991239396993,878,476,1653,1789,776,1314,0.1672571806500378,0.5905631659056316,False,False,False,False,False,1,1.0
ISIC_0002353,data/raw/isic2018/images/ISIC2018_Task1-2_Training_Input/ISIC_0002353.jpg,data/raw/isic2018/masks/ISIC2018_Task1_Training_GroundTruth/ISIC_0002353_segmentation.png,2016,3024,423512,0.06946937725707567,379,709,1189,1460,811,752,0.1000383177962543,1.0784574468085106,False,False,False,False,False,1,1.0
ISIC_0002374,data/raw/isic2018/images/ISIC2018_Task1-2_Training_Input/ISIC_0002374.jpg,data/raw/isic2018/masks/ISIC2018_Task1_Training_GroundTruth/ISIC_0002374_segmentation.png,2016,3024,314630,0.05160928183001596,900,527,1521,1371,622,845,0.08621340125556395,0.736094674556213,False,False,False,False,False,1,1.0
ISIC_0002438,data/raw/isic2018/images/ISIC2018_Task1-2_Training_Input/ISIC_0002438.jpg,data/raw/isic2018/masks/ISIC2018_Task1_Training_GroundTruth/ISIC_0002438_segmentation.png,2016,3024,450791,0.07394399696607037,1165,559,2086,1371,922,813,0.12295583742756362,1.134071340713407,False,False,False,False,False,1,1.0
ISIC_0002439,data/raw/isic2018/images/ISIC2018_Task1-2_Training_Input/ISIC_0002439.jpg,data/raw/isic2018/masks/ISIC2018_Task1_Training_GroundTruth/ISIC_0002439_segmentation.png,2016,3024,545005,0.08939807597421685,779,88,1682,1099,904,1012,0.15006403796086334,0.8932806324110671,False,False,False,False,False,1,1.0
ISIC_0002453,data/raw/isic2018/images/ISIC2018_Task1-2_Training_Input/ISIC_0002453.jpg,data/raw/isic2018/masks/ISIC2018_Task1_Training_GroundTruth/ISIC_0002453_segmentation.png,2016,3024,377033,0.061845349636768285,1376,148,2041,990,666,843,0.09209360827664399,0.7900355871886121,False,False,False,False,False,1,1.0
ISIC_0002459,data/raw/isic2018/images/ISIC2018_Task1-2_Training_Input/ISIC_0002459.jpg,data/raw/isic2018/masks/ISIC2018_Task1_Training_GroundTruth/ISIC_0002459_segmentation.png,2016,3024,533761,0.08755370396615436,1049,44,1857,897,809,854,0.11332717886537332,0.9473067915690867,False,False,False,False,False,1,1.0
ISIC_0002469,data/raw/isic2018/images/ISIC2018_Task1-2_Training_Input/ISIC_0002469.jpg,data/raw/isic2018/masks/ISIC2018_Task1_Training_GroundTruth/ISIC_0002469_segmentation.png,2016,3024,540363,0.08863664099899218,790,622,1682,1604,893,983,0.1439901095469052,0.9084435401831129,False,False,False,False,False,1,1.0
ISIC_0002476,data/raw/isic2018/images/ISIC2018_Task1-2_Training_Input/ISIC_0002476.jpg,data/raw/isic2018/masks/ISIC2018_Task1_Training_GroundTruth/ISIC_0002476_segmentation.png,2016,3024,398257,0.06532675763206518,1461,803,2057,1723,597,921,0.09019067696523053,0.6482084690553745,False,False,False,False,False,1,1.0
ISIC_0002488,data/raw/isic2018/images/ISIC2018_Task1-2_Training_Input/ISIC_0002488.jpg,data/raw/isic2018/masks/ISIC2018_Task1_Training_GroundTruth/ISIC_0002488_segmentation.png,2016,3024,306409,0.05026077753632317,188,820,1001,1422,814,603,0.08051362906273621,1.349917081260365,False,False,False,False,False,1,1.0
ISIC_0002489,data/raw/isic2018/images/ISIC2018_Task1-2_Training_Input/ISIC_0002489.jpg,data/raw/isic2018/masks/ISIC2018_Task1_Training_GroundTruth/ISIC_0002489_segmentation.png,2016,3024,513506,0.08423124265138154,756,253,1762,979,1007,727,0.1200857754367179,1.3851444291609354,False,False,False,False,False,1,1.0
ISIC_0002616,data/raw/isic2018/images/ISIC2018_Task1-2_Training_Input/ISIC_0002616.jpg,data/raw/isic2018/masks/ISIC2018_Task1_Training_GroundTruth/ISIC_0002616_segmentation.png,2848,4288,391865,0.032087930912502095,1240,1263,2001,1911,762,649,0.04049532664975684,1.1741140215716488,False,False,False,False,False,1,1.0
ISIC_0002647,data/raw/isic2018/images/ISIC2018_Task1-2_Training_Input/ISIC_0002647.jpg,data/raw/isic2018/masks/ISIC2018_Task1_Training_GroundTruth/ISIC_0002647_segmentation.png,2848,4288,497973,0.0407766021979289,1335,856,2410,1543,1076,688,0.060618606406171394,1.563953488372093,False,False,False,False,False,1,1.0
ISIC_0002673,data/raw/isic2018/images/ISIC2018_Task1-2_Training_Input/ISIC_0002673.jpg,data/raw/isic2018/masks/ISIC2018_Task1_Training_GroundTruth/ISIC_0002673_segmentation.png,2016,3024,339049,0.055614770985554715,620,725,1337,1496,718,772,0.0909220941463005,0.9300518134715026,False,False,False,False,False,1,1.0
ISIC_0002780,data/raw/isic2018/images/ISIC2018_Task1-2_Training_Input/ISIC_0002780.jpg,data/raw/isic2018/masks/ISIC2018_Task1_Training_GroundTruth/ISIC_0002780_segmentation.png,2848,4288,678566,0.05556449013709542,1043,1306,1963,2292,921,987,0.07443582757735201,0.9331306990881459,False,False,False,False,False,1,1.0
ISIC_0002806,data/raw/isic2018/images/ISIC2018_Task1-2_Training_Input/ISIC_0002806.jpg,data/raw/isic2018/masks/ISIC2018_Task1_Training_GroundTruth/ISIC_0002806_segmentation.png,2848,4288,1573906,0.1288795554356029,1136,832,2700,2343,1565,1512,0.19376323264296494,1.03505291005291,False,False,False,False,False,1,1.0
ISIC_0002829,data/raw/isic2018/images/ISIC2018_Task1-2_Training_Input/ISIC_0002829.jpg,data/raw/isic2018/masks/ISIC2018_Task1_Training_GroundTruth/ISIC_0002829_segmentation.png,2016,3024,516925,0.08479206690392206,807,1096,1573,1975,767,880,0.11071481061560427,0.8715909090909091,False,False,False,False,False,1,1.0
ISIC_0002836,data/raw/isic2018/images/ISIC2018_Task1-2_Training_Input/ISIC_0002836.jpg,data/raw/isic2018/masks/ISIC2018_Task1_Training_GroundTruth/ISIC_0002836_segmentation.png,2848,4288,1183370,0.09690044990986081,432,1117,1557,2489,1126,1373,0.12659430419880932,0.8201019664967225,False,False,False,False,False,1,1.0
ISIC_0002871,data/raw/isic2018/images/ISIC2018_Task1-2_Training_Input/ISIC_0002871.jpg,data/raw/isic2018/masks/ISIC2018_Task1_Training_GroundTruth/ISIC_0002871_segmentation.png,2848,4288,489052,0.04004610462435016,1847,920,2558,1802,712,883,0.05148087686567164,0.8063420158550396,False,False,False,False,False,1,1.0
ISIC_0002879,data/raw/isic2018/images/ISIC2018_Task1-2_Training_Input/ISIC_0002879.jpg,data/raw/isic2018/masks/ISIC2018_Task1_Training_GroundTruth/ISIC_0002879_segmentation.png,2016,3024,474903,0.07789912840136054,337,659,1260,1381,924,723,0.1095816798941799,1.2780082987551866,False,False,False,False,False,1,1.0
ISIC_0002885,data/raw/isic2018/images/ISIC2018_Task1-2_Training_Input/ISIC_0002885.jpg,data/raw/isic2018/masks/ISIC2018_Task1_Training_GroundTruth/ISIC_0002885_segmentation.png,2848,4288,914919,0.07491829498050478,771,1052,1912,2109,1142,1058,0.0989366064690592,1.0793950850661627,False,False,False,False,False,1,1.0
ISIC_0002948,data/raw/isic2018/images/ISIC2018_Task1-2_Training_Input/ISIC_0002948.jpg,data/raw/isic2018/masks/ISIC2018_Task1_Training_GroundTruth/ISIC_0002948_segmentation.png,2016,3024,347247,0.056959502551020405,1248,665,1857,1479,610,815,0.08154834078693206,0.7484662576687117,False,False,False,False,False,1,1.0
ISIC_0002975,data/raw/isic2018/images/ISIC2018_Task1-2_Training_Input/ISIC_0002975.jpg,data/raw/isic2018/masks/ISIC2018_Task1_Training_GroundTruth/ISIC_0002975_segmentation.png,2848,4288,490530,0.04016713090097267,943,1011,1739,1904,797,894,0.05834465532240483,0.8914988814317674,False,False,False,False,False,1,1.0
ISIC_0002976,data/raw/isic2018/images/ISIC2018_Task1-2_Training_Input/ISIC_0002976.jpg,data/raw/isic2018/masks/ISIC2018_Task1_Training_GroundTruth/ISIC_0002976_segmentation.png,2848,4288,486435,0.039831811142671474,1383,844,2095,1778,713,935,0.054589155914598356,0.7625668449197861,False,False,False,False,False,1,1.0
ISIC_0003005,data/raw/isic2018/images/ISIC2018_Task1-2_Training_Input/ISIC_0003005.jpg,data/raw/isic2018/masks/ISIC2018_Task1_Training_GroundTruth/ISIC_0003005_segmentation.png,2016,3024,518584,0.08506419543125893,101,517,1204,1177,1104,661,0.11970112118921643,1.6701966717095311,False,False,False,False,False,1,1.0
ISIC_0003056,data/raw/isic2018/images/ISIC2018_Task1-2_Training_Input/ISIC_0003056.jpg,data/raw/isic2018/masks/ISIC2018_Task1_Training_GroundTruth/ISIC_0003056_segmentation.png,2848,4288,401872,0.032907355777293305,1696,526,2303,1459,608,934,0.04650029347643803,0.6509635974304069,False,False,False,False,False,1,1.0
ISIC_0003174,data/raw/isic2018/images/ISIC2018_Task1-2_Training_Input/ISIC_0003174.jpg,data/raw/isic2018/masks/ISIC2018_Task1_Training_GroundTruth/ISIC_0003174_segmentation.png,2016,3024,288506,0.04732411869068615,1155,908,1804,1450,650,543,0.0578949751196775,1.1970534069981584,False,False,False,False,False,1,1.0
ISIC_0003308,data/raw/isic2018/images/ISIC2018_Task1-2_Training_Input/ISIC_0003308.jpg,data/raw/isic2018/masks/ISIC2018_Task1_Training_GroundTruth/ISIC_0003308_segmentation.png,2016,3024,571672,0.09377230830603847,1043,778,2090,1551,1048,774,0.13305461073318217,1.3540051679586564,False,False,False,False,False,1,1.0
ISIC_0003346,data/raw/isic2018/images/ISIC2018_Task1-2_Training_Input/ISIC_0003346.jpg,data/raw/isic2018/masks/ISIC2018_Task1_Training_GroundTruth/ISIC_0003346_segmentation.png,2848,4288,357200,0.029249381603219857,1490,1281,2253,1987,764,707,0.04423010911034714,1.0806223479490806,False,False,False,False,False,1,1.0
ISIC_0003462,data/raw/isic2018/images/ISIC2018_Task1-2_Training_Input/ISIC_0003462.jpg,data/raw/isic2018/masks/ISIC2018_Task1_Training_GroundTruth/ISIC_0003462_segmentation.png,2016,3024,161705,0.026524739911396658,1111,691,1656,1071,546,381,0.03412285052910053,1.4330708661417322,False,False,False,False,False,1,1.0
ISIC_0003539,data/raw/isic2018/images/ISIC2018_Task1-2_Training_Input/ISIC_0003539.jpg,data/raw/isic2018/masks/ISIC2018_Task1_Training_GroundTruth/ISIC_0003539_segmentation.png,2016,3024,317040,0.052004598135550514,1058,124,1730,852,673,729,0.08047672193877552,0.9231824417009602,False,False,False,False,False,1,1.0
ISIC_0003559,data/raw/isic2018/images/ISIC2018_Task1-2_Training_Input/ISIC_0003559.jpg,data/raw/isic2018/masks/ISIC2018_Task1_Training_GroundTruth/ISIC_0003559_segmentation.png,2848,4288,584853,0.04789078549492705,1636,1324,2612,2211,977,888,0.07104160552574208,1.1002252252252251,False,False,False,False,False,1,1.0
ISIC_0003582,data/raw/isic2018/images/ISIC2018_Task1-2_Training_Input/ISIC_0003582.jpg,data/raw/isic2018/masks/ISIC2018_Task1_Training_GroundTruth/ISIC_0003582_segmentation.png,2016,3024,1074487,0.1762498884584698,532,479,1906,1506,1375,1028,0.2318587543041908,1.3375486381322956,False,False,False,False,False,1,1.0
ISIC_0003657,data/raw/isic2018/images/ISIC2018_Task1-2_Training_Input/ISIC_0003657.jpg,data/raw/isic2018/masks/ISIC2018_Task1_Training_GroundTruth/ISIC_0003657_segmentation.png,2016,3024,341365,0.055994668314856805,552,684,1319,1258,768,575,0.07243638196019149,1.3356521739130436,False,False,False,False,False,1,1.0
ISIC_0003728,data/raw/isic2018/images/ISIC2018_Task1-2_Training_Input/ISIC_0003728.jpg,data/raw/isic2018/masks/ISIC2018_Task1_Training_GroundTruth/ISIC_0003728_segmentation.png,2016,3024,310550,0.050940032648862016,1597,661,2319,1366,723,706,0.0837279935122197,1.0240793201133145,False,False,False,False,False,1,1.0
ISIC_0003805,data/raw/isic2018/images/ISIC2018_Task1-2_Training_Input/ISIC_0003805.jpg,data/raw/isic2018/masks/ISIC2018_Task1_Training_GroundTruth/ISIC_0003805_segmentation.png,2016,3024,136852,0.02244806101452927,1073,428,1475,904,403,477,0.03153197042705971,0.8448637316561844,False,False,False,False,False,1,1.0
ISIC_0004110,data/raw/isic2018/images/ISIC2018_Task1-2_Training_Input/ISIC_0004110.jpg,data/raw/isic2018/masks/ISIC2018_Task1_Training_GroundTruth/ISIC_0004110_segmentation.png,2016,3024,812100,0.13321011274880323,803,371,1676,1619,874,1249,0.1790612271143025,0.699759807846277,False,False,False,False,False,1,1.0
ISIC_0004115,data/raw/isic2018/images/ISIC2018_Task1-2_Training_Input/ISIC_0004115.jpg,data/raw/isic2018/masks/ISIC2018_Task1_Training_GroundTruth/ISIC_0004115_segmentation.png,2848,4288,958673,0.07850109857139863,754,495,2026,1717,1273,1223,0.1274852966994382,1.0408830744071955,False,False,False,False,False,1,1.0
ISIC_0004168,data/raw/isic2018/images/ISIC2018_Task1-2_Training_Input/ISIC_0004168.jpg,data/raw/isic2018/masks/ISIC2018_Task1_Training_GroundTruth/ISIC_0004168_segmentation.png,2848,4288,378226,0.030971099121666946,1496,949,2115,1744,620,796,0.040411967549890994,0.7788944723618091,False,False,False,False,False,1,1.0
ISIC_0004309,data/raw/isic2018/images/ISIC2018_Task1-2_Training_Input/ISIC_0004309.jpg,data/raw/isic2018/masks/ISIC2018_Task1_Training_GroundTruth/ISIC_0004309_segmentation.png,2848,4288,410111,0.03358200766707194,1244,1029,2261,1551,1018,523,0.04359680922983398,1.9464627151051626,False,False,False,False,False,1,1.0
ISIC_0004337,data/raw/isic2018/images/ISIC2018_Task1-2_Training_Input/ISIC_0004337.jpg,data/raw/isic2018/masks/ISIC2018_Task1_Training_GroundTruth/ISIC_0004337_segmentation.png,2016,3024,208243,0.03415844539976484,1055,690,1597,1148,543,459,0.0408827593537415,1.1830065359477124,False,False,False,False,False,1,1.0
ISIC_0004346,data/raw/isic2018/images/ISIC2018_Task1-2_Training_Input/ISIC_0004346.jpg,data/raw/isic2018/masks/ISIC2018_Task1_Training_GroundTruth/ISIC_0004346_segmentation.png,2848,4288,486015,0.0397974193725893,2081,1012,2926,1718,846,707,0.04897731977402314,1.1966053748231966,False,False,False,False,False,1,1.0
ISIC_0004715,data/raw/isic2018/images/ISIC2018_Task1-2_Training_Input/ISIC_0004715.jpg,data/raw/isic2018/masks/ISIC2018_Task1_Training_GroundTruth/ISIC_0004715_segmentation.png,2016,3024,493139,0.08089040979045939,1059,307,1878,1047,820,741,0.09966891849332325,1.106612685560054,False,False,False,False,False,1,1.0
ISIC_0004985,data/raw/isic2018/images/ISIC2018_Task1-2_Training_Input/ISIC_0004985.jpg,data/raw/isic2018/masks/ISIC2018_Task1_Training_GroundTruth/ISIC_0004985_segmentation.png,2848,4288,681109,0.055772724116426295,1542,1004,2319,2137,778,1134,0.07224335223461345,0.6860670194003528,False,False,False,False,False,1,1.0
ISIC_0005000,data/raw/isic2018/images/ISIC2018_Task1-2_Training_Input/ISIC_0005000.jpg,data/raw/isic2018/masks/ISIC2018_Task1_Training_GroundTruth/ISIC_0005000_segmentation.png,2848,4256,396814,0.03273749023189997,1120,619,1798,1487,679,869,0.04867970598018924,0.7813578826237054,False,False,False,False,False,1,1.0
ISIC_0005187,data/raw/isic2018/images/ISIC2018_Task1-2_Training_Input/ISIC_0005187.jpg,data/raw/isic2018/masks/ISIC2018_Task1_Training_GroundTruth/ISIC_0005187_segmentation.png,2016,3024,344889,0.05657271589191232,1346,544,2214,1255,869,712,0.10149098219534727,1.220505617977528,False,False,False,False,False,1,1.0
ISIC_0005247,data/raw/isic2018/images/ISIC2018_Task1-2_Training_Input/ISIC_0005247.jpg,data/raw/isic2018/masks/ISIC2018_Task1_Training_GroundTruth/ISIC_0005247_segmentation.png,2016,3024,580708,0.09525449840429999,863,301,1771,1233,909,933,0.13911476048752835,0.9742765273311897,False,False,False,False,False,1,1.0
ISIC_0005548,data/raw/isic2018/images/ISIC2018_Task1-2_Training_Input/ISIC_0005548.jpg,data/raw/isic2018/masks/ISIC2018_Task1_Training_GroundTruth/ISIC_0005548_segmentation.png,2016,3024,704360,0.1155373414798018,1597,536,2614,1581,1018,1046,0.17466550663475267,0.9732313575525813,False,False,False,False,False,1,1.0
ISIC_0005555,data/raw/isic2018/images/ISIC2018_Task1-2_Training_Input/ISIC_0005555.jpg,data/raw/isic2018/masks/ISIC2018_Task1_Training_GroundTruth/ISIC_0005555_segmentation.png,2016,3024,489896,0.08035845511043924,721,498,1390,1464,670,967,0.1062744735239775,0.6928645294725957,False,False,False,False,False,1,1.0
ISIC_0005620,data/raw/isic2018/images/ISIC2018_Task1-2_Training_Input/ISIC_0005620.jpg,data/raw/isic2018/masks/ISIC2018_Task1_Training_GroundTruth/ISIC_0005620_segmentation.png,2016,3024,397853,0.06526048884059797,684,478,1411,1192,728,715,0.08538176072898294,1.018181818181818,False,False,False,False,False,1,1.0
ISIC_0005639,data/raw/isic2018/images/ISIC2018_Task1-2_Training_Input/ISIC_0005639.jpg,data/raw/isic2018/masks/ISIC2018_Task1_Training_GroundTruth/ISIC_0005639_segmentation.png,2016,3024,1138775,0.18679515594818175,491,30,1591,1381,1101,1352,0.2441696586041824,0.8143491124260355,False,False,False,False,False,1,1.0
ISIC_0005666,data/raw/isic2018/images/ISIC2018_Task1-2_Training_Input/ISIC_0005666.jpg,data/raw/isic2018/masks/ISIC2018_Task1_Training_GroundTruth/ISIC_0005666_segmentation.png,2016,3024,509178,0.08352131361803981,503,521,1237,1455,735,935,0.11272665895061729,0.786096256684492,False,False,False,False,False,1,1.0
ISIC_0005787,data/raw/isic2018/images/ISIC2018_Task1-2_Training_Input/ISIC_0005787.jpg,data/raw/isic2018/masks/ISIC2018_Task1_Training_GroundTruth/ISIC_0005787_segmentation.png,2016,3024,651552,0.10687515747039557,142,670,1184,1424,1043,755,0.1291691927542622,1.3814569536423842,False,False,False,False,False,1,1.0
ISIC_0006021,data/raw/isic2018/images/ISIC2018_Task1-2_Training_Input/ISIC_0006021.jpg,data/raw/isic2018/masks/ISIC2018_Task1_Training_GroundTruth/ISIC_0006021_segmentation.png,2848,4288,820604,0.06719529546788529,1646,928,2998,1815,1353,888,0.09838208011906759,1.5236486486486487,False,False,False,False,False,1,1.0
ISIC_0006114,data/raw/isic2018/images/ISIC2018_Task1-2_Training_Input/ISIC_0006114.jpg,data/raw/isic2018/masks/ISIC2018_Task1_Training_GroundTruth/ISIC_0006114_segmentation.png,2016,3024,299759,0.04916996698370706,722,809,1518,1502,797,694,0.0907288648484085,1.1484149855907781,False,False,False,False,False,1,1.0
ISIC_0006193,data/raw/isic2018/images/ISIC2018_Task1-2_Training_Input/ISIC_0006193.jpg,data/raw/isic2018/masks/ISIC2018_Task1_Training_GroundTruth/ISIC_0006193_segmentation.png,2016,3024,376693,0.06178957887167213,1123,511,1913,1139,791,629,0.08161214910346855,1.2575516693163753,False,False,False,False,False,1,1.0
ISIC_0006350,data/raw/isic2018/images/ISIC2018_Task1-2_Training_Input/ISIC_0006350.jpg,data/raw/isic2018/masks/ISIC2018_Task1_Training_GroundTruth/ISIC_0006350_segmentation.png,2016,3024,727793,0.11938109541656168,857,384,1765,1576,909,1193,0.1778820034958428,0.7619446772841576,False,False,False,False,False,1,1.0
ISIC_0006612,data/raw/isic2018/images/ISIC2018_Task1-2_Training_Input/ISIC_0006612.jpg,data/raw/isic2018/masks/ISIC2018_Task1_Training_GroundTruth/ISIC_0006612_segmentation.png,2848,4288,763927,0.06255428986562972,1491,644,2545,1539,1055,896,0.07740441053161161,1.1774553571428572,False,False,False,False,False,1,1.0
ISIC_0006651,data/raw/isic2018/images/ISIC2018_Task1-2_Training_Input/ISIC_0006651.jpg,data/raw/isic2018/masks/ISIC2018_Task1_Training_GroundTruth/ISIC_0006651_segmentation.png,2016,3024,283730,0.04654070347274712,455,668,1150,1288,696,621,0.07089710884353742,1.1207729468599035,False,False,False,False,False,1,1.0
ISIC_0006671,data/raw/isic2018/images/ISIC2018_Task1-2_Training_Input/ISIC_0006671.jpg,data/raw/isic2018/masks/ISIC2018_Task1_Training_GroundTruth/ISIC_0006671_segmentation.png,2016,3024,173787,0.028506570452254975,1078,1107,1579,1552,502,446,0.03672537687914672,1.1255605381165918,False,False,False,False,False,1,1.0
ISIC_0006711,data/raw/isic2018/images/ISIC2018_Task1-2_Training_Input/ISIC_0006711.jpg,data/raw/isic2018/masks/ISIC2018_Task1_Training_GroundTruth/ISIC_0006711_segmentation.png,2848,4288,431395,0.035324851558569514,1289,857,2012,1652,724,796,0.047190749203421097,0.9095477386934674,False,False,False,False,False,1,1.0
ISIC_0006776,data/raw/isic2018/images/ISIC2018_Task1-2_Training_Input/ISIC_0006776.jpg,data/raw/isic2018/masks/ISIC2018_Task1_Training_GroundTruth/ISIC_0006776_segmentation.png,2016,3024,412130,0.06760236887965063,975,641,1674,1366,700,726,0.08336089065255732,0.9641873278236914,False,False,False,False,False,1,1.0
ISIC_0006795,data/raw/isic2018/images/ISIC2018_Task1-2_Training_Input/ISIC_0006795.jpg,data/raw/isic2018/masks/ISIC2018_Task1_Training_GroundTruth/ISIC_0006795_segmentation.png,2848,4288,722707,0.05917898328756498,1529,916,2420,1945,892,1030,0.07523281590642295,0.8660194174757282,False,False,False,False,False,1,1.0
ISIC_0006800,data/raw/isic2018/images/ISIC2018_Task1-2_Training_Input/ISIC_0006800.jpg,data/raw/isic2018/masks/ISIC2018_Task1_Training_GroundTruth/ISIC_0006800_segmentation.png,2016,3024,487754,0.08000709929033342,1056,585,1989,1315,934,731,0.11199327338960276,1.277701778385773,False,False,False,False,False,1,1.0
ISIC_0006815,data/raw/isic2018/images/ISIC2018_Task1-2_Training_Input/ISIC_0006815.jpg,data/raw/isic2018/masks/ISIC2018_Task1_Training_GroundTruth/ISIC_0006815_segmentation.png,2848,4288,94800,0.007762713818547711,1845,875,2252,1283,408,409,0.013664341564648666,0.9975550122249389,False,False,False,False,False,1,1.0
ISIC_0006914,data/raw/isic2018/images/ISIC2018_Task1-2_Training_Input/ISIC_0006914.jpg,data/raw/isic2018/masks/ISIC2018_Task1_Training_GroundTruth/ISIC_0006914_segmentation.png,2016,3024,696672,0.11427626606198035,757,517,1979,1231,1223,715,0.1434366667191568,1.7104895104895106,False,False,False,False,False,1,1.0
ISIC_0006940,data/raw/isic2018/images/ISIC2018_Task1-2_Training_Input/ISIC_0006940.jpg,data/raw/isic2018/masks/ISIC2018_Task1_Training_GroundTruth/ISIC_0006940_segmentation.png,2848,4288,758648,0.06212201806976354,1985,1240,3203,2064,1219,825,0.08234986518426128,1.4775757575757575,False,False,False,False,False,1,1.0
ISIC_0006982,data/raw/isic2018/images/ISIC2018_Task1-2_Training_Input/ISIC_0006982.jpg,data/raw/isic2018/masks/ISIC2018_Task1_Training_GroundTruth/ISIC_0006982_segmentation.png,2016,3024,1141752,0.18728347820609725,390,493,1916,1570,1527,1078,0.27001350308641975,1.4165120593692022,False,False,False,False,False,1,1.0
ISIC_0007038,data/raw/isic2018/images/ISIC2018_Task1-2_Training_Input/ISIC_0007038.jpg,data/raw/isic2018/masks/ISIC2018_Task1_Training_GroundTruth/ISIC_0007038_segmentation.png,2848,4288,407080,0.03333381372631226,1755,1062,2726,1618,972,557,0.044332956879926215,1.7450628366247756,False,False,False,False,False,1,1.0
ISIC_0007087,data/raw/isic2018/images/ISIC2018_Task1-2_Training_Input/ISIC_0007087.jpg,data/raw/isic2018/masks/ISIC2018_Task1_Training_GroundTruth/ISIC_0007087_segmentation.png,2016,3024,708364,0.11619412425464012,728,275,1677,1451,950,1177,0.18341200291845133,0.8071367884451996,False,False,False,False,False,1,1.0
ISIC_0007141,data/raw/isic2018/images/ISIC2018_Task1-2_Training_Input/ISIC_0007141.jpg,data/raw/isic2018/masks/ISIC2018_Task1_Training_GroundTruth/ISIC_0007141_segmentation.png,2016,3024,1003497,0.16460528076971528,1377,516,2641,1533,1265,1018,0.21123505343495422,1.2426326129666012,False,False,False,False,False,1,1.0
ISIC_0007156,data/raw/isic2018/images/ISIC2018_Task1-2_Training_Input/ISIC_0007156.jpg,data/raw/isic2018/masks/ISIC2018_Task1_Training_GroundTruth/ISIC_0007156_segmentation.png,2016,3024,384761,0.06311298632107164,814,676,1549,1333,736,658,0.07943856554967665,1.1185410334346504,False,False,False,False,False,1,1.0
ISIC_0007241,data/raw/isic2018/images/ISIC2018_Task1-2_Training_Input/ISIC_0007241.jpg,data/raw/isic2018/masks/ISIC2018_Task1_Training_GroundTruth/ISIC_0007241_segmentation.png,2016,3024,346920,0.05690586419753087,962,493,1620,1174,659,682,0.07372206212732006,0.966275659824047,False,False,False,False,False,1,1.0
ISIC_0007322,data/raw/isic2018/images/ISIC2018_Task1-2_Training_Input/ISIC_0007322.jpg,data/raw/isic2018/masks/ISIC2018_Task1_Training_GroundTruth/ISIC_0007322_segmentation.png,2848,4288,794621,0.0650676731773017,1186,761,2298,1828,1113,1068,0.09733558768656717,1.0421348314606742,False,False,False,False,False,1,1.0
ISIC_0007332,data/raw/isic2018/images/ISIC2018_Task1-2_Training_Input/ISIC_0007332.jpg,data/raw/isic2018/masks/ISIC2018_Task1_Training_GroundTruth/ISIC_0007332_segmentation.png,2016,3024,530766,0.08706242913832199,706,682,1662,1396,957,715,0.11223948491433611,1.3384615384615384,False,False,False,False,False,1,1.0
ISIC_0007344,data/raw/isic2018/images/ISIC2018_Task1-2_Training_Input/ISIC_0007344.jpg,data/raw/isic2018/masks/ISIC2018_Task1_Training_GroundTruth/ISIC_0007344_segmentation.png,2016,3024,522771,0.08575099600025195,241,1017,1310,1746,1070,730,0.12812513122532965,1.4657534246575343,False,False,False,False,False,1,1.0
ISIC_0007475,data/raw/isic2018/images/ISIC2018_Task1-2_Training_Input/ISIC_0007475.jpg,data/raw/isic2018/masks/ISIC2018_Task1_Training_GroundTruth/ISIC_0007475_segmentation.png,2016,3024,786048,0.12893675988914083,688,458,1998,1225,1311,768,0.1651549508692366,1.70703125,False,False,False,False,False,1,1.0
ISIC_0007528,data/raw/isic2018/images/ISIC2018_Task1-2_Training_Input/ISIC_0007528.jpg,data/raw/isic2018/masks/ISIC2018_Task1_Training_GroundTruth/ISIC_0007528_segmentation.png,2016,3024,165858,0.02720596340388007,1143,648,1610,1144,468,497,0.038153108465608467,0.9416498993963782,False,False,False,False,False,1,1.0
ISIC_0007557,data/raw/isic2018/images/ISIC2018_Task1-2_Training_Input/ISIC_0007557.jpg,data/raw/isic2018/masks/ISIC2018_Task1_Training_GroundTruth/ISIC_0007557_segmentation.png,2016,3024,785419,0.12883358397371295,1061,532,2014,1721,954,1190,0.18621858465608465,0.8016806722689076,False,False,False,False,False,1,1.0
ISIC_0007693,data/raw/isic2018/images/ISIC2018_Task1-2_Training_Input/ISIC_0007693.jpg,data/raw/isic2018/masks/ISIC2018_Task1_Training_GroundTruth/ISIC_0007693_segmentation.png,2016,3024,342608,0.05619855967078189,1235,560,1885,1399,651,840,0.08969907407407407,0.775,False,False,False,False,False,1,1.0
ISIC_0007760,data/raw/isic2018/images/ISIC2018_Task1-2_Training_Input/ISIC_0007760.jpg,data/raw/isic2018/masks/ISIC2018_Task1_Training_GroundTruth/ISIC_0007760_segmentation.png,2016,3024,452341,0.07419824604224406,408,539,1201,1306,794,768,0.1000251952632905,1.0338541666666667,False,False,False,False,False,1,1.0
ISIC_0007788,data/raw/isic2018/images/ISIC2018_Task1-2_Training_Input/ISIC_0007788.jpg,data/raw/isic2018/masks/ISIC2018_Task1_Training_GroundTruth/ISIC_0007788_segmentation.png,2848,4288,1240987,0.10161842756896697,1131,1133,2277,2498,1147,1366,0.12829784321021298,0.8396778916544656,False,False,False,False,False,1,1.0
ISIC_0007796,data/raw/isic2018/images/ISIC2018_Task1-2_Training_Input/ISIC_0007796.jpg,data/raw/isic2018/masks/ISIC2018_Task1_Training_GroundTruth/ISIC_0007796_segmentation.png,2016,3024,280691,0.04604221125178466,975,576,1612,1133,638,558,0.058395927815570674,1.1433691756272402,False,False,False,False,False,1,1.0
ISIC_0008029,data/raw/isic2018/images/ISIC2018_Task1-2_Training_Input/ISIC_0008029.jpg,data/raw/isic2018/masks/ISIC2018_Task1_Training_GroundTruth/ISIC_0008029_segmentation.png,2848,4288,708141,0.05798624394704847,1052,845,2081,1777,1030,933,0.07869082650301862,1.1039657020364415,False,False,False,False,False,1,1.0
ISIC_0008116,data/raw/isic2018/images/ISIC2018_Task1-2_Training_Input/ISIC_0008116.jpg,data/raw/isic2018/masks/ISIC2018_Task1_Training_GroundTruth/ISIC_0008116_segmentation.png,2016,3024,397815,0.06525425563744017,674,577,1305,1397,632,821,0.08511143654992862,0.7697929354445798,False,False,False,False,False,1,1.0
ISIC_0008145,data/raw/isic2018/images/ISIC2018_Task1-2_Training_Input/ISIC_0008145.jpg,data/raw/isic2018/masks/ISIC2018_Task1_Training_GroundTruth/ISIC_0008145_segmentation.png,2848,4288,308419,0.02525494127850914,2117,633,2704,1542,588,910,0.04381511508468892,0.6461538461538462,False,False,False,False,False,1,1.0
ISIC_0008207,data/raw/isic2018/images/ISIC2018_Task1-2_Training_Input/ISIC_0008207.jpg,data/raw/isic2018/masks/ISIC2018_Task1_Training_GroundTruth/ISIC_0008207_segmentation.png,2848,4288,423858,0.03470768305592822,1313,777,2197,1574,885,798,0.05782976139317458,1.1090225563909775,False,False,False,False,False,1,1.0
ISIC_0008236,data/raw/isic2018/images/ISIC2018_Task1-2_Training_Input/ISIC_0008236.jpg,data/raw/isic2018/masks/ISIC2018_Task1_Training_GroundTruth/ISIC_0008236_segmentation.png,2848,4288,805256,0.06593852192688245,1417,842,2897,1606,1481,765,0.0927730280741657,1.9359477124183007,False,False,False,False,False,1,1.0
ISIC_0008256,data/raw/isic2018/images/ISIC2018_Task1-2_Training_Input/ISIC_0008256.jpg,data/raw/isic2018/masks/ISIC2018_Task1_Training_GroundTruth/ISIC_0008256_segmentation.png,2848,4288,531795,0.0435461223115462,1731,906,2672,1727,942,822,0.06340564994549723,1.145985401459854,False,False,False,False,False,1,1.0
ISIC_0008280,data/raw/isic2018/images/ISIC2018_Task1-2_Training_Input/ISIC_0008280.jpg,data/raw/isic2018/masks/ISIC2018_Task1_Training_GroundTruth/ISIC_0008280_segmentation.png,2016,3024,361732,0.05933550117577895,546,446,1199,1190,654,745,0.0799211466994205,0.8778523489932886,False,False,False,False,False,1,1.0
ISIC_0008294,data/raw/isic2018/images/ISIC2018_Task1-2_Training_Input/ISIC_0008294.jpg,data/raw/isic2018/masks/ISIC2018_Task1_Training_GroundTruth/ISIC_0008294_segmentation.png,2016,3024,184764,0.030307146006550767,1309,613,1880,1087,572,475,0.04456740257831528,1.2042105263157894,False,False,False,False,False,1,1.0
ISIC_0008347,data/raw/isic2018/images/ISIC2018_Task1-2_Training_Input/ISIC_0008347.jpg,data/raw/isic2018/masks/ISIC2018_Task1_Training_GroundTruth/ISIC_0008347_segmentation.png,2848,4288,414888,0.033973173109173235,1604,1468,2608,1995,1005,528,0.043451544943820225,1.9034090909090908,False,False,False,False,False,1,1.0
ISIC_0008396,data/raw/isic2018/images/ISIC2018_Task1-2_Training_Input/ISIC_0008396.jpg,data/raw/isic2018/masks/ISIC2018_Task1_Training_GroundTruth/ISIC_0008396_segmentation.png,2848,4288,364446,0.02984272152230421,1447,1226,2155,1924,709,699,0.04058155173046286,1.0143061516452074,False,False,False,False,False,1,1.0
ISIC_0008403,data/raw/isic2018/images/ISIC2018_Task1-2_Training_Input/ISIC_0008403.jpg,data/raw/isic2018/masks/ISIC2018_Task1_Training_GroundTruth/ISIC_0008403_segmentation.png,2016,3024,572061,0.09383611662257496,464,560,1376,1380,913,821,0.122953705015957,1.1120584652862362,False,False,False,False,False,1,1.0
ISIC_0008406,data/raw/isic2018/images/ISIC2018_Task1-2_Training_Input/ISIC_0008406.jpg,data/raw/isic2018/masks/ISIC2018_Task1_Training_GroundTruth/ISIC_0008406_segmentation.png,2848,4288,469897,0.038477594253102466,959,1196,1707,2161,749,966,0.05924670232056012,0.7753623188405797,False,False,False,False,False,1,1.0
ISIC_0008507,data/raw/isic2018/images/ISIC2018_Task1-2_Training_Input/ISIC_0008507.jpg,data/raw/isic2018/masks/ISIC2018_Task1_Training_GroundTruth/ISIC_0008507_segmentation.png,2848,4288,604656,0.04951235745430153,1211,932,2143,1819,933,888,0.0678421882860976,1.0506756756756757,False,False,False,False,False,1,1.0
ISIC_0008524,data/raw/isic2018/images/ISIC2018_Task1-2_Training_Input/ISIC_0008524.jpg,data/raw/isic2018/masks/ISIC2018_Task1_Training_GroundTruth/ISIC_0008524_segmentation.png,2848,4288,324846,0.02660006891455643,1357,1113,2005,2016,649,904,0.0480416998574543,0.7179203539823009,False,False,False,False,False,1,1.0
ISIC_0008528,data/raw/isic2018/images/ISIC2018_Task1-2_Training_Input/ISIC_0008528.jpg,data/raw/isic2018/masks/ISIC2018_Task1_Training_GroundTruth/ISIC_0008528_segmentation.png,2848,4288,1048838,0.0858842746415395,1080,777,2109,2266,1030,1490,0.12566916558359886,0.6912751677852349,False,False,False,False,False,1,1.0
ISIC_0008541,data/raw/isic2018/images/ISIC2018_Task1-2_Training_Input/ISIC_0008541.jpg,data/raw/isic2018/masks/ISIC2018_Task1_Training_GroundTruth/ISIC_0008541_segmentation.png,2848,4288,380092,0.03112389684303203,1648,1175,2545,1783,898,609,0.044781523823997985,1.4745484400656814,False,False,False,False,False,1,1.0
ISIC_0008552,data/raw/isic2018/images/ISIC2018_Task1-2_Training_Input/ISIC_0008552.jpg,data/raw/isic2018/masks/ISIC2018_Task1_Training_GroundTruth/ISIC_0008552_segmentation.png,2848,4288,488509,0.040001640978743924,1374,1083,2181,1888,808,806,0.05332755114875063,1.0024813895781637,False,False,False,False,False,1,1.0
ISIC_0008600,data/raw/isic2018/images/ISIC2018_Task1-2_Training_Input/ISIC_0008600.jpg,data/raw/isic2018/masks/ISIC2018_Task1_Training_GroundTruth/ISIC_0008600_segmentation.png,2016,3024,830011,0.13614808384773663,620,275,1483,1746,864,1472,0.20861678004535147,0.5869565217391305,False,False,False,False,False,1,1.0
ISIC_0008626,data/raw/isic2018/images/ISIC2018_Task1-2_Training_Input/ISIC_0008626.jpg,data/raw/isic2018/masks/ISIC2018_Task1_Training_GroundTruth/ISIC_0008626_segmentation.png,2848,4288,1224306,0.10025250110053664,720,1004,2503,2143,1784,1140,0.16653477695790708,1.5649122807017544,False,False,False,False,False,1,1.0
ISIC_0008659,data/raw/isic2018/images/ISIC2018_Task1-2_Training_Input/ISIC_0008659.jpg,data/raw/isic2018/masks/ISIC2018_Task1_Training_GroundTruth/ISIC_0008659_segmentation.png,2848,4288,412343,0.033764775359508635,1168,1469,2254,2000,1087,532,0.04735288183380849,2.043233082706767,False,False,False,False,False,1,1.0
ISIC_0008785,data/raw/isic2018/images/ISIC2018_Task1-2_Training_Input/ISIC_0008785.jpg,data/raw/isic2018/masks/ISIC2018_Task1_Training_GroundTruth/ISIC_0008785_segmentation.png,2016,3024,582551,0.09555680875745359,271,574,1227,1400,957,827,0.1298210545792391,1.1571946795646917,False,False,False,False,False,1,1.0
ISIC_0008807,data/raw/isic2018/images/ISIC2018_Task1-2_Training_Input/ISIC_0008807.jpg,data/raw/isic2018/masks/ISIC2018_Task1_Training_GroundTruth/ISIC_0008807_segmentation.png,2848,4288,476683,0.03903326699543015,1168,1276,2141,1960,974,685,0.05463296447886969,1.421897810218978,False,False,False,False,False,1,1.0
ISIC_0008879,data/raw/isic2018/images/ISIC2018_Task1-2_Training_Input/ISIC_0008879.jpg,data/raw/isic2018/masks/ISIC2018_Task1_Training_GroundTruth/ISIC_0008879_segmentation.png,2848,4288,387040,0.031692834982391414,1508,970,2198,1748,691,779,0.04407788458515009,0.8870346598202824,False,False,False,False,False,1,1.0
ISIC_0008913,data/raw/isic2018/images/ISIC2018_Task1-2_Training_Input/ISIC_0008913.jpg,data/raw/isic2018/masks/ISIC2018_Task1_Training_GroundTruth/ISIC_0008913_segmentation.png,2848,4288,2028909,0.16613755201345798,1445,490,2889,2313,1445,1824,0.2158230965956733,0.7922149122807017,False,False,False,False,False,1,1.0
ISIC_0008992,data/raw/isic2018/images/ISIC2018_Task1-2_Training_Input/ISIC_0008992.jpg,data/raw/isic2018/masks/ISIC2018_Task1_Training_GroundTruth/ISIC_0008992_segmentation.png,2848,4288,504400,0.04130287816535301,1110,903,1850,1811,741,909,0.055155309958284424,0.8151815181518152,False,False,False,False,False,1,1.0
ISIC_0008993,data/raw/isic2018/images/ISIC2018_Task1-2_Training_Input/ISIC_0008993.jpg,data/raw/isic2018/masks/ISIC2018_Task1_Training_GroundTruth/ISIC_0008993_segmentation.png,2016,3024,433972,0.07118514844209288,892,600,1709,1257,818,658,0.08828905790711346,1.243161094224924,False,False,False,False,False,1,1.0
ISIC_0008998,data/raw/isic2018/images/ISIC2018_Task1-2_Training_Input/ISIC_0008998.jpg,data/raw/isic2018/masks/ISIC2018_Task1_Training_GroundTruth/ISIC_0008998_segmentation.png,2848,4288,4453540,0.36467886602800603,448,474,3746,2687,3299,2214,0.5980881123700319,1.490063233965673,False,False,False,False,False,1,1.0
ISIC_0009035,data/raw/isic2018/images/ISIC2018_Task1-2_Training_Input/ISIC_0009035.jpg,data/raw/isic2018/masks/ISIC2018_Task1_Training_GroundTruth/ISIC_0009035_segmentation.png,2848,4288,1423482,0.11656206109550561,1019,459,2266,1937,1248,1479,0.15114298591313097,0.8438133874239351,False,False,False,False,False,1,1.0
ISIC_0009078,data/raw/isic2018/images/ISIC2018_Task1-2_Training_Input/ISIC_0009078.jpg,data/raw/isic2018/masks/ISIC2018_Task1_Training_GroundTruth/ISIC_0009078_segmentation.png,2016,3024,361985,0.05937700118627698,836,713,1637,1366,802,654,0.08603591899722852,1.2262996941896025,False,False,False,False,False,1,1.0
ISIC_0009083,data/raw/isic2018/images/ISIC2018_Task1-2_Training_Input/ISIC_0009083.jpg,data/raw/isic2018/masks/ISIC2018_Task1_Training_GroundTruth/ISIC_0009083_segmentation.png,2848,4288,738282,0.06045434476144558,1709,262,2659,1438,951,1177,0.0916562781684974,0.8079864061172473,False,False,False,False,False,1,1.0
ISIC_0009160,data/raw/isic2018/images/ISIC2018_Task1-2_Training_Input/ISIC_0009160.jpg,data/raw/isic2018/masks/ISIC2018_Task1_Training_GroundTruth/ISIC_0009160_segmentation.png,2016,3024,420513,0.06897744630259511,1291,313,2034,1035,744,723,0.08823459939531368,1.0290456431535269,False,False,False,False,False,1,1.0
ISIC_0009165,data/raw/isic2018/images/ISIC2018_Task1-2_Training_Input/ISIC_0009165.jpg,data/raw/isic2018/masks/ISIC2018_Task1_Training_GroundTruth/ISIC_0009165_segmentation.png,2848,4288,662042,0.054211419639862486,1831,1088,2756,2159,926,1072,0.08128511235955056,0.8638059701492538,False,False,False,False,False,1,1.0
ISIC_0009188,data/raw/isic2018/images/ISIC2018_Task1-2_Training_Input/ISIC_0009188.jpg,data/raw/isic2018/masks/ISIC2018_Task1_Training_GroundTruth/ISIC_0009188_segmentation.png,2848,4288,432468,0.035412714342612776,1211,1100,2076,1844,866,745,0.05282985310456146,1.1624161073825503,False,False,False,False,False,1,1.0
ISIC_0009201,data/raw/isic2018/images/ISIC2018_Task1-2_Training_Input/ISIC_0009201.jpg,data/raw/isic2018/masks/ISIC2018_Task1_Training_GroundTruth/ISIC_0009201_segmentation.png,2848,4288,1672734,0.136972102706272,1148,635,2466,2330,1319,1696,0.18317908351500922,0.7777122641509434,False,False,False,False,False,1,1.0
ISIC_0009252,data/raw/isic2018/images/ISIC2018_Task1-2_Training_Input/ISIC_0009252.jpg,data/raw/isic2018/masks/ISIC2018_Task1_Training_GroundTruth/ISIC_0009252_segmentation.png,2016,3024,375771,0.0616383416792643,688,707,1347,1581,660,875,0.09472828483245149,0.7542857142857143,False,False,False,False,False,1,1.0
ISIC_0009297,data/raw/isic2018/images/ISIC2018_Task1-2_Training_Input/ISIC_0009297.jpg,data/raw/isic2018/masks/ISIC2018_Task1_Training_GroundTruth/ISIC_0009297_segmentation.png,2848,4288,634587,0.05196326238365755,1541,1087,2386,1970,846,884,0.06123896843032031,0.9570135746606335,False,False,False,False,False,1,1.0
ISIC_0009298,data/raw/isic2018/images/ISIC2018_Task1-2_Training_Input/ISIC_0009298.jpg,data/raw/isic2018/masks/ISIC2018_Task1_Training_GroundTruth/ISIC_0009298_segmentation.png,2848,4288,873091,0.07149320222098776,1052,1355,2231,2292,1180,938,0.09063377808988764,1.2579957356076759,False,False,False,False,False,1,1.0
ISIC_0009344,data/raw/isic2018/images/ISIC2018_Task1-2_Training_Input/ISIC_0009344.jpg,data/raw/isic2018/masks/ISIC2018_Task1_Training_GroundTruth/ISIC_0009344_segmentation.png,2848,4288,734607,0.06015341677322656,1420,832,2478,1882,1059,1051,0.09113892768426128,1.0076117982873454,False,False,False,False,False,1,1.0
ISIC_0009430,data/raw/isic2018/images/ISIC2018_Task1-2_Training_Input/ISIC_0009430.jpg,data/raw/isic2018/masks/ISIC2018_Task1_Training_GroundTruth/ISIC_0009430_segmentation.png,2016,3024,471244,0.07729893654992862,700,431,1511,1295,812,865,0.11521255878894768,0.9387283236994219,False,False,False,False,False,1,1.0
ISIC_0009504,data/raw/isic2018/images/ISIC2018_Task1-2_Training_Input/ISIC_0009504.jpg,data/raw/isic2018/masks/ISIC2018_Task1_Training_GroundTruth/ISIC_0009504_segmentation.png,2848,4288,377500,0.030911650490524904,1731,1244,2422,2057,692,814,0.046124931871541174,0.8501228501228502,False,False,False,False,False,1,1.0
ISIC_0009533,data/raw/isic2018/images/ISIC2018_Task1-2_Training_Input/ISIC_0009533.jpg,data/raw/isic2018/masks/ISIC2018_Task1_Training_GroundTruth/ISIC_0009533_segmentation.png,2848,4288,747109,0.06117714512933926,1498,581,2355,1850,858,1270,0.08922699092319303,0.6755905511811023,False,False,False,False,False,1,1.0
ISIC_0009564,data/raw/isic2018/images/ISIC2018_Task1-2_Training_Input/ISIC_0009564.jpg,data/raw/isic2018/masks/ISIC2018_Task1_Training_GroundTruth/ISIC_0009564_segmentation.png,2848,4288,380432,0.031151737799765218,1576,568,2251,1381,676,814,0.045058459458326344,0.8304668304668305,False,False,False,False,False,1,1.0
ISIC_0009583,data/raw/isic2018/images/ISIC2018_Task1-2_Training_Input/ISIC_0009583.jpg,data/raw/isic2018/masks/ISIC2018_Task1_Training_GroundTruth/ISIC_0009583_segmentation.png,2848,4288,584902,0.0478947978681033,989,945,2217,1694,1229,750,0.07547765255534127,1.6386666666666667,False,False,False,False,False,1,1.0
ISIC_0009599,data/raw/isic2018/images/ISIC2018_Task1-2_Training_Input/ISIC_0009599.jpg,data/raw/isic2018/masks/ISIC2018_Task1_Training_GroundTruth/ISIC_0009599_segmentation.png,2848,4288,841862,0.06893601034504444,1362,932,2418,2110,1057,1179,0.1020455405993208,0.8965224766751484,False,False,False,False,False,1,1.0
ISIC_0009758,data/raw/isic2018/images/ISIC2018_Task1-2_Training_Input/ISIC_0009758.jpg,data/raw/isic2018/masks/ISIC2018_Task1_Training_GroundTruth/ISIC_0009758_segmentation.png,2016,3024,754111,0.12369808069832872,618,334,1641,1349,1024,1016,0.17065591668766272,1.0078740157480315,False,False,False,False,False,1,1.0
ISIC_0009800,data/raw/isic2018/images/ISIC2018_Task1-2_Training_Input/ISIC_0009800.jpg,data/raw/isic2018/masks/ISIC2018_Task1_Training_GroundTruth/ISIC_0009800_segmentation.png,2848,4288,668808,0.05476545467885292,1328,912,2160,1936,833,1025,0.06991560259621835,0.8126829268292682,False,False,False,False,False,1,1.0
ISIC_0009860,data/raw/isic2018/images/ISIC2018_Task1-2_Training_Input/ISIC_0009860.jpg,data/raw/isic2018/masks/ISIC2018_Task1_Training_GroundTruth/ISIC_0009860_segmentation.png,2848,4288,502513,0.04114836085548382,2149,737,2776,2008,628,1272,0.06541118145228912,0.4937106918238994,False,False,False,False,False,1,1.0
ISIC_0009868,data/raw/isic2018/images/ISIC2018_Task1-2_Training_Input/ISIC_0009868.jpg,data/raw/isic2018/masks/ISIC2018_Task1_Training_GroundTruth/ISIC_0009868_segmentation.png,768,1024,140567,0.17874018351236978,224,215,677,643,454,429,0.24765777587890625,1.0582750582750582,False,False,False,False,False,1,1.0
ISIC_0009869,data/raw/isic2018/images/ISIC2018_Task1-2_Training_Input/ISIC_0009869.jpg,data/raw/isic2018/masks/ISIC2018_Task1_Training_GroundTruth/ISIC_0009869_segmentation.png,768,1024,45574,0.057950337727864586,421,257,615,567,195,311,0.07711410522460938,0.6270096463022508,False,False,False,False,False,1,1.0
ISIC_0009873,data/raw/isic2018/images/ISIC2018_Task1-2_Training_Input/ISIC_0009873.jpg,data/raw/isic2018/masks/ISIC2018_Task1_Training_GroundTruth/ISIC_0009873_segmentation.png,768,1024,205961,0.26189295450846356,104,66,751,602,648,537,0.442474365234375,1.2067039106145252,False,False,False,False,False,1,1.0
ISIC_0009874,data/raw/isic2018/images/ISIC2018_Task1-2_Training_Input/ISIC_0009874.jpg,data/raw/isic2018/masks/ISIC2018_Task1_Training_GroundTruth/ISIC_0009874_segmentation.png,768,1024,106934,0.1359736124674479,203,209,725,483,523,275,0.18288294474283853,1.9018181818181819,False,False,False,False,False,1,1.0
ISIC_0009875,data/raw/isic2018/images/ISIC2018_Task1-2_Training_Input/ISIC_0009875.jpg,data/raw/isic2018/masks/ISIC2018_Task1_Training_GroundTruth/ISIC_0009875_segmentation.png,768,1024,260817,0.3316459655761719,184,110,860,749,677,640,0.5509440104166666,1.0578125,False,False,False,False,False,1,1.0
ISIC_0009877,data/raw/isic2018/images/ISIC2018_Task1-2_Training_Input/ISIC_0009877.jpg,data/raw/isic2018/masks/ISIC2018_Task1_Training_GroundTruth/ISIC_0009877_segmentation.png,768,1024,193509,0.24605941772460938,181,106,801,585,621,480,0.3790283203125,1.29375,False,False,False,False,False,1,1.0
ISIC_0009879,data/raw/isic2018/images/ISIC2018_Task1-2_Training_Input/ISIC_0009879.jpg,data/raw/isic2018/masks/ISIC2018_Task1_Training_GroundTruth/ISIC_0009879_segmentation.png,768,1024,222037,0.2823346455891927,196,95,795,646,600,552,0.421142578125,1.0869565217391304,False,False,False,False,False,1,1.0
ISIC_0009880,data/raw/isic2018/images/ISIC2018_Task1-2_Training_Input/ISIC_0009880.jpg,data/raw/isic2018/masks/ISIC2018_Task1_Training_GroundTruth/ISIC_0009880_segmentation.png,768,1024,188785,0.24005254109700522,123,114,663,582,541,469,0.3226331075032552,1.1535181236673775,False,False,False,False,False,1,1.0
ISIC_0009881,data/raw/isic2018/images/ISIC2018_Task1-2_Training_Input/ISIC_0009881.jpg,data/raw/isic2018/masks/ISIC2018_Task1_Training_GroundTruth/ISIC_0009881_segmentation.png,768,1024,145191,0.18461990356445312,284,108,720,583,437,476,0.2645009358723958,0.9180672268907563,False,False,False,False,False,1,1.0
ISIC_0009883,data/raw/isic2018/images/ISIC2018_Task1-2_Training_Input/ISIC_0009883.jpg,data/raw/isic2018/masks/ISIC2018_Task1_Training_GroundTruth/ISIC_0009883_segmentation.png,768,1024,138239,0.17577997843424478,302,143,784,615,483,473,0.2905006408691406,1.0211416490486258,False,False,False,False,False,1,1.0
ISIC_0009884,data/raw/isic2018/images/ISIC2018_Task1-2_Training_Input/ISIC_0009884.jpg,data/raw/isic2018/masks/ISIC2018_Task1_Training_GroundTruth/ISIC_0009884_segmentation.png,768,1024,85466,0.10867563883463542,338,220,686,579,349,360,0.159759521484375,0.9694444444444444,False,False,False,False,False,1,1.0
ISIC_0009885,data/raw/isic2018/images/ISIC2018_Task1-2_Training_Input/ISIC_0009885.jpg,data/raw/isic2018/masks/ISIC2018_Task1_Training_GroundTruth/ISIC_0009885_segmentation.png,768,1024,46995,0.059757232666015625,436,199,711,469,276,271,0.0951080322265625,1.018450184501845,False,False,False,False,False,1,1.0
ISIC_0009888,data/raw/isic2018/images/ISIC2018_Task1-2_Training_Input/ISIC_0009888.jpg,data/raw/isic2018/masks/ISIC2018_Task1_Training_GroundTruth/ISIC_0009888_segmentation.png,768,1024,84978,0.10805511474609375,321,214,691,585,371,372,0.1754913330078125,0.9973118279569892,False,False,False,False,False,1,1.0
ISIC_0009889,data/raw/isic2018/images/ISIC2018_Task1-2_Training_Input/ISIC_0009889.jpg,data/raw/isic2018/masks/ISIC2018_Task1_Training_GroundTruth/ISIC_0009889_segmentation.png,768,1024,81350,0.10344187418619792,300,227,680,565,381,339,0.16423416137695312,1.1238938053097345,False,False,False,False,False,1,1.0
ISIC_0009891,data/raw/isic2018/images/ISIC2018_Task1-2_Training_Input/ISIC_0009891.jpg,data/raw/isic2018/masks/ISIC2018_Task1_Training_GroundTruth/ISIC_0009891_segmentation.png,768,1024,147157,0.18711980183919272,185,128,726,519,542,392,0.2701619466145833,1.3826530612244898,False,False,False,False,False,1,1.0
ISIC_0009895,data/raw/isic2018/images/ISIC2018_Task1-2_Training_Input/ISIC_0009895.jpg,data/raw/isic2018/masks/ISIC2018_Task1_Training_GroundTruth/ISIC_0009895_segmentation.png,768,1024,174992,0.22251383463541666,283,148,712,690,430,543,0.29689788818359375,0.7918968692449355,False,False,False,False,False,1,1.0
ISIC_0009896,data/raw/isic2018/images/ISIC2018_Task1-2_Training_Input/ISIC_0009896.jpg,data/raw/isic2018/masks/ISIC2018_Task1_Training_GroundTruth/ISIC_0009896_segmentation.png,768,1024,269889,0.3431816101074219,27,5,821,643,795,639,0.6459617614746094,1.244131455399061,False,False,False,False,False,1,1.0
ISIC_0009897,data/raw/isic2018/images/ISIC2018_Task1-2_Training_Input/ISIC_0009897.jpg,data/raw/isic2018/masks/ISIC2018_Task1_Training_GroundTruth/ISIC_0009897_segmentation.png,768,1024,479501,0.609717051188151,62,0,981,765,920,766,0.8960978190104166,1.2010443864229765,True,False,False,True,False,1,1.0
ISIC_0009898,data/raw/isic2018/images/ISIC2018_Task1-2_Training_Input/ISIC_0009898.jpg,data/raw/isic2018/masks/ISIC2018_Task1_Training_GroundTruth/ISIC_0009898_segmentation.png,768,1024,161825,0.20577112833658853,234,67,718,531,485,465,0.2867698669433594,1.043010752688172,False,False,False,False,False,1,1.0
ISIC_0009899,data/raw/isic2018/images/ISIC2018_Task1-2_Training_Input/ISIC_0009899.jpg,data/raw/isic2018/masks/ISIC2018_Task1_Training_GroundTruth/ISIC_0009899_segmentation.png,768,1024,263381,0.33490626017252606,182,42,848,638,667,597,0.5063362121582031,1.117252931323283,False,False,False,False,False,1,1.0
ISIC_0009901,data/raw/isic2018/images/ISIC2018_Task1-2_Training_Input/ISIC_0009901.jpg,data/raw/isic2018/masks/ISIC2018_Task1_Training_GroundTruth/ISIC_0009901_segmentation.png,768,1024,255415,0.32477696736653644,209,80,801,709,593,630,0.47504425048828125,0.9412698412698413,False,False,False,False,False,1,1.0
ISIC_0009902,data/raw/isic2018/images/ISIC2018_Task1-2_Training_Input/ISIC_0009902.jpg,data/raw/isic2018/masks/ISIC2018_Task1_Training_GroundTruth/ISIC_0009902_segmentation.png,768,1024,248937,0.3165397644042969,211,149,772,693,562,545,0.38946787516276044,1.0311926605504587,False,False,False,False,False,1,1.0
ISIC_0009904,data/raw/isic2018/images/ISIC2018_Task1-2_Training_Input/ISIC_0009904.jpg,data/raw/isic2018/masks/ISIC2018_Task1_Training_GroundTruth/ISIC_0009904_segmentation.png,768,1024,360564,0.4584808349609375,234,15,837,767,604,753,0.5783233642578125,0.8021248339973439,True,False,False,False,True,1,1.0
ISIC_0009906,data/raw/isic2018/images/ISIC2018_Task1-2_Training_Input/ISIC_0009906.jpg,data/raw/isic2018/masks/ISIC2018_Task1_Training_GroundTruth/ISIC_0009906_segmentation.png,768,1024,248359,0.31580479939778644,209,149,885,665,677,517,0.44505945841471356,1.309477756286267,False,False,False,False,False,1,1.0
ISIC_0009909,data/raw/isic2018/images/ISIC2018_Task1-2_Training_Input/ISIC_0009909.jpg,data/raw/isic2018/masks/ISIC2018_Task1_Training_GroundTruth/ISIC_0009909_segmentation.png,768,1024,160884,0.2045745849609375,174,244,697,640,524,397,0.2645212809244792,1.3198992443324937,False,False,False,False,False,1,1.0
ISIC_0009910,data/raw/isic2018/images/ISIC2018_Task1-2_Training_Input/ISIC_0009910.jpg,data/raw/isic2018/masks/ISIC2018_Task1_Training_GroundTruth/ISIC_0009910_segmentation.png,768,1024,311187,0.3956947326660156,24,180,997,642,974,463,0.5734278361002604,2.103671706263499,False,False,False,False,False,1,1.0
ISIC_0009914,data/raw/isic2018/images/ISIC2018_Task1-2_Training_Input/ISIC_0009914.jpg,data/raw/isic2018/masks/ISIC2018_Task1_Training_GroundTruth/ISIC_0009914_segmentation.png,768,1024,155603,0.19785944620768228,215,112,693,663,479,552,0.336212158203125,0.8677536231884058,False,False,False,False,False,1,1.0
ISIC_0009915,data/raw/isic2018/images/ISIC2018_Task1-2_Training_Input/ISIC_0009915.jpg,data/raw/isic2018/masks/ISIC2018_Task1_Training_GroundTruth/ISIC_0009915_segmentation.png,768,1024,290577,0.3694877624511719,137,73,855,634,719,562,0.5138117472330729,1.2793594306049823,False,False,False,False,False,1,1.0
ISIC_0009917,data/raw/isic2018/images/ISIC2018_Task1-2_Training_Input/ISIC_0009917.jpg,data/raw/isic2018/masks/ISIC2018_Task1_Training_GroundTruth/ISIC_0009917_segmentation.png,768,1024,85625,0.10887781778971355,275,252,597,617,323,366,0.15032196044921875,0.8825136612021858,False,False,False,False,False,1,1.0
ISIC_0009918,data/raw/isic2018/images/ISIC2018_Task1-2_Training_Input/ISIC_0009918.jpg,data/raw/isic2018/masks/ISIC2018_Task1_Training_GroundTruth/ISIC_0009918_segmentation.png,768,1024,422024,0.5366312662760416,172,29,968,761,797,733,0.7428499857584635,1.08731241473397,False,False,False,False,False,1,1.0
ISIC_0009919,data/raw/isic2018/images/ISIC2018_Task1-2_Training_Input/ISIC_0009919.jpg,data/raw/isic2018/masks/ISIC2018_Task1_Training_GroundTruth/ISIC_0009919_segmentation.png,768,1024,263386,0.33491261800130206,204,178,841,705,638,528,0.4283447265625,1.2083333333333333,False,False,False,False,False,1,1.0
ISIC_0009920,data/raw/isic2018/images/ISIC2018_Task1-2_Training_Input/ISIC_0009920.jpg,data/raw/isic2018/masks/ISIC2018_Task1_Training_GroundTruth/ISIC_0009920_segmentation.png,768,1024,248997,0.3166160583496094,292,121,928,648,637,528,0.42767333984375,1.206439393939394,False,False,False,False,False,1,1.0
ISIC_0009921,data/raw/isic2018/images/ISIC2018_Task1-2_Training_Input/ISIC_0009921.jpg,data/raw/isic2018/masks/ISIC2018_Task1_Training_GroundTruth/ISIC_0009921_segmentation.png,768,1024,510701,0.649389902750651,7,37,936,763,930,727,0.8597183227539062,1.2792297111416782,False,False,False,False,False,1,1.0
ISIC_0009923,data/raw/isic2018/images/ISIC2018_Task1-2_Training_Input/ISIC_0009923.jpg,data/raw/isic2018/masks/ISIC2018_Task1_Training_GroundTruth/ISIC_0009923_segmentation.png,768,1024,230341,0.2928937276204427,165,122,828,688,664,567,0.478729248046875,1.1710758377425043,False,False,False,False,False,1,1.0
ISIC_0009925,data/raw/isic2018/images/ISIC2018_Task1-2_Training_Input/ISIC_0009925.jpg,data/raw/isic2018/masks/ISIC2018_Task1_Training_GroundTruth/ISIC_0009925_segmentation.png,768,1024,248101,0.3154767354329427,244,34,775,662,532,629,0.4255015055338542,0.8457869634340223,False,False,False,False,False,1,1.0
ISIC_0009927,data/raw/isic2018/images/ISIC2018_Task1-2_Training_Input/ISIC_0009927.jpg,data/raw/isic2018/masks/ISIC2018_Task1_Training_GroundTruth/ISIC_0009927_segmentation.png,768,1024,120885,0.15371322631835938,365,43,750,454,386,412,0.20221964518229166,0.9368932038834952,False,False,False,False,False,1,1.0
ISIC_0009928,data/raw/isic2018/images/ISIC2018_Task1-2_Training_Input/ISIC_0009928.jpg,data/raw/isic2018/masks/ISIC2018_Task1_Training_GroundTruth/ISIC_0009928_segmentation.png,768,1024,476542,0.6059544881184896,155,9,952,767,798,759,0.7701644897460938,1.051383399209486,True,False,False,False,True,1,1.0
ISIC_0009929,data/raw/isic2018/images/ISIC2018_Task1-2_Training_Input/ISIC_0009929.jpg,data/raw/isic2018/masks/ISIC2018_Task1_Training_GroundTruth/ISIC_0009929_segmentation.png,768,1024,17191,0.021859486897786457,490,306,618,489,129,184,0.030181884765625,0.7010869565217391,False,False,False,False,False,1,1.0
ISIC_0009930,data/raw/isic2018/images/ISIC2018_Task1-2_Training_Input/ISIC_0009930.jpg,data/raw/isic2018/masks/ISIC2018_Task1_Training_GroundTruth/ISIC_0009930_segmentation.png,768,1024,19190,0.024401346842447918,521,264,638,485,118,222,0.0333099365234375,0.5315315315315315,False,False,False,False,False,1,1.0
ISIC_0009931,data/raw/isic2018/images/ISIC2018_Task1-2_Training_Input/ISIC_0009931.jpg,data/raw/isic2018/masks/ISIC2018_Task1_Training_GroundTruth/ISIC_0009931_segmentation.png,768,1024,246398,0.31331125895182294,234,116,843,673,610,558,0.4328155517578125,1.093189964157706,False,False,False,False,False,1,1.0
ISIC_0009932,data/raw/isic2018/images/ISIC2018_Task1-2_Training_Input/ISIC_0009932.jpg,data/raw/isic2018/masks/ISIC2018_Task1_Training_GroundTruth/ISIC_0009932_segmentation.png,768,1024,193356,0.2458648681640625,96,172,951,512,856,341,0.3711649576822917,2.5102639296187683,False,False,False,False,False,1,1.0
ISIC_0009933,data/raw/isic2018/images/ISIC2018_Task1-2_Training_Input/ISIC_0009933.jpg,data/raw/isic2018/masks/ISIC2018_Task1_Training_GroundTruth/ISIC_0009933_segmentation.png,768,1024,153954,0.19576263427734375,250,160,698,616,449,457,0.26091639200846356,0.9824945295404814,False,False,False,False,False,1,1.0
ISIC_0009934,data/raw/isic2018/images/ISIC2018_Task1-2_Training_Input/ISIC_0009934.jpg,data/raw/isic2018/masks/ISIC2018_Task1_Training_GroundTruth/ISIC_0009934_segmentation.png,768,1024,676132,0.8597462972005209,2,5,1022,767,1021,763,0.9905789693196615,1.3381389252948885,True,False,False,False,True,1,1.0
ISIC_0009935,data/raw/isic2018/images/ISIC2018_Task1-2_Training_Input/ISIC_0009935.jpg,data/raw/isic2018/masks/ISIC2018_Task1_Training_GroundTruth/ISIC_0009935_segmentation.png,768,1024,111441,0.14170455932617188,315,215,752,549,438,335,0.18657684326171875,1.3074626865671641,False,False,False,False,False,1,1.0
ISIC_0009936,data/raw/isic2018/images/ISIC2018_Task1-2_Training_Input/ISIC_0009936.jpg,data/raw/isic2018/masks/ISIC2018_Task1_Training_GroundTruth/ISIC_0009936_segmentation.png,768,1024,28668,0.0364532470703125,420,295,678,442,259,148,0.048741658528645836,1.75,False,False,False,False,False,1,1.0
ISIC_0009937,data/raw/isic2018/images/ISIC2018_Task1-2_Training_Input/ISIC_0009937.jpg,data/raw/isic2018/masks/ISIC2018_Task1_Training_GroundTruth/ISIC_0009937_segmentation.png,768,1024,58382,0.07423655192057292,395,195,677,513,283,319,0.1147931416829427,0.8871473354231975,False,False,False,False,False,1,1.0
ISIC_0009938,data/raw/isic2018/images/ISIC2018_Task1-2_Training_Input/ISIC_0009938.jpg,data/raw/isic2018/masks/ISIC2018_Task1_Training_GroundTruth/ISIC_0009938_segmentation.png,768,1024,197855,0.2515856424967448,246,92,772,586,527,495,0.3317070007324219,1.0646464646464646,False,False,False,False,False,1,1.0
ISIC_0009939,data/raw/isic2018/images/ISIC2018_Task1-2_Training_Input/ISIC_0009939.jpg,data/raw/isic2018/masks/ISIC2018_Task1_Training_GroundTruth/ISIC_0009939_segmentation.png,768,1024,195066,0.24803924560546875,194,172,897,573,704,402,0.35986328125,1.7512437810945274,False,False,False,False,False,1,1.0
ISIC_0009940,data/raw/isic2018/images/ISIC2018_Task1-2_Training_Input/ISIC_0009940.jpg,data/raw/isic2018/masks/ISIC2018_Task1_Training_GroundTruth/ISIC_0009940_segmentation.png,768,1024,414988,0.5276845296223959,50,15,958,747,909,733,0.8472404479980469,1.2401091405184175,False,False,False,False,False,1,1.0
ISIC_0009941,data/raw/isic2018/images/ISIC2018_Task1-2_Training_Input/ISIC_0009941.jpg,data/raw/isic2018/masks/ISIC2018_Task1_Training_GroundTruth/ISIC_0009941_segmentation.png,768,1024,130753,0.16626103719075522,319,183,755,619,437,437,0.24282964070638022,1.0,False,False,False,False,False,1,1.0
ISIC_0009942,data/raw/isic2018/images/ISIC2018_Task1-2_Training_Input/ISIC_0009942.jpg,data/raw/isic2018/masks/ISIC2018_Task1_Training_GroundTruth/ISIC_0009942_segmentation.png,768,1024,153509,0.19519678751627603,267,164,739,567,473,404,0.24298604329427084,1.1707920792079207,False,False,False,False,False,1,1.0
ISIC_0009943,data/raw/isic2018/images/ISIC2018_Task1-2_Training_Input/ISIC_0009943.jpg,data/raw/isic2018/masks/ISIC2018_Task1_Training_GroundTruth/ISIC_0009943_segmentation.png,768,1024,95456,0.12137858072916667,412,162,655,697,244,536,0.16630045572916666,0.4552238805970149,False,False,False,False,False,1,1.0
ISIC_0009944,data/raw/isic2018/images/ISIC2018_Task1-2_Training_Input/ISIC_0009944.jpg,data/raw/isic2018/masks/ISIC2018_Task1_Training_GroundTruth/ISIC_0009944_segmentation.png,768,1024,102532,0.13037618001302084,431,159,723,617,293,459,0.17100906372070312,0.6383442265795207,False,False,False,False,False,1,1.0
ISIC_0009945,data/raw/isic2018/images/ISIC2018_Task1-2_Training_Input/ISIC_0009945.jpg,data/raw/isic2018/masks/ISIC2018_Task1_Training_GroundTruth/ISIC_0009945_segmentation.png,768,1024,82387,0.10476048787434895,339,179,657,522,319,344,0.13953653971354166,0.9273255813953488,False,False,False,False,False,1,1.0
ISIC_0009946,data/raw/isic2018/images/ISIC2018_Task1-2_Training_Input/ISIC_0009946.jpg,data/raw/isic2018/masks/ISIC2018_Task1_Training_GroundTruth/ISIC_0009946_segmentation.png,768,1024,216788,0.2756601969401042,209,86,746,592,538,507,0.34683990478515625,1.0611439842209074,False,False,False,False,False,1,1.0
ISIC_0009947,data/raw/isic2018/images/ISIC2018_Task1-2_Training_Input/ISIC_0009947.jpg,data/raw/isic2018/masks/ISIC2018_Task1_Training_GroundTruth/ISIC_0009947_segmentation.png,768,1024,127464,0.162078857421875,221,220,620,617,400,398,0.20243326822916666,1.0050251256281406,False,False,False,False,False,1,1.0
ISIC_0009948,data/raw/isic2018/images/ISIC2018_Task1-2_Training_Input/ISIC_0009948.jpg,data/raw/isic2018/masks/ISIC2018_Task1_Training_GroundTruth/ISIC_0009948_segmentation.png,768,1024,394433,0.5015474955240885,163,39,814,760,652,722,0.5985819498697916,0.9030470914127424,False,False,False,False,False,1,1.0
ISIC_0009949,data/raw/isic2018/images/ISIC2018_Task1-2_Training_Input/ISIC_0009949.jpg,data/raw/isic2018/masks/ISIC2018_Task1_Training_GroundTruth/ISIC_0009949_segmentation.png,768,1024,160933,0.20463689168294272,323,129,711,707,389,579,0.2863960266113281,0.6718480138169257,False,False,False,False,False,1,1.0
ISIC_0009950,data/raw/isic2018/images/ISIC2018_Task1-2_Training_Input/ISIC_0009950.jpg,data/raw/isic2018/masks/ISIC2018_Task1_Training_GroundTruth/ISIC_0009950_segmentation.png,768,1024,200568,0.255035400390625,189,192,801,636,613,445,0.3468640645345052,1.3775280898876405,False,False,False,False,False,1,1.0
ISIC_0009951,data/raw/isic2018/images/ISIC2018_Task1-2_Training_Input/ISIC_0009951.jpg,data/raw/isic2018/masks/ISIC2018_Task1_Training_GroundTruth/ISIC_0009951_segmentation.png,768,1024,257589,0.3275413513183594,235,163,797,745,563,583,0.41736475626627606,0.9656946826758147,False,False,False,False,False,1,1.0
ISIC_0009953,data/raw/isic2018/images/ISIC2018_Task1-2_Training_Input/ISIC_0009953.jpg,data/raw/isic2018/masks/ISIC2018_Task1_Training_GroundTruth/ISIC_0009953_segmentation.png,768,1024,297060,0.3777313232421875,52,115,838,661,787,547,0.5473950703938802,1.4387568555758683,False,False,False,False,False,1,1.0
ISIC_0009954,data/raw/isic2018/images/ISIC2018_Task1-2_Training_Input/ISIC_0009954.jpg,data/raw/isic2018/masks/ISIC2018_Task1_Training_GroundTruth/ISIC_0009954_segmentation.png,768,1024,102432,0.1302490234375,377,195,765,570,389,376,0.18598429361979166,1.0345744680851063,False,False,False,False,False,1,1.0
ISIC_0009955,data/raw/isic2018/images/ISIC2018_Task1-2_Training_Input/ISIC_0009955.jpg,data/raw/isic2018/masks/ISIC2018_Task1_Training_GroundTruth/ISIC_0009955_segmentation.png,768,1024,115885,0.14735539754231772,151,224,616,612,466,389,0.2305018107096354,1.1979434447300772,False,False,False,False,False,1,1.0
ISIC_0009956,data/raw/isic2018/images/ISIC2018_Task1-2_Training_Input/ISIC_0009956.jpg,data/raw/isic2018/masks/ISIC2018_Task1_Training_GroundTruth/ISIC_0009956_segmentation.png,768,1024,213056,0.2709147135416667,148,168,849,592,702,425,0.37937164306640625,1.651764705882353,False,False,False,False,False,1,1.0
ISIC_0009958,data/raw/isic2018/images/ISIC2018_Task1-2_Training_Input/ISIC_0009958.jpg,data/raw/isic2018/masks/ISIC2018_Task1_Training_GroundTruth/ISIC_0009958_segmentation.png,768,1024,118025,0.15007654825846353,344,172,731,591,388,420,0.20721435546875,0.9238095238095239,False,False,False,False,False,1,1.0
ISIC_0009960,data/raw/isic2018/images/ISIC2018_Task1-2_Training_Input/ISIC_0009960.jpg,data/raw/isic2018/masks/ISIC2018_Task1_Training_GroundTruth/ISIC_0009960_segmentation.png,768,1024,28750,0.036557515462239586,401,247,590,485,190,239,0.057741800944010414,0.7949790794979079,False,False,False,False,False,1,1.0
ISIC_0009961,data/raw/isic2018/images/ISIC2018_Task1-2_Training_Input/ISIC_0009961.jpg,data/raw/isic2018/masks/ISIC2018_Task1_Training_GroundTruth/ISIC_0009961_segmentation.png,768,1024,300056,0.3815409342447917,76,197,895,662,820,466,0.4858907063802083,1.759656652360515,False,False,False,False,False,1,1.0
ISIC_0009962,data/raw/isic2018/images/ISIC2018_Task1-2_Training_Input/ISIC_0009962.jpg,data/raw/isic2018/masks/ISIC2018_Task1_Training_GroundTruth/ISIC_0009962_segmentation.png,768,1024,533677,0.6786053975423177,4,7,1021,767,1018,761,0.9850794474283854,1.337713534822602,True,False,False,False,True,1,1.0
ISIC_0009964,data/raw/isic2018/images/ISIC2018_Task1-2_Training_Input/ISIC_0009964.jpg,data/raw/isic2018/masks/ISIC2018_Task1_Training_GroundTruth/ISIC_0009964_segmentation.png,768,1024,51471,0.06544876098632812,330,233,582,550,253,318,0.10230255126953125,0.7955974842767296,False,False,False,False,False,1,1.0
ISIC_0009965,data/raw/isic2018/images/ISIC2018_Task1-2_Training_Input/ISIC_0009965.jpg,data/raw/isic2018/masks/ISIC2018_Task1_Training_GroundTruth/ISIC_0009965_segmentation.png,768,1024,313748,0.3989512125651042,151,56,911,664,761,609,0.5893058776855469,1.2495894909688012,False,False,False,False,False,1,1.0
ISIC_0009966,data/raw/isic2018/images/ISIC2018_Task1-2_Training_Input/ISIC_0009966.jpg,data/raw/isic2018/masks/ISIC2018_Task1_Training_GroundTruth/ISIC_0009966_segmentation.png,768,1024,159451,0.20275243123372397,350,116,751,682,402,567,0.28983306884765625,0.708994708994709,False,False,False,False,False,1,1.0
ISIC_0009967,data/raw/isic2018/images/ISIC2018_Task1-2_Training_Input/ISIC_0009967.jpg,data/raw/isic2018/masks/ISIC2018_Task1_Training_GroundTruth/ISIC_0009967_segmentation.png,768,1024,141014,0.1793085734049479,173,227,720,579,548,353,0.24597676595052084,1.5524079320113315,False,False,False,False,False,1,1.0
ISIC_0009969,data/raw/isic2018/images/ISIC2018_Task1-2_Training_Input/ISIC_0009969.jpg,data/raw/isic2018/masks/ISIC2018_Task1_Training_GroundTruth/ISIC_0009969_segmentation.png,768,1024,237545,0.30205408732096356,144,179,803,742,660,564,0.47332763671875,1.1702127659574468,False,False,False,False,False,1,1.0
ISIC_0009970,data/raw/isic2018/images/ISIC2018_Task1-2_Training_Input/ISIC_0009970.jpg,data/raw/isic2018/masks/ISIC2018_Task1_Training_GroundTruth/ISIC_0009970_segmentation.png,768,1024,512151,0.6512336730957031,84,5,845,764,762,760,0.73638916015625,1.0026315789473683,False,False,False,False,False,1,1.0
ISIC_0009971,data/raw/isic2018/images/ISIC2018_Task1-2_Training_Input/ISIC_0009971.jpg,data/raw/isic2018/masks/ISIC2018_Task1_Training_GroundTruth/ISIC_0009971_segmentation.png,768,1024,24664,0.031361897786458336,413,256,601,465,189,210,0.05046844482421875,0.9,False,False,False,False,False,1,1.0
ISIC_0009972,data/raw/isic2018/images/ISIC2018_Task1-2_Training_Input/ISIC_0009972.jpg,data/raw/isic2018/masks/ISIC2018_Task1_Training_GroundTruth/ISIC_0009972_segmentation.png,768,1024,81658,0.10383351643880208,289,310,650,596,362,287,0.1321080525716146,1.2613240418118468,False,False,False,False,False,1,1.0
ISIC_0009973,data/raw/isic2018/images/ISIC2018_Task1-2_Training_Input/ISIC_0009973.jpg,data/raw/isic2018/masks/ISIC2018_Task1_Training_GroundTruth/ISIC_0009973_segmentation.png,768,1024,212361,0.2700309753417969,135,43,659,623,525,581,0.3878593444824219,0.9036144578313253,False,False,False,False,False,1,1.0
ISIC_0009974,data/raw/isic2018/images/ISIC2018_Task1-2_Training_Input/ISIC_0009974.jpg,data/raw/isic2018/masks/ISIC2018_Task1_Training_GroundTruth/ISIC_0009974_segmentation.png,768,1024,325235,0.4135576883951823,152,4,804,682,653,679,0.5637957255045573,0.9617083946980854,False,False,False,False,False,1,1.0
ISIC_0009975,data/raw/isic2018/images/ISIC2018_Task1-2_Training_Input/ISIC_0009975.jpg,data/raw/isic2018/masks/ISIC2018_Task1_Training_GroundTruth/ISIC_0009975_segmentation.png,768,1024,172143,0.21889114379882812,121,102,633,566,513,465,0.3033256530761719,1.103225806451613,False,False,False,False,False,1,1.0
ISIC_0009976,data/raw/isic2018/images/ISIC2018_Task1-2_Training_Input/ISIC_0009976.jpg,data/raw/isic2018/masks/ISIC2018_Task1_Training_GroundTruth/ISIC_0009976_segmentation.png,768,1024,95704,0.12169392903645833,298,199,684,512,387,314,0.15451812744140625,1.232484076433121,False,False,False,False,False,1,1.0
ISIC_0009977,data/raw/isic2018/images/ISIC2018_Task1-2_Training_Input/ISIC_0009977.jpg,data/raw/isic2018/masks/ISIC2018_Task1_Training_GroundTruth/ISIC_0009977_segmentation.png,768,1024,116195,0.14774958292643228,358,112,685,578,328,467,0.19477335611979166,0.702355460385439,False,False,False,False,False,1,1.0
ISIC_0009978,data/raw/isic2018/images/ISIC2018_Task1-2_Training_Input/ISIC_0009978.jpg,data/raw/isic2018/masks/ISIC2018_Task1_Training_GroundTruth/ISIC_0009978_segmentation.png,768,1024,158875,0.20202000935872397,246,180,680,639,435,460,0.2544403076171875,0.9456521739130435,False,False,False,False,False,1,1.0
ISIC_0009979,data/raw/isic2018/images/ISIC2018_Task1-2_Training_Input/ISIC_0009979.jpg,data/raw/isic2018/masks/ISIC2018_Task1_Training_GroundTruth/ISIC_0009979_segmentation.png,768,1024,81159,0.10319900512695312,344,217,681,545,338,329,0.1414006551106771,1.027355623100304,False,False,False,False,False,1,1.0
ISIC_0009980,data/raw/isic2018/images/ISIC2018_Task1-2_Training_Input/ISIC_0009980.jpg,data/raw/isic2018/masks/ISIC2018_Task1_Training_GroundTruth/ISIC_0009980_segmentation.png,768,1024,691134,0.8788223266601562,63,2,1021,767,959,766,0.9340845743815104,1.251958224543081,True,False,False,False,True,1,1.0
ISIC_0009981,data/raw/isic2018/images/ISIC2018_Task1-2_Training_Input/ISIC_0009981.jpg,data/raw/isic2018/masks/ISIC2018_Task1_Training_GroundTruth/ISIC_0009981_segmentation.png,768,1024,54997,0.0699323018391927,348,352,689,640,342,289,0.12567901611328125,1.1833910034602075,False,False,False,False,False,1,1.0
ISIC_0009982,data/raw/isic2018/images/ISIC2018_Task1-2_Training_Input/ISIC_0009982.jpg,data/raw/isic2018/masks/ISIC2018_Task1_Training_GroundTruth/ISIC_0009982_segmentation.png,768,1024,105603,0.13428115844726562,318,174,704,497,387,324,0.1594390869140625,1.1944444444444444,False,False,False,False,False,1,1.0
ISIC_0009987,data/raw/isic2018/images/ISIC2018_Task1-2_Training_Input/ISIC_0009987.jpg,data/raw/isic2018/masks/ISIC2018_Task1_Training_GroundTruth/ISIC_0009987_segmentation.png,768,1024,195227,0.24824396769205728,313,109,726,731,414,623,0.32796478271484375,0.6645264847512039,False,False,False,False,False,1,1.0
ISIC_0009988,data/raw/isic2018/images/ISIC2018_Task1-2_Training_Input/ISIC_0009988.jpg,data/raw/isic2018/masks/ISIC2018_Task1_Training_GroundTruth/ISIC_0009988_segmentation.png,768,1024,750372,0.9541473388671875,0,3,1023,767,1024,765,0.99609375,1.3385620915032679,True,True,True,False,True,1,1.0
ISIC_0009990,data/raw/isic2018/images/ISIC2018_Task1-2_Training_Input/ISIC_0009990.jpg,data/raw/isic2018/masks/ISIC2018_Task1_Training_GroundTruth/ISIC_0009990_segmentation.png,768,1024,764453,0.972052256266276,0,3,1021,767,1022,765,0.9941482543945312,1.3359477124183006,True,True,False,False,True,1,1.0
ISIC_0009991,data/raw/isic2018/images/ISIC2018_Task1-2_Training_Input/ISIC_0009991.jpg,data/raw/isic2018/masks/ISIC2018_Task1_Training_GroundTruth/ISIC_0009991_segmentation.png,768,1024,208959,0.2657051086425781,294,41,782,677,489,637,0.3960838317871094,0.7676609105180534,False,False,False,False,False,1,1.0
ISIC_0009992,data/raw/isic2018/images/ISIC2018_Task1-2_Training_Input/ISIC_0009992.jpg,data/raw/isic2018/masks/ISIC2018_Task1_Training_GroundTruth/ISIC_0009992_segmentation.png,768,1024,406084,0.5163625081380209,44,64,887,681,844,618,0.663238525390625,1.3656957928802589,False,False,False,False,False,1,1.0
ISIC_0009993,data/raw/isic2018/images/ISIC2018_Task1-2_Training_Input/ISIC_0009993.jpg,data/raw/isic2018/masks/ISIC2018_Task1_Training_GroundTruth/ISIC_0009993_segmentation.png,768,1024,222690,0.28316497802734375,187,117,788,668,602,552,0.42254638671875,1.0905797101449275,False,False,False,False,False,1,1.0
ISIC_0009994,data/raw/isic2018/images/ISIC2018_Task1-2_Training_Input/ISIC_0009994.jpg,data/raw/isic2018/masks/ISIC2018_Task1_Training_GroundTruth/ISIC_0009994_segmentation.png,768,1024,131386,0.1670659383138021,294,162,761,729,468,568,0.3380126953125,0.823943661971831,False,False,False,False,False,1,1.0
ISIC_0009995,data/raw/isic2018/images/ISIC2018_Task1-2_Training_Input/ISIC_0009995.jpg,data/raw/isic2018/masks/ISIC2018_Task1_Training_GroundTruth/ISIC_0009995_segmentation.png,768,1024,726665,0.9240023295084635,0,3,1020,764,1021,762,0.9892807006835938,1.3398950131233596,True,True,False,False,False,1,1.0
ISIC_0009998,data/raw/isic2018/images/ISIC2018_Task1-2_Training_Input/ISIC_0009998.jpg,data/raw/isic2018/masks/ISIC2018_Task1_Training_GroundTruth/ISIC_0009998_segmentation.png,768,1024,195989,0.24921290079752603,269,82,774,577,506,496,0.3191324869791667,1.0201612903225807,False,False,False,False,False,1,1.0
ISIC_0010000,data/raw/isic2018/images/ISIC2018_Task1-2_Training_Input/ISIC_0010000.jpg,data/raw/isic2018/masks/ISIC2018_Task1_Training_GroundTruth/ISIC_0010000_segmentation.png,768,1024,423655,0.5387051900227865,31,0,989,700,959,701,0.854821523030599,1.3680456490727533,True,False,False,True,False,1,1.0
ISIC_0010002,data/raw/isic2018/images/ISIC2018_Task1-2_Training_Input/ISIC_0010002.jpg,data/raw/isic2018/masks/ISIC2018_Task1_Training_GroundTruth/ISIC_0010002_segmentation.png,768,1024,233518,0.29693349202473956,267,57,825,625,559,569,0.4044481913248698,0.9824253075571178,False,False,False,False,False,1,1.0
ISIC_0010003,data/raw/isic2018/images/ISIC2018_Task1-2_Training_Input/ISIC_0010003.jpg,data/raw/isic2018/masks/ISIC2018_Task1_Training_GroundTruth/ISIC_0010003_segmentation.png,768,1024,43927,0.05585606892903646,426,195,643,458,218,264,0.07318115234375,0.8257575757575758,False,False,False,False,False,1,1.0
ISIC_0010005,data/raw/isic2018/images/ISIC2018_Task1-2_Training_Input/ISIC_0010005.jpg,data/raw/isic2018/masks/ISIC2018_Task1_Training_GroundTruth/ISIC_0010005_segmentation.png,768,1024,440411,0.5600115458170573,0,84,1005,666,1006,583,0.7457707722981771,1.7255574614065181,True,True,False,False,False,1,1.0
ISIC_0010006,data/raw/isic2018/images/ISIC2018_Task1-2_Training_Input/ISIC_0010006.jpg,data/raw/isic2018/masks/ISIC2018_Task1_Training_GroundTruth/ISIC_0010006_segmentation.png,768,1024,273343,0.34757359822591144,210,42,898,566,689,525,0.4599571228027344,1.3123809523809524,False,False,False,False,False,1,1.0
ISIC_0010009,data/raw/isic2018/images/ISIC2018_Task1-2_Training_Input/ISIC_0010009.jpg,data/raw/isic2018/masks/ISIC2018_Task1_Training_GroundTruth/ISIC_0010009_segmentation.png,768,1024,49439,0.0628649393717448,311,325,624,579,314,255,0.10181427001953125,1.231372549019608,False,False,False,False,False,1,1.0
ISIC_0010010,data/raw/isic2018/images/ISIC2018_Task1-2_Training_Input/ISIC_0010010.jpg,data/raw/isic2018/masks/ISIC2018_Task1_Training_GroundTruth/ISIC_0010010_segmentation.png,768,1024,88460,0.11248270670572917,254,143,551,561,298,419,0.1587702433268229,0.711217183770883,False,False,False,False,False,1,1.0
ISIC_0010011,data/raw/isic2018/images/ISIC2018_Task1-2_Training_Input/ISIC_0010011.jpg,data/raw/isic2018/masks/ISIC2018_Task1_Training_GroundTruth/ISIC_0010011_segmentation.png,768,1024,202375,0.25733311971028644,265,95,771,634,507,540,0.3481292724609375,0.9388888888888889,False,False,False,False,False,1,1.0
ISIC_0010013,data/raw/isic2018/images/ISIC2018_Task1-2_Training_Input/ISIC_0010013.jpg,data/raw/isic2018/masks/ISIC2018_Task1_Training_GroundTruth/ISIC_0010013_segmentation.png,768,1024,133958,0.1703364054361979,185,220,686,556,502,337,0.2151158650716146,1.489614243323442,False,False,False,False,False,1,1.0
ISIC_0010014,data/raw/isic2018/images/ISIC2018_Task1-2_Training_Input/ISIC_0010014.jpg,data/raw/isic2018/masks/ISIC2018_Task1_Training_GroundTruth/ISIC_0010014_segmentation.png,768,1024,123229,0.15669377644856772,278,172,716,578,439,407,0.22719446818033853,1.0786240786240786,False,False,False,False,False,1,1.0
ISIC_0010015,data/raw/isic2018/images/ISIC2018_Task1-2_Training_Input/ISIC_0010015.jpg,data/raw/isic2018/masks/ISIC2018_Task1_Training_GroundTruth/ISIC_0010015_segmentation.png,768,1024,224432,0.2853800455729167,190,60,799,700,610,641,0.49719492594401044,0.9516380655226209,False,False,False,False,False,1,1.0
ISIC_0010016,data/raw/isic2018/images/ISIC2018_Task1-2_Training_Input/ISIC_0010016.jpg,data/raw/isic2018/masks/ISIC2018_Task1_Training_GroundTruth/ISIC_0010016_segmentation.png,768,1024,50672,0.06443277994791667,358,257,659,508,302,252,0.096771240234375,1.1984126984126984,False,False,False,False,False,1,1.0
ISIC_0010017,data/raw/isic2018/images/ISIC2018_Task1-2_Training_Input/ISIC_0010017.jpg,data/raw/isic2018/masks/ISIC2018_Task1_Training_GroundTruth/ISIC_0010017_segmentation.png,768,1024,331826,0.42193857828776044,131,119,832,724,702,606,0.5409393310546875,1.1584158415841583,False,False,False,False,False,1,1.0
ISIC_0010018,data/raw/isic2018/images/ISIC2018_Task1-2_Training_Input/ISIC_0010018.jpg,data/raw/isic2018/masks/ISIC2018_Task1_Training_GroundTruth/ISIC_0010018_segmentation.png,768,1024,107599,0.13681920369466147,353,187,676,624,324,438,0.180450439453125,0.7397260273972602,False,False,False,False,False,1,1.0
ISIC_0010019,data/raw/isic2018/images/ISIC2018_Task1-2_Training_Input/ISIC_0010019.jpg,data/raw/isic2018/masks/ISIC2018_Task1_Training_GroundTruth/ISIC_0010019_segmentation.png,768,1024,287225,0.36522547403971356,96,122,907,670,812,549,0.5668487548828125,1.4790528233151183,False,False,False,False,False,1,1.0
ISIC_0010020,data/raw/isic2018/images/ISIC2018_Task1-2_Training_Input/ISIC_0010020.jpg,data/raw/isic2018/masks/ISIC2018_Task1_Training_GroundTruth/ISIC_0010020_segmentation.png,768,1024,367804,0.4676869710286458,101,77,966,694,866,618,0.6805267333984375,1.401294498381877,False,False,False,False,False,1,1.0
ISIC_0010021,data/raw/isic2018/images/ISIC2018_Task1-2_Training_Input/ISIC_0010021.jpg,data/raw/isic2018/masks/ISIC2018_Task1_Training_GroundTruth/ISIC_0010021_segmentation.png,768,1024,419255,0.5331103006998698,105,24,867,739,763,716,0.6946665445963541,1.0656424581005586,False,False,False,False,False,1,1.0
ISIC_0010022,data/raw/isic2018/images/ISIC2018_Task1-2_Training_Input/ISIC_0010022.jpg,data/raw/isic2018/masks/ISIC2018_Task1_Training_GroundTruth/ISIC_0010022_segmentation.png,768,1024,429471,0.5461006164550781,2,110,1018,625,1017,516,0.6672821044921875,1.9709302325581395,False,False,False,False,False,1,1.0
ISIC_0010023,data/raw/isic2018/images/ISIC2018_Task1-2_Training_Input/ISIC_0010023.jpg,data/raw/isic2018/masks/ISIC2018_Task1_Training_GroundTruth/ISIC_0010023_segmentation.png,768,1024,227210,0.28891245524088544,217,75,812,684,596,610,0.4622904459635417,0.9770491803278688,False,False,False,False,False,1,1.0
ISIC_0010024,data/raw/isic2018/images/ISIC2018_Task1-2_Training_Input/ISIC_0010024.jpg,data/raw/isic2018/masks/ISIC2018_Task1_Training_GroundTruth/ISIC_0010024_segmentation.png,768,1024,115775,0.14721552530924478,302,236,790,556,489,321,0.19959640502929688,1.5233644859813085,False,False,False,False,False,1,1.0
ISIC_0010025,data/raw/isic2018/images/ISIC2018_Task1-2_Training_Input/ISIC_0010025.jpg,data/raw/isic2018/masks/ISIC2018_Task1_Training_GroundTruth/ISIC_0010025_segmentation.png,768,1024,128631,0.16356277465820312,270,149,716,541,447,393,0.22337722778320312,1.1374045801526718,False,False,False,False,False,1,1.0
ISIC_0010028,data/raw/isic2018/images/ISIC2018_Task1-2_Training_Input/ISIC_0010028.jpg,data/raw/isic2018/masks/ISIC2018_Task1_Training_GroundTruth/ISIC_0010028_segmentation.png,768,1024,150869,0.19183985392252603,304,177,732,652,429,476,0.2596588134765625,0.9012605042016807,False,False,False,False,False,1,1.0
ISIC_0010029,data/raw/isic2018/images/ISIC2018_Task1-2_Training_Input/ISIC_0010029.jpg,data/raw/isic2018/masks/ISIC2018_Task1_Training_GroundTruth/ISIC_0010029_segmentation.png,768,1024,342479,0.4354845682779948,134,33,877,767,744,735,0.695343017578125,1.0122448979591836,True,False,False,False,True,1,1.0
ISIC_0010032,data/raw/isic2018/images/ISIC2018_Task1-2_Training_Input/ISIC_0010032.jpg,data/raw/isic2018/masks/ISIC2018_Task1_Training_GroundTruth/ISIC_0010032_segmentation.png,768,1024,103615,0.13175328572591147,321,47,639,570,319,524,0.21254984537760416,0.6087786259541985,False,False,False,False,False,1,1.0
ISIC_0010034,data/raw/isic2018/images/ISIC2018_Task1-2_Training_Input/ISIC_0010034.jpg,data/raw/isic2018/masks/ISIC2018_Task1_Training_GroundTruth/ISIC_0010034_segmentation.png,768,1024,284553,0.3618278503417969,185,97,837,688,653,592,0.4915568033854167,1.1030405405405406,False,False,False,False,False,1,1.0
ISIC_0010036,data/raw/isic2018/images/ISIC2018_Task1-2_Training_Input/ISIC_0010036.jpg,data/raw/isic2018/masks/ISIC2018_Task1_Training_GroundTruth/ISIC_0010036_segmentation.png,768,1024,348317,0.44290796915690106,92,64,981,690,890,627,0.7095718383789062,1.4194577352472089,False,False,False,False,False,1,1.0
ISIC_0010037,data/raw/isic2018/images/ISIC2018_Task1-2_Training_Input/ISIC_0010037.jpg,data/raw/isic2018/masks/ISIC2018_Task1_Training_GroundTruth/ISIC_0010037_segmentation.png,768,1024,651550,0.8284886678059896,0,7,1017,756,1018,750,0.9708404541015625,1.3573333333333333,True,True,False,False,False,1,1.0
ISIC_0010038,data/raw/isic2018/images/ISIC2018_Task1-2_Training_Input/ISIC_0010038.jpg,data/raw/isic2018/masks/ISIC2018_Task1_Training_GroundTruth/ISIC_0010038_segmentation.png,768,1024,422337,0.5370292663574219,144,3,834,767,691,765,0.6721687316894531,0.9032679738562092,True,False,False,False,True,1,1.0
ISIC_0010041,data/raw/isic2018/images/ISIC2018_Task1-2_Training_Input/ISIC_0010041.jpg,data/raw/isic2018/masks/ISIC2018_Task1_Training_GroundTruth/ISIC_0010041_segmentation.png,768,1024,656051,0.8342119852701823,7,1,1019,764,1013,764,0.9841054280598959,1.3259162303664922,False,False,False,False,False,1,1.0
ISIC_0010042,data/raw/isic2018/images/ISIC2018_Task1-2_Training_Input/ISIC_0010042.jpg,data/raw/isic2018/masks/ISIC2018_Task1_Training_GroundTruth/ISIC_0010042_segmentation.png,768,1024,118600,0.15080769856770834,253,214,718,565,466,352,0.20857747395833334,1.3238636363636365,False,False,False,False,False,1,1.0
ISIC_0010043,data/raw/isic2018/images/ISIC2018_Task1-2_Training_Input/ISIC_0010043.jpg,data/raw/isic2018/masks/ISIC2018_Task1_Training_GroundTruth/ISIC_0010043_segmentation.png,768,1024,260226,0.33089447021484375,211,116,762,723,552,608,0.4267578125,0.9078947368421053,False,False,False,False,False,1,1.0
ISIC_0010044,data/raw/isic2018/images/ISIC2018_Task1-2_Training_Input/ISIC_0010044.jpg,data/raw/isic2018/masks/ISIC2018_Task1_Training_GroundTruth/ISIC_0010044_segmentation.png,768,1024,129428,0.16457621256510416,175,250,559,669,385,420,0.2056121826171875,0.9166666666666666,False,False,False,False,False,1,1.0
ISIC_0010046,data/raw/isic2018/images/ISIC2018_Task1-2_Training_Input/ISIC_0010046.jpg,data/raw/isic2018/masks/ISIC2018_Task1_Training_GroundTruth/ISIC_0010046_segmentation.png,768,1024,104619,0.13302993774414062,304,150,734,533,431,384,0.21044921875,1.1223958333333333,False,False,False,False,False,1,1.0
ISIC_0010047,data/raw/isic2018/images/ISIC2018_Task1-2_Training_Input/ISIC_0010047.jpg,data/raw/isic2018/masks/ISIC2018_Task1_Training_GroundTruth/ISIC_0010047_segmentation.png,768,1024,233349,0.2967185974121094,203,65,827,648,625,584,0.4641215006510417,1.0702054794520548,False,False,False,False,False,1,1.0
ISIC_0010053,data/raw/isic2018/images/ISIC2018_Task1-2_Training_Input/ISIC_0010053.jpg,data/raw/isic2018/masks/ISIC2018_Task1_Training_GroundTruth/ISIC_0010053_segmentation.png,768,1024,58509,0.07439804077148438,321,246,630,503,310,258,0.1016998291015625,1.2015503875968991,False,False,False,False,False,1,1.0
ISIC_0010054,data/raw/isic2018/images/ISIC2018_Task1-2_Training_Input/ISIC_0010054.jpg,data/raw/isic2018/masks/ISIC2018_Task1_Training_GroundTruth/ISIC_0010054_segmentation.png,768,1024,246454,0.31338246663411456,193,77,791,665,599,589,0.4486223856608073,1.0169779286926994,False,False,False,False,False,1,1.0
ISIC_0010055,data/raw/isic2018/images/ISIC2018_Task1-2_Training_Input/ISIC_0010055.jpg,data/raw/isic2018/masks/ISIC2018_Task1_Training_GroundTruth/ISIC_0010055_segmentation.png,768,1024,175466,0.2231165568033854,212,144,729,617,518,474,0.3122100830078125,1.0928270042194093,False,False,False,False,False,1,1.0
ISIC_0010056,data/raw/isic2018/images/ISIC2018_Task1-2_Training_Input/ISIC_0010056.jpg,data/raw/isic2018/masks/ISIC2018_Task1_Training_GroundTruth/ISIC_0010056_segmentation.png,768,1024,755622,0.9608230590820312,2,3,1022,767,1021,765,0.9931755065917969,1.334640522875817,True,False,False,False,True,1,1.0
ISIC_0010057,data/raw/isic2018/images/ISIC2018_Task1-2_Training_Input/ISIC_0010057.jpg,data/raw/isic2018/masks/ISIC2018_Task1_Training_GroundTruth/ISIC_0010057_segmentation.png,768,1024,452627,0.5755449930826823,173,4,883,767,711,764,0.6907196044921875,0.930628272251309,True,False,False,False,True,1,1.0
ISIC_0010058,data/raw/isic2018/images/ISIC2018_Task1-2_Training_Input/ISIC_0010058.jpg,data/raw/isic2018/masks/ISIC2018_Task1_Training_GroundTruth/ISIC_0010058_segmentation.png,768,1024,208290,0.26485443115234375,263,94,813,596,551,503,0.3524182637532552,1.095427435387674,False,False,False,False,False,1,1.0
ISIC_0010059,data/raw/isic2018/images/ISIC2018_Task1-2_Training_Input/ISIC_0010059.jpg,data/raw/isic2018/masks/ISIC2018_Task1_Training_GroundTruth/ISIC_0010059_segmentation.png,768,1024,64116,0.0815277099609375,369,263,730,497,362,235,0.10817209879557292,1.5404255319148936,False,False,False,False,False,1,1.0
ISIC_0010060,data/raw/isic2018/images/ISIC2018_Task1-2_Training_Input/ISIC_0010060.jpg,data/raw/isic2018/masks/ISIC2018_Task1_Training_GroundTruth/ISIC_0010060_segmentation.png,768,1024,41481,0.052745819091796875,480,250,682,532,203,283,0.07305018107096355,0.7173144876325088,False,False,False,False,False,1,1.0
ISIC_0010061,data/raw/isic2018/images/ISIC2018_Task1-2_Training_Input/ISIC_0010061.jpg,data/raw/isic2018/masks/ISIC2018_Task1_Training_GroundTruth/ISIC_0010061_segmentation.png,768,1024,68751,0.08742141723632812,343,177,691,494,349,318,0.14112091064453125,1.0974842767295598,False,False,False,False,False,1,1.0
ISIC_0010062,data/raw/isic2018/images/ISIC2018_Task1-2_Training_Input/ISIC_0010062.jpg,data/raw/isic2018/masks/ISIC2018_Task1_Training_GroundTruth/ISIC_0010062_segmentation.png,768,1024,586070,0.7452265421549479,0,43,1012,756,1013,714,0.9197006225585938,1.4187675070028012,True,True,False,False,False,1,1.0
ISIC_0010063,data/raw/isic2018/images/ISIC2018_Task1-2_Training_Input/ISIC_0010063.jpg,data/raw/isic2018/masks/ISIC2018_Task1_Training_GroundTruth/ISIC_0010063_segmentation.png,768,1024,693360,0.88165283203125,4,4,995,767,992,764,0.9637044270833334,1.2984293193717278,True,False,False,False,True,1,1.0
ISIC_0010064,data/raw/isic2018/images/ISIC2018_Task1-2_Training_Input/ISIC_0010064.jpg,data/raw/isic2018/masks/ISIC2018_Task1_Training_GroundTruth/ISIC_0010064_segmentation.png,768,1024,110927,0.14105097452799478,284,192,678,633,395,442,0.2220026652018229,0.8936651583710408,False,False,False,False,False,1,1.0
ISIC_0010066,data/raw/isic2018/images/ISIC2018_Task1-2_Training_Input/ISIC_0010066.jpg,data/raw/isic2018/masks/ISIC2018_Task1_Training_GroundTruth/ISIC_0010066_segmentation.png,768,1024,228894,0.29105377197265625,223,95,870,627,648,533,0.439178466796875,1.2157598499061915,False,False,False,False,False,1,1.0
ISIC_0010067,data/raw/isic2018/images/ISIC2018_Task1-2_Training_Input/ISIC_0010067.jpg,data/raw/isic2018/masks/ISIC2018_Task1_Training_GroundTruth/ISIC_0010067_segmentation.png,768,1024,167074,0.2124455769856771,195,272,889,617,695,346,0.30577341715494794,2.008670520231214,False,False,False,False,False,1,1.0
ISIC_0010069,data/raw/isic2018/images/ISIC2018_Task1-2_Training_Input/ISIC_0010069.jpg,data/raw/isic2018/masks/ISIC2018_Task1_Training_GroundTruth/ISIC_0010069_segmentation.png,768,1024,65215,0.08292516072591145,400,254,697,560,298,307,0.11633046468098958,0.9706840390879479,False,False,False,False,False,1,1.0
ISIC_0010070,data/raw/isic2018/images/ISIC2018_Task1-2_Training_Input/ISIC_0010070.jpg,data/raw/isic2018/masks/ISIC2018_Task1_Training_GroundTruth/ISIC_0010070_segmentation.png,768,1024,230735,0.2933947245279948,170,176,796,654,627,479,0.3818931579589844,1.3089770354906054,False,False,False,False,False,1,1.0
ISIC_0010071,data/raw/isic2018/images/ISIC2018_Task1-2_Training_Input/ISIC_0010071.jpg,data/raw/isic2018/masks/ISIC2018_Task1_Training_GroundTruth/ISIC_0010071_segmentation.png,768,1024,630546,0.8017807006835938,2,4,1016,767,1015,764,0.9860483805338541,1.3285340314136125,True,False,False,False,True,1,1.0
ISIC_0010073,data/raw/isic2018/images/ISIC2018_Task1-2_Training_Input/ISIC_0010073.jpg,data/raw/isic2018/masks/ISIC2018_Task1_Training_GroundTruth/ISIC_0010073_segmentation.png,768,1024,229257,0.2915153503417969,255,82,735,739,481,658,0.40244801839192706,0.7310030395136778,False,False,False,False,False,1,1.0
ISIC_0010074,data/raw/isic2018/images/ISIC2018_Task1-2_Training_Input/ISIC_0010074.jpg,data/raw/isic2018/masks/ISIC2018_Task1_Training_GroundTruth/ISIC_0010074_segmentation.png,768,1024,185770,0.2362187703450521,255,91,718,627,464,537,0.31683349609375,0.8640595903165735,False,False,False,False,False,1,1.0
ISIC_0010075,data/raw/isic2018/images/ISIC2018_Task1-2_Training_Input/ISIC_0010075.jpg,data/raw/isic2018/masks/ISIC2018_Task1_Training_GroundTruth/ISIC_0010075_segmentation.png,768,1024,490970,0.6243006388346354,183,3,974,766,792,764,0.7694091796875,1.036649214659686,False,False,False,False,False,1,1.0
ISIC_0010077,data/raw/isic2018/images/ISIC2018_Task1-2_Training_Input/ISIC_0010077.jpg,data/raw/isic2018/masks/ISIC2018_Task1_Training_GroundTruth/ISIC_0010077_segmentation.png,768,1024,100925,0.12833277384440103,275,202,691,537,417,336,0.17816162109375,1.2410714285714286,False,False,False,False,False,1,1.0
ISIC_0010078,data/raw/isic2018/images/ISIC2018_Task1-2_Training_Input/ISIC_0010078.jpg,data/raw/isic2018/masks/ISIC2018_Task1_Training_GroundTruth/ISIC_0010078_segmentation.png,768,1024,368687,0.4688097635904948,202,16,887,767,686,752,0.6559651692708334,0.9122340425531915,True,False,False,False,True,1,1.0
ISIC_0010081,data/raw/isic2018/images/ISIC2018_Task1-2_Training_Input/ISIC_0010081.jpg,data/raw/isic2018/masks/ISIC2018_Task1_Training_GroundTruth/ISIC_0010081_segmentation.png,768,1024,95417,0.12132898966471355,342,219,672,583,331,365,0.15362421671549478,0.9068493150684932,False,False,False,False,False,1,1.0
ISIC_0010086,data/raw/isic2018/images/ISIC2018_Task1-2_Training_Input/ISIC_0010086.jpg,data/raw/isic2018/masks/ISIC2018_Task1_Training_GroundTruth/ISIC_0010086_segmentation.png,768,1024,144161,0.18331019083658853,246,170,682,740,437,571,0.3172899881998698,0.7653239929947461,False,False,False,False,False,1,1.0
ISIC_0010088,data/raw/isic2018/images/ISIC2018_Task1-2_Training_Input/ISIC_0010088.jpg,data/raw/isic2018/masks/ISIC2018_Task1_Training_GroundTruth/ISIC_0010088_segmentation.png,768,1024,53978,0.06863657633463542,400,258,674,527,275,270,0.09441375732421875,1.0185185185185186,False,False,False,False,False,1,1.0
ISIC_0010089,data/raw/isic2018/images/ISIC2018_Task1-2_Training_Input/ISIC_0010089.jpg,data/raw/isic2018/masks/ISIC2018_Task1_Training_GroundTruth/ISIC_0010089_segmentation.png,768,1024,53936,0.06858317057291667,394,249,674,508,281,260,0.09290059407552083,1.0807692307692307,False,False,False,False,False,1,1.0
ISIC_0010090,data/raw/isic2018/images/ISIC2018_Task1-2_Training_Input/ISIC_0010090.jpg,data/raw/isic2018/masks/ISIC2018_Task1_Training_GroundTruth/ISIC_0010090_segmentation.png,768,1024,34519,0.04389317830403646,405,332,628,551,224,220,0.06266276041666667,1.018181818181818,False,False,False,False,False,1,1.0
ISIC_0010092,data/raw/isic2018/images/ISIC2018_Task1-2_Training_Input/ISIC_0010092.jpg,data/raw/isic2018/masks/ISIC2018_Task1_Training_GroundTruth/ISIC_0010092_segmentation.png,768,1024,110542,0.1405614217122396,321,193,691,606,371,414,0.19530487060546875,0.8961352657004831,False,False,False,False,False,1,1.0
ISIC_0010093,data/raw/isic2018/images/ISIC2018_Task1-2_Training_Input/ISIC_0010093.jpg,data/raw/isic2018/masks/ISIC2018_Task1_Training_GroundTruth/ISIC_0010093_segmentation.png,768,1024,499885,0.6356366475423177,0,106,1019,699,1020,594,0.770416259765625,1.7171717171717171,True,True,False,False,False,1,1.0
ISIC_0010094,data/raw/isic2018/images/ISIC2018_Task1-2_Training_Input/ISIC_0010094.jpg,data/raw/isic2018/masks/ISIC2018_Task1_Training_GroundTruth/ISIC_0010094_segmentation.png,768,1024,159201,0.20243453979492188,202,135,766,546,565,412,0.2959950764973958,1.3713592233009708,False,False,False,False,False,1,1.0
ISIC_0010100,data/raw/isic2018/images/ISIC2018_Task1-2_Training_Input/ISIC_0010100.jpg,data/raw/isic2018/masks/ISIC2018_Task1_Training_GroundTruth/ISIC_0010100_segmentation.png,768,1024,250007,0.3179003397623698,210,198,908,744,699,547,0.4861869812011719,1.2778793418647167,False,False,False,False,False,1,1.0
ISIC_0010102,data/raw/isic2018/images/ISIC2018_Task1-2_Training_Input/ISIC_0010102.jpg,data/raw/isic2018/masks/ISIC2018_Task1_Training_GroundTruth/ISIC_0010102_segmentation.png,768,1024,223986,0.28481292724609375,239,111,764,688,526,578,0.3865915934244792,0.9100346020761245,False,False,False,False,False,1,1.0
ISIC_0010104,data/raw/isic2018/images/ISIC2018_Task1-2_Training_Input/ISIC_0010104.jpg,data/raw/isic2018/masks/ISIC2018_Task1_Training_GroundTruth/ISIC_0010104_segmentation.png,768,1024,41474,0.052736918131510414,359,239,668,473,310,235,0.09263356526692708,1.3191489361702127,False,False,False,False,False,1,1.0
ISIC_0010105,data/raw/isic2018/images/ISIC2018_Task1-2_Training_Input/ISIC_0010105.jpg,data/raw/isic2018/masks/ISIC2018_Task1_Training_GroundTruth/ISIC_0010105_segmentation.png,768,1024,113920,0.14485677083333334,305,151,678,550,374,400,0.19022623697916666,0.935,False,False,False,False,False,1,1.0
ISIC_0010168,data/raw/isic2018/images/ISIC2018_Task1-2_Training_Input/ISIC_0010168.jpg,data/raw/isic2018/masks/ISIC2018_Task1_Training_GroundTruth/ISIC_0010168_segmentation.png,768,1024,195086,0.2480646769205729,200,164,868,602,669,439,0.3734474182128906,1.5239179954441913,False,False,False,False,False,1,1.0
ISIC_0010169,data/raw/isic2018/images/ISIC2018_Task1-2_Training_Input/ISIC_0010169.jpg,data/raw/isic2018/masks/ISIC2018_Task1_Training_GroundTruth/ISIC_0010169_segmentation.png,768,1024,658800,0.83770751953125,42,5,1023,767,982,763,0.9527409871419271,1.2870249017038007,True,False,True,False,True,1,1.0
ISIC_0010171,data/raw/isic2018/images/ISIC2018_Task1-2_Training_Input/ISIC_0010171.jpg,data/raw/isic2018/masks/ISIC2018_Task1_Training_GroundTruth/ISIC_0010171_segmentation.png,768,1024,237994,0.30262502034505206,185,84,821,659,637,576,0.466552734375,1.1059027777777777,False,False,False,False,False,1,1.0
ISIC_0010173,data/raw/isic2018/images/ISIC2018_Task1-2_Training_Input/ISIC_0010173.jpg,data/raw/isic2018/masks/ISIC2018_Task1_Training_GroundTruth/ISIC_0010173_segmentation.png,768,1024,88630,0.11269887288411458,305,312,686,614,382,303,0.14717864990234375,1.2607260726072607,False,False,False,False,False,1,1.0
ISIC_0010174,data/raw/isic2018/images/ISIC2018_Task1-2_Training_Input/ISIC_0010174.jpg,data/raw/isic2018/masks/ISIC2018_Task1_Training_GroundTruth/ISIC_0010174_segmentation.png,768,1024,215202,0.27364349365234375,292,77,827,647,536,571,0.3891703287760417,0.9387040280210157,False,False,False,False,False,1,1.0
ISIC_0010175,data/raw/isic2018/images/ISIC2018_Task1-2_Training_Input/ISIC_0010175.jpg,data/raw/isic2018/masks/ISIC2018_Task1_Training_GroundTruth/ISIC_0010175_segmentation.png,768,1024,525060,0.6676483154296875,45,7,1021,746,977,740,0.9193166097005209,1.3202702702702702,False,False,False,False,False,1,1.0
ISIC_0010176,data/raw/isic2018/images/ISIC2018_Task1-2_Training_Input/ISIC_0010176.jpg,data/raw/isic2018/masks/ISIC2018_Task1_Training_GroundTruth/ISIC_0010176_segmentation.png,768,1024,63480,0.080718994140625,430,133,670,556,241,424,0.12993367513020834,0.5683962264150944,False,False,False,False,False,1,1.0
ISIC_0010177,data/raw/isic2018/images/ISIC2018_Task1-2_Training_Input/ISIC_0010177.jpg,data/raw/isic2018/masks/ISIC2018_Task1_Training_GroundTruth/ISIC_0010177_segmentation.png,768,1024,33680,0.042826334635416664,430,252,638,490,209,239,0.06351598103841145,0.8744769874476988,False,False,False,False,False,1,1.0
ISIC_0010178,data/raw/isic2018/images/ISIC2018_Task1-2_Training_Input/ISIC_0010178.jpg,data/raw/isic2018/masks/ISIC2018_Task1_Training_GroundTruth/ISIC_0010178_segmentation.png,768,1024,93349,0.1186993916829427,336,183,672,579,337,397,0.17012151082356772,0.8488664987405542,False,False,False,False,False,1,1.0
ISIC_0010180,data/raw/isic2018/images/ISIC2018_Task1-2_Training_Input/ISIC_0010180.jpg,data/raw/isic2018/masks/ISIC2018_Task1_Training_GroundTruth/ISIC_0010180_segmentation.png,768,1024,116619,0.14828872680664062,287,179,720,554,434,376,0.20749918619791666,1.1542553191489362,False,False,False,False,False,1,1.0
ISIC_0010182,data/raw/isic2018/images/ISIC2018_Task1-2_Training_Input/ISIC_0010182.jpg,data/raw/isic2018/masks/ISIC2018_Task1_Training_GroundTruth/ISIC_0010182_segmentation.png,768,1024,33357,0.042415618896484375,419,183,553,537,135,355,0.060939788818359375,0.38028169014084506,False,False,False,False,False,1,1.0
ISIC_0010183,data/raw/isic2018/images/ISIC2018_Task1-2_Training_Input/ISIC_0010183.jpg,data/raw/isic2018/masks/ISIC2018_Task1_Training_GroundTruth/ISIC_0010183_segmentation.png,768,1024,41100,0.0522613525390625,423,247,683,484,261,238,0.07898712158203125,1.096638655462185,False,False,False,False,False,1,1.0
ISIC_0010184,data/raw/isic2018/images/ISIC2018_Task1-2_Training_Input/ISIC_0010184.jpg,data/raw/isic2018/masks/ISIC2018_Task1_Training_GroundTruth/ISIC_0010184_segmentation.png,768,1024,73976,0.09406534830729167,142,310,736,611,595,302,0.2284876505533854,1.9701986754966887,False,False,False,False,False,1,1.0
ISIC_0010185,data/raw/isic2018/images/ISIC2018_Task1-2_Training_Input/ISIC_0010185.jpg,data/raw/isic2018/masks/ISIC2018_Task1_Training_GroundTruth/ISIC_0010185_segmentation.png,768,1024,67587,0.08594131469726562,265,291,689,531,425,241,0.13024012247721353,1.7634854771784232,False,False,False,False,False,1,1.0
ISIC_0010186,data/raw/isic2018/images/ISIC2018_Task1-2_Training_Input/ISIC_0010186.jpg,data/raw/isic2018/masks/ISIC2018_Task1_Training_GroundTruth/ISIC_0010186_segmentation.png,768,1024,271674,0.34545135498046875,234,103,795,757,562,655,0.46807607014973956,0.8580152671755725,False,False,False,False,False,1,1.0
ISIC_0010187,data/raw/isic2018/images/ISIC2018_Task1-2_Training_Input/ISIC_0010187.jpg,data/raw/isic2018/masks/ISIC2018_Task1_Training_GroundTruth/ISIC_0010187_segmentation.png,768,1024,297583,0.37839635213216144,77,137,880,719,804,583,0.5960235595703125,1.379073756432247,False,False,False,False,False,1,1.0
ISIC_0010189,data/raw/isic2018/images/ISIC2018_Task1-2_Training_Input/ISIC_0010189.jpg,data/raw/isic2018/masks/ISIC2018_Task1_Training_GroundTruth/ISIC_0010189_segmentation.png,768,1024,772212,0.9819183349609375,1,1,1023,767,1023,767,0.9977226257324219,1.333767926988266,True,False,True,False,True,1,1.0
ISIC_0010190,data/raw/isic2018/images/ISIC2018_Task1-2_Training_Input/ISIC_0010190.jpg,data/raw/isic2018/masks/ISIC2018_Task1_Training_GroundTruth/ISIC_0010190_segmentation.png,768,1024,666341,0.847296396891276,2,7,1021,764,1020,758,0.983123779296875,1.345646437994723,False,False,False,False,False,1,1.0
ISIC_0010191,data/raw/isic2018/images/ISIC2018_Task1-2_Training_Input/ISIC_0010191.jpg,data/raw/isic2018/masks/ISIC2018_Task1_Training_GroundTruth/ISIC_0010191_segmentation.png,768,1024,302353,0.3844617207845052,124,140,983,720,860,581,0.6353505452473959,1.4802065404475042,False,False,False,False,False,1,1.0
ISIC_0010192,data/raw/isic2018/images/ISIC2018_Task1-2_Training_Input/ISIC_0010192.jpg,data/raw/isic2018/masks/ISIC2018_Task1_Training_GroundTruth/ISIC_0010192_segmentation.png,768,1024,149156,0.18966166178385416,285,148,666,679,382,532,0.2584126790364583,0.7180451127819549,False,False,False,False,False,1,1.0
ISIC_0010194,data/raw/isic2018/images/ISIC2018_Task1-2_Training_Input/ISIC_0010194.jpg,data/raw/isic2018/masks/ISIC2018_Task1_Training_GroundTruth/ISIC_0010194_segmentation.png,768,1024,175459,0.22310765584309897,41,258,480,767,440,510,0.28533935546875,0.8627450980392157,True,False,False,False,True,1,1.0
ISIC_0010201,data/raw/isic2018/images/ISIC2018_Task1-2_Training_Input/ISIC_0010201.jpg,data/raw/isic2018/masks/ISIC2018_Task1_Training_GroundTruth/ISIC_0010201_segmentation.png,768,1024,401761,0.5108655293782552,52,89,895,758,844,670,0.7190450032552084,1.2597014925373133,False,False,False,False,False,1,1.0
ISIC_0010202,data/raw/isic2018/images/ISIC2018_Task1-2_Training_Input/ISIC_0010202.jpg,data/raw/isic2018/masks/ISIC2018_Task1_Training_GroundTruth/ISIC_0010202_segmentation.png,768,1024,545945,0.6942049662272135,0,0,838,765,839,766,0.8172022501627604,1.0953002610966058,True,True,False,True,False,1,1.0
ISIC_0010204,data/raw/isic2018/images/ISIC2018_Task1-2_Training_Input/ISIC_0010204.jpg,data/raw/isic2018/masks/ISIC2018_Task1_Training_GroundTruth/ISIC_0010204_segmentation.png,768,1024,771685,0.9812482198079427,0,1,1023,767,1024,767,0.9986979166666666,1.3350717079530638,True,True,True,False,True,1,1.0
ISIC_0010205,data/raw/isic2018/images/ISIC2018_Task1-2_Training_Input/ISIC_0010205.jpg,data/raw/isic2018/masks/ISIC2018_Task1_Training_GroundTruth/ISIC_0010205_segmentation.png,768,1024,71965,0.0915082295735677,373,224,684,540,312,317,0.125762939453125,0.9842271293375394,False,False,False,False,False,1,1.0
ISIC_0010206,data/raw/isic2018/images/ISIC2018_Task1-2_Training_Input/ISIC_0010206.jpg,data/raw/isic2018/masks/ISIC2018_Task1_Training_GroundTruth/ISIC_0010206_segmentation.png,768,1024,72593,0.09230677286783855,338,221,692,514,355,294,0.13271331787109375,1.2074829931972788,False,False,False,False,False,1,1.0
ISIC_0010207,data/raw/isic2018/images/ISIC2018_Task1-2_Training_Input/ISIC_0010207.jpg,data/raw/isic2018/masks/ISIC2018_Task1_Training_GroundTruth/ISIC_0010207_segmentation.png,768,1024,42098,0.053530375162760414,415,193,649,494,235,302,0.09024302164713542,0.7781456953642384,False,False,False,False,False,1,1.0
ISIC_0010212,data/raw/isic2018/images/ISIC2018_Task1-2_Training_Input/ISIC_0010212.jpg,data/raw/isic2018/masks/ISIC2018_Task1_Training_GroundTruth/ISIC_0010212_segmentation.png,768,1024,263973,0.3356590270996094,229,62,828,729,600,668,0.5096435546875,0.8982035928143712,False,False,False,False,False,1,1.0
ISIC_0010213,data/raw/isic2018/images/ISIC2018_Task1-2_Training_Input/ISIC_0010213.jpg,data/raw/isic2018/masks/ISIC2018_Task1_Training_GroundTruth/ISIC_0010213_segmentation.png,768,1024,201680,0.2564493815104167,268,298,816,767,549,470,0.32810211181640625,1.1680851063829787,True,False,False,False,True,1,1.0
ISIC_0010215,data/raw/isic2018/images/ISIC2018_Task1-2_Training_Input/ISIC_0010215.jpg,data/raw/isic2018/masks/ISIC2018_Task1_Training_GroundTruth/ISIC_0010215_segmentation.png,768,1024,167697,0.21323776245117188,171,159,674,605,504,447,0.286468505859375,1.1275167785234899,False,False,False,False,False,1,1.0
ISIC_0010216,data/raw/isic2018/images/ISIC2018_Task1-2_Training_Input/ISIC_0010216.jpg,data/raw/isic2018/masks/ISIC2018_Task1_Training_GroundTruth/ISIC_0010216_segmentation.png,768,1024,91243,0.11602147420247395,309,277,680,605,372,329,0.1556243896484375,1.1306990881458967,False,False,False,False,False,1,1.0
ISIC_0010219,data/raw/isic2018/images/ISIC2018_Task1-2_Training_Input/ISIC_0010219.jpg,data/raw/isic2018/masks/ISIC2018_Task1_Training_GroundTruth/ISIC_0010219_segmentation.png,768,1024,157931,0.20081965128580728,248,166,741,573,494,408,0.25628662109375,1.2107843137254901,False,False,False,False,False,1,1.0
ISIC_0010220,data/raw/isic2018/images/ISIC2018_Task1-2_Training_Input/ISIC_0010220.jpg,data/raw/isic2018/masks/ISIC2018_Task1_Training_GroundTruth/ISIC_0010220_segmentation.png,768,1024,59350,0.07546742757161458,340,312,684,571,345,260,0.1140594482421875,1.3269230769230769,False,False,False,False,False,1,1.0
ISIC_0010222,data/raw/isic2018/images/ISIC2018_Task1-2_Training_Input/ISIC_0010222.jpg,data/raw/isic2018/masks/ISIC2018_Task1_Training_GroundTruth/ISIC_0010222_segmentation.png,768,1024,663022,0.8430760701497396,0,1,1021,767,1022,767,0.9967473347981771,1.332464146023468,True,True,False,False,True,1,1.0
ISIC_0010225,data/raw/isic2018/images/ISIC2018_Task1-2_Training_Input/ISIC_0010225.jpg,data/raw/isic2018/masks/ISIC2018_Task1_Training_GroundTruth/ISIC_0010225_segmentation.png,768,1024,104078,0.1323420206705729,323,211,745,594,423,384,0.20654296875,1.1015625,False,False,False,False,False,1,1.0
ISIC_0010226,data/raw/isic2018/images/ISIC2018_Task1-2_Training_Input/ISIC_0010226.jpg,data/raw/isic2018/masks/ISIC2018_Task1_Training_GroundTruth/ISIC_0010226_segmentation.png,768,1024,118783,0.15104039510091147,446,116,795,560,350,445,0.1980463663736979,0.7865168539325843,False,False,False,False,False,1,1.0
ISIC_0010227,data/raw/isic2018/images/ISIC2018_Task1-2_Training_Input/ISIC_0010227.jpg,data/raw/isic2018/masks/ISIC2018_Task1_Training_GroundTruth/ISIC_0010227_segmentation.png,768,1024,80011,0.10173924763997395,336,187,656,579,321,393,0.16041183471679688,0.816793893129771,False,False,False,False,False,1,1.0
ISIC_0010228,data/raw/isic2018/images/ISIC2018_Task1-2_Training_Input/ISIC_0010228.jpg,data/raw/isic2018/masks/ISIC2018_Task1_Training_GroundTruth/ISIC_0010228_segmentation.png,768,1024,685555,0.871728261311849,0,4,998,767,999,764,0.9705047607421875,1.307591623036649,True,True,False,False,True,1,1.0
ISIC_0010229,data/raw/isic2018/images/ISIC2018_Task1-2_Training_Input/ISIC_0010229.jpg,data/raw/isic2018/masks/ISIC2018_Task1_Training_GroundTruth/ISIC_0010229_segmentation.png,768,1024,148720,0.18910725911458334,359,91,709,709,351,619,0.2762718200683594,0.567043618739903,False,False,False,False,False,1,1.0
ISIC_0010231,data/raw/isic2018/images/ISIC2018_Task1-2_Training_Input/ISIC_0010231.jpg,data/raw/isic2018/masks/ISIC2018_Task1_Training_GroundTruth/ISIC_0010231_segmentation.png,768,1024,411526,0.5232823689778646,36,5,921,765,886,761,0.8573481241861979,1.164257555847569,False,False,False,False,False,1,1.0
ISIC_0010232,data/raw/isic2018/images/ISIC2018_Task1-2_Training_Input/ISIC_0010232.jpg,data/raw/isic2018/masks/ISIC2018_Task1_Training_GroundTruth/ISIC_0010232_segmentation.png,768,1024,568380,0.7227325439453125,4,90,992,749,989,660,0.8300018310546875,1.4984848484848485,False,False,False,False,False,1,1.0
ISIC_0010233,data/raw/isic2018/images/ISIC2018_Task1-2_Training_Input/ISIC_0010233.jpg,data/raw/isic2018/masks/ISIC2018_Task1_Training_GroundTruth/ISIC_0010233_segmentation.png,768,1024,263282,0.33478037516276044,167,88,870,583,704,496,0.4440104166666667,1.4193548387096775,False,False,False,False,False,1,1.0
ISIC_0010234,data/raw/isic2018/images/ISIC2018_Task1-2_Training_Input/ISIC_0010234.jpg,data/raw/isic2018/masks/ISIC2018_Task1_Training_GroundTruth/ISIC_0010234_segmentation.png,768,1024,56312,0.07160441080729167,351,225,583,541,233,317,0.0939191182454427,0.7350157728706624,False,False,False,False,False,1,1.0
ISIC_0010235,data/raw/isic2018/images/ISIC2018_Task1-2_Training_Input/ISIC_0010235.jpg,data/raw/isic2018/masks/ISIC2018_Task1_Training_GroundTruth/ISIC_0010235_segmentation.png,768,1024,665925,0.8467674255371094,1,1,1007,767,1007,767,0.9821179707845052,1.3129074315514992,True,False,False,False,True,1,1.0
ISIC_0010236,data/raw/isic2018/images/ISIC2018_Task1-2_Training_Input/ISIC_0010236.jpg,data/raw/isic2018/masks/ISIC2018_Task1_Training_GroundTruth/ISIC_0010236_segmentation.png,768,1024,47845,0.06083806355794271,323,243,605,535,283,293,0.1054369608561198,0.9658703071672355,False,False,False,False,False,1,1.0
ISIC_0010237,data/raw/isic2018/images/ISIC2018_Task1-2_Training_Input/ISIC_0010237.jpg,data/raw/isic2018/masks/ISIC2018_Task1_Training_GroundTruth/ISIC_0010237_segmentation.png,768,1024,43351,0.05512364705403646,300,293,593,484,294,192,0.07177734375,1.53125,False,False,False,False,False,1,1.0
ISIC_0010238,data/raw/isic2018/images/ISIC2018_Task1-2_Training_Input/ISIC_0010238.jpg,data/raw/isic2018/masks/ISIC2018_Task1_Training_GroundTruth/ISIC_0010238_segmentation.png,768,1024,278113,0.3536389668782552,40,3,669,538,630,536,0.42938232421875,1.1753731343283582,False,False,False,False,False,1,1.0
ISIC_0010239,data/raw/isic2018/images/ISIC2018_Task1-2_Training_Input/ISIC_0010239.jpg,data/raw/isic2018/masks/ISIC2018_Task1_Training_GroundTruth/ISIC_0010239_segmentation.png,768,1024,581480,0.7393900553385416,41,2,933,767,893,766,0.8697992960611979,1.1657963446475197,True,False,False,False,True,1,1.0
ISIC_0010240,data/raw/isic2018/images/ISIC2018_Task1-2_Training_Input/ISIC_0010240.jpg,data/raw/isic2018/masks/ISIC2018_Task1_Training_GroundTruth/ISIC_0010240_segmentation.png,768,1024,146257,0.18597539265950522,200,81,709,611,510,531,0.34435272216796875,0.96045197740113,False,False,False,False,False,1,1.0
ISIC_0010241,data/raw/isic2018/images/ISIC2018_Task1-2_Training_Input/ISIC_0010241.jpg,data/raw/isic2018/masks/ISIC2018_Task1_Training_GroundTruth/ISIC_0010241_segmentation.png,768,1024,166543,0.21177037556966147,265,122,782,598,518,477,0.31418609619140625,1.0859538784067087,False,False,False,False,False,1,1.0
ISIC_0010244,data/raw/isic2018/images/ISIC2018_Task1-2_Training_Input/ISIC_0010244.jpg,data/raw/isic2018/masks/ISIC2018_Task1_Training_GroundTruth/ISIC_0010244_segmentation.png,768,1024,31127,0.03958002726236979,349,347,606,504,258,158,0.0518341064453125,1.6329113924050633,False,False,False,False,False,1,1.0
ISIC_0010247,data/raw/isic2018/images/ISIC2018_Task1-2_Training_Input/ISIC_0010247.jpg,data/raw/isic2018/masks/ISIC2018_Task1_Training_GroundTruth/ISIC_0010247_segmentation.png,768,1024,201317,0.25598780314127606,232,73,773,700,542,628,0.4328104654947917,0.8630573248407644,False,False,False,False,False,1,1.0
ISIC_0010248,data/raw/isic2018/images/ISIC2018_Task1-2_Training_Input/ISIC_0010248.jpg,data/raw/isic2018/masks/ISIC2018_Task1_Training_GroundTruth/ISIC_0010248_segmentation.png,768,1024,267524,0.3401743570963542,257,115,786,756,530,642,0.4326629638671875,0.8255451713395638,False,False,False,False,False,1,1.0
ISIC_0010249,data/raw/isic2018/images/ISIC2018_Task1-2_Training_Input/ISIC_0010249.jpg,data/raw/isic2018/masks/ISIC2018_Task1_Training_GroundTruth/ISIC_0010249_segmentation.png,768,1024,476441,0.6058260599772135,81,43,1000,734,920,692,0.8095296223958334,1.329479768786127,False,False,False,False,False,1,1.0
ISIC_0010251,data/raw/isic2018/images/ISIC2018_Task1-2_Training_Input/ISIC_0010251.jpg,data/raw/isic2018/masks/ISIC2018_Task1_Training_GroundTruth/ISIC_0010251_segmentation.png,768,1024,27724,0.035252888997395836,523,325,687,545,165,221,0.046367645263671875,0.746606334841629,False,False,False,False,False,1,1.0
ISIC_0010252,data/raw/isic2018/images/ISIC2018_Task1-2_Training_Input/ISIC_0010252.jpg,data/raw/isic2018/masks/ISIC2018_Task1_Training_GroundTruth/ISIC_0010252_segmentation.png,768,1024,655226,0.8331629435221354,2,5,1002,766,1001,762,0.9699020385742188,1.3136482939632546,False,False,False,False,False,1,1.0
ISIC_0010255,data/raw/isic2018/images/ISIC2018_Task1-2_Training_Input/ISIC_0010255.jpg,data/raw/isic2018/masks/ISIC2018_Task1_Training_GroundTruth/ISIC_0010255_segmentation.png,768,1024,25436,0.032343546549479164,425,277,601,465,177,189,0.042537689208984375,0.9365079365079365,False,False,False,False,False,1,1.0
ISIC_0010256,data/raw/isic2018/images/ISIC2018_Task1-2_Training_Input/ISIC_0010256.jpg,data/raw/isic2018/masks/ISIC2018_Task1_Training_GroundTruth/ISIC_0010256_segmentation.png,768,1024,25417,0.03231938680013021,434,306,617,498,184,193,0.045155843098958336,0.9533678756476683,False,False,False,False,False,1,1.0
ISIC_0010257,data/raw/isic2018/images/ISIC2018_Task1-2_Training_Input/ISIC_0010257.jpg,data/raw/isic2018/masks/ISIC2018_Task1_Training_GroundTruth/ISIC_0010257_segmentation.png,768,1024,557984,0.7095133463541666,123,1,932,767,810,767,0.7899856567382812,1.0560625814863103,True,False,False,False,True,1,1.0
ISIC_0010262,data/raw/isic2018/images/ISIC2018_Task1-2_Training_Input/ISIC_0010262.jpg,data/raw/isic2018/masks/ISIC2018_Task1_Training_GroundTruth/ISIC_0010262_segmentation.png,768,1024,85172,0.10830179850260417,344,183,701,569,358,387,0.17617034912109375,0.9250645994832042,False,False,False,False,False,1,1.0
ISIC_0010263,data/raw/isic2018/images/ISIC2018_Task1-2_Training_Input/ISIC_0010263.jpg,data/raw/isic2018/masks/ISIC2018_Task1_Training_GroundTruth/ISIC_0010263_segmentation.png,768,1024,27799,0.03534825642903646,327,310,511,537,185,228,0.0536346435546875,0.8114035087719298,False,False,False,False,False,1,1.0
ISIC_0010264,data/raw/isic2018/images/ISIC2018_Task1-2_Training_Input/ISIC_0010264.jpg,data/raw/isic2018/masks/ISIC2018_Task1_Training_GroundTruth/ISIC_0010264_segmentation.png,768,1024,438947,0.5581499735514323,1,36,927,664,927,629,0.7414283752441406,1.4737678855325913,False,False,False,False,False,1,1.0
ISIC_0010265,data/raw/isic2018/images/ISIC2018_Task1-2_Training_Input/ISIC_0010265.jpg,data/raw/isic2018/masks/ISIC2018_Task1_Training_GroundTruth/ISIC_0010265_segmentation.png,768,1024,112635,0.14322280883789062,240,174,772,542,533,369,0.2500877380371094,1.4444444444444444,False,False,False,False,False,1,1.0
ISIC_0010267,data/raw/isic2018/images/ISIC2018_Task1-2_Training_Input/ISIC_0010267.jpg,data/raw/isic2018/masks/ISIC2018_Task1_Training_GroundTruth/ISIC_0010267_segmentation.png,768,1024,420590,0.5348078409830729,81,4,849,766,769,763,0.746087392171224,1.0078636959370904,False,False,False,False,False,1,1.0
ISIC_0010317,data/raw/isic2018/images/ISIC2018_Task1-2_Training_Input/ISIC_0010317.jpg,data/raw/isic2018/masks/ISIC2018_Task1_Training_GroundTruth/ISIC_0010317_segmentation.png,768,1024,49631,0.0631090799967448,409,304,689,554,281,251,0.08968480428059895,1.1195219123505975,False,False,False,False,False,1,1.0
ISIC_0010318,data/raw/isic2018/images/ISIC2018_Task1-2_Training_Input/ISIC_0010318.jpg,data/raw/isic2018/masks/ISIC2018_Task1_Training_GroundTruth/ISIC_0010318_segmentation.png,768,1024,100096,0.12727864583333334,292,133,724,523,433,391,0.21527989705403647,1.1074168797953965,False,False,False,False,False,1,1.0
ISIC_0010319,data/raw/isic2018/images/ISIC2018_Task1-2_Training_Input/ISIC_0010319.jpg,data/raw/isic2018/masks/ISIC2018_Task1_Training_GroundTruth/ISIC_0010319_segmentation.png,768,1024,388126,0.49352773030598956,115,3,889,696,775,694,0.6839116414388021,1.11671469740634,False,False,False,False,False,1,1.0
ISIC_0010320,data/raw/isic2018/images/ISIC2018_Task1-2_Training_Input/ISIC_0010320.jpg,data/raw/isic2018/masks/ISIC2018_Task1_Training_GroundTruth/ISIC_0010320_segmentation.png,768,1024,533940,0.6789398193359375,23,3,994,721,972,719,0.8886566162109375,1.3518776077885952,False,False,False,False,False,1,1.0
ISIC_0010321,data/raw/isic2018/images/ISIC2018_Task1-2_Training_Input/ISIC_0010321.jpg,data/raw/isic2018/masks/ISIC2018_Task1_Training_GroundTruth/ISIC_0010321_segmentation.png,768,1024,279025,0.3547986348470052,119,8,790,634,672,627,0.5357666015625,1.0717703349282297,False,False,False,False,False,1,1.0
ISIC_0010322,data/raw/isic2018/images/ISIC2018_Task1-2_Training_Input/ISIC_0010322.jpg,data/raw/isic2018/masks/ISIC2018_Task1_Training_GroundTruth/ISIC_0010322_segmentation.png,768,1024,684596,0.8705088297526041,1,2,1023,767,1023,766,0.9964218139648438,1.335509138381201,True,False,True,False,True,1,1.0
ISIC_0010323,data/raw/isic2018/images/ISIC2018_Task1-2_Training_Input/ISIC_0010323.jpg,data/raw/isic2018/masks/ISIC2018_Task1_Training_GroundTruth/ISIC_0010323_segmentation.png,768,1024,715379,0.9096514383951823,7,4,1017,767,1011,764,0.9821624755859375,1.3232984293193717,True,False,False,False,True,1,1.0
ISIC_0010326,data/raw/isic2018/images/ISIC2018_Task1-2_Training_Input/ISIC_0010326.jpg,data/raw/isic2018/masks/ISIC2018_Task1_Training_GroundTruth/ISIC_0010326_segmentation.png,768,1024,277855,0.35331090291341144,205,55,817,708,613,654,0.5097732543945312,0.9373088685015291,False,False,False,False,False,1,1.0
ISIC_0010327,data/raw/isic2018/images/ISIC2018_Task1-2_Training_Input/ISIC_0010327.jpg,data/raw/isic2018/masks/ISIC2018_Task1_Training_GroundTruth/ISIC_0010327_segmentation.png,768,1024,141841,0.18036015828450522,267,162,678,592,412,431,0.22579447428385416,0.9559164733178654,False,False,False,False,False,1,1.0
ISIC_0010329,data/raw/isic2018/images/ISIC2018_Task1-2_Training_Input/ISIC_0010329.jpg,data/raw/isic2018/masks/ISIC2018_Task1_Training_GroundTruth/ISIC_0010329_segmentation.png,768,1024,688969,0.8760693868001302,0,3,1023,767,1024,765,0.99609375,1.3385620915032679,True,True,True,False,True,1,1.0
ISIC_0010330,data/raw/isic2018/images/ISIC2018_Task1-2_Training_Input/ISIC_0010330.jpg,data/raw/isic2018/masks/ISIC2018_Task1_Training_GroundTruth/ISIC_0010330_segmentation.png,768,1024,274780,0.3494008382161458,31,133,972,663,942,531,0.6360397338867188,1.7740112994350283,False,False,False,False,False,1,1.0
ISIC_0010332,data/raw/isic2018/images/ISIC2018_Task1-2_Training_Input/ISIC_0010332.jpg,data/raw/isic2018/masks/ISIC2018_Task1_Training_GroundTruth/ISIC_0010332_segmentation.png,768,1024,293166,0.37277984619140625,215,77,900,697,686,621,0.5416946411132812,1.104669887278583,False,False,False,False,False,1,1.0
ISIC_0010333,data/raw/isic2018/images/ISIC2018_Task1-2_Training_Input/ISIC_0010333.jpg,data/raw/isic2018/masks/ISIC2018_Task1_Training_GroundTruth/ISIC_0010333_segmentation.png,768,1024,275221,0.3499615987141927,70,191,768,728,699,538,0.47818756103515625,1.2992565055762082,False,False,False,False,False,1,1.0
ISIC_0010334,data/raw/isic2018/images/ISIC2018_Task1-2_Training_Input/ISIC_0010334.jpg,data/raw/isic2018/masks/ISIC2018_Task1_Training_GroundTruth/ISIC_0010334_segmentation.png,768,1024,425212,0.5406850179036459,65,0,977,765,913,766,0.8892796834309896,1.1919060052219321,True,False,False,True,False,1,1.0
ISIC_0010335,data/raw/isic2018/images/ISIC2018_Task1-2_Training_Input/ISIC_0010335.jpg,data/raw/isic2018/masks/ISIC2018_Task1_Training_GroundTruth/ISIC_0010335_segmentation.png,768,1024,528919,0.6725552876790365,166,4,972,767,807,764,0.7839813232421875,1.056282722513089,True,False,False,False,True,1,1.0
ISIC_0010336,data/raw/isic2018/images/ISIC2018_Task1-2_Training_Input/ISIC_0010336.jpg,data/raw/isic2018/masks/ISIC2018_Task1_Training_GroundTruth/ISIC_0010336_segmentation.png,768,1024,224660,0.2856699625651042,185,113,780,636,596,524,0.3971150716145833,1.1374045801526718,False,False,False,False,False,1,1.0
ISIC_0010337,data/raw/isic2018/images/ISIC2018_Task1-2_Training_Input/ISIC_0010337.jpg,data/raw/isic2018/masks/ISIC2018_Task1_Training_GroundTruth/ISIC_0010337_segmentation.png,768,1024,153414,0.19507598876953125,266,138,754,590,489,453,0.2816734313964844,1.0794701986754967,False,False,False,False,False,1,1.0
ISIC_0010339,data/raw/isic2018/images/ISIC2018_Task1-2_Training_Input/ISIC_0010339.jpg,data/raw/isic2018/masks/ISIC2018_Task1_Training_GroundTruth/ISIC_0010339_segmentation.png,768,1024,91895,0.1168505350748698,261,220,705,540,445,321,0.18163681030273438,1.3862928348909658,False,False,False,False,False,1,1.0
ISIC_0010340,data/raw/isic2018/images/ISIC2018_Task1-2_Training_Input/ISIC_0010340.jpg,data/raw/isic2018/masks/ISIC2018_Task1_Training_GroundTruth/ISIC_0010340_segmentation.png,768,1024,235080,0.298919677734375,121,40,818,687,698,648,0.57513427734375,1.0771604938271604,False,False,False,False,False,1,1.0
ISIC_0010341,data/raw/isic2018/images/ISIC2018_Task1-2_Training_Input/ISIC_0010341.jpg,data/raw/isic2018/masks/ISIC2018_Task1_Training_GroundTruth/ISIC_0010341_segmentation.png,768,1024,77698,0.09879811604817708,338,198,601,619,264,422,0.14166259765625,0.6255924170616114,False,False,False,False,False,1,1.0
ISIC_0010342,data/raw/isic2018/images/ISIC2018_Task1-2_Training_Input/ISIC_0010342.jpg,data/raw/isic2018/masks/ISIC2018_Task1_Training_GroundTruth/ISIC_0010342_segmentation.png,768,1024,397444,0.5053761800130209,131,65,1019,659,889,595,0.672601064046224,1.4941176470588236,False,False,False,False,False,1,1.0
ISIC_0010344,data/raw/isic2018/images/ISIC2018_Task1-2_Training_Input/ISIC_0010344.jpg,data/raw/isic2018/masks/ISIC2018_Task1_Training_GroundTruth/ISIC_0010344_segmentation.png,768,1024,175470,0.22312164306640625,181,128,720,611,540,484,0.33233642578125,1.115702479338843,False,False,False,False,False,1,1.0
ISIC_0010346,data/raw/isic2018/images/ISIC2018_Task1-2_Training_Input/ISIC_0010346.jpg,data/raw/isic2018/masks/ISIC2018_Task1_Training_GroundTruth/ISIC_0010346_segmentation.png,768,1024,230849,0.29353968302408856,246,144,787,704,542,561,0.38663482666015625,0.966131907308378,False,False,False,False,False,1,1.0
ISIC_0010347,data/raw/isic2018/images/ISIC2018_Task1-2_Training_Input/ISIC_0010347.jpg,data/raw/isic2018/masks/ISIC2018_Task1_Training_GroundTruth/ISIC_0010347_segmentation.png,768,1024,205690,0.26154836018880206,98,174,821,630,724,457,0.4207204182942708,1.5842450765864333,False,False,False,False,False,1,1.0
ISIC_0010348,data/raw/isic2018/images/ISIC2018_Task1-2_Training_Input/ISIC_0010348.jpg,data/raw/isic2018/masks/ISIC2018_Task1_Training_GroundTruth/ISIC_0010348_segmentation.png,768,1024,218454,0.27777862548828125,304,4,851,515,548,512,0.3567708333333333,1.0703125,False,False,False,False,False,1,1.0
ISIC_0010349,data/raw/isic2018/images/ISIC2018_Task1-2_Training_Input/ISIC_0010349.jpg,data/raw/isic2018/masks/ISIC2018_Task1_Training_GroundTruth/ISIC_0010349_segmentation.png,768,1024,530095,0.6740506490071615,102,0,947,764,846,765,0.8229446411132812,1.1058823529411765,True,False,False,True,False,1,1.0
ISIC_0010350,data/raw/isic2018/images/ISIC2018_Task1-2_Training_Input/ISIC_0010350.jpg,data/raw/isic2018/masks/ISIC2018_Task1_Training_GroundTruth/ISIC_0010350_segmentation.png,768,1024,227802,0.28966522216796875,217,141,822,717,606,577,0.44461822509765625,1.050259965337955,False,False,False,False,False,1,1.0
ISIC_0010351,data/raw/isic2018/images/ISIC2018_Task1-2_Training_Input/ISIC_0010351.jpg,data/raw/isic2018/masks/ISIC2018_Task1_Training_GroundTruth/ISIC_0010351_segmentation.png,768,1024,59987,0.0762774149576823,348,220,659,496,312,277,0.109893798828125,1.1263537906137184,False,False,False,False,False,1,1.0
ISIC_0010356,data/raw/isic2018/images/ISIC2018_Task1-2_Training_Input/ISIC_0010356.jpg,data/raw/isic2018/masks/ISIC2018_Task1_Training_GroundTruth/ISIC_0010356_segmentation.png,768,1024,71035,0.09032567342122395,303,206,632,477,330,272,0.1141357421875,1.213235294117647,False,False,False,False,False,1,1.0
ISIC_0010357,data/raw/isic2018/images/ISIC2018_Task1-2_Training_Input/ISIC_0010357.jpg,data/raw/isic2018/masks/ISIC2018_Task1_Training_GroundTruth/ISIC_0010357_segmentation.png,768,1024,88644,0.1127166748046875,327,229,649,592,323,364,0.14950052897135416,0.8873626373626373,False,False,False,False,False,1,1.0
ISIC_0010358,data/raw/isic2018/images/ISIC2018_Task1-2_Training_Input/ISIC_0010358.jpg,data/raw/isic2018/masks/ISIC2018_Task1_Training_GroundTruth/ISIC_0010358_segmentation.png,768,1024,148660,0.18903096516927084,314,248,839,607,526,360,0.24078369140625,1.461111111111111,False,False,False,False,False,1,1.0
ISIC_0010360,data/raw/isic2018/images/ISIC2018_Task1-2_Training_Input/ISIC_0010360.jpg,data/raw/isic2018/masks/ISIC2018_Task1_Training_GroundTruth/ISIC_0010360_segmentation.png,768,1024,203205,0.2583885192871094,150,134,814,565,665,432,0.36529541015625,1.5393518518518519,False,False,False,False,False,1,1.0
ISIC_0010361,data/raw/isic2018/images/ISIC2018_Task1-2_Training_Input/ISIC_0010361.jpg,data/raw/isic2018/masks/ISIC2018_Task1_Training_GroundTruth/ISIC_0010361_segmentation.png,768,1024,398208,0.50634765625,77,58,815,744,739,687,0.6455650329589844,1.0756914119359535,False,False,False,False,False,1,1.0
ISIC_0010362,data/raw/isic2018/images/ISIC2018_Task1-2_Training_Input/ISIC_0010362.jpg,data/raw/isic2018/masks/ISIC2018_Task1_Training_GroundTruth/ISIC_0010362_segmentation.png,768,1024,40033,0.05090459187825521,236,252,499,471,264,220,0.0738525390625,1.2,False,False,False,False,False,1,1.0
ISIC_0010364,data/raw/isic2018/images/ISIC2018_Task1-2_Training_Input/ISIC_0010364.jpg,data/raw/isic2018/masks/ISIC2018_Task1_Training_GroundTruth/ISIC_0010364_segmentation.png,768,1024,146432,0.18619791666666666,211,172,726,604,516,433,0.2841033935546875,1.1916859122401848,False,False,False,False,False,1,1.0
ISIC_0010365,data/raw/isic2018/images/ISIC2018_Task1-2_Training_Input/ISIC_0010365.jpg,data/raw/isic2018/masks/ISIC2018_Task1_Training_GroundTruth/ISIC_0010365_segmentation.png,768,1024,124178,0.1579004923502604,246,174,736,638,491,465,0.2903175354003906,1.0559139784946237,False,False,False,False,False,1,1.0
ISIC_0010367,data/raw/isic2018/images/ISIC2018_Task1-2_Training_Input/ISIC_0010367.jpg,data/raw/isic2018/masks/ISIC2018_Task1_Training_GroundTruth/ISIC_0010367_segmentation.png,768,1024,91116,0.1158599853515625,361,236,711,583,351,348,0.1553192138671875,1.0086206896551724,False,False,False,False,False,1,1.0
ISIC_0010368,data/raw/isic2018/images/ISIC2018_Task1-2_Training_Input/ISIC_0010368.jpg,data/raw/isic2018/masks/ISIC2018_Task1_Training_GroundTruth/ISIC_0010368_segmentation.png,768,1024,140289,0.17838668823242188,353,170,801,646,449,477,0.2723350524902344,0.9412997903563941,False,False,False,False,False,1,1.0
ISIC_0010370,data/raw/isic2018/images/ISIC2018_Task1-2_Training_Input/ISIC_0010370.jpg,data/raw/isic2018/masks/ISIC2018_Task1_Training_GroundTruth/ISIC_0010370_segmentation.png,768,1024,262897,0.3342908223470052,212,106,814,689,603,584,0.447784423828125,1.0325342465753424,False,False,False,False,False,1,1.0
ISIC_0010372,data/raw/isic2018/images/ISIC2018_Task1-2_Training_Input/ISIC_0010372.jpg,data/raw/isic2018/masks/ISIC2018_Task1_Training_GroundTruth/ISIC_0010372_segmentation.png,768,1024,166138,0.2112553914388021,286,103,833,617,548,515,0.3588612874348958,1.0640776699029126,False,False,False,False,False,1,1.0
ISIC_0010374,data/raw/isic2018/images/ISIC2018_Task1-2_Training_Input/ISIC_0010374.jpg,data/raw/isic2018/masks/ISIC2018_Task1_Training_GroundTruth/ISIC_0010374_segmentation.png,768,1024,340054,0.43240102132161456,123,80,970,654,848,575,0.6200154622395834,1.4747826086956521,False,False,False,False,False,1,1.0
ISIC_0010379,data/raw/isic2018/images/ISIC2018_Task1-2_Training_Input/ISIC_0010379.jpg,data/raw/isic2018/masks/ISIC2018_Task1_Training_GroundTruth/ISIC_0010379_segmentation.png,768,1024,175214,0.2227961222330729,288,146,747,685,460,540,0.31585693359375,0.8518518518518519,False,False,False,False,False,1,1.0
ISIC_0010380,data/raw/isic2018/images/ISIC2018_Task1-2_Training_Input/ISIC_0010380.jpg,data/raw/isic2018/masks/ISIC2018_Task1_Training_GroundTruth/ISIC_0010380_segmentation.png,768,1024,99510,0.12653350830078125,403,237,832,642,430,406,0.22198994954427084,1.0591133004926108,False,False,False,False,False,1,1.0
ISIC_0010382,data/raw/isic2018/images/ISIC2018_Task1-2_Training_Input/ISIC_0010382.jpg,data/raw/isic2018/masks/ISIC2018_Task1_Training_GroundTruth/ISIC_0010382_segmentation.png,768,1024,664168,0.8445332845052084,4,0,972,767,969,768,0.9462890625,1.26171875,True,False,False,True,True,1,1.0
ISIC_0010435,data/raw/isic2018/images/ISIC2018_Task1-2_Training_Input/ISIC_0010435.jpg,data/raw/isic2018/masks/ISIC2018_Task1_Training_GroundTruth/ISIC_0010435_segmentation.png,768,1024,67655,0.0860277811686198,343,189,708,533,366,345,0.16056060791015625,1.0608695652173914,False,False,False,False,False,1,1.0
ISIC_0010439,data/raw/isic2018/images/ISIC2018_Task1-2_Training_Input/ISIC_0010439.jpg,data/raw/isic2018/masks/ISIC2018_Task1_Training_GroundTruth/ISIC_0010439_segmentation.png,768,1024,14868,0.0189056396484375,502,276,662,417,161,142,0.029070536295572918,1.1338028169014085,False,False,False,False,False,1,1.0
ISIC_0010441,data/raw/isic2018/images/ISIC2018_Task1-2_Training_Input/ISIC_0010441.jpg,data/raw/isic2018/masks/ISIC2018_Task1_Training_GroundTruth/ISIC_0010441_segmentation.png,768,1024,94458,0.12010955810546875,536,92,869,435,334,344,0.14609781901041666,0.9709302325581395,False,False,False,False,False,1,1.0
ISIC_0010442,data/raw/isic2018/images/ISIC2018_Task1-2_Training_Input/ISIC_0010442.jpg,data/raw/isic2018/masks/ISIC2018_Task1_Training_GroundTruth/ISIC_0010442_segmentation.png,768,1024,243031,0.30902989705403644,221,47,835,640,615,594,0.46451568603515625,1.0353535353535352,False,False,False,False,False,1,1.0
ISIC_0010443,data/raw/isic2018/images/ISIC2018_Task1-2_Training_Input/ISIC_0010443.jpg,data/raw/isic2018/masks/ISIC2018_Task1_Training_GroundTruth/ISIC_0010443_segmentation.png,768,1024,109063,0.13868077596028647,334,153,743,515,410,363,0.18924713134765625,1.1294765840220387,False,False,False,False,False,1,1.0
ISIC_0010444,data/raw/isic2018/images/ISIC2018_Task1-2_Training_Input/ISIC_0010444.jpg,data/raw/isic2018/masks/ISIC2018_Task1_Training_GroundTruth/ISIC_0010444_segmentation.png,768,1024,31611,0.040195465087890625,434,291,653,516,220,226,0.06322224934895833,0.9734513274336283,False,False,False,False,False,1,1.0
ISIC_0010445,data/raw/isic2018/images/ISIC2018_Task1-2_Training_Input/ISIC_0010445.jpg,data/raw/isic2018/masks/ISIC2018_Task1_Training_GroundTruth/ISIC_0010445_segmentation.png,768,1024,188974,0.2402928670247396,278,159,804,758,527,600,0.402069091796875,0.8783333333333333,False,False,False,False,False,1,1.0
ISIC_0010447,data/raw/isic2018/images/ISIC2018_Task1-2_Training_Input/ISIC_0010447.jpg,data/raw/isic2018/masks/ISIC2018_Task1_Training_GroundTruth/ISIC_0010447_segmentation.png,768,1024,321273,0.4085197448730469,219,22,812,719,594,698,0.5272064208984375,0.8510028653295129,False,False,False,False,False,1,1.0
ISIC_0010448,data/raw/isic2018/images/ISIC2018_Task1-2_Training_Input/ISIC_0010448.jpg,data/raw/isic2018/masks/ISIC2018_Task1_Training_GroundTruth/ISIC_0010448_segmentation.png,768,1024,540348,0.6870880126953125,80,36,955,767,876,732,0.81536865234375,1.1967213114754098,True,False,False,False,True,1,1.0
ISIC_0010449,data/raw/isic2018/images/ISIC2018_Task1-2_Training_Input/ISIC_0010449.jpg,data/raw/isic2018/masks/ISIC2018_Task1_Training_GroundTruth/ISIC_0010449_segmentation.png,768,1024,247001,0.31407801310221356,154,91,743,667,590,577,0.43287913004557294,1.022530329289428,False,False,False,False,False,1,1.0
ISIC_0010452,data/raw/isic2018/images/ISIC2018_Task1-2_Training_Input/ISIC_0010452.jpg,data/raw/isic2018/masks/ISIC2018_Task1_Training_GroundTruth/ISIC_0010452_segmentation.png,768,1024,214692,0.2729949951171875,232,157,885,624,654,468,0.389190673828125,1.3974358974358974,False,False,False,False,False,1,1.0
ISIC_0010455,data/raw/isic2018/images/ISIC2018_Task1-2_Training_Input/ISIC_0010455.jpg,data/raw/isic2018/masks/ISIC2018_Task1_Training_GroundTruth/ISIC_0010455_segmentation.png,768,1024,426819,0.5427284240722656,2,106,930,739,929,634,0.7489344278971354,1.4652996845425867,False,False,False,False,False,1,1.0
ISIC_0010456,data/raw/isic2018/images/ISIC2018_Task1-2_Training_Input/ISIC_0010456.jpg,data/raw/isic2018/masks/ISIC2018_Task1_Training_GroundTruth/ISIC_0010456_segmentation.png,768,1024,27122,0.034487406412760414,330,325,530,513,201,189,0.048305511474609375,1.0634920634920635,False,False,False,False,False,1,1.0
ISIC_0010457,data/raw/isic2018/images/ISIC2018_Task1-2_Training_Input/ISIC_0010457.jpg,data/raw/isic2018/masks/ISIC2018_Task1_Training_GroundTruth/ISIC_0010457_segmentation.png,768,1024,659988,0.8392181396484375,15,0,1021,767,1007,768,0.9833984375,1.3111979166666667,True,False,False,True,True,1,1.0
ISIC_0010458,data/raw/isic2018/images/ISIC2018_Task1-2_Training_Input/ISIC_0010458.jpg,data/raw/isic2018/masks/ISIC2018_Task1_Training_GroundTruth/ISIC_0010458_segmentation.png,768,1024,104928,0.1334228515625,371,183,787,546,417,364,0.1930084228515625,1.1456043956043955,False,False,False,False,False,1,1.0
ISIC_0010459,data/raw/isic2018/images/ISIC2018_Task1-2_Training_Input/ISIC_0010459.jpg,data/raw/isic2018/masks/ISIC2018_Task1_Training_GroundTruth/ISIC_0010459_segmentation.png,768,1024,536231,0.6818529764811198,137,1,1022,765,886,765,0.8618545532226562,1.158169934640523,False,False,False,False,False,1,1.0
ISIC_0010461,data/raw/isic2018/images/ISIC2018_Task1-2_Training_Input/ISIC_0010461.jpg,data/raw/isic2018/masks/ISIC2018_Task1_Training_GroundTruth/ISIC_0010461_segmentation.png,768,1024,93696,0.119140625,296,210,632,627,337,418,0.1791203816731771,0.80622009569378,False,False,False,False,False,1,1.0
ISIC_0010462,data/raw/isic2018/images/ISIC2018_Task1-2_Training_Input/ISIC_0010462.jpg,data/raw/isic2018/masks/ISIC2018_Task1_Training_GroundTruth/ISIC_0010462_segmentation.png,768,1024,65791,0.08365758260091145,340,231,649,515,310,285,0.11234283447265625,1.087719298245614,False,False,False,False,False,1,1.0
ISIC_0010463,data/raw/isic2018/images/ISIC2018_Task1-2_Training_Input/ISIC_0010463.jpg,data/raw/isic2018/masks/ISIC2018_Task1_Training_GroundTruth/ISIC_0010463_segmentation.png,768,1024,253496,0.3223368326822917,117,179,898,661,782,483,0.48027801513671875,1.619047619047619,False,False,False,False,False,1,1.0
ISIC_0010465,data/raw/isic2018/images/ISIC2018_Task1-2_Training_Input/ISIC_0010465.jpg,data/raw/isic2018/masks/ISIC2018_Task1_Training_GroundTruth/ISIC_0010465_segmentation.png,768,1024,150574,0.1914647420247396,188,285,807,673,620,389,0.3066762288411458,1.5938303341902313,False,False,False,False,False,1,1.0
ISIC_0010466,data/raw/isic2018/images/ISIC2018_Task1-2_Training_Input/ISIC_0010466.jpg,data/raw/isic2018/masks/ISIC2018_Task1_Training_GroundTruth/ISIC_0010466_segmentation.png,768,1024,81211,0.10326512654622395,215,302,653,596,439,295,0.16467412312825522,1.488135593220339,False,False,False,False,False,1,1.0
ISIC_0010467,data/raw/isic2018/images/ISIC2018_Task1-2_Training_Input/ISIC_0010467.jpg,data/raw/isic2018/masks/ISIC2018_Task1_Training_GroundTruth/ISIC_0010467_segmentation.png,768,1024,83302,0.10592397054036458,354,249,666,615,313,367,0.14606602986653647,0.8528610354223434,False,False,False,False,False,1,1.0
ISIC_0010468,data/raw/isic2018/images/ISIC2018_Task1-2_Training_Input/ISIC_0010468.jpg,data/raw/isic2018/masks/ISIC2018_Task1_Training_GroundTruth/ISIC_0010468_segmentation.png,768,1024,127981,0.16273625691731772,265,158,665,725,401,568,0.2896219889322917,0.7059859154929577,False,False,False,False,False,1,1.0
ISIC_0010472,data/raw/isic2018/images/ISIC2018_Task1-2_Training_Input/ISIC_0010472.jpg,data/raw/isic2018/masks/ISIC2018_Task1_Training_GroundTruth/ISIC_0010472_segmentation.png,768,1024,36562,0.046490987141927086,378,162,607,427,230,266,0.07779439290364583,0.8646616541353384,False,False,False,False,False,1,1.0
ISIC_0010473,data/raw/isic2018/images/ISIC2018_Task1-2_Training_Input/ISIC_0010473.jpg,data/raw/isic2018/masks/ISIC2018_Task1_Training_GroundTruth/ISIC_0010473_segmentation.png,768,1024,319049,0.40569178263346356,101,0,1021,708,921,709,0.8303184509277344,1.2990126939351199,True,False,False,True,False,1,1.0
ISIC_0010474,data/raw/isic2018/images/ISIC2018_Task1-2_Training_Input/ISIC_0010474.jpg,data/raw/isic2018/masks/ISIC2018_Task1_Training_GroundTruth/ISIC_0010474_segmentation.png,768,1024,51690,0.06572723388671875,388,212,705,473,318,262,0.1059417724609375,1.213740458015267,False,False,False,False,False,1,1.0
ISIC_0010475,data/raw/isic2018/images/ISIC2018_Task1-2_Training_Input/ISIC_0010475.jpg,data/raw/isic2018/masks/ISIC2018_Task1_Training_GroundTruth/ISIC_0010475_segmentation.png,768,1024,123734,0.1573359171549479,253,179,735,592,483,414,0.25426483154296875,1.1666666666666667,False,False,False,False,False,1,1.0
ISIC_0010476,data/raw/isic2018/images/ISIC2018_Task1-2_Training_Input/ISIC_0010476.jpg,data/raw/isic2018/masks/ISIC2018_Task1_Training_GroundTruth/ISIC_0010476_segmentation.png,768,1024,107430,0.13660430908203125,359,145,689,638,331,494,0.2079188028971354,0.6700404858299596,False,False,False,False,False,1,1.0
ISIC_0010477,data/raw/isic2018/images/ISIC2018_Task1-2_Training_Input/ISIC_0010477.jpg,data/raw/isic2018/masks/ISIC2018_Task1_Training_GroundTruth/ISIC_0010477_segmentation.png,768,1024,638025,0.8112907409667969,48,4,1023,767,976,764,0.9481608072916666,1.2774869109947644,True,False,True,False,True,1,1.0
ISIC_0010479,data/raw/isic2018/images/ISIC2018_Task1-2_Training_Input/ISIC_0010479.jpg,data/raw/isic2018/masks/ISIC2018_Task1_Training_GroundTruth/ISIC_0010479_segmentation.png,768,1024,350194,0.44529469807942706,120,43,909,635,790,593,0.5956904093424479,1.3322091062394603,False,False,False,False,False,1,1.0
ISIC_0010480,data/raw/isic2018/images/ISIC2018_Task1-2_Training_Input/ISIC_0010480.jpg,data/raw/isic2018/masks/ISIC2018_Task1_Training_GroundTruth/ISIC_0010480_segmentation.png,768,1024,359391,0.4569892883300781,152,146,971,715,820,570,0.594329833984375,1.4385964912280702,False,False,False,False,False,1,1.0
ISIC_0010481,data/raw/isic2018/images/ISIC2018_Task1-2_Training_Input/ISIC_0010481.jpg,data/raw/isic2018/masks/ISIC2018_Task1_Training_GroundTruth/ISIC_0010481_segmentation.png,768,1024,100298,0.1275355021158854,302,143,622,554,321,412,0.1681671142578125,0.779126213592233,False,False,False,False,False,1,1.0
ISIC_0010483,data/raw/isic2018/images/ISIC2018_Task1-2_Training_Input/ISIC_0010483.jpg,data/raw/isic2018/masks/ISIC2018_Task1_Training_GroundTruth/ISIC_0010483_segmentation.png,768,1024,96448,0.12263997395833333,261,225,611,654,351,430,0.19191741943359375,0.8162790697674419,False,False,False,False,False,1,1.0
ISIC_0010487,data/raw/isic2018/images/ISIC2018_Task1-2_Training_Input/ISIC_0010487.jpg,data/raw/isic2018/masks/ISIC2018_Task1_Training_GroundTruth/ISIC_0010487_segmentation.png,768,1024,179076,0.2277069091796875,140,183,847,531,708,349,0.3141937255859375,2.0286532951289398,False,False,False,False,False,1,1.0
ISIC_0010488,data/raw/isic2018/images/ISIC2018_Task1-2_Training_Input/ISIC_0010488.jpg,data/raw/isic2018/masks/ISIC2018_Task1_Training_GroundTruth/ISIC_0010488_segmentation.png,768,1024,355291,0.45177586873372394,60,135,868,703,809,569,0.5853284200032552,1.421792618629174,False,False,False,False,False,1,1.0
ISIC_0010490,data/raw/isic2018/images/ISIC2018_Task1-2_Training_Input/ISIC_0010490.jpg,data/raw/isic2018/masks/ISIC2018_Task1_Training_GroundTruth/ISIC_0010490_segmentation.png,768,1024,273826,0.34818776448567706,221,98,788,722,568,625,0.4514058430989583,0.9088,False,False,False,False,False,1,1.0
ISIC_0010492,data/raw/isic2018/images/ISIC2018_Task1-2_Training_Input/ISIC_0010492.jpg,data/raw/isic2018/masks/ISIC2018_Task1_Training_GroundTruth/ISIC_0010492_segmentation.png,768,1024,638671,0.8121121724446615,17,4,1023,767,1007,764,0.9782765706380209,1.318062827225131,True,False,True,False,True,1,1.0
ISIC_0010493,data/raw/isic2018/images/ISIC2018_Task1-2_Training_Input/ISIC_0010493.jpg,data/raw/isic2018/masks/ISIC2018_Task1_Training_GroundTruth/ISIC_0010493_segmentation.png,768,1024,337754,0.42947642008463544,238,60,933,765,696,706,0.62481689453125,0.9858356940509915,False,False,False,False,False,1,1.0
ISIC_0010494,data/raw/isic2018/images/ISIC2018_Task1-2_Training_Input/ISIC_0010494.jpg,data/raw/isic2018/masks/ISIC2018_Task1_Training_GroundTruth/ISIC_0010494_segmentation.png,768,1024,258793,0.3290723164876302,165,150,844,667,680,518,0.4478963216145833,1.3127413127413128,False,False,False,False,False,1,1.0
ISIC_0010496,data/raw/isic2018/images/ISIC2018_Task1-2_Training_Input/ISIC_0010496.jpg,data/raw/isic2018/masks/ISIC2018_Task1_Training_GroundTruth/ISIC_0010496_segmentation.png,768,1024,283956,0.3610687255859375,185,35,826,759,642,725,0.5918502807617188,0.8855172413793103,False,False,False,False,False,1,1.0
ISIC_0010497,data/raw/isic2018/images/ISIC2018_Task1-2_Training_Input/ISIC_0010497.jpg,data/raw/isic2018/masks/ISIC2018_Task1_Training_GroundTruth/ISIC_0010497_segmentation.png,768,1024,433301,0.550970713297526,111,91,869,767,759,677,0.6533851623535156,1.121122599704579,True,False,False,False,True,1,1.0
ISIC_0010498,data/raw/isic2018/images/ISIC2018_Task1-2_Training_Input/ISIC_0010498.jpg,data/raw/isic2018/masks/ISIC2018_Task1_Training_GroundTruth/ISIC_0010498_segmentation.png,768,1024,208832,0.2655436197916667,248,100,766,605,519,506,0.33393096923828125,1.0256916996047432,False,False,False,False,False,1,1.0
ISIC_0010552,data/raw/isic2018/images/ISIC2018_Task1-2_Training_Input/ISIC_0010552.jpg,data/raw/isic2018/masks/ISIC2018_Task1_Training_GroundTruth/ISIC_0010552_segmentation.png,768,1024,288013,0.3662274678548177,5,199,887,709,883,511,0.5737469991048177,1.7279843444227005,False,False,False,False,False,1,1.0
ISIC_0010553,data/raw/isic2018/images/ISIC2018_Task1-2_Training_Input/ISIC_0010553.jpg,data/raw/isic2018/masks/ISIC2018_Task1_Training_GroundTruth/ISIC_0010553_segmentation.png,768,1024,112961,0.14363733927408853,210,222,781,505,572,284,0.20656331380208334,2.0140845070422535,False,False,False,False,False,1,1.0
ISIC_0010554,data/raw/isic2018/images/ISIC2018_Task1-2_Training_Input/ISIC_0010554.jpg,data/raw/isic2018/masks/ISIC2018_Task1_Training_GroundTruth/ISIC_0010554_segmentation.png,768,1024,108672,0.13818359375,323,99,669,657,347,559,0.24664942423502603,0.6207513416815742,False,False,False,False,False,1,1.0
ISIC_0010557,data/raw/isic2018/images/ISIC2018_Task1-2_Training_Input/ISIC_0010557.jpg,data/raw/isic2018/masks/ISIC2018_Task1_Training_GroundTruth/ISIC_0010557_segmentation.png,768,1024,97208,0.12360636393229167,302,214,689,590,388,377,0.18599955240885416,1.0291777188328912,False,False,False,False,False,1,1.0
ISIC_0010558,data/raw/isic2018/images/ISIC2018_Task1-2_Training_Input/ISIC_0010558.jpg,data/raw/isic2018/masks/ISIC2018_Task1_Training_GroundTruth/ISIC_0010558_segmentation.png,768,1024,347338,0.44166310628255206,73,83,979,678,907,596,0.6873728434244791,1.5218120805369129,False,False,False,False,False,1,1.0
ISIC_0010562,data/raw/isic2018/images/ISIC2018_Task1-2_Training_Input/ISIC_0010562.jpg,data/raw/isic2018/masks/ISIC2018_Task1_Training_GroundTruth/ISIC_0010562_segmentation.png,768,1024,102818,0.1307398478190104,364,218,699,612,336,395,0.16876220703125,0.850632911392405,False,False,False,False,False,1,1.0
ISIC_0010565,data/raw/isic2018/images/ISIC2018_Task1-2_Training_Input/ISIC_0010565.jpg,data/raw/isic2018/masks/ISIC2018_Task1_Training_GroundTruth/ISIC_0010565_segmentation.png,768,1024,185801,0.23625818888346353,358,153,788,704,431,552,0.302520751953125,0.7807971014492754,False,False,False,False,False,1,1.0
ISIC_0010566,data/raw/isic2018/images/ISIC2018_Task1-2_Training_Input/ISIC_0010566.jpg,data/raw/isic2018/masks/ISIC2018_Task1_Training_GroundTruth/ISIC_0010566_segmentation.png,768,1024,111852,0.1422271728515625,234,246,663,586,430,341,0.1864496866861979,1.2609970674486803,False,False,False,False,False,1,1.0
ISIC_0010567,data/raw/isic2018/images/ISIC2018_Task1-2_Training_Input/ISIC_0010567.jpg,data/raw/isic2018/masks/ISIC2018_Task1_Training_GroundTruth/ISIC_0010567_segmentation.png,768,1024,86908,0.11050923665364583,298,201,730,540,433,340,0.18719991048177084,1.2735294117647058,False,False,False,False,False,1,1.0
ISIC_0010568,data/raw/isic2018/images/ISIC2018_Task1-2_Training_Input/ISIC_0010568.jpg,data/raw/isic2018/masks/ISIC2018_Task1_Training_GroundTruth/ISIC_0010568_segmentation.png,768,1024,407595,0.5182838439941406,40,76,987,692,948,617,0.7437591552734375,1.5364667747163696,False,False,False,False,False,1,1.0
ISIC_0010569,data/raw/isic2018/images/ISIC2018_Task1-2_Training_Input/ISIC_0010569.jpg,data/raw/isic2018/masks/ISIC2018_Task1_Training_GroundTruth/ISIC_0010569_segmentation.png,768,1024,15288,0.019439697265625,423,295,584,448,162,154,0.0317230224609375,1.051948051948052,False,False,False,False,False,1,1.0
ISIC_0010570,data/raw/isic2018/images/ISIC2018_Task1-2_Training_Input/ISIC_0010570.jpg,data/raw/isic2018/masks/ISIC2018_Task1_Training_GroundTruth/ISIC_0010570_segmentation.png,768,1024,295174,0.37533315022786456,150,38,844,748,695,711,0.6283378601074219,0.9774964838255977,False,False,False,False,False,1,1.0
ISIC_0010571,data/raw/isic2018/images/ISIC2018_Task1-2_Training_Input/ISIC_0010571.jpg,data/raw/isic2018/masks/ISIC2018_Task1_Training_GroundTruth/ISIC_0010571_segmentation.png,768,1024,224728,0.2857564290364583,231,135,822,656,592,522,0.3929443359375,1.1340996168582376,False,False,False,False,False,1,1.0
ISIC_0010572,data/raw/isic2018/images/ISIC2018_Task1-2_Training_Input/ISIC_0010572.jpg,data/raw/isic2018/masks/ISIC2018_Task1_Training_GroundTruth/ISIC_0010572_segmentation.png,768,1024,383510,0.48765818277994794,137,3,813,711,677,709,0.6103426615397135,0.9548660084626234,False,False,False,False,False,1,1.0
ISIC_0010573,data/raw/isic2018/images/ISIC2018_Task1-2_Training_Input/ISIC_0010573.jpg,data/raw/isic2018/masks/ISIC2018_Task1_Training_GroundTruth/ISIC_0010573_segmentation.png,768,1024,300650,0.38229624430338544,224,50,795,764,572,715,0.5200449625651041,0.8,False,False,False,False,False,1,1.0
ISIC_0010574,data/raw/isic2018/images/ISIC2018_Task1-2_Training_Input/ISIC_0010574.jpg,data/raw/isic2018/masks/ISIC2018_Task1_Training_GroundTruth/ISIC_0010574_segmentation.png,768,1024,108515,0.13798395792643228,319,192,592,698,274,507,0.17664337158203125,0.5404339250493096,False,False,False,False,False,1,1.0
ISIC_0010576,data/raw/isic2018/images/ISIC2018_Task1-2_Training_Input/ISIC_0010576.jpg,data/raw/isic2018/masks/ISIC2018_Task1_Training_GroundTruth/ISIC_0010576_segmentation.png,768,1024,240519,0.3058357238769531,156,0,743,729,588,730,0.545806884765625,0.8054794520547945,True,False,False,True,False,1,1.0
ISIC_0010581,data/raw/isic2018/images/ISIC2018_Task1-2_Training_Input/ISIC_0010581.jpg,data/raw/isic2018/masks/ISIC2018_Task1_Training_GroundTruth/ISIC_0010581_segmentation.png,768,1024,143395,0.18233617146809897,302,174,757,686,456,513,0.297454833984375,0.8888888888888888,False,False,False,False,False,1,1.0
ISIC_0010584,data/raw/isic2018/images/ISIC2018_Task1-2_Training_Input/ISIC_0010584.jpg,data/raw/isic2018/masks/ISIC2018_Task1_Training_GroundTruth/ISIC_0010584_segmentation.png,768,1024,71638,0.09109242757161458,338,250,654,536,317,287,0.11568578084309895,1.1045296167247387,False,False,False,False,False,1,1.0
ISIC_0010585,data/raw/isic2018/images/ISIC2018_Task1-2_Training_Input/ISIC_0010585.jpg,data/raw/isic2018/masks/ISIC2018_Task1_Training_GroundTruth/ISIC_0010585_segmentation.png,768,1024,19302,0.02454376220703125,465,202,640,377,176,176,0.039388020833333336,1.0,False,False,False,False,False,1,1.0
ISIC_0010587,data/raw/isic2018/images/ISIC2018_Task1-2_Training_Input/ISIC_0010587.jpg,data/raw/isic2018/masks/ISIC2018_Task1_Training_GroundTruth/ISIC_0010587_segmentation.png,768,1024,119308,0.15170796712239584,240,153,745,481,506,329,0.2116826375325521,1.5379939209726443,False,False,False,False,False,1,1.0
ISIC_0010588,data/raw/isic2018/images/ISIC2018_Task1-2_Training_Input/ISIC_0010588.jpg,data/raw/isic2018/masks/ISIC2018_Task1_Training_GroundTruth/ISIC_0010588_segmentation.png,768,1024,716395,0.910943349202474,2,6,1023,767,1022,762,0.9902496337890625,1.3412073490813647,True,False,True,False,True,1,1.0
ISIC_0010589,data/raw/isic2018/images/ISIC2018_Task1-2_Training_Input/ISIC_0010589.jpg,data/raw/isic2018/masks/ISIC2018_Task1_Training_GroundTruth/ISIC_0010589_segmentation.png,768,1024,438176,0.5571695963541666,83,2,925,665,843,664,0.711761474609375,1.269578313253012,False,False,False,False,False,1,1.0
ISIC_0010590,data/raw/isic2018/images/ISIC2018_Task1-2_Training_Input/ISIC_0010590.jpg,data/raw/isic2018/masks/ISIC2018_Task1_Training_GroundTruth/ISIC_0010590_segmentation.png,768,1024,56303,0.0715929667154948,361,279,647,556,287,278,0.10145314534505208,1.0323741007194245,False,False,False,False,False,1,1.0
ISIC_0010591,data/raw/isic2018/images/ISIC2018_Task1-2_Training_Input/ISIC_0010591.jpg,data/raw/isic2018/masks/ISIC2018_Task1_Training_GroundTruth/ISIC_0010591_segmentation.png,768,1024,198295,0.25214513142903644,225,137,786,612,562,476,0.3401590983072917,1.180672268907563,False,False,False,False,False,1,1.0
ISIC_0010592,data/raw/isic2018/images/ISIC2018_Task1-2_Training_Input/ISIC_0010592.jpg,data/raw/isic2018/masks/ISIC2018_Task1_Training_GroundTruth/ISIC_0010592_segmentation.png,768,1024,15209,0.019339243570963543,494,368,652,512,159,145,0.029315948486328125,1.096551724137931,False,False,False,False,False,1,1.0
ISIC_0010593,data/raw/isic2018/images/ISIC2018_Task1-2_Training_Input/ISIC_0010593.jpg,data/raw/isic2018/masks/ISIC2018_Task1_Training_GroundTruth/ISIC_0010593_segmentation.png,768,1024,64912,0.08253987630208333,403,276,702,565,300,290,0.110626220703125,1.0344827586206897,False,False,False,False,False,1,1.0
ISIC_0010595,data/raw/isic2018/images/ISIC2018_Task1-2_Training_Input/ISIC_0010595.jpg,data/raw/isic2018/masks/ISIC2018_Task1_Training_GroundTruth/ISIC_0010595_segmentation.png,768,1024,316193,0.40206019083658856,283,35,887,765,605,731,0.5623563130696615,0.8276333789329685,False,False,False,False,False,1,1.0
ISIC_0010596,data/raw/isic2018/images/ISIC2018_Task1-2_Training_Input/ISIC_0010596.jpg,data/raw/isic2018/masks/ISIC2018_Task1_Training_GroundTruth/ISIC_0010596_segmentation.png,768,1024,320091,0.4070167541503906,145,61,808,762,664,702,0.59271240234375,0.9458689458689459,False,False,False,False,False,1,1.0
ISIC_0010597,data/raw/isic2018/images/ISIC2018_Task1-2_Training_Input/ISIC_0010597.jpg,data/raw/isic2018/masks/ISIC2018_Task1_Training_GroundTruth/ISIC_0010597_segmentation.png,768,1024,262588,0.3338979085286458,237,135,840,733,604,599,0.4600474039713542,1.008347245409015,False,False,False,False,False,1,1.0
ISIC_0010598,data/raw/isic2018/images/ISIC2018_Task1-2_Training_Input/ISIC_0010598.jpg,data/raw/isic2018/masks/ISIC2018_Task1_Training_GroundTruth/ISIC_0010598_segmentation.png,768,1024,49218,0.06258392333984375,357,206,613,477,257,272,0.08888753255208333,0.9448529411764706,False,False,False,False,False,1,1.0
ISIC_0010599,data/raw/isic2018/images/ISIC2018_Task1-2_Training_Input/ISIC_0010599.jpg,data/raw/isic2018/masks/ISIC2018_Task1_Training_GroundTruth/ISIC_0010599_segmentation.png,768,1024,276556,0.3516591389973958,200,28,951,702,752,675,0.64544677734375,1.114074074074074,False,False,False,False,False,1,1.0
ISIC_0010602,data/raw/isic2018/images/ISIC2018_Task1-2_Training_Input/ISIC_0010602.jpg,data/raw/isic2018/masks/ISIC2018_Task1_Training_GroundTruth/ISIC_0010602_segmentation.png,768,1024,431056,0.5481160481770834,89,93,1021,719,933,627,0.7438545227050781,1.4880382775119618,False,False,False,False,False,1,1.0
ISIC_0010603,data/raw/isic2018/images/ISIC2018_Task1-2_Training_Input/ISIC_0010603.jpg,data/raw/isic2018/masks/ISIC2018_Task1_Training_GroundTruth/ISIC_0010603_segmentation.png,768,1024,567779,0.7219683329264323,2,2,1021,767,1020,766,0.993499755859375,1.3315926892950392,True,False,False,False,True,1,1.0
ISIC_0010604,data/raw/isic2018/images/ISIC2018_Task1-2_Training_Input/ISIC_0010604.jpg,data/raw/isic2018/masks/ISIC2018_Task1_Training_GroundTruth/ISIC_0010604_segmentation.png,768,1024,731561,0.9302279154459635,2,5,1019,767,1018,763,0.9876683553059896,1.3342070773263435,True,False,False,False,True,1,1.0
ISIC_0010605,data/raw/isic2018/images/ISIC2018_Task1-2_Training_Input/ISIC_0010605.jpg,data/raw/isic2018/masks/ISIC2018_Task1_Training_GroundTruth/ISIC_0010605_segmentation.png,768,1024,603318,0.7671585083007812,153,0,1018,765,866,766,0.8435007731119791,1.1305483028720626,True,False,False,True,False,1,1.0
ISIC_0010606,data/raw/isic2018/images/ISIC2018_Task1-2_Training_Input/ISIC_0010606.jpg,data/raw/isic2018/masks/ISIC2018_Task1_Training_GroundTruth/ISIC_0010606_segmentation.png,768,1024,146209,0.18591435750325522,176,196,764,575,589,380,0.2846018473307292,1.55,False,False,False,False,False,1,1.0
ISIC_0010607,data/raw/isic2018/images/ISIC2018_Task1-2_Training_Input/ISIC_0010607.jpg,data/raw/isic2018/masks/ISIC2018_Task1_Training_GroundTruth/ISIC_0010607_segmentation.png,768,1024,37609,0.04782231648763021,411,314,622,581,212,268,0.07224527994791667,0.7910447761194029,False,False,False,False,False,1,1.0
ISIC_0010844,data/raw/isic2018/images/ISIC2018_Task1-2_Training_Input/ISIC_0010844.jpg,data/raw/isic2018/masks/ISIC2018_Task1_Training_GroundTruth/ISIC_0010844_segmentation.png,768,1024,197939,0.2516924540201823,269,126,771,645,503,520,0.3325907389322917,0.9673076923076923,False,False,False,False,False,1,1.0
ISIC_0010846,data/raw/isic2018/images/ISIC2018_Task1-2_Training_Input/ISIC_0010846.jpg,data/raw/isic2018/masks/ISIC2018_Task1_Training_GroundTruth/ISIC_0010846_segmentation.png,768,1024,407066,0.5176111857096354,76,11,811,742,736,732,0.68505859375,1.005464480874317,False,False,False,False,False,1,1.0
ISIC_0010847,data/raw/isic2018/images/ISIC2018_Task1-2_Training_Input/ISIC_0010847.jpg,data/raw/isic2018/masks/ISIC2018_Task1_Training_GroundTruth/ISIC_0010847_segmentation.png,768,1024,280041,0.3560905456542969,236,109,886,656,651,548,0.4536285400390625,1.187956204379562,False,False,False,False,False,1,1.0
ISIC_0010848,data/raw/isic2018/images/ISIC2018_Task1-2_Training_Input/ISIC_0010848.jpg,data/raw/isic2018/masks/ISIC2018_Task1_Training_GroundTruth/ISIC_0010848_segmentation.png,768,1024,102652,0.13052876790364584,265,223,642,572,378,350,0.1682281494140625,1.08,False,False,False,False,False,1,1.0
ISIC_0010849,data/raw/isic2018/images/ISIC2018_Task1-2_Training_Input/ISIC_0010849.jpg,data/raw/isic2018/masks/ISIC2018_Task1_Training_GroundTruth/ISIC_0010849_segmentation.png,768,1024,265213,0.3372357686360677,204,32,674,708,471,677,0.4054603576660156,0.6957163958641064,False,False,False,False,False,1,1.0
ISIC_0010850,data/raw/isic2018/images/ISIC2018_Task1-2_Training_Input/ISIC_0010850.jpg,data/raw/isic2018/masks/ISIC2018_Task1_Training_GroundTruth/ISIC_0010850_segmentation.png,768,1024,107229,0.13634872436523438,233,191,582,567,350,377,0.1677831013997396,0.9283819628647215,False,False,False,False,False,1,1.0
ISIC_0010851,data/raw/isic2018/images/ISIC2018_Task1-2_Training_Input/ISIC_0010851.jpg,data/raw/isic2018/masks/ISIC2018_Task1_Training_GroundTruth/ISIC_0010851_segmentation.png,768,1024,127213,0.16175969441731772,328,161,802,662,475,502,0.30320485432942706,0.9462151394422311,False,False,False,False,False,1,1.0
ISIC_0010852,data/raw/isic2018/images/ISIC2018_Task1-2_Training_Input/ISIC_0010852.jpg,data/raw/isic2018/masks/ISIC2018_Task1_Training_GroundTruth/ISIC_0010852_segmentation.png,768,1024,63309,0.08050155639648438,347,296,699,549,353,254,0.11401112874348958,1.389763779527559,False,False,False,False,False,1,1.0
ISIC_0010853,data/raw/isic2018/images/ISIC2018_Task1-2_Training_Input/ISIC_0010853.jpg,data/raw/isic2018/masks/ISIC2018_Task1_Training_GroundTruth/ISIC_0010853_segmentation.png,768,1024,43047,0.054737091064453125,334,273,620,519,287,247,0.09014002482096355,1.1619433198380567,False,False,False,False,False,1,1.0
ISIC_0010854,data/raw/isic2018/images/ISIC2018_Task1-2_Training_Input/ISIC_0010854.jpg,data/raw/isic2018/masks/ISIC2018_Task1_Training_GroundTruth/ISIC_0010854_segmentation.png,768,1024,95787,0.12179946899414062,285,223,651,562,367,340,0.15866597493489584,1.0794117647058823,False,False,False,False,False,1,1.0
ISIC_0010856,data/raw/isic2018/images/ISIC2018_Task1-2_Training_Input/ISIC_0010856.jpg,data/raw/isic2018/masks/ISIC2018_Task1_Training_GroundTruth/ISIC_0010856_segmentation.png,768,1024,204560,0.2601114908854167,185,122,847,627,663,506,0.42658233642578125,1.3102766798418972,False,False,False,False,False,1,1.0
ISIC_0010857,data/raw/isic2018/images/ISIC2018_Task1-2_Training_Input/ISIC_0010857.jpg,data/raw/isic2018/masks/ISIC2018_Task1_Training_GroundTruth/ISIC_0010857_segmentation.png,768,1024,665660,0.8464304606119791,0,8,1012,767,1013,760,0.9789530436197916,1.3328947368421054,True,True,False,False,True,1,1.0
ISIC_0010858,data/raw/isic2018/images/ISIC2018_Task1-2_Training_Input/ISIC_0010858.jpg,data/raw/isic2018/masks/ISIC2018_Task1_Training_GroundTruth/ISIC_0010858_segmentation.png,768,1024,199362,0.25350189208984375,192,270,753,742,562,473,0.33801523844401044,1.1881606765327695,False,False,False,False,False,1,1.0
ISIC_0010860,data/raw/isic2018/images/ISIC2018_Task1-2_Training_Input/ISIC_0010860.jpg,data/raw/isic2018/masks/ISIC2018_Task1_Training_GroundTruth/ISIC_0010860_segmentation.png,768,1024,206813,0.26297632853190106,227,70,757,619,531,550,0.37136077880859375,0.9654545454545455,False,False,False,False,False,1,1.0
ISIC_0010861,data/raw/isic2018/images/ISIC2018_Task1-2_Training_Input/ISIC_0010861.jpg,data/raw/isic2018/masks/ISIC2018_Task1_Training_GroundTruth/ISIC_0010861_segmentation.png,768,1024,28871,0.03671137491861979,353,272,553,502,201,231,0.059040069580078125,0.8701298701298701,False,False,False,False,False,1,1.0
ISIC_0010862,data/raw/isic2018/images/ISIC2018_Task1-2_Training_Input/ISIC_0010862.jpg,data/raw/isic2018/masks/ISIC2018_Task1_Training_GroundTruth/ISIC_0010862_segmentation.png,768,1024,123112,0.15654500325520834,186,188,592,572,407,385,0.19924799601236978,1.0571428571428572,False,False,False,False,False,1,1.0
ISIC_0010863,data/raw/isic2018/images/ISIC2018_Task1-2_Training_Input/ISIC_0010863.jpg,data/raw/isic2018/masks/ISIC2018_Task1_Training_GroundTruth/ISIC_0010863_segmentation.png,768,1024,446678,0.5679804484049479,124,37,958,763,835,727,0.7718976338704427,1.1485557083906466,False,False,False,False,False,1,1.0
ISIC_0010864,data/raw/isic2018/images/ISIC2018_Task1-2_Training_Input/ISIC_0010864.jpg,data/raw/isic2018/masks/ISIC2018_Task1_Training_GroundTruth/ISIC_0010864_segmentation.png,768,1024,128912,0.16392008463541666,244,254,732,686,489,433,0.2692375183105469,1.1293302540415704,False,False,False,False,False,1,1.0
ISIC_0011079,data/raw/isic2018/images/ISIC2018_Task1-2_Training_Input/ISIC_0011079.jpg,data/raw/isic2018/masks/ISIC2018_Task1_Training_GroundTruth/ISIC_0011079_segmentation.png,768,1024,372087,0.4731330871582031,138,0,868,765,731,766,0.7120081583658854,0.9543080939947781,True,False,False,True,False,1,1.0
ISIC_0011081,data/raw/isic2018/images/ISIC2018_Task1-2_Training_Input/ISIC_0011081.jpg,data/raw/isic2018/masks/ISIC2018_Task1_Training_GroundTruth/ISIC_0011081_segmentation.png,768,1024,263669,0.33527247111002606,276,139,833,748,558,610,0.4328155517578125,0.9147540983606557,False,False,False,False,False,1,1.0
ISIC_0011082,data/raw/isic2018/images/ISIC2018_Task1-2_Training_Input/ISIC_0011082.jpg,data/raw/isic2018/masks/ISIC2018_Task1_Training_GroundTruth/ISIC_0011082_segmentation.png,768,1024,15595,0.019830067952473957,455,293,602,443,148,151,0.028416951497395832,0.9801324503311258,False,False,False,False,False,1,1.0
ISIC_0011083,data/raw/isic2018/images/ISIC2018_Task1-2_Training_Input/ISIC_0011083.jpg,data/raw/isic2018/masks/ISIC2018_Task1_Training_GroundTruth/ISIC_0011083_segmentation.png,768,1024,23984,0.030497233072916668,384,289,563,492,180,204,0.04669189453125,0.8823529411764706,False,False,False,False,False,1,1.0
ISIC_0011084,data/raw/isic2018/images/ISIC2018_Task1-2_Training_Input/ISIC_0011084.jpg,data/raw/isic2018/masks/ISIC2018_Task1_Training_GroundTruth/ISIC_0011084_segmentation.png,768,1024,217936,0.2771199544270833,212,158,750,730,539,573,0.3927192687988281,0.9406631762652705,False,False,False,False,False,1,1.0
ISIC_0011085,data/raw/isic2018/images/ISIC2018_Task1-2_Training_Input/ISIC_0011085.jpg,data/raw/isic2018/masks/ISIC2018_Task1_Training_GroundTruth/ISIC_0011085_segmentation.png,768,1024,91375,0.11618932088216145,370,210,676,593,307,384,0.14990234375,0.7994791666666666,False,False,False,False,False,1,1.0
ISIC_0011088,data/raw/isic2018/images/ISIC2018_Task1-2_Training_Input/ISIC_0011088.jpg,data/raw/isic2018/masks/ISIC2018_Task1_Training_GroundTruth/ISIC_0011088_segmentation.png,768,1024,241804,0.3074696858723958,289,152,822,748,534,597,0.40537261962890625,0.8944723618090452,False,False,False,False,False,1,1.0
ISIC_0011089,data/raw/isic2018/images/ISIC2018_Task1-2_Training_Input/ISIC_0011089.jpg,data/raw/isic2018/masks/ISIC2018_Task1_Training_GroundTruth/ISIC_0011089_segmentation.png,768,1024,187683,0.23865127563476562,293,130,788,605,496,476,0.3002115885416667,1.0420168067226891,False,False,False,False,False,1,1.0
ISIC_0011090,data/raw/isic2018/images/ISIC2018_Task1-2_Training_Input/ISIC_0011090.jpg,data/raw/isic2018/masks/ISIC2018_Task1_Training_GroundTruth/ISIC_0011090_segmentation.png,768,1024,278817,0.3545341491699219,108,135,828,634,721,500,0.4583994547526042,1.442,False,False,False,False,False,1,1.0
ISIC_0011092,data/raw/isic2018/images/ISIC2018_Task1-2_Training_Input/ISIC_0011092.jpg,data/raw/isic2018/masks/ISIC2018_Task1_Training_GroundTruth/ISIC_0011092_segmentation.png,768,1024,88982,0.11314646402994792,392,150,696,541,305,392,0.15202840169270834,0.7780612244897959,False,False,False,False,False,1,1.0
ISIC_0011095,data/raw/isic2018/images/ISIC2018_Task1-2_Training_Input/ISIC_0011095.jpg,data/raw/isic2018/masks/ISIC2018_Task1_Training_GroundTruth/ISIC_0011095_segmentation.png,768,1024,175027,0.22255833943684897,182,191,741,647,560,457,0.3254191080729167,1.225382932166302,False,False,False,False,False,1,1.0
ISIC_0011097,data/raw/isic2018/images/ISIC2018_Task1-2_Training_Input/ISIC_0011097.jpg,data/raw/isic2018/masks/ISIC2018_Task1_Training_GroundTruth/ISIC_0011097_segmentation.png,768,1024,102938,0.1308924357096354,290,130,620,581,331,452,0.19024149576822916,0.7323008849557522,False,False,False,False,False,1,1.0
ISIC_0011098,data/raw/isic2018/images/ISIC2018_Task1-2_Training_Input/ISIC_0011098.jpg,data/raw/isic2018/masks/ISIC2018_Task1_Training_GroundTruth/ISIC_0011098_segmentation.png,768,1024,78998,0.10045115152994792,289,238,633,564,345,327,0.14345169067382812,1.055045871559633,False,False,False,False,False,1,1.0
ISIC_0011099,data/raw/isic2018/images/ISIC2018_Task1-2_Training_Input/ISIC_0011099.jpg,data/raw/isic2018/masks/ISIC2018_Task1_Training_GroundTruth/ISIC_0011099_segmentation.png,768,1024,224870,0.28593699137369794,202,156,989,645,788,490,0.4909769694010417,1.6081632653061224,False,False,False,False,False,1,1.0
ISIC_0011101,data/raw/isic2018/images/ISIC2018_Task1-2_Training_Input/ISIC_0011101.jpg,data/raw/isic2018/masks/ISIC2018_Task1_Training_GroundTruth/ISIC_0011101_segmentation.png,768,1024,175843,0.22359593709309897,186,218,688,664,503,447,0.2859001159667969,1.1252796420581654,False,False,False,False,False,1,1.0
ISIC_0011102,data/raw/isic2018/images/ISIC2018_Task1-2_Training_Input/ISIC_0011102.jpg,data/raw/isic2018/masks/ISIC2018_Task1_Training_GroundTruth/ISIC_0011102_segmentation.png,768,1024,250748,0.3188425699869792,240,150,846,697,607,548,0.4229685465494792,1.1076642335766422,False,False,False,False,False,1,1.0
ISIC_0011104,data/raw/isic2018/images/ISIC2018_Task1-2_Training_Input/ISIC_0011104.jpg,data/raw/isic2018/masks/ISIC2018_Task1_Training_GroundTruth/ISIC_0011104_segmentation.png,768,1024,339138,0.43123626708984375,214,6,827,743,614,738,0.5761871337890625,0.8319783197831978,False,False,False,False,False,1,1.0
ISIC_0011105,data/raw/isic2018/images/ISIC2018_Task1-2_Training_Input/ISIC_0011105.jpg,data/raw/isic2018/masks/ISIC2018_Task1_Training_GroundTruth/ISIC_0011105_segmentation.png,768,1024,415230,0.5279922485351562,3,157,941,722,939,566,0.6758041381835938,1.6590106007067138,False,False,False,False,False,1,1.0
ISIC_0011107,data/raw/isic2018/images/ISIC2018_Task1-2_Training_Input/ISIC_0011107.jpg,data/raw/isic2018/masks/ISIC2018_Task1_Training_GroundTruth/ISIC_0011107_segmentation.png,768,1024,471589,0.5996564229329427,116,1,900,764,785,764,0.7626088460286459,1.0274869109947644,False,False,False,False,False,1,1.0
ISIC_0011109,data/raw/isic2018/images/ISIC2018_Task1-2_Training_Input/ISIC_0011109.jpg,data/raw/isic2018/masks/ISIC2018_Task1_Training_GroundTruth/ISIC_0011109_segmentation.png,768,1024,487339,0.619683583577474,128,36,928,767,801,732,0.7455596923828125,1.0942622950819672,True,False,False,False,True,1,1.0
ISIC_0011110,data/raw/isic2018/images/ISIC2018_Task1-2_Training_Input/ISIC_0011110.jpg,data/raw/isic2018/masks/ISIC2018_Task1_Training_GroundTruth/ISIC_0011110_segmentation.png,768,1024,121163,0.15406672159830728,293,226,699,604,407,379,0.19614283243815103,1.0738786279683377,False,False,False,False,False,1,1.0
ISIC_0011112,data/raw/isic2018/images/ISIC2018_Task1-2_Training_Input/ISIC_0011112.jpg,data/raw/isic2018/masks/ISIC2018_Task1_Training_GroundTruth/ISIC_0011112_segmentation.png,768,1024,604635,0.7688331604003906,19,2,967,763,949,762,0.9195175170898438,1.2454068241469816,False,False,False,False,False,1,1.0
ISIC_0011114,data/raw/isic2018/images/ISIC2018_Task1-2_Training_Input/ISIC_0011114.jpg,data/raw/isic2018/masks/ISIC2018_Task1_Training_GroundTruth/ISIC_0011114_segmentation.png,768,1024,127396,0.16199239095052084,349,209,725,605,377,397,0.19031397501627603,0.9496221662468514,False,False,False,False,False,1,1.0
ISIC_0011115,data/raw/isic2018/images/ISIC2018_Task1-2_Training_Input/ISIC_0011115.jpg,data/raw/isic2018/masks/ISIC2018_Task1_Training_GroundTruth/ISIC_0011115_segmentation.png,768,1024,24777,0.031505584716796875,413,304,605,485,193,182,0.044665018717447914,1.0604395604395604,False,False,False,False,False,1,1.0
ISIC_0011117,data/raw/isic2018/images/ISIC2018_Task1-2_Training_Input/ISIC_0011117.jpg,data/raw/isic2018/masks/ISIC2018_Task1_Training_GroundTruth/ISIC_0011117_segmentation.png,768,1024,365377,0.4646008809407552,143,103,859,758,717,656,0.59808349609375,1.0929878048780488,False,False,False,False,False,1,1.0
ISIC_0011118,data/raw/isic2018/images/ISIC2018_Task1-2_Training_Input/ISIC_0011118.jpg,data/raw/isic2018/masks/ISIC2018_Task1_Training_GroundTruth/ISIC_0011118_segmentation.png,768,1024,115655,0.14706293741861978,384,80,747,598,364,519,0.2402191162109375,0.7013487475915221,False,False,False,False,False,1,1.0
ISIC_0011119,data/raw/isic2018/images/ISIC2018_Task1-2_Training_Input/ISIC_0011119.jpg,data/raw/isic2018/masks/ISIC2018_Task1_Training_GroundTruth/ISIC_0011119_segmentation.png,768,1024,102218,0.1299769083658854,305,235,728,575,424,341,0.18384806315104166,1.2434017595307918,False,False,False,False,False,1,1.0
ISIC_0011120,data/raw/isic2018/images/ISIC2018_Task1-2_Training_Input/ISIC_0011120.jpg,data/raw/isic2018/masks/ISIC2018_Task1_Training_GroundTruth/ISIC_0011120_segmentation.png,768,1024,746114,0.9487330118815104,2,6,1023,763,1022,758,0.9850514729817709,1.3482849604221636,True,False,True,False,False,1,1.0
ISIC_0011121,data/raw/isic2018/images/ISIC2018_Task1-2_Training_Input/ISIC_0011121.jpg,data/raw/isic2018/masks/ISIC2018_Task1_Training_GroundTruth/ISIC_0011121_segmentation.png,768,1024,739831,0.9407437642415365,1,0,1023,767,1023,768,0.9990234375,1.33203125,True,False,True,True,True,1,1.0
ISIC_0011123,data/raw/isic2018/images/ISIC2018_Task1-2_Training_Input/ISIC_0011123.jpg,data/raw/isic2018/masks/ISIC2018_Task1_Training_GroundTruth/ISIC_0011123_segmentation.png,768,1024,220286,0.28010813395182294,234,143,799,688,566,546,0.3929595947265625,1.0366300366300367,False,False,False,False,False,1,1.0
ISIC_0011124,data/raw/isic2018/images/ISIC2018_Task1-2_Training_Input/ISIC_0011124.jpg,data/raw/isic2018/masks/ISIC2018_Task1_Training_GroundTruth/ISIC_0011124_segmentation.png,768,1024,212933,0.27075831095377606,211,156,887,669,677,514,0.44247690836588544,1.3171206225680934,False,False,False,False,False,1,1.0
ISIC_0011127,data/raw/isic2018/images/ISIC2018_Task1-2_Training_Input/ISIC_0011127.jpg,data/raw/isic2018/masks/ISIC2018_Task1_Training_GroundTruth/ISIC_0011127_segmentation.png,768,1024,97151,0.1235338846842448,338,195,714,604,377,410,0.1965459187825521,0.9195121951219513,False,False,False,False,False,1,1.0
ISIC_0011128,data/raw/isic2018/images/ISIC2018_Task1-2_Training_Input/ISIC_0011128.jpg,data/raw/isic2018/masks/ISIC2018_Task1_Training_GroundTruth/ISIC_0011128_segmentation.png,768,1024,311513,0.39610926310221356,188,60,793,767,606,708,0.545562744140625,0.8559322033898306,True,False,False,False,True,1,1.0
ISIC_0011129,data/raw/isic2018/images/ISIC2018_Task1-2_Training_Input/ISIC_0011129.jpg,data/raw/isic2018/masks/ISIC2018_Task1_Training_GroundTruth/ISIC_0011129_segmentation.png,768,1024,351021,0.4463462829589844,95,60,958,689,864,630,0.692138671875,1.3714285714285714,False,False,False,False,False,1,1.0
ISIC_0011130,data/raw/isic2018/images/ISIC2018_Task1-2_Training_Input/ISIC_0011130.jpg,data/raw/isic2018/masks/ISIC2018_Task1_Training_GroundTruth/ISIC_0011130_segmentation.png,768,1024,93668,0.11910502115885417,286,214,714,588,429,375,0.20456314086914062,1.144,False,False,False,False,False,1,1.0
ISIC_0011131,data/raw/isic2018/images/ISIC2018_Task1-2_Training_Input/ISIC_0011131.jpg,data/raw/isic2018/masks/ISIC2018_Task1_Training_GroundTruth/ISIC_0011131_segmentation.png,768,1024,178916,0.22750345865885416,227,141,755,692,529,552,0.371307373046875,0.9583333333333334,False,False,False,False,False,1,1.0
ISIC_0011132,data/raw/isic2018/images/ISIC2018_Task1-2_Training_Input/ISIC_0011132.jpg,data/raw/isic2018/masks/ISIC2018_Task1_Training_GroundTruth/ISIC_0011132_segmentation.png,768,1024,148685,0.18906275431315103,274,63,713,509,440,447,0.250091552734375,0.9843400447427293,False,False,False,False,False,1,1.0
ISIC_0011135,data/raw/isic2018/images/ISIC2018_Task1-2_Training_Input/ISIC_0011135.jpg,data/raw/isic2018/masks/ISIC2018_Task1_Training_GroundTruth/ISIC_0011135_segmentation.png,768,1024,141128,0.17945353190104166,407,87,869,585,463,499,0.2937787373860677,0.9278557114228457,False,False,False,False,False,1,1.0
ISIC_0011137,data/raw/isic2018/images/ISIC2018_Task1-2_Training_Input/ISIC_0011137.jpg,data/raw/isic2018/masks/ISIC2018_Task1_Training_GroundTruth/ISIC_0011137_segmentation.png,768,1024,262530,0.33382415771484375,211,72,885,661,675,590,0.5064010620117188,1.1440677966101696,False,False,False,False,False,1,1.0
ISIC_0011139,data/raw/isic2018/images/ISIC2018_Task1-2_Training_Input/ISIC_0011139.jpg,data/raw/isic2018/masks/ISIC2018_Task1_Training_GroundTruth/ISIC_0011139_segmentation.png,768,1024,286955,0.3648821512858073,232,13,737,766,506,754,0.4851328531901042,0.6710875331564987,False,False,False,False,False,1,1.0
ISIC_0011140,data/raw/isic2018/images/ISIC2018_Task1-2_Training_Input/ISIC_0011140.jpg,data/raw/isic2018/masks/ISIC2018_Task1_Training_GroundTruth/ISIC_0011140_segmentation.png,768,1024,82575,0.10499954223632812,304,187,728,496,425,310,0.1675287882486979,1.3709677419354838,False,False,False,False,False,1,1.0
ISIC_0011143,data/raw/isic2018/images/ISIC2018_Task1-2_Training_Input/ISIC_0011143.jpg,data/raw/isic2018/masks/ISIC2018_Task1_Training_GroundTruth/ISIC_0011143_segmentation.png,768,1024,9575,0.012175242106119791,365,279,507,379,143,101,0.018365224202473957,1.4158415841584158,False,False,False,False,False,1,1.0
ISIC_0011144,data/raw/isic2018/images/ISIC2018_Task1-2_Training_Input/ISIC_0011144.jpg,data/raw/isic2018/masks/ISIC2018_Task1_Training_GroundTruth/ISIC_0011144_segmentation.png,768,1024,217117,0.2760785420735677,196,161,757,692,562,532,0.3801778157552083,1.056390977443609,False,False,False,False,False,1,1.0
ISIC_0011146,data/raw/isic2018/images/ISIC2018_Task1-2_Training_Input/ISIC_0011146.jpg,data/raw/isic2018/masks/ISIC2018_Task1_Training_GroundTruth/ISIC_0011146_segmentation.png,768,1024,106303,0.13517125447591147,344,176,722,553,379,378,0.18216705322265625,1.0026455026455026,False,False,False,False,False,1,1.0
ISIC_0011149,data/raw/isic2018/images/ISIC2018_Task1-2_Training_Input/ISIC_0011149.jpg,data/raw/isic2018/masks/ISIC2018_Task1_Training_GroundTruth/ISIC_0011149_segmentation.png,768,1024,460942,0.5861180623372396,99,0,830,765,732,766,0.712982177734375,0.9556135770234987,True,False,False,True,False,1,1.0
ISIC_0011150,data/raw/isic2018/images/ISIC2018_Task1-2_Training_Input/ISIC_0011150.jpg,data/raw/isic2018/masks/ISIC2018_Task1_Training_GroundTruth/ISIC_0011150_segmentation.png,768,1024,95300,0.12118021647135417,191,229,588,545,398,317,0.1604283650716146,1.2555205047318612,False,False,False,False,False,1,1.0
ISIC_0011151,data/raw/isic2018/images/ISIC2018_Task1-2_Training_Input/ISIC_0011151.jpg,data/raw/isic2018/masks/ISIC2018_Task1_Training_GroundTruth/ISIC_0011151_segmentation.png,768,1024,655557,0.8335838317871094,0,9,1023,767,1024,759,0.98828125,1.3491436100131753,True,True,True,False,True,1,1.0
ISIC_0011155,data/raw/isic2018/images/ISIC2018_Task1-2_Training_Input/ISIC_0011155.jpg,data/raw/isic2018/masks/ISIC2018_Task1_Training_GroundTruth/ISIC_0011155_segmentation.png,768,1024,310108,0.3943227132161458,114,90,898,657,785,568,0.5669657389322916,1.3820422535211268,False,False,False,False,False,1,1.0
ISIC_0011156,data/raw/isic2018/images/ISIC2018_Task1-2_Training_Input/ISIC_0011156.jpg,data/raw/isic2018/masks/ISIC2018_Task1_Training_GroundTruth/ISIC_0011156_segmentation.png,768,1024,393787,0.500726064046224,67,3,759,765,693,763,0.6723518371582031,0.908256880733945,False,False,False,False,False,1,1.0
ISIC_0011157,data/raw/isic2018/images/ISIC2018_Task1-2_Training_Input/ISIC_0011157.jpg,data/raw/isic2018/masks/ISIC2018_Task1_Training_GroundTruth/ISIC_0011157_segmentation.png,768,1024,119909,0.15247217814127603,325,191,759,583,435,393,0.21738052368164062,1.1068702290076335,False,False,False,False,False,1,1.0
ISIC_0011158,data/raw/isic2018/images/ISIC2018_Task1-2_Training_Input/ISIC_0011158.jpg,data/raw/isic2018/masks/ISIC2018_Task1_Training_GroundTruth/ISIC_0011158_segmentation.png,768,1024,511679,0.6506334940592448,38,30,959,767,922,738,0.8652191162109375,1.2493224932249323,True,False,False,False,True,1,1.0
ISIC_0011159,data/raw/isic2018/images/ISIC2018_Task1-2_Training_Input/ISIC_0011159.jpg,data/raw/isic2018/masks/ISIC2018_Task1_Training_GroundTruth/ISIC_0011159_segmentation.png,768,1024,477711,0.6074409484863281,149,88,1022,767,874,680,0.7557169596354166,1.285294117647059,True,False,False,False,True,1,1.0
ISIC_0011161,data/raw/isic2018/images/ISIC2018_Task1-2_Training_Input/ISIC_0011161.jpg,data/raw/isic2018/masks/ISIC2018_Task1_Training_GroundTruth/ISIC_0011161_segmentation.png,768,1024,400716,0.5095367431640625,18,113,936,652,919,540,0.6310272216796875,1.701851851851852,False,False,False,False,False,1,1.0
ISIC_0011162,data/raw/isic2018/images/ISIC2018_Task1-2_Training_Input/ISIC_0011162.jpg,data/raw/isic2018/masks/ISIC2018_Task1_Training_GroundTruth/ISIC_0011162_segmentation.png,768,1024,106609,0.13556035359700522,257,137,726,531,470,395,0.2360661824544271,1.1898734177215189,False,False,False,False,False,1,1.0
ISIC_0011163,data/raw/isic2018/images/ISIC2018_Task1-2_Training_Input/ISIC_0011163.jpg,data/raw/isic2018/masks/ISIC2018_Task1_Training_GroundTruth/ISIC_0011163_segmentation.png,768,1024,95195,0.1210467020670573,327,226,736,541,410,316,0.16474405924479166,1.2974683544303798,False,False,False,False,False,1,1.0
ISIC_0011164,data/raw/isic2018/images/ISIC2018_Task1-2_Training_Input/ISIC_0011164.jpg,data/raw/isic2018/masks/ISIC2018_Task1_Training_GroundTruth/ISIC_0011164_segmentation.png,768,1024,70108,0.08914693196614583,377,245,736,561,360,317,0.145111083984375,1.135646687697161,False,False,False,False,False,1,1.0
ISIC_0011165,data/raw/isic2018/images/ISIC2018_Task1-2_Training_Input/ISIC_0011165.jpg,data/raw/isic2018/masks/ISIC2018_Task1_Training_GroundTruth/ISIC_0011165_segmentation.png,768,1024,250925,0.31906763712565106,173,238,942,662,770,425,0.41611989339192706,1.811764705882353,False,False,False,False,False,1,1.0
ISIC_0011166,data/raw/isic2018/images/ISIC2018_Task1-2_Training_Input/ISIC_0011166.jpg,data/raw/isic2018/masks/ISIC2018_Task1_Training_GroundTruth/ISIC_0011166_segmentation.png,768,1024,79725,0.10137557983398438,348,214,747,565,400,352,0.17903645833333334,1.1363636363636365,False,False,False,False,False,1,1.0
ISIC_0011167,data/raw/isic2018/images/ISIC2018_Task1-2_Training_Input/ISIC_0011167.jpg,data/raw/isic2018/masks/ISIC2018_Task1_Training_GroundTruth/ISIC_0011167_segmentation.png,768,1024,618935,0.7870165506998698,44,5,981,767,938,763,0.9100519816080729,1.2293577981651376,True,False,False,False,True,1,1.0
ISIC_0011168,data/raw/isic2018/images/ISIC2018_Task1-2_Training_Input/ISIC_0011168.jpg,data/raw/isic2018/masks/ISIC2018_Task1_Training_GroundTruth/ISIC_0011168_segmentation.png,768,1024,46337,0.05892054239908854,355,275,605,537,251,263,0.0839398701985677,0.9543726235741445,False,False,False,False,False,1,1.0
ISIC_0011169,data/raw/isic2018/images/ISIC2018_Task1-2_Training_Input/ISIC_0011169.jpg,data/raw/isic2018/masks/ISIC2018_Task1_Training_GroundTruth/ISIC_0011169_segmentation.png,768,1024,177593,0.22582117716471353,349,115,845,663,497,549,0.3469505310058594,0.9052823315118397,False,False,False,False,False,1,1.0
ISIC_0011170,data/raw/isic2018/images/ISIC2018_Task1-2_Training_Input/ISIC_0011170.jpg,data/raw/isic2018/masks/ISIC2018_Task1_Training_GroundTruth/ISIC_0011170_segmentation.png,768,1024,169004,0.21489969889322916,165,218,849,556,685,339,0.2952766418457031,2.0206489675516224,False,False,False,False,False,1,1.0
ISIC_0011171,data/raw/isic2018/images/ISIC2018_Task1-2_Training_Input/ISIC_0011171.jpg,data/raw/isic2018/masks/ISIC2018_Task1_Training_GroundTruth/ISIC_0011171_segmentation.png,768,1024,68573,0.08719507853190105,325,189,668,483,344,295,0.12903849283854166,1.1661016949152543,False,False,False,False,False,1,1.0
ISIC_0011173,data/raw/isic2018/images/ISIC2018_Task1-2_Training_Input/ISIC_0011173.jpg,data/raw/isic2018/masks/ISIC2018_Task1_Training_GroundTruth/ISIC_0011173_segmentation.png,768,1024,27273,0.034679412841796875,355,316,565,519,211,204,0.0547332763671875,1.0343137254901962,False,False,False,False,False,1,1.0
ISIC_0011176,data/raw/isic2018/images/ISIC2018_Task1-2_Training_Input/ISIC_0011176.jpg,data/raw/isic2018/masks/ISIC2018_Task1_Training_GroundTruth/ISIC_0011176_segmentation.png,768,1024,220896,0.2808837890625,188,126,761,679,574,554,0.4043528238932292,1.036101083032491,False,False,False,False,False,1,1.0
ISIC_0011177,data/raw/isic2018/images/ISIC2018_Task1-2_Training_Input/ISIC_0011177.jpg,data/raw/isic2018/masks/ISIC2018_Task1_Training_GroundTruth/ISIC_0011177_segmentation.png,768,1024,302342,0.38444773356119794,154,114,851,736,698,623,0.5529454549153646,1.1203852327447834,False,False,False,False,False,1,1.0
ISIC_0011199,data/raw/isic2018/images/ISIC2018_Task1-2_Training_Input/ISIC_0011199.jpg,data/raw/isic2018/masks/ISIC2018_Task1_Training_GroundTruth/ISIC_0011199_segmentation.png,768,1024,36699,0.046665191650390625,426,222,705,439,280,218,0.07761637369791667,1.2844036697247707,False,False,False,False,False,1,1.0
ISIC_0011202,data/raw/isic2018/images/ISIC2018_Task1-2_Training_Input/ISIC_0011202.jpg,data/raw/isic2018/masks/ISIC2018_Task1_Training_GroundTruth/ISIC_0011202_segmentation.png,768,1024,145034,0.1844202677408854,338,133,785,538,448,406,0.23128255208333334,1.103448275862069,False,False,False,False,False,1,1.0
ISIC_0011203,data/raw/isic2018/images/ISIC2018_Task1-2_Training_Input/ISIC_0011203.jpg,data/raw/isic2018/masks/ISIC2018_Task1_Training_GroundTruth/ISIC_0011203_segmentation.png,768,1024,298467,0.3795204162597656,306,43,840,763,535,721,0.49048741658528644,0.7420249653259362,False,False,False,False,False,1,1.0
ISIC_0011204,data/raw/isic2018/images/ISIC2018_Task1-2_Training_Input/ISIC_0011204.jpg,data/raw/isic2018/masks/ISIC2018_Task1_Training_GroundTruth/ISIC_0011204_segmentation.png,768,1024,142051,0.18062718709309897,136,256,664,600,529,345,0.23206710815429688,1.5333333333333334,False,False,False,False,False,1,1.0
ISIC_0011205,data/raw/isic2018/images/ISIC2018_Task1-2_Training_Input/ISIC_0011205.jpg,data/raw/isic2018/masks/ISIC2018_Task1_Training_GroundTruth/ISIC_0011205_segmentation.png,768,1024,75741,0.09630966186523438,329,160,666,458,338,299,0.1285069783528646,1.1304347826086956,False,False,False,False,False,1,1.0
ISIC_0011207,data/raw/isic2018/images/ISIC2018_Task1-2_Training_Input/ISIC_0011207.jpg,data/raw/isic2018/masks/ISIC2018_Task1_Training_GroundTruth/ISIC_0011207_segmentation.png,768,1024,46915,0.05965550740559896,394,246,650,493,257,248,0.08104451497395833,1.0362903225806452,False,False,False,False,False,1,1.0
ISIC_0011208,data/raw/isic2018/images/ISIC2018_Task1-2_Training_Input/ISIC_0011208.jpg,data/raw/isic2018/masks/ISIC2018_Task1_Training_GroundTruth/ISIC_0011208_segmentation.png,768,1024,67831,0.08625157674153645,182,168,663,421,482,254,0.15567525227864584,1.8976377952755905,False,False,False,False,False,1,1.0
ISIC_0011210,data/raw/isic2018/images/ISIC2018_Task1-2_Training_Input/ISIC_0011210.jpg,data/raw/isic2018/masks/ISIC2018_Task1_Training_GroundTruth/ISIC_0011210_segmentation.png,768,1024,33723,0.042881011962890625,364,204,535,482,172,279,0.0610198974609375,0.6164874551971327,False,False,False,False,False,1,1.0
ISIC_0011211,data/raw/isic2018/images/ISIC2018_Task1-2_Training_Input/ISIC_0011211.jpg,data/raw/isic2018/masks/ISIC2018_Task1_Training_GroundTruth/ISIC_0011211_segmentation.png,768,1024,306684,0.3899688720703125,163,176,987,698,825,523,0.5486488342285156,1.5774378585086042,False,False,False,False,False,1,1.0
ISIC_0011212,data/raw/isic2018/images/ISIC2018_Task1-2_Training_Input/ISIC_0011212.jpg,data/raw/isic2018/masks/ISIC2018_Task1_Training_GroundTruth/ISIC_0011212_segmentation.png,768,1024,426110,0.5418268839518229,4,139,1023,738,1020,600,0.7781982421875,1.7,True,False,True,False,False,1,1.0
ISIC_0011213,data/raw/isic2018/images/ISIC2018_Task1-2_Training_Input/ISIC_0011213.jpg,data/raw/isic2018/masks/ISIC2018_Task1_Training_GroundTruth/ISIC_0011213_segmentation.png,768,1024,31027,0.03945287068684896,383,257,628,440,246,184,0.05755615234375,1.3369565217391304,False,False,False,False,False,1,1.0
ISIC_0011214,data/raw/isic2018/images/ISIC2018_Task1-2_Training_Input/ISIC_0011214.jpg,data/raw/isic2018/masks/ISIC2018_Task1_Training_GroundTruth/ISIC_0011214_segmentation.png,768,1024,408484,0.5194142659505209,58,97,943,765,886,669,0.7537002563476562,1.3243647234678624,False,False,False,False,False,1,1.0
ISIC_0011218,data/raw/isic2018/images/ISIC2018_Task1-2_Training_Input/ISIC_0011218.jpg,data/raw/isic2018/masks/ISIC2018_Task1_Training_GroundTruth/ISIC_0011218_segmentation.png,768,1024,69258,0.08806610107421875,305,103,600,393,296,291,0.109527587890625,1.0171821305841924,False,False,False,False,False,1,1.0
ISIC_0011219,data/raw/isic2018/images/ISIC2018_Task1-2_Training_Input/ISIC_0011219.jpg,data/raw/isic2018/masks/ISIC2018_Task1_Training_GroundTruth/ISIC_0011219_segmentation.png,768,1024,79402,0.10096486409505208,368,183,708,540,341,358,0.1552302042643229,0.952513966480447,False,False,False,False,False,1,1.0
ISIC_0011220,data/raw/isic2018/images/ISIC2018_Task1-2_Training_Input/ISIC_0011220.jpg,data/raw/isic2018/masks/ISIC2018_Task1_Training_GroundTruth/ISIC_0011220_segmentation.png,768,1024,29449,0.03744633992513021,474,227,693,448,220,222,0.062103271484375,0.990990990990991,False,False,False,False,False,1,1.0
ISIC_0011223,data/raw/isic2018/images/ISIC2018_Task1-2_Training_Input/ISIC_0011223.jpg,data/raw/isic2018/masks/ISIC2018_Task1_Training_GroundTruth/ISIC_0011223_segmentation.png,768,1024,78900,0.1003265380859375,367,214,668,594,302,381,0.14630889892578125,0.7926509186351706,False,False,False,False,False,1,1.0
ISIC_0011224,data/raw/isic2018/images/ISIC2018_Task1-2_Training_Input/ISIC_0011224.jpg,data/raw/isic2018/masks/ISIC2018_Task1_Training_GroundTruth/ISIC_0011224_segmentation.png,768,1024,192014,0.2441584269205729,249,113,777,685,529,573,0.3854331970214844,0.9232111692844677,False,False,False,False,False,1,1.0
ISIC_0011225,data/raw/isic2018/images/ISIC2018_Task1-2_Training_Input/ISIC_0011225.jpg,data/raw/isic2018/masks/ISIC2018_Task1_Training_GroundTruth/ISIC_0011225_segmentation.png,768,1024,18599,0.023649851481119793,492,350,686,519,195,170,0.04215240478515625,1.1470588235294117,False,False,False,False,False,1,1.0
ISIC_0011227,data/raw/isic2018/images/ISIC2018_Task1-2_Training_Input/ISIC_0011227.jpg,data/raw/isic2018/masks/ISIC2018_Task1_Training_GroundTruth/ISIC_0011227_segmentation.png,768,1024,275858,0.35077158610026044,115,55,738,631,624,577,0.45782470703125,1.0814558058925476,False,False,False,False,False,1,1.0
ISIC_0011228,data/raw/isic2018/images/ISIC2018_Task1-2_Training_Input/ISIC_0011228.jpg,data/raw/isic2018/masks/ISIC2018_Task1_Training_GroundTruth/ISIC_0011228_segmentation.png,768,1024,246334,0.31322987874348956,137,139,796,651,660,513,0.4305267333984375,1.286549707602339,False,False,False,False,False,1,1.0
ISIC_0011229,data/raw/isic2018/images/ISIC2018_Task1-2_Training_Input/ISIC_0011229.jpg,data/raw/isic2018/masks/ISIC2018_Task1_Training_GroundTruth/ISIC_0011229_segmentation.png,768,1024,294731,0.3747698465983073,73,0,809,765,737,766,0.7178522745768229,0.9621409921671018,True,False,False,True,False,1,1.0
ISIC_0011230,data/raw/isic2018/images/ISIC2018_Task1-2_Training_Input/ISIC_0011230.jpg,data/raw/isic2018/masks/ISIC2018_Task1_Training_GroundTruth/ISIC_0011230_segmentation.png,768,1024,89938,0.11436208089192708,302,156,757,506,456,351,0.203521728515625,1.2991452991452992,False,False,False,False,False,1,1.0
ISIC_0011292,data/raw/isic2018/images/ISIC2018_Task1-2_Training_Input/ISIC_0011292.jpg,data/raw/isic2018/masks/ISIC2018_Task1_Training_GroundTruth/ISIC_0011292_segmentation.png,768,1024,92955,0.11819839477539062,292,170,666,571,375,402,0.19168853759765625,0.9328358208955224,False,False,False,False,False,1,1.0
ISIC_0011294,data/raw/isic2018/images/ISIC2018_Task1-2_Training_Input/ISIC_0011294.jpg,data/raw/isic2018/masks/ISIC2018_Task1_Training_GroundTruth/ISIC_0011294_segmentation.png,768,1024,139382,0.1772333780924479,164,225,684,673,521,449,0.2974561055501302,1.1603563474387528,False,False,False,False,False,1,1.0
ISIC_0011295,data/raw/isic2018/images/ISIC2018_Task1-2_Training_Input/ISIC_0011295.jpg,data/raw/isic2018/masks/ISIC2018_Task1_Training_GroundTruth/ISIC_0011295_segmentation.png,768,1024,364651,0.46367772420247394,209,3,814,767,606,765,0.5894851684570312,0.792156862745098,True,False,False,False,True,1,1.0
ISIC_0011296,data/raw/isic2018/images/ISIC2018_Task1-2_Training_Input/ISIC_0011296.jpg,data/raw/isic2018/masks/ISIC2018_Task1_Training_GroundTruth/ISIC_0011296_segmentation.png,768,1024,147491,0.18754450480143228,256,147,724,604,469,458,0.27313486735026044,1.0240174672489082,False,False,False,False,False,1,1.0
ISIC_0011297,data/raw/isic2018/images/ISIC2018_Task1-2_Training_Input/ISIC_0011297.jpg,data/raw/isic2018/masks/ISIC2018_Task1_Training_GroundTruth/ISIC_0011297_segmentation.png,768,1024,97510,0.12399037679036458,246,197,705,581,460,385,0.22519429524739584,1.1948051948051948,False,False,False,False,False,1,1.0
ISIC_0011298,data/raw/isic2018/images/ISIC2018_Task1-2_Training_Input/ISIC_0011298.jpg,data/raw/isic2018/masks/ISIC2018_Task1_Training_GroundTruth/ISIC_0011298_segmentation.png,768,1024,59164,0.07523091634114583,413,293,711,567,299,275,0.1045544942220052,1.0872727272727272,False,False,False,False,False,1,1.0
ISIC_0011300,data/raw/isic2018/images/ISIC2018_Task1-2_Training_Input/ISIC_0011300.jpg,data/raw/isic2018/masks/ISIC2018_Task1_Training_GroundTruth/ISIC_0011300_segmentation.png,768,1024,694353,0.8829154968261719,17,0,1002,767,986,768,0.962890625,1.2838541666666667,True,False,False,True,True,1,1.0
ISIC_0011301,data/raw/isic2018/images/ISIC2018_Task1-2_Training_Input/ISIC_0011301.jpg,data/raw/isic2018/masks/ISIC2018_Task1_Training_GroundTruth/ISIC_0011301_segmentation.png,768,1024,219126,0.27863311767578125,285,116,843,628,559,513,0.3646430969238281,1.0896686159844056,False,False,False,False,False,1,1.0
ISIC_0011303,data/raw/isic2018/images/ISIC2018_Task1-2_Training_Input/ISIC_0011303.jpg,data/raw/isic2018/masks/ISIC2018_Task1_Training_GroundTruth/ISIC_0011303_segmentation.png,768,1024,97908,0.1244964599609375,150,187,563,504,414,318,0.1674041748046875,1.3018867924528301,False,False,False,False,False,1,1.0
ISIC_0011304,data/raw/isic2018/images/ISIC2018_Task1-2_Training_Input/ISIC_0011304.jpg,data/raw/isic2018/masks/ISIC2018_Task1_Training_GroundTruth/ISIC_0011304_segmentation.png,768,1024,64268,0.08172098795572917,225,281,605,519,381,239,0.11578750610351562,1.594142259414226,False,False,False,False,False,1,1.0
ISIC_0011305,data/raw/isic2018/images/ISIC2018_Task1-2_Training_Input/ISIC_0011305.jpg,data/raw/isic2018/masks/ISIC2018_Task1_Training_GroundTruth/ISIC_0011305_segmentation.png,768,1024,102788,0.13070170084635416,394,214,737,704,344,491,0.21477254231770834,0.7006109979633401,False,False,False,False,False,1,1.0
ISIC_0011306,data/raw/isic2018/images/ISIC2018_Task1-2_Training_Input/ISIC_0011306.jpg,data/raw/isic2018/masks/ISIC2018_Task1_Training_GroundTruth/ISIC_0011306_segmentation.png,768,1024,120912,0.15374755859375,236,195,787,519,552,325,0.228118896484375,1.6984615384615385,False,False,False,False,False,1,1.0
ISIC_0011315,data/raw/isic2018/images/ISIC2018_Task1-2_Training_Input/ISIC_0011315.jpg,data/raw/isic2018/masks/ISIC2018_Task1_Training_GroundTruth/ISIC_0011315_segmentation.png,768,1024,251329,0.3195813496907552,220,80,844,609,625,530,0.42120615641276044,1.179245283018868,False,False,False,False,False,1,1.0
ISIC_0011317,data/raw/isic2018/images/ISIC2018_Task1-2_Training_Input/ISIC_0011317.jpg,data/raw/isic2018/masks/ISIC2018_Task1_Training_GroundTruth/ISIC_0011317_segmentation.png,768,1024,37384,0.047536214192708336,451,195,666,435,216,241,0.066192626953125,0.8962655601659751,False,False,False,False,False,1,1.0
ISIC_0011322,data/raw/isic2018/images/ISIC2018_Task1-2_Training_Input/ISIC_0011322.jpg,data/raw/isic2018/masks/ISIC2018_Task1_Training_GroundTruth/ISIC_0011322_segmentation.png,768,1024,319368,0.406097412109375,161,14,786,767,626,754,0.6001841227213541,0.830238726790451,True,False,False,False,True,1,1.0
ISIC_0011323,data/raw/isic2018/images/ISIC2018_Task1-2_Training_Input/ISIC_0011323.jpg,data/raw/isic2018/masks/ISIC2018_Task1_Training_GroundTruth/ISIC_0011323_segmentation.png,768,1024,109401,0.13911056518554688,290,16,595,673,306,658,0.2560272216796875,0.46504559270516715,False,False,False,False,False,1,1.0
ISIC_0011324,data/raw/isic2018/images/ISIC2018_Task1-2_Training_Input/ISIC_0011324.jpg,data/raw/isic2018/masks/ISIC2018_Task1_Training_GroundTruth/ISIC_0011324_segmentation.png,768,1024,118785,0.15104293823242188,390,87,728,634,339,548,0.2362213134765625,0.6186131386861314,False,False,False,False,False,1,1.0
ISIC_0011326,data/raw/isic2018/images/ISIC2018_Task1-2_Training_Input/ISIC_0011326.jpg,data/raw/isic2018/masks/ISIC2018_Task1_Training_GroundTruth/ISIC_0011326_segmentation.png,768,1024,164209,0.20880254109700522,154,106,625,719,472,614,0.3685099283854167,0.7687296416938111,False,False,False,False,False,1,1.0
ISIC_0011327,data/raw/isic2018/images/ISIC2018_Task1-2_Training_Input/ISIC_0011327.jpg,data/raw/isic2018/masks/ISIC2018_Task1_Training_GroundTruth/ISIC_0011327_segmentation.png,768,1024,292064,0.3713785807291667,136,141,1023,549,888,409,0.461822509765625,2.1711491442542785,True,False,True,False,False,1,1.0
ISIC_0011328,data/raw/isic2018/images/ISIC2018_Task1-2_Training_Input/ISIC_0011328.jpg,data/raw/isic2018/masks/ISIC2018_Task1_Training_GroundTruth/ISIC_0011328_segmentation.png,768,1024,194152,0.24687703450520834,317,108,749,752,433,645,0.3551292419433594,0.6713178294573643,False,False,False,False,False,1,1.0
ISIC_0011329,data/raw/isic2018/images/ISIC2018_Task1-2_Training_Input/ISIC_0011329.jpg,data/raw/isic2018/masks/ISIC2018_Task1_Training_GroundTruth/ISIC_0011329_segmentation.png,768,1024,695333,0.884161631266276,7,18,1021,767,1015,750,0.9679794311523438,1.3533333333333333,True,False,False,False,True,1,1.0
ISIC_0011330,data/raw/isic2018/images/ISIC2018_Task1-2_Training_Input/ISIC_0011330.jpg,data/raw/isic2018/masks/ISIC2018_Task1_Training_GroundTruth/ISIC_0011330_segmentation.png,768,1024,68892,0.0876007080078125,269,298,632,556,364,259,0.11987813313802083,1.4054054054054055,False,False,False,False,False,1,1.0
ISIC_0011333,data/raw/isic2018/images/ISIC2018_Task1-2_Training_Input/ISIC_0011333.jpg,data/raw/isic2018/masks/ISIC2018_Task1_Training_GroundTruth/ISIC_0011333_segmentation.png,768,1024,272006,0.34587351481119794,241,106,911,729,671,624,0.53240966796875,1.0753205128205128,False,False,False,False,False,1,1.0
ISIC_0011334,data/raw/isic2018/images/ISIC2018_Task1-2_Training_Input/ISIC_0011334.jpg,data/raw/isic2018/masks/ISIC2018_Task1_Training_GroundTruth/ISIC_0011334_segmentation.png,768,1024,752353,0.9566663106282552,2,1,1023,767,1022,767,0.9967473347981771,1.332464146023468,True,False,True,False,True,1,1.0
ISIC_0011336,data/raw/isic2018/images/ISIC2018_Task1-2_Training_Input/ISIC_0011336.jpg,data/raw/isic2018/masks/ISIC2018_Task1_Training_GroundTruth/ISIC_0011336_segmentation.png,768,1024,253855,0.32279332478841144,121,145,776,688,656,544,0.4537760416666667,1.2058823529411764,False,False,False,False,False,1,1.0
ISIC_0011338,data/raw/isic2018/images/ISIC2018_Task1-2_Training_Input/ISIC_0011338.jpg,data/raw/isic2018/masks/ISIC2018_Task1_Training_GroundTruth/ISIC_0011338_segmentation.png,768,1024,127652,0.16231791178385416,322,214,743,623,422,410,0.22000630696614584,1.0292682926829269,False,False,False,False,False,1,1.0
ISIC_0011339,data/raw/isic2018/images/ISIC2018_Task1-2_Training_Input/ISIC_0011339.jpg,data/raw/isic2018/masks/ISIC2018_Task1_Training_GroundTruth/ISIC_0011339_segmentation.png,768,1024,158960,0.20212809244791666,332,143,845,657,514,515,0.33659617106119794,0.9980582524271845,False,False,False,False,False,1,1.0
ISIC_0011341,data/raw/isic2018/images/ISIC2018_Task1-2_Training_Input/ISIC_0011341.jpg,data/raw/isic2018/masks/ISIC2018_Task1_Training_GroundTruth/ISIC_0011341_segmentation.png,768,1024,96239,0.1223742167154948,371,256,832,598,462,343,0.20149993896484375,1.346938775510204,False,False,False,False,False,1,1.0
ISIC_0011343,data/raw/isic2018/images/ISIC2018_Task1-2_Training_Input/ISIC_0011343.jpg,data/raw/isic2018/masks/ISIC2018_Task1_Training_GroundTruth/ISIC_0011343_segmentation.png,768,1024,108275,0.13767878214518228,298,161,665,632,368,472,0.22086588541666666,0.7796610169491526,False,False,False,False,False,1,1.0
ISIC_0011344,data/raw/isic2018/images/ISIC2018_Task1-2_Training_Input/ISIC_0011344.jpg,data/raw/isic2018/masks/ISIC2018_Task1_Training_GroundTruth/ISIC_0011344_segmentation.png,768,1024,130006,0.1653111775716146,290,203,714,613,425,411,0.22211074829101562,1.0340632603406326,False,False,False,False,False,1,1.0
ISIC_0011345,data/raw/isic2018/images/ISIC2018_Task1-2_Training_Input/ISIC_0011345.jpg,data/raw/isic2018/masks/ISIC2018_Task1_Training_GroundTruth/ISIC_0011345_segmentation.png,768,1024,91757,0.11667505900065105,407,47,691,611,285,565,0.20475387573242188,0.504424778761062,False,False,False,False,False,1,1.0
ISIC_0011347,data/raw/isic2018/images/ISIC2018_Task1-2_Training_Input/ISIC_0011347.jpg,data/raw/isic2018/masks/ISIC2018_Task1_Training_GroundTruth/ISIC_0011347_segmentation.png,768,1024,621457,0.7902234395345052,3,53,1021,767,1019,715,0.9264437357584635,1.425174825174825,True,False,False,False,True,1,1.0
ISIC_0011348,data/raw/isic2018/images/ISIC2018_Task1-2_Training_Input/ISIC_0011348.jpg,data/raw/isic2018/masks/ISIC2018_Task1_Training_GroundTruth/ISIC_0011348_segmentation.png,768,1024,597314,0.7595240275065104,13,36,1006,763,994,728,0.9201456705729166,1.3653846153846154,False,False,False,False,False,1,1.0
ISIC_0011349,data/raw/isic2018/images/ISIC2018_Task1-2_Training_Input/ISIC_0011349.jpg,data/raw/isic2018/masks/ISIC2018_Task1_Training_GroundTruth/ISIC_0011349_segmentation.png,768,1024,502364,0.6387888590494791,18,7,1006,764,989,758,0.9532445271809896,1.304749340369393,False,False,False,False,False,1,1.0
ISIC_0011352,data/raw/isic2018/images/ISIC2018_Task1-2_Training_Input/ISIC_0011352.jpg,data/raw/isic2018/masks/ISIC2018_Task1_Training_GroundTruth/ISIC_0011352_segmentation.png,768,1024,336870,0.42835235595703125,104,53,912,692,809,640,0.6583658854166666,1.2640625,False,False,False,False,False,1,1.0
ISIC_0011353,data/raw/isic2018/images/ISIC2018_Task1-2_Training_Input/ISIC_0011353.jpg,data/raw/isic2018/masks/ISIC2018_Task1_Training_GroundTruth/ISIC_0011353_segmentation.png,768,1024,48481,0.06164677937825521,321,287,636,512,316,226,0.09081013997395833,1.3982300884955752,False,False,False,False,False,1,1.0
ISIC_0011356,data/raw/isic2018/images/ISIC2018_Task1-2_Training_Input/ISIC_0011356.jpg,data/raw/isic2018/masks/ISIC2018_Task1_Training_GroundTruth/ISIC_0011356_segmentation.png,768,1024,775933,0.9866498311360677,0,0,1023,767,1024,768,1.0,1.3333333333333333,True,True,True,True,True,1,1.0
ISIC_0011357,data/raw/isic2018/images/ISIC2018_Task1-2_Training_Input/ISIC_0011357.jpg,data/raw/isic2018/masks/ISIC2018_Task1_Training_GroundTruth/ISIC_0011357_segmentation.png,768,1024,101093,0.12854639689127603,224,199,614,523,391,325,0.16158421834309897,1.2030769230769232,False,False,False,False,False,1,1.0
ISIC_0011358,data/raw/isic2018/images/ISIC2018_Task1-2_Training_Input/ISIC_0011358.jpg,data/raw/isic2018/masks/ISIC2018_Task1_Training_GroundTruth/ISIC_0011358_segmentation.png,768,1024,197773,0.2514813741048177,123,149,791,602,669,454,0.38620758056640625,1.473568281938326,False,False,False,False,False,1,1.0
ISIC_0011359,data/raw/isic2018/images/ISIC2018_Task1-2_Training_Input/ISIC_0011359.jpg,data/raw/isic2018/masks/ISIC2018_Task1_Training_GroundTruth/ISIC_0011359_segmentation.png,768,1024,140676,0.1788787841796875,206,122,691,531,486,410,0.2533721923828125,1.1853658536585365,False,False,False,False,False,1,1.0
ISIC_0011360,data/raw/isic2018/images/ISIC2018_Task1-2_Training_Input/ISIC_0011360.jpg,data/raw/isic2018/masks/ISIC2018_Task1_Training_GroundTruth/ISIC_0011360_segmentation.png,768,1024,651974,0.8290278116861979,0,1,1018,766,1019,766,0.9925257364908854,1.3302872062663185,True,True,False,False,False,1,1.0
ISIC_0011361,data/raw/isic2018/images/ISIC2018_Task1-2_Training_Input/ISIC_0011361.jpg,data/raw/isic2018/masks/ISIC2018_Task1_Training_GroundTruth/ISIC_0011361_segmentation.png,768,1024,645943,0.8213589986165365,0,8,1023,767,1024,760,0.9895833333333334,1.3473684210526315,True,True,True,False,True,1,1.0
ISIC_0011362,data/raw/isic2018/images/ISIC2018_Task1-2_Training_Input/ISIC_0011362.jpg,data/raw/isic2018/masks/ISIC2018_Task1_Training_GroundTruth/ISIC_0011362_segmentation.png,768,1024,138186,0.17571258544921875,278,62,708,622,431,561,0.3074531555175781,0.768270944741533,False,False,False,False,False,1,1.0
ISIC_0011363,data/raw/isic2018/images/ISIC2018_Task1-2_Training_Input/ISIC_0011363.jpg,data/raw/isic2018/masks/ISIC2018_Task1_Training_GroundTruth/ISIC_0011363_segmentation.png,768,1024,466330,0.5929692586263021,22,59,963,731,942,673,0.8061294555664062,1.3997028231797919,False,False,False,False,False,1,1.0
ISIC_0011366,data/raw/isic2018/images/ISIC2018_Task1-2_Training_Input/ISIC_0011366.jpg,data/raw/isic2018/masks/ISIC2018_Task1_Training_GroundTruth/ISIC_0011366_segmentation.png,768,1024,318386,0.40484873453776044,178,65,873,645,696,581,0.514190673828125,1.197934595524957,False,False,False,False,False,1,1.0
ISIC_0011367,data/raw/isic2018/images/ISIC2018_Task1-2_Training_Input/ISIC_0011367.jpg,data/raw/isic2018/masks/ISIC2018_Task1_Training_GroundTruth/ISIC_0011367_segmentation.png,768,1024,41675,0.05299250284830729,376,269,613,493,238,225,0.06809234619140625,1.0577777777777777,False,False,False,False,False,1,1.0
ISIC_0011372,data/raw/isic2018/images/ISIC2018_Task1-2_Training_Input/ISIC_0011372.jpg,data/raw/isic2018/masks/ISIC2018_Task1_Training_GroundTruth/ISIC_0011372_segmentation.png,768,1024,32917,0.04185612996419271,323,302,567,502,245,201,0.06261825561523438,1.2189054726368158,False,False,False,False,False,1,1.0
ISIC_0011373,data/raw/isic2018/images/ISIC2018_Task1-2_Training_Input/ISIC_0011373.jpg,data/raw/isic2018/masks/ISIC2018_Task1_Training_GroundTruth/ISIC_0011373_segmentation.png,768,1024,600281,0.7632967631022135,1,3,1022,767,1022,765,0.9941482543945312,1.3359477124183006,True,False,False,False,True,1,1.0
ISIC_0011374,data/raw/isic2018/images/ISIC2018_Task1-2_Training_Input/ISIC_0011374.jpg,data/raw/isic2018/masks/ISIC2018_Task1_Training_GroundTruth/ISIC_0011374_segmentation.png,768,1024,501541,0.6377423604329427,4,16,828,767,825,752,0.78887939453125,1.0970744680851063,True,False,False,False,True,1,1.0
ISIC_0011378,data/raw/isic2018/images/ISIC2018_Task1-2_Training_Input/ISIC_0011378.jpg,data/raw/isic2018/masks/ISIC2018_Task1_Training_GroundTruth/ISIC_0011378_segmentation.png,768,1024,162649,0.20681889851888022,304,30,703,644,400,615,0.31280517578125,0.6504065040650406,False,False,False,False,False,1,1.0
ISIC_0011382,data/raw/isic2018/images/ISIC2018_Task1-2_Training_Input/ISIC_0011382.jpg,data/raw/isic2018/masks/ISIC2018_Task1_Training_GroundTruth/ISIC_0011382_segmentation.png,768,1024,243472,0.3095906575520833,224,183,923,720,700,538,0.4788716634114583,1.3011152416356877,False,False,False,False,False,1,1.0
ISIC_0011383,data/raw/isic2018/images/ISIC2018_Task1-2_Training_Input/ISIC_0011383.jpg,data/raw/isic2018/masks/ISIC2018_Task1_Training_GroundTruth/ISIC_0011383_segmentation.png,768,1024,103583,0.13171259562174478,416,181,834,519,419,339,0.18061447143554688,1.2359882005899705,False,False,False,False,False,1,1.0
ISIC_0011384,data/raw/isic2018/images/ISIC2018_Task1-2_Training_Input/ISIC_0011384.jpg,data/raw/isic2018/masks/ISIC2018_Task1_Training_GroundTruth/ISIC_0011384_segmentation.png,768,1024,204411,0.2599220275878906,153,155,843,550,691,396,0.3479461669921875,1.744949494949495,False,False,False,False,False,1,1.0
ISIC_0011385,data/raw/isic2018/images/ISIC2018_Task1-2_Training_Input/ISIC_0011385.jpg,data/raw/isic2018/masks/ISIC2018_Task1_Training_GroundTruth/ISIC_0011385_segmentation.png,768,1024,190742,0.2425409952799479,193,250,738,716,546,467,0.32422637939453125,1.1691648822269807,False,False,False,False,False,1,1.0
ISIC_0011386,data/raw/isic2018/images/ISIC2018_Task1-2_Training_Input/ISIC_0011386.jpg,data/raw/isic2018/masks/ISIC2018_Task1_Training_GroundTruth/ISIC_0011386_segmentation.png,768,1024,72814,0.09258778889973958,323,296,629,589,307,294,0.11476898193359375,1.0442176870748299,False,False,False,False,False,1,1.0
ISIC_0011387,data/raw/isic2018/images/ISIC2018_Task1-2_Training_Input/ISIC_0011387.jpg,data/raw/isic2018/masks/ISIC2018_Task1_Training_GroundTruth/ISIC_0011387_segmentation.png,768,1024,484893,0.6165733337402344,140,0,1021,765,882,766,0.8590850830078125,1.1514360313315928,True,False,False,True,False,1,1.0
ISIC_0011390,data/raw/isic2018/images/ISIC2018_Task1-2_Training_Input/ISIC_0011390.jpg,data/raw/isic2018/masks/ISIC2018_Task1_Training_GroundTruth/ISIC_0011390_segmentation.png,768,1024,601748,0.7651621500651041,1,1,1023,767,1023,767,0.9977226257324219,1.333767926988266,True,False,True,False,True,1,1.0
ISIC_0011393,data/raw/isic2018/images/ISIC2018_Task1-2_Training_Input/ISIC_0011393.jpg,data/raw/isic2018/masks/ISIC2018_Task1_Training_GroundTruth/ISIC_0011393_segmentation.png,768,1024,33416,0.042490641276041664,432,210,665,458,234,249,0.07408905029296875,0.9397590361445783,False,False,False,False,False,1,1.0
ISIC_0011397,data/raw/isic2018/images/ISIC2018_Task1-2_Training_Input/ISIC_0011397.jpg,data/raw/isic2018/masks/ISIC2018_Task1_Training_GroundTruth/ISIC_0011397_segmentation.png,768,1024,288220,0.3664906819661458,68,81,915,602,848,522,0.5628662109375,1.6245210727969348,False,False,False,False,False,1,1.0
ISIC_0011398,data/raw/isic2018/images/ISIC2018_Task1-2_Training_Input/ISIC_0011398.jpg,data/raw/isic2018/masks/ISIC2018_Task1_Training_GroundTruth/ISIC_0011398_segmentation.png,768,1024,309073,0.3930066426595052,222,115,838,766,617,652,0.5115305582682291,0.946319018404908,False,False,False,False,False,1,1.0
ISIC_0011402,data/raw/isic2018/images/ISIC2018_Task1-2_Training_Input/ISIC_0011402.jpg,data/raw/isic2018/masks/ISIC2018_Task1_Training_GroundTruth/ISIC_0011402_segmentation.png,768,1024,562439,0.7151781717936198,0,73,1020,767,1021,695,0.9022967020670573,1.469064748201439,True,True,False,False,True,1,1.0
ISIC_0012086,data/raw/isic2018/images/ISIC2018_Task1-2_Training_Input/ISIC_0012086.jpg,data/raw/isic2018/masks/ISIC2018_Task1_Training_GroundTruth/ISIC_0012086_segmentation.png,2848,4288,5764979,0.472066267372757,746,110,3588,2745,2843,2636,0.6136595594709039,1.0785280728376327,False,False,False,False,False,1,1.0
ISIC_0012089,data/raw/isic2018/images/ISIC2018_Task1-2_Training_Input/ISIC_0012089.jpg,data/raw/isic2018/masks/ISIC2018_Task1_Training_GroundTruth/ISIC_0012089_segmentation.png,2848,4288,184073,0.015072848319847391,2206,984,2651,1559,446,576,0.02103597182626195,0.7743055555555556,False,False,False,False,False,1,1.0
ISIC_0012090,data/raw/isic2018/images/ISIC2018_Task1-2_Training_Input/ISIC_0012090.jpg,data/raw/isic2018/masks/ISIC2018_Task1_Training_GroundTruth/ISIC_0012090_segmentation.png,2848,4288,2301108,0.188426612548214,1601,179,3375,2114,1775,1936,0.2813901874056683,0.9168388429752066,False,False,False,False,False,1,1.0
ISIC_0012092,data/raw/isic2018/images/ISIC2018_Task1-2_Training_Input/ISIC_0012092.jpg,data/raw/isic2018/masks/ISIC2018_Task1_Training_GroundTruth/ISIC_0012092_segmentation.png,2848,4288,1296614,0.10617345374601711,1307,977,2697,2413,1391,1437,0.16367755783058024,0.9679888656924147,False,False,False,False,False,1,1.0
ISIC_0012094,data/raw/isic2018/images/ISIC2018_Task1-2_Training_Input/ISIC_0012094.jpg,data/raw/isic2018/masks/ISIC2018_Task1_Training_GroundTruth/ISIC_0012094_segmentation.png,2000,3008,123462,0.02052227393617021,1364,891,1809,1250,446,360,0.026688829787234043,1.238888888888889,False,False,False,False,False,1,1.0
ISIC_0012095,data/raw/isic2018/images/ISIC2018_Task1-2_Training_Input/ISIC_0012095.jpg,data/raw/isic2018/masks/ISIC2018_Task1_Training_GroundTruth/ISIC_0012095_segmentation.png,2000,3008,284144,0.0472313829787234,1348,647,2052,1184,705,538,0.063046875,1.3104089219330854,False,False,False,False,False,1,1.0
ISIC_0012097,data/raw/isic2018/images/ISIC2018_Task1-2_Training_Input/ISIC_0012097.jpg,data/raw/isic2018/masks/ISIC2018_Task1_Training_GroundTruth/ISIC_0012097_segmentation.png,2000,3008,187719,0.031203291223404254,1129,750,1668,1218,540,469,0.04209773936170213,1.1513859275053304,False,False,False,False,False,1,1.0
ISIC_0012099,data/raw/isic2018/images/ISIC2018_Task1-2_Training_Input/ISIC_0012099.jpg,data/raw/isic2018/masks/ISIC2018_Task1_Training_GroundTruth/ISIC_0012099_segmentation.png,2000,3008,88455,0.014703291223404255,1293,782,1668,1093,376,312,0.0195,1.205128205128205,False,False,False,False,False,1,1.0
ISIC_0012102,data/raw/isic2018/images/ISIC2018_Task1-2_Training_Input/ISIC_0012102.jpg,data/raw/isic2018/masks/ISIC2018_Task1_Training_GroundTruth/ISIC_0012102_segmentation.png,2000,3008,231287,0.0384453125,1317,766,1950,1234,634,469,0.049425864361702126,1.35181236673774,False,False,False,False,False,1,1.0
ISIC_0012105,data/raw/isic2018/images/ISIC2018_Task1-2_Training_Input/ISIC_0012105.jpg,data/raw/isic2018/masks/ISIC2018_Task1_Training_GroundTruth/ISIC_0012105_segmentation.png,2000,3008,178521,0.02967436835106383,1317,750,1762,1281,446,532,0.03944015957446809,0.8383458646616542,False,False,False,False,False,1,1.0
ISIC_0012107,data/raw/isic2018/images/ISIC2018_Task1-2_Training_Input/ISIC_0012107.jpg,data/raw/isic2018/masks/ISIC2018_Task1_Training_GroundTruth/ISIC_0012107_segmentation.png,2000,3008,911526,0.15151695478723404,776,422,2209,1484,1434,1063,0.2533813164893617,1.3490122295390405,False,False,False,False,False,1,1.0
ISIC_0012108,data/raw/isic2018/images/ISIC2018_Task1-2_Training_Input/ISIC_0012108.jpg,data/raw/isic2018/masks/ISIC2018_Task1_Training_GroundTruth/ISIC_0012108_segmentation.png,2000,3008,359189,0.05970561835106383,1058,719,1786,1437,729,719,0.08712616356382978,1.0139082058414464,False,False,False,False,False,1,1.0
ISIC_0012109,data/raw/isic2018/images/ISIC2018_Task1-2_Training_Input/ISIC_0012109.jpg,data/raw/isic2018/masks/ISIC2018_Task1_Training_GroundTruth/ISIC_0012109_segmentation.png,2000,3008,129415,0.021511801861702127,1317,782,1739,1203,423,422,0.029671875,1.0023696682464456,False,False,False,False,False,1,1.0
ISIC_0012116,data/raw/isic2018/images/ISIC2018_Task1-2_Training_Input/ISIC_0012116.jpg,data/raw/isic2018/masks/ISIC2018_Task1_Training_GroundTruth/ISIC_0012116_segmentation.png,2000,3008,265916,0.04420146276595745,1225,576,1859,1175,635,600,0.0633311170212766,1.0583333333333333,False,False,False,False,False,1,1.0
ISIC_0012118,data/raw/isic2018/images/ISIC2018_Task1-2_Training_Input/ISIC_0012118.jpg,data/raw/isic2018/masks/ISIC2018_Task1_Training_GroundTruth/ISIC_0012118_segmentation.png,2000,3008,244290,0.04060671542553192,1199,719,1856,1218,658,500,0.0546875,1.316,False,False,False,False,False,1,1.0
ISIC_0012126,data/raw/isic2018/images/ISIC2018_Task1-2_Training_Input/ISIC_0012126.jpg,data/raw/isic2018/masks/ISIC2018_Task1_Training_GroundTruth/ISIC_0012126_segmentation.png,2000,3008,75301,0.012516788563829788,1317,750,1692,1015,376,266,0.016625,1.413533834586466,False,False,False,False,False,1,1.0
ISIC_0012127,data/raw/isic2018/images/ISIC2018_Task1-2_Training_Input/ISIC_0012127.jpg,data/raw/isic2018/masks/ISIC2018_Task1_Training_GroundTruth/ISIC_0012127_segmentation.png,2000,3008,106564,0.01771343085106383,1202,880,1581,1294,380,415,0.02621343085106383,0.9156626506024096,False,False,False,False,False,1,1.0
ISIC_0012134,data/raw/isic2018/images/ISIC2018_Task1-2_Training_Input/ISIC_0012134.jpg,data/raw/isic2018/masks/ISIC2018_Task1_Training_GroundTruth/ISIC_0012134_segmentation.png,2000,3008,4841137,0.804710272606383,83,11,2787,1994,2705,1984,0.8920744680851064,1.3634072580645162,False,False,False,False,False,1,1.0
ISIC_0012135,data/raw/isic2018/images/ISIC2018_Task1-2_Training_Input/ISIC_0012135.jpg,data/raw/isic2018/masks/ISIC2018_Task1_Training_GroundTruth/ISIC_0012135_segmentation.png,2000,3008,169137,0.028114527925531915,1105,333,1620,805,516,473,0.040569813829787235,1.0909090909090908,False,False,False,False,False,1,1.0
ISIC_0012136,data/raw/isic2018/images/ISIC2018_Task1-2_Training_Input/ISIC_0012136.jpg,data/raw/isic2018/masks/ISIC2018_Task1_Training_GroundTruth/ISIC_0012136_segmentation.png,2000,3008,2668300,0.4435339095744681,367,375,2662,1995,2296,1621,0.6186529255319149,1.4164096236890809,False,False,False,False,False,1,1.0
ISIC_0012137,data/raw/isic2018/images/ISIC2018_Task1-2_Training_Input/ISIC_0012137.jpg,data/raw/isic2018/masks/ISIC2018_Task1_Training_GroundTruth/ISIC_0012137_segmentation.png,2000,3008,288996,0.04803789893617021,1113,608,1751,1323,639,716,0.07605119680851063,0.8924581005586593,False,False,False,False,False,1,1.0
ISIC_0012143,data/raw/isic2018/images/ISIC2018_Task1-2_Training_Input/ISIC_0012143.jpg,data/raw/isic2018/masks/ISIC2018_Task1_Training_GroundTruth/ISIC_0012143_segmentation.png,2000,3008,1124326,0.18688929521276595,870,391,2232,1703,1363,1313,0.2974765625,1.0380807311500382,False,False,False,False,False,1,1.0
ISIC_0012147,data/raw/isic2018/images/ISIC2018_Task1-2_Training_Input/ISIC_0012147.jpg,data/raw/isic2018/masks/ISIC2018_Task1_Training_GroundTruth/ISIC_0012147_segmentation.png,2000,3008,211608,0.03517420212765957,1271,543,1858,1203,588,661,0.06460571808510639,0.8895612708018155,False,False,False,False,False,1,1.0
ISIC_0012148,data/raw/isic2018/images/ISIC2018_Task1-2_Training_Input/ISIC_0012148.jpg,data/raw/isic2018/masks/ISIC2018_Task1_Training_GroundTruth/ISIC_0012148_segmentation.png,2000,3008,293037,0.04870960771276596,1011,704,1833,1343,823,640,0.0875531914893617,1.2859375,False,False,False,False,False,1,1.0
ISIC_0012149,data/raw/isic2018/images/ISIC2018_Task1-2_Training_Input/ISIC_0012149.jpg,data/raw/isic2018/masks/ISIC2018_Task1_Training_GroundTruth/ISIC_0012149_segmentation.png,2000,3008,312660,0.05197140957446809,1346,705,1991,1302,646,598,0.06421343085106383,1.080267558528428,False,False,False,False,False,1,1.0
ISIC_0012151,data/raw/isic2018/images/ISIC2018_Task1-2_Training_Input/ISIC_0012151.jpg,data/raw/isic2018/masks/ISIC2018_Task1_Training_GroundTruth/ISIC_0012151_segmentation.png,2000,3008,1558295,0.25902509973404253,847,313,2350,1812,1504,1500,0.375,1.0026666666666666,False,False,False,False,False,1,1.0
ISIC_0012155,data/raw/isic2018/images/ISIC2018_Task1-2_Training_Input/ISIC_0012155.jpg,data/raw/isic2018/masks/ISIC2018_Task1_Training_GroundTruth/ISIC_0012155_segmentation.png,2000,3008,232443,0.03863746675531915,1150,925,1817,1359,668,435,0.04830119680851064,1.535632183908046,False,False,False,False,False,1,1.0
ISIC_0012156,data/raw/isic2018/images/ISIC2018_Task1-2_Training_Input/ISIC_0012156.jpg,data/raw/isic2018/masks/ISIC2018_Task1_Training_GroundTruth/ISIC_0012156_segmentation.png,2000,3008,112073,0.01862915558510638,1199,844,1739,1125,541,282,0.025359375,1.9184397163120568,False,False,False,False,False,1,1.0
ISIC_0012159,data/raw/isic2018/images/ISIC2018_Task1-2_Training_Input/ISIC_0012159.jpg,data/raw/isic2018/masks/ISIC2018_Task1_Training_GroundTruth/ISIC_0012159_segmentation.png,2000,3008,328058,0.05453091755319149,1082,875,1973,1452,892,578,0.08570079787234043,1.5432525951557095,False,False,False,False,False,1,1.0
ISIC_0012160,data/raw/isic2018/images/ISIC2018_Task1-2_Training_Input/ISIC_0012160.jpg,data/raw/isic2018/masks/ISIC2018_Task1_Training_GroundTruth/ISIC_0012160_segmentation.png,2000,3008,109831,0.01825648271276596,1293,704,1645,1218,353,515,0.030218583776595746,0.6854368932038835,False,False,False,False,False,1,1.0
ISIC_0012164,data/raw/isic2018/images/ISIC2018_Task1-2_Training_Input/ISIC_0012164.jpg,data/raw/isic2018/masks/ISIC2018_Task1_Training_GroundTruth/ISIC_0012164_segmentation.png,2000,3008,112815,0.01875249335106383,1317,719,1692,1140,376,422,0.026375,0.8909952606635071,False,False,False,False,False,1,1.0
ISIC_0012167,data/raw/isic2018/images/ISIC2018_Task1-2_Training_Input/ISIC_0012167.jpg,data/raw/isic2018/masks/ISIC2018_Task1_Training_GroundTruth/ISIC_0012167_segmentation.png,2000,3008,302662,0.050309507978723404,1293,755,1861,1462,569,708,0.06696343085106383,0.8036723163841808,False,False,False,False,False,1,1.0
ISIC_0012173,data/raw/isic2018/images/ISIC2018_Task1-2_Training_Input/ISIC_0012173.jpg,data/raw/isic2018/masks/ISIC2018_Task1_Training_GroundTruth/ISIC_0012173_segmentation.png,2000,3008,467854,0.07776828457446809,1176,594,1880,1546,705,953,0.1116796875,0.7397691500524659,False,False,False,False,False,1,1.0
ISIC_0012177,data/raw/isic2018/images/ISIC2018_Task1-2_Training_Input/ISIC_0012177.jpg,data/raw/isic2018/masks/ISIC2018_Task1_Training_GroundTruth/ISIC_0012177_segmentation.png,2000,3008,188228,0.03128789893617021,1293,860,1856,1281,564,422,0.0395625,1.3364928909952607,False,False,False,False,False,1,1.0
ISIC_0012178,data/raw/isic2018/images/ISIC2018_Task1-2_Training_Input/ISIC_0012178.jpg,data/raw/isic2018/masks/ISIC2018_Task1_Training_GroundTruth/ISIC_0012178_segmentation.png,2000,3008,444346,0.07386070478723404,789,379,1858,1318,1070,940,0.1671875,1.1382978723404256,False,False,False,False,False,1,1.0
ISIC_0012179,data/raw/isic2018/images/ISIC2018_Task1-2_Training_Input/ISIC_0012179.jpg,data/raw/isic2018/masks/ISIC2018_Task1_Training_GroundTruth/ISIC_0012179_segmentation.png,2000,3008,36520,0.006070478723404256,1441,849,1728,1101,288,253,0.012111702127659574,1.1383399209486167,False,False,False,False,False,1,1.0
ISIC_0012182,data/raw/isic2018/images/ISIC2018_Task1-2_Training_Input/ISIC_0012182.jpg,data/raw/isic2018/masks/ISIC2018_Task1_Training_GroundTruth/ISIC_0012182_segmentation.png,2000,3008,185022,0.03075498670212766,1223,500,1786,921,564,422,0.0395625,1.3364928909952607,False,False,False,False,False,1,1.0
ISIC_0012187,data/raw/isic2018/images/ISIC2018_Task1-2_Training_Input/ISIC_0012187.jpg,data/raw/isic2018/masks/ISIC2018_Task1_Training_GroundTruth/ISIC_0012187_segmentation.png,2000,3008,206125,0.03426279920212766,1293,704,1880,1203,588,500,0.04886968085106383,1.176,False,False,False,False,False,1,1.0
ISIC_0012191,data/raw/isic2018/images/ISIC2018_Task1-2_Training_Input/ISIC_0012191.jpg,data/raw/isic2018/masks/ISIC2018_Task1_Training_GroundTruth/ISIC_0012191_segmentation.png,2000,3008,221207,0.03676978058510638,1238,632,1695,1271,458,640,0.048723404255319146,0.715625,False,False,False,False,False,1,1.0
ISIC_0012201,data/raw/isic2018/images/ISIC2018_Task1-2_Training_Input/ISIC_0012201.jpg,data/raw/isic2018/masks/ISIC2018_Task1_Training_GroundTruth/ISIC_0012201_segmentation.png,2000,3008,361298,0.060056183510638295,1152,563,1880,1265,729,703,0.08518733377659575,1.0369843527738265,False,False,False,False,False,1,1.0
ISIC_0012203,data/raw/isic2018/images/ISIC2018_Task1-2_Training_Input/ISIC_0012203.jpg,data/raw/isic2018/masks/ISIC2018_Task1_Training_GroundTruth/ISIC_0012203_segmentation.png,2000,3008,141776,0.023566489361702126,1364,719,1739,1203,376,485,0.0303125,0.7752577319587629,False,False,False,False,False,1,1.0
ISIC_0012204,data/raw/isic2018/images/ISIC2018_Task1-2_Training_Input/ISIC_0012204.jpg,data/raw/isic2018/masks/ISIC2018_Task1_Training_GroundTruth/ISIC_0012204_segmentation.png,2000,3008,171424,0.02849468085106383,1201,667,1749,1130,549,464,0.04234308510638298,1.1831896551724137,False,False,False,False,False,1,1.0
ISIC_0012205,data/raw/isic2018/images/ISIC2018_Task1-2_Training_Input/ISIC_0012205.jpg,data/raw/isic2018/masks/ISIC2018_Task1_Training_GroundTruth/ISIC_0012205_segmentation.png,2000,3008,233887,0.03887749335106383,1152,704,1786,1218,635,515,0.054359208776595745,1.233009708737864,False,False,False,False,False,1,1.0
ISIC_0012206,data/raw/isic2018/images/ISIC2018_Task1-2_Training_Input/ISIC_0012206.jpg,data/raw/isic2018/masks/ISIC2018_Task1_Training_GroundTruth/ISIC_0012206_segmentation.png,2000,3008,630098,0.10473703457446809,1223,516,2138,1484,916,969,0.1475405585106383,0.9453044375644994,False,False,False,False,False,1,1.0
ISIC_0012207,data/raw/isic2018/images/ISIC2018_Task1-2_Training_Input/ISIC_0012207.jpg,data/raw/isic2018/masks/ISIC2018_Task1_Training_GroundTruth/ISIC_0012207_segmentation.png,2000,3008,761912,0.12664760638297873,921,519,2016,1504,1096,986,0.17963031914893618,1.1115618661257607,False,False,False,False,False,1,1.0
ISIC_0012208,data/raw/isic2018/images/ISIC2018_Task1-2_Training_Input/ISIC_0012208.jpg,data/raw/isic2018/masks/ISIC2018_Task1_Training_GroundTruth/ISIC_0012208_segmentation.png,2000,3008,278012,0.04621210106382979,1223,797,1880,1312,658,516,0.0564375,1.2751937984496124,False,False,False,False,False,1,1.0
ISIC_0012210,data/raw/isic2018/images/ISIC2018_Task1-2_Training_Input/ISIC_0012210.jpg,data/raw/isic2018/masks/ISIC2018_Task1_Training_GroundTruth/ISIC_0012210_segmentation.png,2000,3008,791881,0.13162915558510638,964,250,2255,1233,1292,984,0.21132446808510638,1.3130081300813008,False,False,False,False,False,1,1.0
ISIC_0012211,data/raw/isic2018/images/ISIC2018_Task1-2_Training_Input/ISIC_0012211.jpg,data/raw/isic2018/masks/ISIC2018_Task1_Training_GroundTruth/ISIC_0012211_segmentation.png,2000,3008,472383,0.07852111037234043,1129,594,1950,1390,822,797,0.10889860372340425,1.0313676286072773,False,False,False,False,False,1,1.0
ISIC_0012212,data/raw/isic2018/images/ISIC2018_Task1-2_Training_Input/ISIC_0012212.jpg,data/raw/isic2018/masks/ISIC2018_Task1_Training_GroundTruth/ISIC_0012212_segmentation.png,2000,3008,165365,0.02748753324468085,1246,813,1808,1202,563,390,0.036497672872340424,1.4435897435897436,False,False,False,False,False,1,1.0
ISIC_0012213,data/raw/isic2018/images/ISIC2018_Task1-2_Training_Input/ISIC_0012213.jpg,data/raw/isic2018/masks/ISIC2018_Task1_Training_GroundTruth/ISIC_0012213_segmentation.png,2000,3008,90946,0.015117353723404255,1364,813,1762,1093,399,281,0.018636801861702128,1.4199288256227758,False,False,False,False,False,1,1.0
ISIC_0012216,data/raw/isic2018/images/ISIC2018_Task1-2_Training_Input/ISIC_0012216.jpg,data/raw/isic2018/masks/ISIC2018_Task1_Training_GroundTruth/ISIC_0012216_segmentation.png,2000,3008,1250382,0.20784275265957447,890,272,2114,1671,1225,1400,0.28507313829787234,0.875,False,False,False,False,False,1,1.0
ISIC_0012221,data/raw/isic2018/images/ISIC2018_Task1-2_Training_Input/ISIC_0012221.jpg,data/raw/isic2018/masks/ISIC2018_Task1_Training_GroundTruth/ISIC_0012221_segmentation.png,2000,3008,195511,0.0324985039893617,1293,750,1786,1234,494,485,0.03982546542553191,1.0185567010309278,False,False,False,False,False,1,1.0
ISIC_0012222,data/raw/isic2018/images/ISIC2018_Task1-2_Training_Input/ISIC_0012222.jpg,data/raw/isic2018/masks/ISIC2018_Task1_Training_GroundTruth/ISIC_0012222_segmentation.png,2000,3008,194086,0.03226163563829787,1246,750,1715,1265,470,516,0.0403125,0.9108527131782945,False,False,False,False,False,1,1.0
ISIC_0012223,data/raw/isic2018/images/ISIC2018_Task1-2_Training_Input/ISIC_0012223.jpg,data/raw/isic2018/masks/ISIC2018_Task1_Training_GroundTruth/ISIC_0012223_segmentation.png,2848,4288,7018402,0.5747030188768237,463,48,3545,2787,3083,2740,0.6917183962560791,1.1251824817518248,False,False,False,False,False,1,1.0
ISIC_0012224,data/raw/isic2018/images/ISIC2018_Task1-2_Training_Input/ISIC_0012224.jpg,data/raw/isic2018/masks/ISIC2018_Task1_Training_GroundTruth/ISIC_0012224_segmentation.png,2848,4288,1010525,0.08274700824354352,1097,845,2266,2026,1170,1182,0.11324227266057353,0.9898477157360406,False,False,False,False,False,1,1.0
ISIC_0012227,data/raw/isic2018/images/ISIC2018_Task1-2_Training_Input/ISIC_0012227.jpg,data/raw/isic2018/masks/ISIC2018_Task1_Training_GroundTruth/ISIC_0012227_segmentation.png,2848,4288,3328448,0.27255051987254736,1013,236,2959,2523,1947,2288,0.36477680068757334,0.8509615384615384,False,False,False,False,False,1,1.0
ISIC_0012228,data/raw/isic2018/images/ISIC2018_Task1-2_Training_Input/ISIC_0012228.jpg,data/raw/isic2018/masks/ISIC2018_Task1_Training_GroundTruth/ISIC_0012228_segmentation.png,2848,4288,660593,0.05409276803307899,1506,1106,2469,2078,964,973,0.07680599373218179,0.9907502569373073,False,False,False,False,False,1,1.0
ISIC_0012230,data/raw/isic2018/images/ISIC2018_Task1-2_Training_Input/ISIC_0012230.jpg,data/raw/isic2018/masks/ISIC2018_Task1_Training_GroundTruth/ISIC_0012230_segmentation.png,2848,4288,240228,0.019671109865000837,1742,1202,2378,1691,637,490,0.0255588171327352,1.3,False,False,False,False,False,1,1.0
ISIC_0012232,data/raw/isic2018/images/ISIC2018_Task1-2_Training_Input/ISIC_0012232.jpg,data/raw/isic2018/masks/ISIC2018_Task1_Training_GroundTruth/ISIC_0012232_segmentation.png,2848,4288,504821,0.041337351820602046,1910,1091,2847,1780,938,690,0.05299771769662921,1.3594202898550725,False,False,False,False,False,1,1.0
ISIC_0012233,data/raw/isic2018/images/ISIC2018_Task1-2_Training_Input/ISIC_0012233.jpg,data/raw/isic2018/masks/ISIC2018_Task1_Training_GroundTruth/ISIC_0012233_segmentation.png,2848,4288,455879,0.0373297279840265,1843,1313,2546,2091,704,779,0.044907135669964786,0.9037227214377407,False,False,False,False,False,1,1.0
ISIC_0012235,data/raw/isic2018/images/ISIC2018_Task1-2_Training_Input/ISIC_0012235.jpg,data/raw/isic2018/masks/ISIC2018_Task1_Training_GroundTruth/ISIC_0012235_segmentation.png,2848,4288,587903,0.04814053525385712,1642,1202,2613,1958,972,757,0.060251433317960755,1.2840158520475562,False,False,False,False,False,1,1.0
ISIC_0012238,data/raw/isic2018/images/ISIC2018_Task1-2_Training_Input/ISIC_0012238.jpg,data/raw/isic2018/masks/ISIC2018_Task1_Training_GroundTruth/ISIC_0012238_segmentation.png,2848,4288,991580,0.08119569375733691,1617,1017,2791,2119,1175,1103,0.1061252233827352,1.0652765185856754,False,False,False,False,False,1,1.0
ISIC_0012245,data/raw/isic2018/images/ISIC2018_Task1-2_Training_Input/ISIC_0012245.jpg,data/raw/isic2018/masks/ISIC2018_Task1_Training_GroundTruth/ISIC_0012245_segmentation.png,2848,4288,2203574,0.1804400246834647,1257,686,2959,2311,1703,1626,0.22674641408477275,1.0473554735547355,False,False,False,False,False,1,1.0
ISIC_0012246,data/raw/isic2018/images/ISIC2018_Task1-2_Training_Input/ISIC_0012246.jpg,data/raw/isic2018/masks/ISIC2018_Task1_Training_GroundTruth/ISIC_0012246_segmentation.png,2848,4288,1628243,0.13332894974740064,1307,490,2780,1913,1474,1424,0.171875,1.0351123595505618,False,False,False,False,False,1,1.0
ISIC_0012248,data/raw/isic2018/images/ISIC2018_Task1-2_Training_Input/ISIC_0012248.jpg,data/raw/isic2018/masks/ISIC2018_Task1_Training_GroundTruth/ISIC_0012248_segmentation.png,2848,4288,4563810,0.3737083433779138,977,28,3065,2803,2089,2776,0.4748573232852591,0.752521613832853,False,False,False,False,False,1,1.0
ISIC_0012250,data/raw/isic2018/images/ISIC2018_Task1-2_Training_Input/ISIC_0012250.jpg,data/raw/isic2018/masks/ISIC2018_Task1_Training_GroundTruth/ISIC_0012250_segmentation.png,2000,3008,193530,0.032169215425531916,1105,657,1645,1109,541,453,0.04073686835106383,1.1942604856512142,False,False,False,False,False,1,1.0
ISIC_0012253,data/raw/isic2018/images/ISIC2018_Task1-2_Training_Input/ISIC_0012253.jpg,data/raw/isic2018/masks/ISIC2018_Task1_Training_GroundTruth/ISIC_0012253_segmentation.png,2848,4288,1267793,0.10381344135187826,1675,646,2847,2091,1173,1446,0.13889018085485494,0.8112033195020747,False,False,False,False,False,1,1.0
ISIC_0012256,data/raw/isic2018/images/ISIC2018_Task1-2_Training_Input/ISIC_0012256.jpg,data/raw/isic2018/masks/ISIC2018_Task1_Training_GroundTruth/ISIC_0012256_segmentation.png,2848,4288,1071587,0.08774708030249036,1644,952,3045,2013,1402,1062,0.12192079018530941,1.32015065913371,False,False,False,False,False,1,1.0
ISIC_0012257,data/raw/isic2018/images/ISIC2018_Task1-2_Training_Input/ISIC_0012257.jpg,data/raw/isic2018/masks/ISIC2018_Task1_Training_GroundTruth/ISIC_0012257_segmentation.png,2848,4288,451455,0.036967468005827606,1876,1091,2780,1891,905,801,0.05935896688432836,1.1298377028714108,False,False,False,False,False,1,1.0
ISIC_0012258,data/raw/isic2018/images/ISIC2018_Task1-2_Training_Input/ISIC_0012258.jpg,data/raw/isic2018/masks/ISIC2018_Task1_Training_GroundTruth/ISIC_0012258_segmentation.png,2848,4288,652482,0.05342859744465873,2085,1172,2935,2207,851,1036,0.07219291097182626,0.8214285714285714,False,False,False,False,False,1,1.0
ISIC_0012259,data/raw/isic2018/images/ISIC2018_Task1-2_Training_Input/ISIC_0012259.jpg,data/raw/isic2018/masks/ISIC2018_Task1_Training_GroundTruth/ISIC_0012259_segmentation.png,2848,4288,470483,0.03852557896088378,1642,1158,2479,2024,838,867,0.05949334044314942,0.9665513264129181,False,False,False,False,False,1,1.0
ISIC_0012260,data/raw/isic2018/images/ISIC2018_Task1-2_Training_Input/ISIC_0012260.jpg,data/raw/isic2018/masks/ISIC2018_Task1_Training_GroundTruth/ISIC_0012260_segmentation.png,2000,3008,160482,0.026675864361702127,1317,657,1762,1156,446,500,0.03706781914893617,0.892,False,False,False,False,False,1,1.0
ISIC_0012261,data/raw/isic2018/images/ISIC2018_Task1-2_Training_Input/ISIC_0012261.jpg,data/raw/isic2018/masks/ISIC2018_Task1_Training_GroundTruth/ISIC_0012261_segmentation.png,2848,4288,508563,0.04164376611500084,1545,1252,2327,2111,783,860,0.05513983366174744,0.9104651162790698,False,False,False,False,False,1,1.0
ISIC_0012263,data/raw/isic2018/images/ISIC2018_Task1-2_Training_Input/ISIC_0012263.jpg,data/raw/isic2018/masks/ISIC2018_Task1_Training_GroundTruth/ISIC_0012263_segmentation.png,2848,4288,481341,0.03941468810267483,1568,1414,2391,2223,824,810,0.054653435770585276,1.017283950617284,False,False,False,False,False,1,1.0
ISIC_0012266,data/raw/isic2018/images/ISIC2018_Task1-2_Training_Input/ISIC_0012266.jpg,data/raw/isic2018/masks/ISIC2018_Task1_Training_GroundTruth/ISIC_0012266_segmentation.png,2848,4288,1860013,0.15230747487107998,762,429,2966,2054,2205,1626,0.29358534530647323,1.3560885608856088,False,False,False,False,False,1,1.0
ISIC_0012268,data/raw/isic2018/images/ISIC2018_Task1-2_Training_Input/ISIC_0012268.jpg,data/raw/isic2018/masks/ISIC2018_Task1_Training_GroundTruth/ISIC_0012268_segmentation.png,2848,4288,406571,0.03329213417637934,1586,1069,2180,2098,595,1030,0.050183324511571356,0.5776699029126213,False,False,False,False,False,1,1.0
ISIC_0012271,data/raw/isic2018/images/ISIC2018_Task1-2_Training_Input/ISIC_0012271.jpg,data/raw/isic2018/masks/ISIC2018_Task1_Training_GroundTruth/ISIC_0012271_segmentation.png,2848,4288,327987,0.02685727022367097,1709,1692,2512,2202,804,511,0.033642029494382025,1.573385518590998,False,False,False,False,False,1,1.0
ISIC_0012272,data/raw/isic2018/images/ISIC2018_Task1-2_Training_Input/ISIC_0012272.jpg,data/raw/isic2018/masks/ISIC2018_Task1_Training_GroundTruth/ISIC_0012272_segmentation.png,2848,4288,3160924,0.25883278917910446,1063,171,2659,2779,1597,2609,0.3411805253490273,0.6121119202759678,False,False,False,False,False,1,1.0
ISIC_0012273,data/raw/isic2018/images/ISIC2018_Task1-2_Training_Input/ISIC_0012273.jpg,data/raw/isic2018/masks/ISIC2018_Task1_Training_GroundTruth/ISIC_0012273_segmentation.png,2000,3008,2374225,0.3946517619680851,241,208,2227,1723,1987,1516,0.5007134308510638,1.3106860158311346,False,False,False,False,False,1,1.0
ISIC_0012278,data/raw/isic2018/images/ISIC2018_Task1-2_Training_Input/ISIC_0012278.jpg,data/raw/isic2018/masks/ISIC2018_Task1_Training_GroundTruth/ISIC_0012278_segmentation.png,2000,3008,86009,0.014296708776595744,1397,824,1762,1167,366,344,0.020928191489361703,1.063953488372093,False,False,False,False,False,1,1.0
ISIC_0012281,data/raw/isic2018/images/ISIC2018_Task1-2_Training_Input/ISIC_0012281.jpg,data/raw/isic2018/masks/ISIC2018_Task1_Training_GroundTruth/ISIC_0012281_segmentation.png,2848,4288,238585,0.01953657253584605,1802,1145,2456,1664,655,520,0.027890087833305384,1.2596153846153846,False,False,False,False,False,1,1.0
ISIC_0012282,data/raw/isic2018/images/ISIC2018_Task1-2_Training_Input/ISIC_0012282.jpg,data/raw/isic2018/masks/ISIC2018_Task1_Training_GroundTruth/ISIC_0012282_segmentation.png,2848,4288,658518,0.05392285631183968,1843,980,2814,1958,972,979,0.07792094216417911,0.992849846782431,False,False,False,False,False,1,1.0
ISIC_0012284,data/raw/isic2018/images/ISIC2018_Task1-2_Training_Input/ISIC_0012284.jpg,data/raw/isic2018/masks/ISIC2018_Task1_Training_GroundTruth/ISIC_0012284_segmentation.png,2000,3008,789296,0.13119946808510638,800,532,1903,1515,1104,984,0.18057446808510638,1.1219512195121952,False,False,False,False,False,1,1.0
ISIC_0012285,data/raw/isic2018/images/ISIC2018_Task1-2_Training_Input/ISIC_0012285.jpg,data/raw/isic2018/masks/ISIC2018_Task1_Training_GroundTruth/ISIC_0012285_segmentation.png,2000,3008,89911,0.0149453125,1418,887,1795,1278,378,392,0.02463031914893617,0.9642857142857143,False,False,False,False,False,1,1.0
ISIC_0012288,data/raw/isic2018/images/ISIC2018_Task1-2_Training_Input/ISIC_0012288.jpg,data/raw/isic2018/masks/ISIC2018_Task1_Training_GroundTruth/ISIC_0012288_segmentation.png,2848,4288,361677,0.029615981495262452,1642,801,2345,1557,704,757,0.043638898205601205,0.9299867899603699,False,False,False,False,False,1,1.0
ISIC_0012290,data/raw/isic2018/images/ISIC2018_Task1-2_Training_Input/ISIC_0012290.jpg,data/raw/isic2018/masks/ISIC2018_Task1_Training_GroundTruth/ISIC_0012290_segmentation.png,2000,3008,3240916,0.5387160904255319,424,0,2655,1999,2232,2000,0.7420212765957447,1.116,True,False,False,True,True,1,1.0
ISIC_0012298,data/raw/isic2018/images/ISIC2018_Task1-2_Training_Input/ISIC_0012298.jpg,data/raw/isic2018/masks/ISIC2018_Task1_Training_GroundTruth/ISIC_0012298_segmentation.png,2848,4288,1032691,0.08456207485221365,1374,1158,2780,2136,1407,979,0.11279296875,1.4371807967313586,False,False,False,False,False,1,1.0
ISIC_0012299,data/raw/isic2018/images/ISIC2018_Task1-2_Training_Input/ISIC_0012299.jpg,data/raw/isic2018/masks/ISIC2018_Task1_Training_GroundTruth/ISIC_0012299_segmentation.png,2000,3008,1062006,0.17653025265957448,894,516,2115,1656,1222,1141,0.231765625,1.0709903593339176,False,False,False,False,False,1,1.0
ISIC_0012303,data/raw/isic2018/images/ISIC2018_Task1-2_Training_Input/ISIC_0012303.jpg,data/raw/isic2018/masks/ISIC2018_Task1_Training_GroundTruth/ISIC_0012303_segmentation.png,2000,3008,173115,0.028775764627659576,1434,735,1974,1125,541,391,0.035161402925531916,1.3836317135549872,False,False,False,False,False,1,1.0
ISIC_0012306,data/raw/isic2018/images/ISIC2018_Task1-2_Training_Input/ISIC_0012306.jpg,data/raw/isic2018/masks/ISIC2018_Task1_Training_GroundTruth/ISIC_0012306_segmentation.png,2000,3008,157552,0.026188829787234042,1270,719,1739,1171,470,453,0.035390625,1.0375275938189845,False,False,False,False,False,1,1.0
ISIC_0012309,data/raw/isic2018/images/ISIC2018_Task1-2_Training_Input/ISIC_0012309.jpg,data/raw/isic2018/masks/ISIC2018_Task1_Training_GroundTruth/ISIC_0012309_segmentation.png,2848,4288,374976,0.030704972329364415,1441,1135,2110,1891,670,757,0.041531337780898875,0.8850726552179656,False,False,False,False,False,1,1.0
ISIC_0012311,data/raw/isic2018/images/ISIC2018_Task1-2_Training_Input/ISIC_0012311.jpg,data/raw/isic2018/masks/ISIC2018_Task1_Training_GroundTruth/ISIC_0012311_segmentation.png,2000,3008,469095,0.07797456781914894,929,715,1924,1361,996,647,0.10711635638297873,1.5394126738794436,False,False,False,False,False,1,1.0
ISIC_0012313,data/raw/isic2018/images/ISIC2018_Task1-2_Training_Input/ISIC_0012313.jpg,data/raw/isic2018/masks/ISIC2018_Task1_Training_GroundTruth/ISIC_0012313_segmentation.png,2000,3008,165307,0.027477892287234042,1223,704,1692,1156,470,453,0.035390625,1.0375275938189845,False,False,False,False,False,1,1.0
ISIC_0012314,data/raw/isic2018/images/ISIC2018_Task1-2_Training_Input/ISIC_0012314.jpg,data/raw/isic2018/masks/ISIC2018_Task1_Training_GroundTruth/ISIC_0012314_segmentation.png,2000,3008,1929161,0.32067170877659573,633,148,2243,1657,1611,1510,0.4043567154255319,1.066887417218543,False,False,False,False,False,1,1.0
ISIC_0012316,data/raw/isic2018/images/ISIC2018_Task1-2_Training_Input/ISIC_0012316.jpg,data/raw/isic2018/masks/ISIC2018_Task1_Training_GroundTruth/ISIC_0012316_segmentation.png,2000,3008,109056,0.018127659574468085,1317,813,1668,1234,352,422,0.024691489361702127,0.8341232227488151,False,False,False,False,False,1,1.0
ISIC_0012318,data/raw/isic2018/images/ISIC2018_Task1-2_Training_Input/ISIC_0012318.jpg,data/raw/isic2018/masks/ISIC2018_Task1_Training_GroundTruth/ISIC_0012318_segmentation.png,2000,3008,256392,0.04261835106382979,870,985,1621,1500,752,516,0.0645,1.4573643410852712,False,False,False,False,False,1,1.0
ISIC_0012320,data/raw/isic2018/images/ISIC2018_Task1-2_Training_Input/ISIC_0012320.jpg,data/raw/isic2018/masks/ISIC2018_Task1_Training_GroundTruth/ISIC_0012320_segmentation.png,2000,3008,252304,0.041938829787234046,1152,766,1786,1312,635,547,0.05773686835106383,1.1608775137111518,False,False,False,False,False,1,1.0
ISIC_0012323,data/raw/isic2018/images/ISIC2018_Task1-2_Training_Input/ISIC_0012323.jpg,data/raw/isic2018/masks/ISIC2018_Task1_Training_GroundTruth/ISIC_0012323_segmentation.png,2000,3008,2988106,0.4966931515957447,629,91,2773,1864,2145,1774,0.6325182845744681,1.20913190529876,False,False,False,False,False,1,1.0
ISIC_0012324,data/raw/isic2018/images/ISIC2018_Task1-2_Training_Input/ISIC_0012324.jpg,data/raw/isic2018/masks/ISIC2018_Task1_Training_GroundTruth/ISIC_0012324_segmentation.png,2000,3008,330989,0.05501811835106383,1129,750,1833,1375,705,626,0.073359375,1.1261980830670926,False,False,False,False,False,1,1.0
ISIC_0012325,data/raw/isic2018/images/ISIC2018_Task1-2_Training_Input/ISIC_0012325.jpg,data/raw/isic2018/masks/ISIC2018_Task1_Training_GroundTruth/ISIC_0012325_segmentation.png,2000,3008,628896,0.10453723404255319,844,607,2027,1361,1184,755,0.1485904255319149,1.5682119205298013,False,False,False,False,False,1,1.0
ISIC_0012329,data/raw/isic2018/images/ISIC2018_Task1-2_Training_Input/ISIC_0012329.jpg,data/raw/isic2018/masks/ISIC2018_Task1_Training_GroundTruth/ISIC_0012329_segmentation.png,2000,3008,671487,0.1116168550531915,1047,615,2000,1537,954,923,0.14636668882978723,1.0335861321776816,False,False,False,False,False,1,1.0
ISIC_0012330,data/raw/isic2018/images/ISIC2018_Task1-2_Training_Input/ISIC_0012330.jpg,data/raw/isic2018/masks/ISIC2018_Task1_Training_GroundTruth/ISIC_0012330_segmentation.png,2000,3008,458268,0.0761748670212766,1313,676,2173,1357,861,682,0.09760671542553191,1.2624633431085044,False,False,False,False,False,1,1.0
ISIC_0012332,data/raw/isic2018/images/ISIC2018_Task1-2_Training_Input/ISIC_0012332.jpg,data/raw/isic2018/masks/ISIC2018_Task1_Training_GroundTruth/ISIC_0012332_segmentation.png,2000,3008,426346,0.0708686835106383,1129,813,1903,1531,775,719,0.09262383643617021,1.0778859527121,False,False,False,False,False,1,1.0
ISIC_0012333,data/raw/isic2018/images/ISIC2018_Task1-2_Training_Input/ISIC_0012333.jpg,data/raw/isic2018/masks/ISIC2018_Task1_Training_GroundTruth/ISIC_0012333_segmentation.png,2000,3008,107301,0.0178359375,1270,813,1739,1156,470,344,0.026875,1.3662790697674418,False,False,False,False,False,1,1.0
ISIC_0012334,data/raw/isic2018/images/ISIC2018_Task1-2_Training_Input/ISIC_0012334.jpg,data/raw/isic2018/masks/ISIC2018_Task1_Training_GroundTruth/ISIC_0012334_segmentation.png,2000,3008,279172,0.04640492021276596,1176,485,1762,1140,587,656,0.06400797872340426,0.8948170731707317,False,False,False,False,False,1,1.0
ISIC_0012335,data/raw/isic2018/images/ISIC2018_Task1-2_Training_Input/ISIC_0012335.jpg,data/raw/isic2018/masks/ISIC2018_Task1_Training_GroundTruth/ISIC_0012335_segmentation.png,2000,3008,169693,0.028206948138297872,1364,704,1856,1187,493,484,0.03966289893617021,1.0185950413223142,False,False,False,False,False,1,1.0
ISIC_0012338,data/raw/isic2018/images/ISIC2018_Task1-2_Training_Input/ISIC_0012338.jpg,data/raw/isic2018/masks/ISIC2018_Task1_Training_GroundTruth/ISIC_0012338_segmentation.png,2000,3008,216505,0.03598819813829787,1340,719,1974,1156,635,438,0.046231715425531915,1.4497716894977168,False,False,False,False,False,1,1.0
ISIC_0012342,data/raw/isic2018/images/ISIC2018_Task1-2_Training_Input/ISIC_0012342.jpg,data/raw/isic2018/masks/ISIC2018_Task1_Training_GroundTruth/ISIC_0012342_segmentation.png,2848,4288,1410436,0.11549378720861982,1249,864,2599,2319,1351,1456,0.16107270878752306,0.9278846153846154,False,False,False,False,False,1,1.0
ISIC_0012348,data/raw/isic2018/images/ISIC2018_Task1-2_Training_Input/ISIC_0012348.jpg,data/raw/isic2018/masks/ISIC2018_Task1_Training_GroundTruth/ISIC_0012348_segmentation.png,2000,3008,673534,0.11195711436170212,1037,668,2247,1499,1211,832,0.16747872340425532,1.4555288461538463,False,False,False,False,False,1,1.0
ISIC_0012351,data/raw/isic2018/images/ISIC2018_Task1-2_Training_Input/ISIC_0012351.jpg,data/raw/isic2018/masks/ISIC2018_Task1_Training_GroundTruth/ISIC_0012351_segmentation.png,2000,3008,187390,0.031148603723404257,1411,719,1927,1218,517,500,0.04296875,1.034,False,False,False,False,False,1,1.0
ISIC_0012356,data/raw/isic2018/images/ISIC2018_Task1-2_Training_Input/ISIC_0012356.jpg,data/raw/isic2018/masks/ISIC2018_Task1_Training_GroundTruth/ISIC_0012356_segmentation.png,2000,3008,2982299,0.495727892287234,0,0,3007,1992,3008,1993,0.9965,1.5092824887104868,True,True,True,True,False,1,1.0
ISIC_0012357,data/raw/isic2018/images/ISIC2018_Task1-2_Training_Input/ISIC_0012357.jpg,data/raw/isic2018/masks/ISIC2018_Task1_Training_GroundTruth/ISIC_0012357_segmentation.png,2000,3008,444155,0.07382895611702128,1197,392,1984,1442,788,1051,0.13766422872340425,0.7497621313035204,False,False,False,False,False,1,1.0
ISIC_0012358,data/raw/isic2018/images/ISIC2018_Task1-2_Training_Input/ISIC_0012358.jpg,data/raw/isic2018/masks/ISIC2018_Task1_Training_GroundTruth/ISIC_0012358_segmentation.png,2000,3008,430463,0.07155302526595744,1175,896,2252,1564,1078,669,0.11987732712765957,1.6113602391629298,False,False,False,False,False,1,1.0
ISIC_0012360,data/raw/isic2018/images/ISIC2018_Task1-2_Training_Input/ISIC_0012360.jpg,data/raw/isic2018/masks/ISIC2018_Task1_Training_GroundTruth/ISIC_0012360_segmentation.png,2000,3008,287191,0.04773786569148936,1340,766,1833,1593,494,828,0.0679906914893617,0.5966183574879227,False,False,False,False,False,1,1.0
ISIC_0012363,data/raw/isic2018/images/ISIC2018_Task1-2_Training_Input/ISIC_0012363.jpg,data/raw/isic2018/masks/ISIC2018_Task1_Training_GroundTruth/ISIC_0012363_segmentation.png,2848,4288,672977,0.05510683393950193,1366,932,2362,2149,997,1218,0.09943692483858796,0.8185550082101807,False,False,False,False,False,1,1.0
ISIC_0012369,data/raw/isic2018/images/ISIC2018_Task1-2_Training_Input/ISIC_0012369.jpg,data/raw/isic2018/masks/ISIC2018_Task1_Training_GroundTruth/ISIC_0012369_segmentation.png,2848,4288,1675182,0.13717255759475097,1398,1032,3026,2353,1629,1322,0.17634281847434177,1.2322239031770046,False,False,False,False,False,1,1.0
ISIC_0012372,data/raw/isic2018/images/ISIC2018_Task1-2_Training_Input/ISIC_0012372.jpg,data/raw/isic2018/masks/ISIC2018_Task1_Training_GroundTruth/ISIC_0012372_segmentation.png,2000,3008,310269,0.05157396941489362,1251,681,1929,1375,679,695,0.07844165558510638,0.9769784172661871,False,False,False,False,False,1,1.0
ISIC_0012374,data/raw/isic2018/images/ISIC2018_Task1-2_Training_Input/ISIC_0012374.jpg,data/raw/isic2018/masks/ISIC2018_Task1_Training_GroundTruth/ISIC_0012374_segmentation.png,2000,3008,251966,0.04188264627659574,1199,657,1880,1296,682,640,0.0725531914893617,1.065625,False,False,False,False,False,1,1.0
ISIC_0012376,data/raw/isic2018/images/ISIC2018_Task1-2_Training_Input/ISIC_0012376.jpg,data/raw/isic2018/masks/ISIC2018_Task1_Training_GroundTruth/ISIC_0012376_segmentation.png,2000,3008,58835,0.009779753989361702,1364,844,1692,1078,329,235,0.0128515625,1.4,False,False,False,False,False,1,1.0
ISIC_0012378,data/raw/isic2018/images/ISIC2018_Task1-2_Training_Input/ISIC_0012378.jpg,data/raw/isic2018/masks/ISIC2018_Task1_Training_GroundTruth/ISIC_0012378_segmentation.png,2000,3008,117680,0.019561170212765957,1387,750,1833,1109,447,360,0.026748670212765956,1.2416666666666667,False,False,False,False,False,1,1.0
ISIC_0012379,data/raw/isic2018/images/ISIC2018_Task1-2_Training_Input/ISIC_0012379.jpg,data/raw/isic2018/masks/ISIC2018_Task1_Training_GroundTruth/ISIC_0012379_segmentation.png,2000,3008,2872805,0.47752742686170213,529,33,2549,1920,2021,1888,0.63425,1.0704449152542372,False,False,False,False,False,1,1.0
ISIC_0012381,data/raw/isic2018/images/ISIC2018_Task1-2_Training_Input/ISIC_0012381.jpg,data/raw/isic2018/masks/ISIC2018_Task1_Training_GroundTruth/ISIC_0012381_segmentation.png,2000,3008,741923,0.12332496675531915,997,567,2204,1355,1208,789,0.15842952127659574,1.5310519645120406,False,False,False,False,False,1,1.0
ISIC_0012382,data/raw/isic2018/images/ISIC2018_Task1-2_Training_Input/ISIC_0012382.jpg,data/raw/isic2018/masks/ISIC2018_Task1_Training_GroundTruth/ISIC_0012382_segmentation.png,2000,3008,2400116,0.3989554521276596,635,63,2444,1718,1810,1656,0.4982313829787234,1.0929951690821256,False,False,False,False,False,1,1.0
ISIC_0012384,data/raw/isic2018/images/ISIC2018_Task1-2_Training_Input/ISIC_0012384.jpg,data/raw/isic2018/masks/ISIC2018_Task1_Training_GroundTruth/ISIC_0012384_segmentation.png,2848,4288,653629,0.05352251973104981,1508,779,2546,1624,1039,846,0.07197657036097602,1.2281323877068557,False,False,False,False,False,1,1.0
ISIC_0012390,data/raw/isic2018/images/ISIC2018_Task1-2_Training_Input/ISIC_0012390.jpg,data/raw/isic2018/masks/ISIC2018_Task1_Training_GroundTruth/ISIC_0012390_segmentation.png,2000,3008,788345,0.13104138962765957,857,614,2387,1371,1531,758,0.19290192819148935,2.019788918205805,False,False,False,False,False,1,1.0
ISIC_0012391,data/raw/isic2018/images/ISIC2018_Task1-2_Training_Input/ISIC_0012391.jpg,data/raw/isic2018/masks/ISIC2018_Task1_Training_GroundTruth/ISIC_0012391_segmentation.png,2000,3008,201526,0.033498337765957446,1345,628,1868,1218,524,591,0.05147672872340425,0.8866328257191202,False,False,False,False,False,1,1.0
ISIC_0012395,data/raw/isic2018/images/ISIC2018_Task1-2_Training_Input/ISIC_0012395.jpg,data/raw/isic2018/masks/ISIC2018_Task1_Training_GroundTruth/ISIC_0012395_segmentation.png,2000,3008,612230,0.10176695478723405,1087,424,2089,1466,1003,1043,0.17389112367021275,0.9616490891658677,False,False,False,False,False,1,1.0
ISIC_0012400,data/raw/isic2018/images/ISIC2018_Task1-2_Training_Input/ISIC_0012400.jpg,data/raw/isic2018/masks/ISIC2018_Task1_Training_GroundTruth/ISIC_0012400_segmentation.png,2848,4288,1669033,0.13666904570371458,1241,861,3217,2045,1977,1185,0.1918360652408603,1.6683544303797468,False,False,False,False,False,1,1.0
ISIC_0012406,data/raw/isic2018/images/ISIC2018_Task1-2_Training_Input/ISIC_0012406.jpg,data/raw/isic2018/masks/ISIC2018_Task1_Training_GroundTruth/ISIC_0012406_segmentation.png,2848,4288,100679,0.008244116714531275,1876,1269,2277,1624,402,356,0.01171875,1.1292134831460674,False,False,False,False,False,1,1.0
ISIC_0012413,data/raw/isic2018/images/ISIC2018_Task1-2_Training_Input/ISIC_0012413.jpg,data/raw/isic2018/masks/ISIC2018_Task1_Training_GroundTruth/ISIC_0012413_segmentation.png,2000,3008,248653,0.04133194813829787,1387,750,1927,1343,541,594,0.05341655585106383,0.9107744107744108,False,False,False,False,False,1,1.0
ISIC_0012415,data/raw/isic2018/images/ISIC2018_Task1-2_Training_Input/ISIC_0012415.jpg,data/raw/isic2018/masks/ISIC2018_Task1_Training_GroundTruth/ISIC_0012415_segmentation.png,2000,3008,89083,0.014807679521276595,1353,832,1717,1152,365,321,0.01947556515957447,1.1370716510903427,False,False,False,False,False,1,1.0
ISIC_0012417,data/raw/isic2018/images/ISIC2018_Task1-2_Training_Input/ISIC_0012417.jpg,data/raw/isic2018/masks/ISIC2018_Task1_Training_GroundTruth/ISIC_0012417_segmentation.png,2848,4288,5936063,0.48607550926022974,804,0,3885,2846,3082,2847,0.7184976299157303,1.0825430277485073,True,False,False,True,False,1,1.0
ISIC_0012425,data/raw/isic2018/images/ISIC2018_Task1-2_Training_Input/ISIC_0012425.jpg,data/raw/isic2018/masks/ISIC2018_Task1_Training_GroundTruth/ISIC_0012425_segmentation.png,2848,4288,207236,0.016969554439879256,1262,811,1896,1361,635,551,0.028650391607622002,1.1524500907441015,False,False,False,False,False,1,1.0
ISIC_0012432,data/raw/isic2018/images/ISIC2018_Task1-2_Training_Input/ISIC_0012432.jpg,data/raw/isic2018/masks/ISIC2018_Task1_Training_GroundTruth/ISIC_0012432_segmentation.png,2000,3008,1049557,0.1744609375,1019,409,2175,1565,1157,1157,0.22251479388297873,1.0,False,False,False,False,False,1,1.0
ISIC_0012434,data/raw/isic2018/images/ISIC2018_Task1-2_Training_Input/ISIC_0012434.jpg,data/raw/isic2018/masks/ISIC2018_Task1_Training_GroundTruth/ISIC_0012434_segmentation.png,2000,3008,225711,0.03751845079787234,1505,829,2091,1312,587,484,0.04722539893617021,1.212809917355372,False,False,False,False,False,1,1.0
ISIC_0012435,data/raw/isic2018/images/ISIC2018_Task1-2_Training_Input/ISIC_0012435.jpg,data/raw/isic2018/masks/ISIC2018_Task1_Training_GroundTruth/ISIC_0012435_segmentation.png,2000,3008,302163,0.0502265625,1270,610,1950,1171,681,562,0.06361735372340425,1.2117437722419928,False,False,False,False,False,1,1.0
ISIC_0012442,data/raw/isic2018/images/ISIC2018_Task1-2_Training_Input/ISIC_0012442.jpg,data/raw/isic2018/masks/ISIC2018_Task1_Training_GroundTruth/ISIC_0012442_segmentation.png,2000,3008,422710,0.07026429521276596,1082,641,1880,1343,799,703,0.0933671875,1.1365576102418207,False,False,False,False,False,1,1.0
ISIC_0012445,data/raw/isic2018/images/ISIC2018_Task1-2_Training_Input/ISIC_0012445.jpg,data/raw/isic2018/masks/ISIC2018_Task1_Training_GroundTruth/ISIC_0012445_segmentation.png,2848,4288,473075,0.038737825313390914,1734,1095,2526,1990,793,896,0.05818170384034882,0.8850446428571429,False,False,False,False,False,1,1.0
ISIC_0012447,data/raw/isic2018/images/ISIC2018_Task1-2_Training_Input/ISIC_0012447.jpg,data/raw/isic2018/masks/ISIC2018_Task1_Training_GroundTruth/ISIC_0012447_segmentation.png,2000,3008,923555,0.15351645611702128,1033,539,2043,1730,1011,1192,0.20031781914893618,0.8481543624161074,False,False,False,False,False,1,1.0
ISIC_0012448,data/raw/isic2018/images/ISIC2018_Task1-2_Training_Input/ISIC_0012448.jpg,data/raw/isic2018/masks/ISIC2018_Task1_Training_GroundTruth/ISIC_0012448_segmentation.png,2000,3008,105436,0.01752593085106383,1296,787,1652,1169,357,383,0.02272789228723404,0.9321148825065274,False,False,False,False,False,1,1.0
ISIC_0012450,data/raw/isic2018/images/ISIC2018_Task1-2_Training_Input/ISIC_0012450.jpg,data/raw/isic2018/masks/ISIC2018_Task1_Training_GroundTruth/ISIC_0012450_segmentation.png,2848,4288,412663,0.03379097861290458,1876,935,2613,1713,738,779,0.04707594619948013,0.9473684210526315,False,False,False,False,False,1,1.0
ISIC_0012453,data/raw/isic2018/images/ISIC2018_Task1-2_Training_Input/ISIC_0012453.jpg,data/raw/isic2018/masks/ISIC2018_Task1_Training_GroundTruth/ISIC_0012453_segmentation.png,2848,4288,442946,0.03627070712099614,1910,1313,2713,2024,804,712,0.046875,1.1292134831460674,False,False,False,False,False,1,1.0
ISIC_0012455,data/raw/isic2018/images/ISIC2018_Task1-2_Training_Input/ISIC_0012455.jpg,data/raw/isic2018/masks/ISIC2018_Task1_Training_GroundTruth/ISIC_0012455_segmentation.png,2000,3008,327410,0.054423204787234045,1246,532,2044,1062,799,531,0.0705234375,1.5047080979284368,False,False,False,False,False,1,1.0
ISIC_0012464,data/raw/isic2018/images/ISIC2018_Task1-2_Training_Input/ISIC_0012464.jpg,data/raw/isic2018/masks/ISIC2018_Task1_Training_GroundTruth/ISIC_0012464_segmentation.png,2848,4288,341971,0.02800235239707362,1719,936,2380,1602,662,667,0.0361567229687238,0.992503748125937,False,False,False,False,False,1,1.0
ISIC_0012469,data/raw/isic2018/images/ISIC2018_Task1-2_Training_Input/ISIC_0012469.jpg,data/raw/isic2018/masks/ISIC2018_Task1_Training_GroundTruth/ISIC_0012469_segmentation.png,2848,4288,2834637,0.23211472373909944,1137,319,3140,2382,2004,2064,0.33869801274526246,0.9709302325581395,False,False,False,False,False,1,1.0
ISIC_0012473,data/raw/isic2018/images/ISIC2018_Task1-2_Training_Input/ISIC_0012473.jpg,data/raw/isic2018/masks/ISIC2018_Task1_Training_GroundTruth/ISIC_0012473_segmentation.png,2848,4288,1922558,0.15742898263248364,1105,926,3062,2591,1958,1666,0.26711170708955223,1.1752701080432173,False,False,False,False,False,1,1.0
ISIC_0012475,data/raw/isic2018/images/ISIC2018_Task1-2_Training_Input/ISIC_0012475.jpg,data/raw/isic2018/masks/ISIC2018_Task1_Training_GroundTruth/ISIC_0012475_segmentation.png,2848,4288,1368055,0.11202341195182794,1105,956,2649,2311,1545,1356,0.17155106227989267,1.1393805309734513,False,False,False,False,False,1,1.0
ISIC_0012478,data/raw/isic2018/images/ISIC2018_Task1-2_Training_Input/ISIC_0012478.jpg,data/raw/isic2018/masks/ISIC2018_Task1_Training_GroundTruth/ISIC_0012478_segmentation.png,2848,4288,1576586,0.1290990076827939,1608,712,3082,2136,1475,1425,0.17211238509873386,1.0350877192982457,False,False,False,False,False,1,1.0
ISIC_0012481,data/raw/isic2018/images/ISIC2018_Task1-2_Training_Input/ISIC_0012481.jpg,data/raw/isic2018/masks/ISIC2018_Task1_Training_GroundTruth/ISIC_0012481_segmentation.png,2848,4288,93590,0.007663632766644306,1998,1391,2331,1786,334,396,0.01083045970987758,0.8434343434343434,False,False,False,False,False,1,1.0
ISIC_0012484,data/raw/isic2018/images/ISIC2018_Task1-2_Training_Input/ISIC_0012484.jpg,data/raw/isic2018/masks/ISIC2018_Task1_Training_GroundTruth/ISIC_0012484_segmentation.png,2848,4288,1453253,0.11899986439816368,1405,792,2787,2198,1383,1407,0.15933879037921347,0.9829424307036247,False,False,False,False,False,1,1.0
ISIC_0012487,data/raw/isic2018/images/ISIC2018_Task1-2_Training_Input/ISIC_0012487.jpg,data/raw/isic2018/masks/ISIC2018_Task1_Training_GroundTruth/ISIC_0012487_segmentation.png,2000,3008,291447,0.0484453125,1085,691,1882,1398,798,708,0.09391356382978723,1.1271186440677967,False,False,False,False,False,1,1.0
ISIC_0012489,data/raw/isic2018/images/ISIC2018_Task1-2_Training_Input/ISIC_0012489.jpg,data/raw/isic2018/masks/ISIC2018_Task1_Training_GroundTruth/ISIC_0012489_segmentation.png,2848,4288,1597028,0.1307729042637934,1720,638,3068,2266,1349,1629,0.1799443737684471,0.8281154082259055,False,False,False,False,False,1,1.0
ISIC_0012493,data/raw/isic2018/images/ISIC2018_Task1-2_Training_Input/ISIC_0012493.jpg,data/raw/isic2018/masks/ISIC2018_Task1_Training_GroundTruth/ISIC_0012493_segmentation.png,2848,4288,887807,0.07269822433653363,1815,769,3125,1651,1311,883,0.0947913336669881,1.4847112117780294,False,False,False,False,False,1,1.0
ISIC_0012494,data/raw/isic2018/images/ISIC2018_Task1-2_Training_Input/ISIC_0012494.jpg,data/raw/isic2018/masks/ISIC2018_Task1_Training_GroundTruth/ISIC_0012494_segmentation.png,2848,4288,1017588,0.08332536317709206,1768,607,3030,1706,1263,1100,0.11376306232181788,1.1481818181818182,False,False,False,False,False,1,1.0
ISIC_0012495,data/raw/isic2018/images/ISIC2018_Task1-2_Training_Input/ISIC_0012495.jpg,data/raw/isic2018/masks/ISIC2018_Task1_Training_GroundTruth/ISIC_0012495_segmentation.png,2848,4288,305976,0.025054895815864498,1843,868,2479,1513,637,646,0.033695909934177426,0.9860681114551083,False,False,False,False,False,1,1.0
ISIC_0012496,data/raw/isic2018/images/ISIC2018_Task1-2_Training_Input/ISIC_0012496.jpg,data/raw/isic2018/masks/ISIC2018_Task1_Training_GroundTruth/ISIC_0012496_segmentation.png,2848,4288,634143,0.05192690536957069,1508,801,2479,1668,972,868,0.06908618774106993,1.119815668202765,False,False,False,False,False,1,1.0
ISIC_0012503,data/raw/isic2018/images/ISIC2018_Task1-2_Training_Input/ISIC_0012503.jpg,data/raw/isic2018/masks/ISIC2018_Task1_Training_GroundTruth/ISIC_0012503_segmentation.png,2848,4288,573651,0.04697350785573537,1608,1291,2680,2158,1073,868,0.0762648965495556,1.2361751152073732,False,False,False,False,False,1,1.0
ISIC_0012506,data/raw/isic2018/images/ISIC2018_Task1-2_Training_Input/ISIC_0012506.jpg,data/raw/isic2018/masks/ISIC2018_Task1_Training_GroundTruth/ISIC_0012506_segmentation.png,2848,4288,213975,0.017521378579364415,1608,1291,2177,1780,570,490,0.02287052710464531,1.163265306122449,False,False,False,False,False,1,1.0
ISIC_0012508,data/raw/isic2018/images/ISIC2018_Task1-2_Training_Input/ISIC_0012508.jpg,data/raw/isic2018/masks/ISIC2018_Task1_Training_GroundTruth/ISIC_0012508_segmentation.png,2848,4288,688716,0.05639562458074795,469,868,1641,1691,1173,824,0.07914627180110682,1.4235436893203883,False,False,False,False,False,1,1.0
ISIC_0012510,data/raw/isic2018/images/ISIC2018_Task1-2_Training_Input/ISIC_0012510.jpg,data/raw/isic2018/masks/ISIC2018_Task1_Training_GroundTruth/ISIC_0012510_segmentation.png,2848,4288,11324192,0.9272833515009223,13,0,4228,2832,4216,2833,0.9780305372715077,1.4881750794211084,True,False,False,True,False,1,1.0
ISIC_0012511,data/raw/isic2018/images/ISIC2018_Task1-2_Training_Input/ISIC_0012511.jpg,data/raw/isic2018/masks/ISIC2018_Task1_Training_GroundTruth/ISIC_0012511_segmentation.png,2848,4288,643702,0.05270964567960758,1307,1647,2479,2336,1173,690,0.06627539750335401,1.7,False,False,False,False,False,1,1.0
ISIC_0012512,data/raw/isic2018/images/ISIC2018_Task1-2_Training_Input/ISIC_0012512.jpg,data/raw/isic2018/masks/ISIC2018_Task1_Training_GroundTruth/ISIC_0012512_segmentation.png,2848,4288,1183544,0.09691469792889486,1305,760,2527,2343,1223,1584,0.1586305655710213,0.7720959595959596,False,False,False,False,False,1,1.0
ISIC_0012516,data/raw/isic2018/images/ISIC2018_Task1-2_Training_Input/ISIC_0012516.jpg,data/raw/isic2018/masks/ISIC2018_Task1_Training_GroundTruth/ISIC_0012516_segmentation.png,2848,4288,1435695,0.1175621246383951,1307,468,2847,1824,1541,1357,0.1712331021769663,1.1355932203389831,False,False,False,False,False,1,1.0
ISIC_0012517,data/raw/isic2018/images/ISIC2018_Task1-2_Training_Input/ISIC_0012517.jpg,data/raw/isic2018/masks/ISIC2018_Task1_Training_GroundTruth/ISIC_0012517_segmentation.png,2848,4288,1310254,0.10729036742201911,1505,502,2771,1909,1267,1408,0.14607789703169546,0.8998579545454546,False,False,False,False,False,1,1.0
ISIC_0012518,data/raw/isic2018/images/ISIC2018_Task1-2_Training_Input/ISIC_0012518.jpg,data/raw/isic2018/masks/ISIC2018_Task1_Training_GroundTruth/ISIC_0012518_segmentation.png,2848,4288,1798761,0.14729184463042932,629,532,2336,2258,1708,1727,0.2415379868564481,0.9889982628836133,False,False,False,False,False,1,1.0
ISIC_0012520,data/raw/isic2018/images/ISIC2018_Task1-2_Training_Input/ISIC_0012520.jpg,data/raw/isic2018/masks/ISIC2018_Task1_Training_GroundTruth/ISIC_0012520_segmentation.png,2848,4288,622473,0.05097130547228744,1340,1135,2445,1958,1106,824,0.074625555508972,1.3422330097087378,False,False,False,False,False,1,1.0
ISIC_0012521,data/raw/isic2018/images/ISIC2018_Task1-2_Training_Input/ISIC_0012521.jpg,data/raw/isic2018/masks/ISIC2018_Task1_Training_GroundTruth/ISIC_0012521_segmentation.png,2848,4288,829381,0.06791400157743585,1575,824,2713,1824,1139,1001,0.09336047226123595,1.1378621378621379,False,False,False,False,False,1,1.0
ISIC_0012523,data/raw/isic2018/images/ISIC2018_Task1-2_Training_Input/ISIC_0012523.jpg,data/raw/isic2018/masks/ISIC2018_Task1_Training_GroundTruth/ISIC_0012523_segmentation.png,2848,4288,71454,0.005851022712980044,2117,1380,2467,1714,351,335,0.009628467345505619,1.0477611940298508,False,False,False,False,False,1,1.0
ISIC_0012526,data/raw/isic2018/images/ISIC2018_Task1-2_Training_Input/ISIC_0012526.jpg,data/raw/isic2018/masks/ISIC2018_Task1_Training_GroundTruth/ISIC_0012526_segmentation.png,2848,4288,617793,0.050588082891371795,1809,735,2814,1579,1006,845,0.06960812379465034,1.1905325443786983,False,False,False,False,False,1,1.0
ISIC_0012529,data/raw/isic2018/images/ISIC2018_Task1-2_Training_Input/ISIC_0012529.jpg,data/raw/isic2018/masks/ISIC2018_Task1_Training_GroundTruth/ISIC_0012529_segmentation.png,2848,4288,278374,0.022794701440130807,1977,1091,2512,1757,536,667,0.0292749297752809,0.8035982008995503,False,False,False,False,False,1,1.0
ISIC_0012538,data/raw/isic2018/images/ISIC2018_Task1-2_Training_Input/ISIC_0012538.jpg,data/raw/isic2018/masks/ISIC2018_Task1_Training_GroundTruth/ISIC_0012538_segmentation.png,2848,4288,273727,0.022414181069721616,1675,1425,2412,1980,738,556,0.03359977674828107,1.3273381294964028,False,False,False,False,False,1,1.0
ISIC_0012539,data/raw/isic2018/images/ISIC2018_Task1-2_Training_Input/ISIC_0012539.jpg,data/raw/isic2018/masks/ISIC2018_Task1_Training_GroundTruth/ISIC_0012539_segmentation.png,2848,4288,235593,0.019291572116593995,1809,1158,2412,1668,604,511,0.025273365441053162,1.181996086105675,False,False,False,False,False,1,1.0
ISIC_0012544,data/raw/isic2018/images/ISIC2018_Task1-2_Training_Input/ISIC_0012544.jpg,data/raw/isic2018/masks/ISIC2018_Task1_Training_GroundTruth/ISIC_0012544_segmentation.png,2848,4288,64141,0.005252196487715915,2044,1180,2311,1468,268,289,0.006342169943820225,0.9273356401384083,False,False,False,False,False,1,1.0
ISIC_0012547,data/raw/isic2018/images/ISIC2018_Task1-2_Training_Input/ISIC_0012547.jpg,data/raw/isic2018/masks/ISIC2018_Task1_Training_GroundTruth/ISIC_0012547_segmentation.png,2848,4288,572681,0.04689407924387892,1742,1046,2646,1891,905,846,0.06269374030479624,1.0697399527186762,False,False,False,False,False,1,1.0
ISIC_0012548,data/raw/isic2018/images/ISIC2018_Task1-2_Training_Input/ISIC_0012548.jpg,data/raw/isic2018/masks/ISIC2018_Task1_Training_GroundTruth/ISIC_0012548_segmentation.png,2848,4288,3246314,0.26582496357747776,1021,332,3067,2375,2047,2044,0.34261310634328357,1.00146771037182,False,False,False,False,False,1,1.0
ISIC_0012549,data/raw/isic2018/images/ISIC2018_Task1-2_Training_Input/ISIC_0012549.jpg,data/raw/isic2018/masks/ISIC2018_Task1_Training_GroundTruth/ISIC_0012549_segmentation.png,2848,4288,618443,0.0506413082498323,1608,1113,2546,2002,939,890,0.06843225279850747,1.0550561797752809,False,False,False,False,False,1,1.0
ISIC_0012550,data/raw/isic2018/images/ISIC2018_Task1-2_Training_Input/ISIC_0012550.jpg,data/raw/isic2018/masks/ISIC2018_Task1_Training_GroundTruth/ISIC_0012550_segmentation.png,2848,4288,523403,0.04285894199123763,1508,1158,2412,2047,905,890,0.06595440764925373,1.0168539325842696,False,False,False,False,False,1,1.0
ISIC_0012551,data/raw/isic2018/images/ISIC2018_Task1-2_Training_Input/ISIC_0012551.jpg,data/raw/isic2018/masks/ISIC2018_Task1_Training_GroundTruth/ISIC_0012551_segmentation.png,2848,4288,394035,0.032265621724593324,1438,704,2268,1465,831,762,0.051851489130890493,1.0905511811023623,False,False,False,False,False,1,1.0
ISIC_0012653,data/raw/isic2018/images/ISIC2018_Task1-2_Training_Input/ISIC_0012653.jpg,data/raw/isic2018/masks/ISIC2018_Task1_Training_GroundTruth/ISIC_0012653_segmentation.png,1536,2304,149616,0.042277018229166664,1224,624,1583,1152,360,529,0.053812662760416664,0.6805293005671077,False,False,False,False,False,1,1.0
ISIC_0012654,data/raw/isic2018/images/ISIC2018_Task1-2_Training_Input/ISIC_0012654.jpg,data/raw/isic2018/masks/ISIC2018_Task1_Training_GroundTruth/ISIC_0012654_segmentation.png,1536,2304,73331,0.020721152976707177,869,662,1256,968,388,307,0.033658628110532406,1.263843648208469,False,False,False,False,False,1,1.0
ISIC_0012655,data/raw/isic2018/images/ISIC2018_Task1-2_Training_Input/ISIC_0012655.jpg,data/raw/isic2018/masks/ISIC2018_Task1_Training_GroundTruth/ISIC_0012655_segmentation.png,1536,2304,62640,0.0177001953125,1080,552,1331,851,252,300,0.0213623046875,0.84,False,False,False,False,False,1,1.0
ISIC_0012656,data/raw/isic2018/images/ISIC2018_Task1-2_Training_Input/ISIC_0012656.jpg,data/raw/isic2018/masks/ISIC2018_Task1_Training_GroundTruth/ISIC_0012656_segmentation.png,1536,2304,306297,0.08655039469401042,732,441,1425,1079,694,639,0.12531026204427084,1.086071987480438,False,False,False,False,False,1,1.0
ISIC_0012657,data/raw/isic2018/images/ISIC2018_Task1-2_Training_Input/ISIC_0012657.jpg,data/raw/isic2018/masks/ISIC2018_Task1_Training_GroundTruth/ISIC_0012657_segmentation.png,1536,2304,89064,0.025166829427083332,972,672,1331,1020,360,349,0.035502115885416664,1.0315186246418337,False,False,False,False,False,1,1.0
ISIC_0012658,data/raw/isic2018/images/ISIC2018_Task1-2_Training_Input/ISIC_0012658.jpg,data/raw/isic2018/masks/ISIC2018_Task1_Training_GroundTruth/ISIC_0012658_segmentation.png,1536,2304,350352,0.0989990234375,720,397,1403,1044,684,648,0.125244140625,1.0555555555555556,False,False,False,False,False,1,1.0
ISIC_0012659,data/raw/isic2018/images/ISIC2018_Task1-2_Training_Input/ISIC_0012659.jpg,data/raw/isic2018/masks/ISIC2018_Task1_Training_GroundTruth/ISIC_0012659_segmentation.png,1536,2304,45360,0.0128173828125,1044,588,1241,863,198,276,0.01544189453125,0.717391304347826,False,False,False,False,False,1,1.0
ISIC_0012660,data/raw/isic2018/images/ISIC2018_Task1-2_Training_Input/ISIC_0012660.jpg,data/raw/isic2018/masks/ISIC2018_Task1_Training_GroundTruth/ISIC_0012660_segmentation.png,1536,2304,211341,0.05971866183810764,1044,397,1600,995,557,599,0.09427755850332754,0.9298831385642737,False,False,False,False,False,1,1.0
ISIC_0012661,data/raw/isic2018/images/ISIC2018_Task1-2_Training_Input/ISIC_0012661.jpg,data/raw/isic2018/masks/ISIC2018_Task1_Training_GroundTruth/ISIC_0012661_segmentation.png,1536,2304,357822,0.10110982259114583,719,478,1534,1054,816,577,0.13304307725694445,1.41421143847487,False,False,False,False,False,1,1.0
ISIC_0012662,data/raw/isic2018/images/ISIC2018_Task1-2_Training_Input/ISIC_0012662.jpg,data/raw/isic2018/masks/ISIC2018_Task1_Training_GroundTruth/ISIC_0012662_segmentation.png,2000,3008,52900,0.008793218085106382,1413,827,1675,1153,263,327,0.014295378989361703,0.8042813455657493,False,False,False,False,False,1,1.0
ISIC_0012663,data/raw/isic2018/images/ISIC2018_Task1-2_Training_Input/ISIC_0012663.jpg,data/raw/isic2018/masks/ISIC2018_Task1_Training_GroundTruth/ISIC_0012663_segmentation.png,2000,3008,154629,0.025702958776595744,1246,813,1739,1234,494,422,0.03465226063829787,1.1706161137440758,False,False,False,False,False,1,1.0
ISIC_0012664,data/raw/isic2018/images/ISIC2018_Task1-2_Training_Input/ISIC_0012664.jpg,data/raw/isic2018/masks/ISIC2018_Task1_Training_GroundTruth/ISIC_0012664_segmentation.png,2000,3008,429033,0.07131532579787234,1176,657,1927,1421,752,765,0.095625,0.9830065359477124,False,False,False,False,False,1,1.0
ISIC_0012665,data/raw/isic2018/images/ISIC2018_Task1-2_Training_Input/ISIC_0012665.jpg,data/raw/isic2018/masks/ISIC2018_Task1_Training_GroundTruth/ISIC_0012665_segmentation.png,2000,3008,62526,0.010393284574468085,1387,969,1739,1203,353,235,0.0137890625,1.5021276595744681,False,False,False,False,False,1,1.0
ISIC_0012666,data/raw/isic2018/images/ISIC2018_Task1-2_Training_Input/ISIC_0012666.jpg,data/raw/isic2018/masks/ISIC2018_Task1_Training_GroundTruth/ISIC_0012666_segmentation.png,2000,3008,80817,0.013433676861702128,1364,829,1692,1140,329,312,0.0170625,1.0544871794871795,False,False,False,False,False,1,1.0
ISIC_0012669,data/raw/isic2018/images/ISIC2018_Task1-2_Training_Input/ISIC_0012669.jpg,data/raw/isic2018/masks/ISIC2018_Task1_Training_GroundTruth/ISIC_0012669_segmentation.png,2000,3008,169369,0.02815309175531915,1250,801,1767,1231,518,431,0.03711070478723404,1.2018561484918793,False,False,False,False,False,1,1.0
ISIC_0012670,data/raw/isic2018/images/ISIC2018_Task1-2_Training_Input/ISIC_0012670.jpg,data/raw/isic2018/masks/ISIC2018_Task1_Training_GroundTruth/ISIC_0012670_segmentation.png,2000,3008,169806,0.028225731382978722,1226,600,1733,1131,508,532,0.04492287234042553,0.9548872180451128,False,False,False,False,False,1,1.0
ISIC_0012671,data/raw/isic2018/images/ISIC2018_Task1-2_Training_Input/ISIC_0012671.jpg,data/raw/isic2018/masks/ISIC2018_Task1_Training_GroundTruth/ISIC_0012671_segmentation.png,2000,3008,774948,0.12881449468085107,992,433,2010,1518,1019,1086,0.18394847074468085,0.9383057090239411,False,False,False,False,False,1,1.0
ISIC_0012672,data/raw/isic2018/images/ISIC2018_Task1-2_Training_Input/ISIC_0012672.jpg,data/raw/isic2018/masks/ISIC2018_Task1_Training_GroundTruth/ISIC_0012672_segmentation.png,2000,3008,438932,0.07296077127659574,1011,641,1974,1265,964,625,0.1001496010638298,1.5424,False,False,False,False,False,1,1.0
ISIC_0012673,data/raw/isic2018/images/ISIC2018_Task1-2_Training_Input/ISIC_0012673.jpg,data/raw/isic2018/masks/ISIC2018_Task1_Training_GroundTruth/ISIC_0012673_segmentation.png,2000,3008,438172,0.0728344414893617,1011,641,1974,1265,964,625,0.1001496010638298,1.5424,False,False,False,False,False,1,1.0
ISIC_0012674,data/raw/isic2018/images/ISIC2018_Task1-2_Training_Input/ISIC_0012674.jpg,data/raw/isic2018/masks/ISIC2018_Task1_Training_GroundTruth/ISIC_0012674_segmentation.png,2000,3008,522515,0.08685422207446808,1129,610,2091,1406,963,797,0.12757829122340425,1.2082810539523212,False,False,False,False,False,1,1.0
ISIC_0012675,data/raw/isic2018/images/ISIC2018_Task1-2_Training_Input/ISIC_0012675.jpg,data/raw/isic2018/masks/ISIC2018_Task1_Training_GroundTruth/ISIC_0012675_segmentation.png,2000,3008,136270,0.02265126329787234,1340,735,1715,1203,376,469,0.0293125,0.8017057569296375,False,False,False,False,False,1,1.0
ISIC_0012676,data/raw/isic2018/images/ISIC2018_Task1-2_Training_Input/ISIC_0012676.jpg,data/raw/isic2018/masks/ISIC2018_Task1_Training_GroundTruth/ISIC_0012676_segmentation.png,2000,3008,89301,0.014843916223404256,1317,875,1668,1203,352,329,0.01925,1.0699088145896656,False,False,False,False,False,1,1.0
ISIC_0012677,data/raw/isic2018/images/ISIC2018_Task1-2_Training_Input/ISIC_0012677.jpg,data/raw/isic2018/masks/ISIC2018_Task1_Training_GroundTruth/ISIC_0012677_segmentation.png,2000,3008,62080,0.010319148936170213,1317,844,1621,1109,305,266,0.013485704787234043,1.1466165413533835,False,False,False,False,False,1,1.0
ISIC_0012678,data/raw/isic2018/images/ISIC2018_Task1-2_Training_Input/ISIC_0012678.jpg,data/raw/isic2018/masks/ISIC2018_Task1_Training_GroundTruth/ISIC_0012678_segmentation.png,2000,3008,399593,0.06642170877659574,1223,625,1927,1484,705,860,0.10078125,0.8197674418604651,False,False,False,False,False,1,1.0
ISIC_0012679,data/raw/isic2018/images/ISIC2018_Task1-2_Training_Input/ISIC_0012679.jpg,data/raw/isic2018/masks/ISIC2018_Task1_Training_GroundTruth/ISIC_0012679_segmentation.png,2000,3008,73171,0.012162732712765958,1387,844,1668,1156,282,313,0.014671875,0.9009584664536742,False,False,False,False,False,1,1.0
ISIC_0012680,data/raw/isic2018/images/ISIC2018_Task1-2_Training_Input/ISIC_0012680.jpg,data/raw/isic2018/masks/ISIC2018_Task1_Training_GroundTruth/ISIC_0012680_segmentation.png,2000,3008,267337,0.044437666223404254,1270,688,1856,1265,587,578,0.056397273936170216,1.0155709342560553,False,False,False,False,False,1,1.0
ISIC_0012681,data/raw/isic2018/images/ISIC2018_Task1-2_Training_Input/ISIC_0012681.jpg,data/raw/isic2018/masks/ISIC2018_Task1_Training_GroundTruth/ISIC_0012681_segmentation.png,2000,3008,89277,0.014839926861702128,1340,860,1692,1187,353,328,0.019246010638297874,1.076219512195122,False,False,False,False,False,1,1.0
ISIC_0012682,data/raw/isic2018/images/ISIC2018_Task1-2_Training_Input/ISIC_0012682.jpg,data/raw/isic2018/masks/ISIC2018_Task1_Training_GroundTruth/ISIC_0012682_segmentation.png,2000,3008,48081,0.0079921875,1434,875,1715,1093,282,219,0.010265625,1.2876712328767124,False,False,False,False,False,1,1.0
ISIC_0012683,data/raw/isic2018/images/ISIC2018_Task1-2_Training_Input/ISIC_0012683.jpg,data/raw/isic2018/masks/ISIC2018_Task1_Training_GroundTruth/ISIC_0012683_segmentation.png,2000,3008,37467,0.006227892287234043,1387,797,1598,999,212,203,0.007153590425531915,1.0443349753694582,False,False,False,False,False,1,1.0
ISIC_0012684,data/raw/isic2018/images/ISIC2018_Task1-2_Training_Input/ISIC_0012684.jpg,data/raw/isic2018/masks/ISIC2018_Task1_Training_GroundTruth/ISIC_0012684_segmentation.png,2000,3008,859388,0.14285039893617021,1011,282,1950,1500,940,1219,0.19046875,0.771123872026251,False,False,False,False,False,1,1.0
ISIC_0012685,data/raw/isic2018/images/ISIC2018_Task1-2_Training_Input/ISIC_0012685.jpg,data/raw/isic2018/masks/ISIC2018_Task1_Training_GroundTruth/ISIC_0012685_segmentation.png,2000,3008,247925,0.0412109375,1246,688,1833,1234,588,547,0.05346343085106383,1.0749542961608776,False,False,False,False,False,1,1.0
ISIC_0012690,data/raw/isic2018/images/ISIC2018_Task1-2_Training_Input/ISIC_0012690.jpg,data/raw/isic2018/masks/ISIC2018_Task1_Training_GroundTruth/ISIC_0012690_segmentation.png,2000,3008,394040,0.06549867021276595,1223,547,1809,1468,587,922,0.0899624335106383,0.6366594360086768,False,False,False,False,False,1,1.0
ISIC_0012693,data/raw/isic2018/images/ISIC2018_Task1-2_Training_Input/ISIC_0012693.jpg,data/raw/isic2018/masks/ISIC2018_Task1_Training_GroundTruth/ISIC_0012693_segmentation.png,2000,3008,227778,0.03786203457446809,1199,641,1739,1187,541,547,0.04918999335106383,0.9890310786106032,False,False,False,False,False,1,1.0
ISIC_0012697,data/raw/isic2018/images/ISIC2018_Task1-2_Training_Input/ISIC_0012697.jpg,data/raw/isic2018/masks/ISIC2018_Task1_Training_GroundTruth/ISIC_0012697_segmentation.png,2000,3008,192756,0.0320405585106383,1270,672,1668,1265,399,594,0.03939594414893617,0.6717171717171717,False,False,False,False,False,1,1.0
ISIC_0012699,data/raw/isic2018/images/ISIC2018_Task1-2_Training_Input/ISIC_0012699.jpg,data/raw/isic2018/masks/ISIC2018_Task1_Training_GroundTruth/ISIC_0012699_segmentation.png,2000,3008,180644,0.030027260638297873,1317,688,1786,1187,470,500,0.0390625,0.94,False,False,False,False,False,1,1.0
ISIC_0012700,data/raw/isic2018/images/ISIC2018_Task1-2_Training_Input/ISIC_0012700.jpg,data/raw/isic2018/masks/ISIC2018_Task1_Training_GroundTruth/ISIC_0012700_segmentation.png,2000,3008,226681,0.0376796875,1158,669,1817,1192,660,524,0.05748670212765957,1.2595419847328244,False,False,False,False,False,1,1.0
ISIC_0012701,data/raw/isic2018/images/ISIC2018_Task1-2_Training_Input/ISIC_0012701.jpg,data/raw/isic2018/masks/ISIC2018_Task1_Training_GroundTruth/ISIC_0012701_segmentation.png,2000,3008,110521,0.01837117686170213,1364,750,1739,1187,376,438,0.027375,0.8584474885844748,False,False,False,False,False,1,1.0
ISIC_0012702,data/raw/isic2018/images/ISIC2018_Task1-2_Training_Input/ISIC_0012702.jpg,data/raw/isic2018/masks/ISIC2018_Task1_Training_GroundTruth/ISIC_0012702_segmentation.png,2000,3008,67468,0.011214760638297872,1411,834,1740,1105,330,272,0.014920212765957447,1.213235294117647,False,False,False,False,False,1,1.0
ISIC_0012704,data/raw/isic2018/images/ISIC2018_Task1-2_Training_Input/ISIC_0012704.jpg,data/raw/isic2018/masks/ISIC2018_Task1_Training_GroundTruth/ISIC_0012704_segmentation.png,2000,3008,160896,0.02674468085106383,1270,782,1739,1234,470,453,0.035390625,1.0375275938189845,False,False,False,False,False,1,1.0
ISIC_0012705,data/raw/isic2018/images/ISIC2018_Task1-2_Training_Input/ISIC_0012705.jpg,data/raw/isic2018/masks/ISIC2018_Task1_Training_GroundTruth/ISIC_0012705_segmentation.png,2000,3008,87129,0.014482878989361701,1236,786,1741,1231,506,446,0.037512632978723405,1.1345291479820627,False,False,False,False,False,1,1.0
ISIC_0012706,data/raw/isic2018/images/ISIC2018_Task1-2_Training_Input/ISIC_0012706.jpg,data/raw/isic2018/masks/ISIC2018_Task1_Training_GroundTruth/ISIC_0012706_segmentation.png,2000,3008,493210,0.08198304521276596,1066,513,1803,1401,738,889,0.1090561835106383,0.8301462317210349,False,False,False,False,False,1,1.0
ISIC_0012708,data/raw/isic2018/images/ISIC2018_Task1-2_Training_Input/ISIC_0012708.jpg,data/raw/isic2018/masks/ISIC2018_Task1_Training_GroundTruth/ISIC_0012708_segmentation.png,2000,3008,395012,0.06566023936170212,1093,607,1860,1375,768,769,0.09817021276595744,0.9986996098829649,False,False,False,False,False,1,1.0
ISIC_0012710,data/raw/isic2018/images/ISIC2018_Task1-2_Training_Input/ISIC_0012710.jpg,data/raw/isic2018/masks/ISIC2018_Task1_Training_GroundTruth/ISIC_0012710_segmentation.png,2000,3008,70884,0.011782579787234043,1364,829,1645,1156,282,328,0.015375,0.8597560975609756,False,False,False,False,False,1,1.0
ISIC_0012711,data/raw/isic2018/images/ISIC2018_Task1-2_Training_Input/ISIC_0012711.jpg,data/raw/isic2018/masks/ISIC2018_Task1_Training_GroundTruth/ISIC_0012711_segmentation.png,2000,3008,78945,0.01312250664893617,1317,844,1645,1140,329,297,0.0162421875,1.1077441077441077,False,False,False,False,False,1,1.0
ISIC_0012713,data/raw/isic2018/images/ISIC2018_Task1-2_Training_Input/ISIC_0012713.jpg,data/raw/isic2018/masks/ISIC2018_Task1_Training_GroundTruth/ISIC_0012713_segmentation.png,2000,3008,61516,0.010225398936170213,1392,814,1691,1139,300,326,0.016256648936170213,0.9202453987730062,False,False,False,False,False,1,1.0
ISIC_0012715,data/raw/isic2018/images/ISIC2018_Task1-2_Training_Input/ISIC_0012715.jpg,data/raw/isic2018/masks/ISIC2018_Task1_Training_GroundTruth/ISIC_0012715_segmentation.png,2000,3008,1426085,0.2370487034574468,415,406,1995,1725,1581,1320,0.34689494680851063,1.1977272727272728,False,False,False,False,False,1,1.0
ISIC_0012719,data/raw/isic2018/images/ISIC2018_Task1-2_Training_Input/ISIC_0012719.jpg,data/raw/isic2018/masks/ISIC2018_Task1_Training_GroundTruth/ISIC_0012719_segmentation.png,2000,3008,553150,0.09194647606382979,1129,532,2044,1437,916,906,0.13794813829787234,1.011037527593819,False,False,False,False,False,1,1.0
ISIC_0012720,data/raw/isic2018/images/ISIC2018_Task1-2_Training_Input/ISIC_0012720.jpg,data/raw/isic2018/masks/ISIC2018_Task1_Training_GroundTruth/ISIC_0012720_segmentation.png,2000,3008,980396,0.16296476063829787,800,469,1903,1765,1104,1297,0.23801329787234043,0.851195065535852,False,False,False,False,False,1,1.0
ISIC_0012721,data/raw/isic2018/images/ISIC2018_Task1-2_Training_Input/ISIC_0012721.jpg,data/raw/isic2018/masks/ISIC2018_Task1_Training_GroundTruth/ISIC_0012721_segmentation.png,2000,3008,721958,0.1200063164893617,941,516,1927,1531,987,1016,0.1666875,0.9714566929133859,False,False,False,False,False,1,1.0
ISIC_0012722,data/raw/isic2018/images/ISIC2018_Task1-2_Training_Input/ISIC_0012722.jpg,data/raw/isic2018/masks/ISIC2018_Task1_Training_GroundTruth/ISIC_0012722_segmentation.png,2000,3008,79860,0.013274601063829787,1351,815,1686,1157,336,343,0.01915691489361702,0.9795918367346939,False,False,False,False,False,1,1.0
ISIC_0012725,data/raw/isic2018/images/ISIC2018_Task1-2_Training_Input/ISIC_0012725.jpg,data/raw/isic2018/masks/ISIC2018_Task1_Training_GroundTruth/ISIC_0012725_segmentation.png,2000,3008,157459,0.026173371010638297,1317,704,1715,1187,399,484,0.03210039893617021,0.8243801652892562,False,False,False,False,False,1,1.0
ISIC_0012726,data/raw/isic2018/images/ISIC2018_Task1-2_Training_Input/ISIC_0012726.jpg,data/raw/isic2018/masks/ISIC2018_Task1_Training_GroundTruth/ISIC_0012726_segmentation.png,2000,3008,96945,0.016114527925531915,1293,766,1692,1062,400,297,0.019747340425531914,1.3468013468013469,False,False,False,False,False,1,1.0
ISIC_0012735,data/raw/isic2018/images/ISIC2018_Task1-2_Training_Input/ISIC_0012735.jpg,data/raw/isic2018/masks/ISIC2018_Task1_Training_GroundTruth/ISIC_0012735_segmentation.png,2000,3008,167053,0.02776811835106383,1176,704,1668,1140,493,437,0.03581133643617021,1.1281464530892449,False,False,False,False,False,1,1.0
ISIC_0012737,data/raw/isic2018/images/ISIC2018_Task1-2_Training_Input/ISIC_0012737.jpg,data/raw/isic2018/masks/ISIC2018_Task1_Training_GroundTruth/ISIC_0012737_segmentation.png,2000,3008,366600,0.0609375,1105,672,1856,1281,752,610,0.07625,1.2327868852459016,False,False,False,False,False,1,1.0
ISIC_0012739,data/raw/isic2018/images/ISIC2018_Task1-2_Training_Input/ISIC_0012739.jpg,data/raw/isic2018/masks/ISIC2018_Task1_Training_GroundTruth/ISIC_0012739_segmentation.png,2000,3008,80808,0.013432180851063829,1364,860,1692,1156,329,297,0.0162421875,1.1077441077441077,False,False,False,False,False,1,1.0
ISIC_0012740,data/raw/isic2018/images/ISIC2018_Task1-2_Training_Input/ISIC_0012740.jpg,data/raw/isic2018/masks/ISIC2018_Task1_Training_GroundTruth/ISIC_0012740_segmentation.png,2000,3008,68033,0.011308676861702128,1357,800,1665,1143,309,344,0.017668882978723405,0.8982558139534884,False,False,False,False,False,1,1.0
ISIC_0012741,data/raw/isic2018/images/ISIC2018_Task1-2_Training_Input/ISIC_0012741.jpg,data/raw/isic2018/masks/ISIC2018_Task1_Training_GroundTruth/ISIC_0012741_segmentation.png,2000,3008,191414,0.03181748670212766,1223,750,1692,1265,470,516,0.0403125,0.9108527131782945,False,False,False,False,False,1,1.0
ISIC_0012742,data/raw/isic2018/images/ISIC2018_Task1-2_Training_Input/ISIC_0012742.jpg,data/raw/isic2018/masks/ISIC2018_Task1_Training_GroundTruth/ISIC_0012742_segmentation.png,2000,3008,42221,0.00701811835106383,1340,813,1598,1046,259,234,0.010074135638297873,1.106837606837607,False,False,False,False,False,1,1.0
ISIC_0012744,data/raw/isic2018/images/ISIC2018_Task1-2_Training_Input/ISIC_0012744.jpg,data/raw/isic2018/masks/ISIC2018_Task1_Training_GroundTruth/ISIC_0012744_segmentation.png,2000,3008,70226,0.011673204787234043,1411,844,1715,1125,305,282,0.014296875,1.0815602836879432,False,False,False,False,False,1,1.0
ISIC_0012746,data/raw/isic2018/images/ISIC2018_Task1-2_Training_Input/ISIC_0012746.jpg,data/raw/isic2018/masks/ISIC2018_Task1_Training_GroundTruth/ISIC_0012746_segmentation.png,2000,3008,125176,0.02080718085106383,1223,782,1761,1124,539,343,0.030730884308510637,1.5714285714285714,False,False,False,False,False,1,1.0
ISIC_0012749,data/raw/isic2018/images/ISIC2018_Task1-2_Training_Input/ISIC_0012749.jpg,data/raw/isic2018/masks/ISIC2018_Task1_Training_GroundTruth/ISIC_0012749_segmentation.png,2000,3008,3622781,0.6021909906914894,747,4,2989,1993,2243,1990,0.7419498005319148,1.1271356783919597,False,False,False,False,False,1,1.0
ISIC_0012756,data/raw/isic2018/images/ISIC2018_Task1-2_Training_Input/ISIC_0012756.jpg,data/raw/isic2018/masks/ISIC2018_Task1_Training_GroundTruth/ISIC_0012756_segmentation.png,2592,3872,2376905,0.23683259759845934,1059,304,2964,2004,1906,1701,0.32304041838842973,1.120517342739565,False,False,False,False,False,1,1.0
ISIC_0012758,data/raw/isic2018/images/ISIC2018_Task1-2_Training_Input/ISIC_0012758.jpg,data/raw/isic2018/masks/ISIC2018_Task1_Training_GroundTruth/ISIC_0012758_segmentation.png,602,639,24931,0.06481004892403516,202,215,415,386,214,172,0.09568522244578583,1.244186046511628,False,False,False,False,False,1,1.0
ISIC_0012768,data/raw/isic2018/images/ISIC2018_Task1-2_Training_Input/ISIC_0012768.jpg,data/raw/isic2018/masks/ISIC2018_Task1_Training_GroundTruth/ISIC_0012768_segmentation.png,2000,3008,1148226,0.1908620345744681,914,405,2081,1726,1168,1322,0.2566648936170213,0.8835098335854765,False,False,False,False,False,1,1.0
ISIC_0012770,data/raw/isic2018/images/ISIC2018_Task1-2_Training_Input/ISIC_0012770.jpg,data/raw/isic2018/masks/ISIC2018_Task1_Training_GroundTruth/ISIC_0012770_segmentation.png,2000,3008,133981,0.022270777925531914,1270,813,1739,1171,470,359,0.028046875,1.309192200557103,False,False,False,False,False,1,1.0
ISIC_0012773,data/raw/isic2018/images/ISIC2018_Task1-2_Training_Input/ISIC_0012773.jpg,data/raw/isic2018/masks/ISIC2018_Task1_Training_GroundTruth/ISIC_0012773_segmentation.png,2000,3008,2597556,0.4317746010638298,4,268,2815,1615,2812,1348,0.6300824468085107,2.086053412462908,False,False,False,False,False,1,1.0
ISIC_0012777,data/raw/isic2018/images/ISIC2018_Task1-2_Training_Input/ISIC_0012777.jpg,data/raw/isic2018/masks/ISIC2018_Task1_Training_GroundTruth/ISIC_0012777_segmentation.png,2000,3008,61351,0.010197972074468086,1364,829,1645,1109,282,281,0.013171875,1.00355871886121,False,False,False,False,False,1,1.0
ISIC_0012786,data/raw/isic2018/images/ISIC2018_Task1-2_Training_Input/ISIC_0012786.jpg,data/raw/isic2018/masks/ISIC2018_Task1_Training_GroundTruth/ISIC_0012786_segmentation.png,2592,3872,2197513,0.21895814601188654,522,362,2229,1976,1708,1615,0.2748463964136313,1.0575851393188855,False,False,False,False,False,1,1.0
ISIC_0012789,data/raw/isic2018/images/ISIC2018_Task1-2_Training_Input/ISIC_0012789.jpg,data/raw/isic2018/masks/ISIC2018_Task1_Training_GroundTruth/ISIC_0012789_segmentation.png,2000,3008,71575,0.011897440159574469,1402,827,1713,1215,312,389,0.020174202127659576,0.8020565552699229,False,False,False,False,False,1,1.0
ISIC_0012792,data/raw/isic2018/images/ISIC2018_Task1-2_Training_Input/ISIC_0012792.jpg,data/raw/isic2018/masks/ISIC2018_Task1_Training_GroundTruth/ISIC_0012792_segmentation.png,2000,3008,546054,0.09076695478723404,1105,532,1997,1421,893,890,0.132109375,1.003370786516854,False,False,False,False,False,1,1.0
ISIC_0012793,data/raw/isic2018/images/ISIC2018_Task1-2_Training_Input/ISIC_0012793.jpg,data/raw/isic2018/masks/ISIC2018_Task1_Training_GroundTruth/ISIC_0012793_segmentation.png,2000,3008,47384,0.007876329787234043,1317,891,1621,1109,305,219,0.011102892287234042,1.3926940639269407,False,False,False,False,False,1,1.0
ISIC_0012803,data/raw/isic2018/images/ISIC2018_Task1-2_Training_Input/ISIC_0012803.jpg,data/raw/isic2018/masks/ISIC2018_Task1_Training_GroundTruth/ISIC_0012803_segmentation.png,2000,3008,304167,0.05055967420212766,1053,662,1876,1287,824,626,0.08574202127659575,1.31629392971246,False,False,False,False,False,1,1.0
ISIC_0012804,data/raw/isic2018/images/ISIC2018_Task1-2_Training_Input/ISIC_0012804.jpg,data/raw/isic2018/masks/ISIC2018_Task1_Training_GroundTruth/ISIC_0012804_segmentation.png,2000,3008,217278,0.03611668882978723,1214,692,1891,1137,678,446,0.050263962765957446,1.5201793721973094,False,False,False,False,False,1,1.0
ISIC_0012806,data/raw/isic2018/images/ISIC2018_Task1-2_Training_Input/ISIC_0012806.jpg,data/raw/isic2018/masks/ISIC2018_Task1_Training_GroundTruth/ISIC_0012806_segmentation.png,2592,3872,1696928,0.16908032343638404,1339,358,2762,1877,1424,1520,0.21566676869707171,0.9368421052631579,False,False,False,False,False,1,1.0
ISIC_0012810,data/raw/isic2018/images/ISIC2018_Task1-2_Training_Input/ISIC_0012810.jpg,data/raw/isic2018/masks/ISIC2018_Task1_Training_GroundTruth/ISIC_0012810_segmentation.png,2592,3872,241977,0.024110362622436488,1562,1230,2182,1892,621,663,0.04102369576446281,0.9366515837104072,False,False,False,False,False,1,1.0
ISIC_0012813,data/raw/isic2018/images/ISIC2018_Task1-2_Training_Input/ISIC_0012813.jpg,data/raw/isic2018/masks/ISIC2018_Task1_Training_GroundTruth/ISIC_0012813_segmentation.png,2000,3008,2455747,0.4082026263297872,487,164,2406,1901,1920,1738,0.5546808510638298,1.1047180667433831,False,False,False,False,False,1,1.0
ISIC_0012814,data/raw/isic2018/images/ISIC2018_Task1-2_Training_Input/ISIC_0012814.jpg,data/raw/isic2018/masks/ISIC2018_Task1_Training_GroundTruth/ISIC_0012814_segmentation.png,2000,3008,344791,0.057312333776595746,1199,516,1856,1265,658,750,0.08203125,0.8773333333333333,False,False,False,False,False,1,1.0
ISIC_0012823,data/raw/isic2018/images/ISIC2018_Task1-2_Training_Input/ISIC_0012823.jpg,data/raw/isic2018/masks/ISIC2018_Task1_Training_GroundTruth/ISIC_0012823_segmentation.png,2592,3872,127374,0.012691426576369758,1543,1195,1996,1559,454,365,0.016511189865830018,1.2438356164383562,False,False,False,False,False,1,1.0
ISIC_0012826,data/raw/isic2018/images/ISIC2018_Task1-2_Training_Input/ISIC_0012826.jpg,data/raw/isic2018/masks/ISIC2018_Task1_Training_GroundTruth/ISIC_0012826_segmentation.png,2592,3872,1231397,0.12269524873099684,1483,304,2722,1680,1240,1377,0.17013171487603307,0.9005083514887436,False,False,False,False,False,1,1.0
ISIC_0012828,data/raw/isic2018/images/ISIC2018_Task1-2_Training_Input/ISIC_0012828.jpg,data/raw/isic2018/masks/ISIC2018_Task1_Training_GroundTruth/ISIC_0012828_segmentation.png,2592,3872,2039689,0.20323270983190492,797,643,2642,2382,1846,1740,0.3200446701867156,1.060919540229885,False,False,False,False,False,1,1.0
ISIC_0012835,data/raw/isic2018/images/ISIC2018_Task1-2_Training_Input/ISIC_0012835.jpg,data/raw/isic2018/masks/ISIC2018_Task1_Training_GroundTruth/ISIC_0012835_segmentation.png,2000,3008,68965,0.011463597074468085,1317,829,1668,1078,352,250,0.014627659574468085,1.408,False,False,False,False,False,1,1.0
ISIC_0012836,data/raw/isic2018/images/ISIC2018_Task1-2_Training_Input/ISIC_0012836.jpg,data/raw/isic2018/masks/ISIC2018_Task1_Training_GroundTruth/ISIC_0012836_segmentation.png,2000,3008,103564,0.017214760638297872,1287,849,1732,1231,446,383,0.028393949468085107,1.164490861618799,False,False,False,False,False,1,1.0
ISIC_0012837,data/raw/isic2018/images/ISIC2018_Task1-2_Training_Input/ISIC_0012837.jpg,data/raw/isic2018/masks/ISIC2018_Task1_Training_GroundTruth/ISIC_0012837_segmentation.png,2592,3872,7256068,0.7229878488164473,18,0,3871,2591,3854,2592,0.9953512396694215,1.4868827160493827,True,False,True,True,True,1,1.0
ISIC_0012840,data/raw/isic2018/images/ISIC2018_Task1-2_Training_Input/ISIC_0012840.jpg,data/raw/isic2018/masks/ISIC2018_Task1_Training_GroundTruth/ISIC_0012840_segmentation.png,2592,3872,994427,0.09908377891924293,1241,669,2419,1903,1179,1235,0.14508095873507806,0.9546558704453442,False,False,False,False,False,1,1.0
ISIC_0012844,data/raw/isic2018/images/ISIC2018_Task1-2_Training_Input/ISIC_0012844.jpg,data/raw/isic2018/masks/ISIC2018_Task1_Training_GroundTruth/ISIC_0012844_segmentation.png,2000,3008,440101,0.07315508643617022,1058,610,1833,1453,776,844,0.10886702127659574,0.919431279620853,False,False,False,False,False,1,1.0
ISIC_0012852,data/raw/isic2018/images/ISIC2018_Task1-2_Training_Input/ISIC_0012852.jpg,data/raw/isic2018/masks/ISIC2018_Task1_Training_GroundTruth/ISIC_0012852_segmentation.png,2592,3872,945753,0.09423394695056626,1367,498,2400,1651,1034,1154,0.11889292227833895,0.8960138648180243,False,False,False,False,False,1,1.0
ISIC_0012855,data/raw/isic2018/images/ISIC2018_Task1-2_Training_Input/ISIC_0012855.jpg,data/raw/isic2018/masks/ISIC2018_Task1_Training_GroundTruth/ISIC_0012855_segmentation.png,2000,3008,234273,0.038941655585106386,1199,610,1856,1093,658,484,0.0529375,1.359504132231405,False,False,False,False,False,1,1.0
ISIC_0012856,data/raw/isic2018/images/ISIC2018_Task1-2_Training_Input/ISIC_0012856.jpg,data/raw/isic2018/masks/ISIC2018_Task1_Training_GroundTruth/ISIC_0012856_segmentation.png,2592,3872,251857,0.025094796608764413,1453,790,2087,1336,635,547,0.034609131880675444,1.1608775137111518,False,False,False,False,False,1,1.0
ISIC_0012865,data/raw/isic2018/images/ISIC2018_Task1-2_Training_Input/ISIC_0012865.jpg,data/raw/isic2018/masks/ISIC2018_Task1_Training_GroundTruth/ISIC_0012865_segmentation.png,2592,3872,609300,0.06071008379247016,1453,831,2450,1721,998,891,0.08860085227272728,1.1200897867564534,False,False,False,False,False,1,1.0
ISIC_0012871,data/raw/isic2018/images/ISIC2018_Task1-2_Training_Input/ISIC_0012871.jpg,data/raw/isic2018/masks/ISIC2018_Task1_Training_GroundTruth/ISIC_0012871_segmentation.png,2592,3872,548848,0.05468670288746046,1511,960,2307,1941,797,982,0.07798291468982757,0.8116089613034623,False,False,False,False,False,1,1.0
ISIC_0012873,data/raw/isic2018/images/ISIC2018_Task1-2_Training_Input/ISIC_0012873.jpg,data/raw/isic2018/masks/ISIC2018_Task1_Training_GroundTruth/ISIC_0012873_segmentation.png,2000,3008,70837,0.011774767287234042,1270,766,1574,1078,305,313,0.015868517287234044,0.9744408945686901,False,False,False,False,False,1,1.0
ISIC_0012876,data/raw/isic2018/images/ISIC2018_Task1-2_Training_Input/ISIC_0012876.jpg,data/raw/isic2018/masks/ISIC2018_Task1_Training_GroundTruth/ISIC_0012876_segmentation.png,2592,3872,111545,0.011114239777828792,1794,1115,2161,1501,368,387,0.014190197428833793,0.9509043927648578,False,False,False,False,False,1,1.0
ISIC_0012877,data/raw/isic2018/images/ISIC2018_Task1-2_Training_Input/ISIC_0012877.jpg,data/raw/isic2018/masks/ISIC2018_Task1_Training_GroundTruth/ISIC_0012877_segmentation.png,2592,3872,808964,0.08060441855422916,1387,695,2396,1765,1010,1071,0.10778057564279155,0.9430438842203548,False,False,False,False,False,1,1.0
ISIC_0012878,data/raw/isic2018/images/ISIC2018_Task1-2_Training_Input/ISIC_0012878.jpg,data/raw/isic2018/masks/ISIC2018_Task1_Training_GroundTruth/ISIC_0012878_segmentation.png,2592,3872,621509,0.06192657716687073,1392,871,2419,1660,1028,790,0.08091887945107643,1.3012658227848102,False,False,False,False,False,1,1.0
ISIC_0012879,data/raw/isic2018/images/ISIC2018_Task1-2_Training_Input/ISIC_0012879.jpg,data/raw/isic2018/masks/ISIC2018_Task1_Training_GroundTruth/ISIC_0012879_segmentation.png,2000,3008,173664,0.028867021276595746,1223,813,1833,1187,611,375,0.0380859375,1.6293333333333333,False,False,False,False,False,1,1.0
ISIC_0012880,data/raw/isic2018/images/ISIC2018_Task1-2_Training_Input/ISIC_0012880.jpg,data/raw/isic2018/masks/ISIC2018_Task1_Training_GroundTruth/ISIC_0012880_segmentation.png,2000,3008,468639,0.07789876994680851,1068,377,1878,1262,811,886,0.11943916223404255,0.9153498871331829,False,False,False,False,False,1,1.0
ISIC_0012883,data/raw/isic2018/images/ISIC2018_Task1-2_Training_Input/ISIC_0012883.jpg,data/raw/isic2018/masks/ISIC2018_Task1_Training_GroundTruth/ISIC_0012883_segmentation.png,2592,3872,309128,0.030801225640240792,1604,871,2177,1559,574,689,0.03940585622640547,0.8330914368650217,False,False,False,False,False,1,1.0
ISIC_0012884,data/raw/isic2018/images/ISIC2018_Task1-2_Training_Input/ISIC_0012884.jpg,data/raw/isic2018/masks/ISIC2018_Task1_Training_GroundTruth/ISIC_0012884_segmentation.png,2000,3008,535824,0.08906648936170213,1199,579,2021,1578,823,1000,0.13680186170212766,0.823,False,False,False,False,False,1,1.0
ISIC_0012887,data/raw/isic2018/images/ISIC2018_Task1-2_Training_Input/ISIC_0012887.jpg,data/raw/isic2018/masks/ISIC2018_Task1_Training_GroundTruth/ISIC_0012887_segmentation.png,2000,3008,117069,0.019459607712765958,1411,875,1786,1312,376,438,0.027375,0.8584474885844748,False,False,False,False,False,1,1.0
ISIC_0012888,data/raw/isic2018/images/ISIC2018_Task1-2_Training_Input/ISIC_0012888.jpg,data/raw/isic2018/masks/ISIC2018_Task1_Training_GroundTruth/ISIC_0012888_segmentation.png,2000,3008,286599,0.04763946143617021,1246,735,1833,1375,588,641,0.06265093085106382,0.9173166926677067,False,False,False,False,False,1,1.0
ISIC_0012889,data/raw/isic2018/images/ISIC2018_Task1-2_Training_Input/ISIC_0012889.jpg,data/raw/isic2018/masks/ISIC2018_Task1_Training_GroundTruth/ISIC_0012889_segmentation.png,2000,3008,497214,0.08264860372340425,1199,329,2068,1078,870,750,0.10846077127659574,1.16,False,False,False,False,False,1,1.0
ISIC_0012891,data/raw/isic2018/images/ISIC2018_Task1-2_Training_Input/ISIC_0012891.jpg,data/raw/isic2018/masks/ISIC2018_Task1_Training_GroundTruth/ISIC_0012891_segmentation.png,2000,3008,242019,0.040229222074468086,1199,766,1880,1250,682,485,0.054981715425531916,1.4061855670103092,False,False,False,False,False,1,1.0
ISIC_0012897,data/raw/isic2018/images/ISIC2018_Task1-2_Training_Input/ISIC_0012897.jpg,data/raw/isic2018/masks/ISIC2018_Task1_Training_GroundTruth/ISIC_0012897_segmentation.png,2000,3008,66136,0.010993351063829787,1317,829,1598,1156,282,328,0.015375,0.8597560975609756,False,False,False,False,False,1,1.0
ISIC_0012898,data/raw/isic2018/images/ISIC2018_Task1-2_Training_Input/ISIC_0012898.jpg,data/raw/isic2018/masks/ISIC2018_Task1_Training_GroundTruth/ISIC_0012898_segmentation.png,2592,3872,319811,0.03186566979772472,1679,681,2273,1369,595,689,0.04084753389322518,0.8635703918722787,False,False,False,False,False,1,1.0
ISIC_0012901,data/raw/isic2018/images/ISIC2018_Task1-2_Training_Input/ISIC_0012901.jpg,data/raw/isic2018/masks/ISIC2018_Task1_Training_GroundTruth/ISIC_0012901_segmentation.png,2000,3008,245035,0.04073055186170213,1246,657,1856,1203,611,547,0.0555546875,1.117001828153565,False,False,False,False,False,1,1.0
ISIC_0012902,data/raw/isic2018/images/ISIC2018_Task1-2_Training_Input/ISIC_0012902.jpg,data/raw/isic2018/masks/ISIC2018_Task1_Training_GroundTruth/ISIC_0012902_segmentation.png,2592,3872,1604852,0.15990595666258545,1006,887,2443,2476,1438,1590,0.22781675658096112,0.9044025157232705,False,False,False,False,False,1,1.0
ISIC_0012903,data/raw/isic2018/images/ISIC2018_Task1-2_Training_Input/ISIC_0012903.jpg,data/raw/isic2018/masks/ISIC2018_Task1_Training_GroundTruth/ISIC_0012903_segmentation.png,2592,3872,359734,0.03584356028721559,1596,1078,2347,1784,752,707,0.052974505152535455,1.0636492220650637,False,False,False,False,False,1,1.0
ISIC_0012904,data/raw/isic2018/images/ISIC2018_Task1-2_Training_Input/ISIC_0012904.jpg,data/raw/isic2018/masks/ISIC2018_Task1_Training_GroundTruth/ISIC_0012904_segmentation.png,2592,3872,1079576,0.10756794587287012,1355,844,2714,1991,1360,1148,0.15556448321599836,1.1846689895470384,False,False,False,False,False,1,1.0
ISIC_0012905,data/raw/isic2018/images/ISIC2018_Task1-2_Training_Input/ISIC_0012905.jpg,data/raw/isic2018/masks/ISIC2018_Task1_Training_GroundTruth/ISIC_0012905_segmentation.png,2592,3872,376027,0.03746697961304969,1574,1033,2359,1640,786,608,0.04761631466176921,1.292763157894737,False,False,False,False,False,1,1.0
ISIC_0012907,data/raw/isic2018/images/ISIC2018_Task1-2_Training_Input/ISIC_0012907.jpg,data/raw/isic2018/masks/ISIC2018_Task1_Training_GroundTruth/ISIC_0012907_segmentation.png,2592,3872,388278,0.03868765782828283,1634,871,2389,1559,756,689,0.05190039600550964,1.097242380261248,False,False,False,False,False,1,1.0
ISIC_0012911,data/raw/isic2018/images/ISIC2018_Task1-2_Training_Input/ISIC_0012911.jpg,data/raw/isic2018/masks/ISIC2018_Task1_Training_GroundTruth/ISIC_0012911_segmentation.png,2000,3008,139170,0.023133311170212768,1292,781,1741,1243,450,463,0.03463264627659574,0.9719222462203023,False,False,False,False,False,1,1.0
ISIC_0012930,data/raw/isic2018/images/ISIC2018_Task1-2_Training_Input/ISIC_0012930.jpg,data/raw/isic2018/masks/ISIC2018_Task1_Training_GroundTruth/ISIC_0012930_segmentation.png,2000,3008,325531,0.0541108710106383,1058,485,1739,1203,682,719,0.08150897606382979,0.9485396383866481,False,False,False,False,False,1,1.0
ISIC_0012932,data/raw/isic2018/images/ISIC2018_Task1-2_Training_Input/ISIC_0012932.jpg,data/raw/isic2018/masks/ISIC2018_Task1_Training_GroundTruth/ISIC_0012932_segmentation.png,2000,3008,1054103,0.17521658909574467,853,296,2031,1793,1179,1498,0.2935741356382979,0.7870493991989319,False,False,False,False,False,1,1.0
ISIC_0012939,data/raw/isic2018/images/ISIC2018_Task1-2_Training_Input/ISIC_0012939.jpg,data/raw/isic2018/masks/ISIC2018_Task1_Training_GroundTruth/ISIC_0012939_segmentation.png,2592,3872,159886,0.01593089193704724,1664,1155,2208,1498,545,344,0.018680332364044486,1.5843023255813953,False,False,False,False,False,1,1.0
ISIC_0012940,data/raw/isic2018/images/ISIC2018_Task1-2_Training_Input/ISIC_0012940.jpg,data/raw/isic2018/masks/ISIC2018_Task1_Training_GroundTruth/ISIC_0012940_segmentation.png,2592,3872,323576,0.03224081088664422,1488,851,2194,1469,707,619,0.043605344001887564,1.1421647819063006,False,False,False,False,False,1,1.0
ISIC_0012941,data/raw/isic2018/images/ISIC2018_Task1-2_Training_Input/ISIC_0012941.jpg,data/raw/isic2018/masks/ISIC2018_Task1_Training_GroundTruth/ISIC_0012941_segmentation.png,2592,3872,969225,0.09657267514156719,1311,995,2435,2033,1125,1039,0.116465614956382,1.082771896053898,False,False,False,False,False,1,1.0
ISIC_0012944,data/raw/isic2018/images/ISIC2018_Task1-2_Training_Input/ISIC_0012944.jpg,data/raw/isic2018/masks/ISIC2018_Task1_Training_GroundTruth/ISIC_0012944_segmentation.png,2592,3872,691857,0.06893598628328743,1574,628,2571,1599,998,972,0.09665547520661157,1.0267489711934157,False,False,False,False,False,1,1.0
ISIC_0012945,data/raw/isic2018/images/ISIC2018_Task1-2_Training_Input/ISIC_0012945.jpg,data/raw/isic2018/masks/ISIC2018_Task1_Training_GroundTruth/ISIC_0012945_segmentation.png,2000,3008,34860,0.005794547872340425,1368,825,1579,1057,212,233,0.008210771276595745,0.9098712446351931,False,False,False,False,False,1,1.0
ISIC_0012949,data/raw/isic2018/images/ISIC2018_Task1-2_Training_Input/ISIC_0012949.jpg,data/raw/isic2018/masks/ISIC2018_Task1_Training_GroundTruth/ISIC_0012949_segmentation.png,2000,3008,101723,0.01690874335106383,1528,813,1880,1187,353,375,0.022003823138297872,0.9413333333333334,False,False,False,False,False,1,1.0
ISIC_0012950,data/raw/isic2018/images/ISIC2018_Task1-2_Training_Input/ISIC_0012950.jpg,data/raw/isic2018/masks/ISIC2018_Task1_Training_GroundTruth/ISIC_0012950_segmentation.png,2592,3872,693167,0.06906651346163657,1695,750,2631,1701,937,952,0.0888804394959698,0.9842436974789915,False,False,False,False,False,1,1.0
ISIC_0012956,data/raw/isic2018/images/ISIC2018_Task1-2_Training_Input/ISIC_0012956.jpg,data/raw/isic2018/masks/ISIC2018_Task1_Training_GroundTruth/ISIC_0012956_segmentation.png,2592,3872,196131,0.019542309936486073,1634,993,2117,1498,484,506,0.024402006172839507,0.9565217391304348,False,False,False,False,False,1,1.0
ISIC_0012957,data/raw/isic2018/images/ISIC2018_Task1-2_Training_Input/ISIC_0012957.jpg,data/raw/isic2018/masks/ISIC2018_Task1_Training_GroundTruth/ISIC_0012957_segmentation.png,2592,3872,247224,0.024633168809305172,1727,1027,2354,1530,628,504,0.03153696051423324,1.246031746031746,False,False,False,False,False,1,1.0
ISIC_0012961,data/raw/isic2018/images/ISIC2018_Task1-2_Training_Input/ISIC_0012961.jpg,data/raw/isic2018/masks/ISIC2018_Task1_Training_GroundTruth/ISIC_0012961_segmentation.png,2000,3008,412871,0.06862882313829788,1011,563,1739,1359,729,797,0.09657795877659575,0.9146800501882058,False,False,False,False,False,1,1.0
ISIC_0012965,data/raw/isic2018/images/ISIC2018_Task1-2_Training_Input/ISIC_0012965.jpg,data/raw/isic2018/masks/ISIC2018_Task1_Training_GroundTruth/ISIC_0012965_segmentation.png,2000,3008,51363,0.008537732712765957,1364,797,1621,1062,258,266,0.011407579787234043,0.9699248120300752,False,False,False,False,False,1,1.0
ISIC_0012966,data/raw/isic2018/images/ISIC2018_Task1-2_Training_Input/ISIC_0012966.jpg,data/raw/isic2018/masks/ISIC2018_Task1_Training_GroundTruth/ISIC_0012966_segmentation.png,2592,3872,120046,0.011961271490154066,1737,1155,2165,1523,429,369,0.015772964015151516,1.1626016260162602,False,False,False,False,False,1,1.0
ISIC_0012969,data/raw/isic2018/images/ISIC2018_Task1-2_Training_Input/ISIC_0012969.jpg,data/raw/isic2018/masks/ISIC2018_Task1_Training_GroundTruth/ISIC_0012969_segmentation.png,2000,3008,144076,0.02394880319148936,1127,765,1505,1251,379,487,0.030680352393617022,0.7782340862422998,False,False,False,False,False,1,1.0
ISIC_0012976,data/raw/isic2018/images/ISIC2018_Task1-2_Training_Input/ISIC_0012976.jpg,data/raw/isic2018/masks/ISIC2018_Task1_Training_GroundTruth/ISIC_0012976_segmentation.png,2592,3872,108522,0.010813030876951332,1755,1175,2147,1539,393,365,0.014292726029231711,1.0767123287671232,False,False,False,False,False,1,1.0
ISIC_0012981,data/raw/isic2018/images/ISIC2018_Task1-2_Training_Input/ISIC_0012981.jpg,data/raw/isic2018/masks/ISIC2018_Task1_Training_GroundTruth/ISIC_0012981_segmentation.png,2592,3872,201307,0.02005804174956637,1270,990,1822,1622,553,633,0.03487855591903887,0.8736176935229067,False,False,False,False,False,1,1.0
ISIC_0012986,data/raw/isic2018/images/ISIC2018_Task1-2_Training_Input/ISIC_0012986.jpg,data/raw/isic2018/masks/ISIC2018_Task1_Training_GroundTruth/ISIC_0012986_segmentation.png,2592,3872,577074,0.057499115205081115,1486,705,2349,1573,864,869,0.07481060606060606,0.9942462600690449,False,False,False,False,False,1,1.0
ISIC_0012987,data/raw/isic2018/images/ISIC2018_Task1-2_Training_Input/ISIC_0012987.jpg,data/raw/isic2018/masks/ISIC2018_Task1_Training_GroundTruth/ISIC_0012987_segmentation.png,2592,3872,248035,0.024713976093000713,1604,750,2208,1377,605,628,0.037856867283950615,0.9633757961783439,False,False,False,False,False,1,1.0
ISIC_0012988,data/raw/isic2018/images/ISIC2018_Task1-2_Training_Input/ISIC_0012988.jpg,data/raw/isic2018/masks/ISIC2018_Task1_Training_GroundTruth/ISIC_0012988_segmentation.png,2000,3008,172215,0.028626163563829788,1199,688,1692,1187,494,500,0.04105718085106383,0.988,False,False,False,False,False,1,1.0
ISIC_0012989,data/raw/isic2018/images/ISIC2018_Task1-2_Training_Input/ISIC_0012989.jpg,data/raw/isic2018/masks/ISIC2018_Task1_Training_GroundTruth/ISIC_0012989_segmentation.png,2000,3008,217300,0.03612034574468085,1369,793,1830,1369,462,577,0.04431083776595745,0.8006932409012132,False,False,False,False,False,1,1.0
ISIC_0012990,data/raw/isic2018/images/ISIC2018_Task1-2_Training_Input/ISIC_0012990.jpg,data/raw/isic2018/masks/ISIC2018_Task1_Training_GroundTruth/ISIC_0012990_segmentation.png,2000,3008,168917,0.028077958776595746,1364,688,1903,1125,540,438,0.039315159574468087,1.2328767123287672,False,False,False,False,False,1,1.0
ISIC_0012999,data/raw/isic2018/images/ISIC2018_Task1-2_Training_Input/ISIC_0012999.jpg,data/raw/isic2018/masks/ISIC2018_Task1_Training_GroundTruth/ISIC_0012999_segmentation.png,2592,3872,3851150,0.3837249945796347,1,529,3104,2287,3104,1759,0.5440229313335374,1.7646389994314953,False,False,False,False,False,1,1.0
ISIC_0013000,data/raw/isic2018/images/ISIC2018_Task1-2_Training_Input/ISIC_0013000.jpg,data/raw/isic2018/masks/ISIC2018_Task1_Training_GroundTruth/ISIC_0013000_segmentation.png,2592,3872,128871,0.01284058626033058,1522,1094,1961,1481,440,388,0.017010381593714926,1.134020618556701,False,False,False,False,False,1,1.0
ISIC_0013001,data/raw/isic2018/images/ISIC2018_Task1-2_Training_Input/ISIC_0013001.jpg,data/raw/isic2018/masks/ISIC2018_Task1_Training_GroundTruth/ISIC_0013001_segmentation.png,2592,3872,141631,0.014111980760891745,1790,742,2202,1200,413,459,0.018888279097796144,0.8997821350762527,False,False,False,False,False,1,1.0
ISIC_0013007,data/raw/isic2018/images/ISIC2018_Task1-2_Training_Input/ISIC_0013007.jpg,data/raw/isic2018/masks/ISIC2018_Task1_Training_GroundTruth/ISIC_0013007_segmentation.png,2000,3008,799573,0.1329077460106383,1082,500,2138,1562,1057,1063,0.1867671210106383,0.9943555973659455,False,False,False,False,False,1,1.0
ISIC_0013010,data/raw/isic2018/images/ISIC2018_Task1-2_Training_Input/ISIC_0013010.jpg,data/raw/isic2018/masks/ISIC2018_Task1_Training_GroundTruth/ISIC_0013010_segmentation.png,2000,3008,121204,0.020146941489361702,1340,739,1745,1152,406,414,0.027939494680851065,0.9806763285024155,False,False,False,False,False,1,1.0
ISIC_0013012,data/raw/isic2018/images/ISIC2018_Task1-2_Training_Input/ISIC_0013012.jpg,data/raw/isic2018/masks/ISIC2018_Task1_Training_GroundTruth/ISIC_0013012_segmentation.png,2000,3008,304684,0.05064561170212766,1246,594,1903,1265,658,672,0.0735,0.9791666666666666,False,False,False,False,False,1,1.0
ISIC_0013015,data/raw/isic2018/images/ISIC2018_Task1-2_Training_Input/ISIC_0013015.jpg,data/raw/isic2018/masks/ISIC2018_Task1_Training_GroundTruth/ISIC_0013015_segmentation.png,2000,3008,377889,0.06281399601063829,1199,532,1856,1296,658,765,0.083671875,0.8601307189542484,False,False,False,False,False,1,1.0
ISIC_0013023,data/raw/isic2018/images/ISIC2018_Task1-2_Training_Input/ISIC_0013023.jpg,data/raw/isic2018/masks/ISIC2018_Task1_Training_GroundTruth/ISIC_0013023_segmentation.png,2000,3008,198364,0.03297273936170213,1199,735,1668,1250,470,516,0.0403125,0.9108527131782945,False,False,False,False,False,1,1.0
ISIC_0013024,data/raw/isic2018/images/ISIC2018_Task1-2_Training_Input/ISIC_0013024.jpg,data/raw/isic2018/masks/ISIC2018_Task1_Training_GroundTruth/ISIC_0013024_segmentation.png,2000,3008,826816,0.13743617021276597,1041,452,2095,1527,1055,1076,0.18869348404255318,0.9804832713754646,False,False,False,False,False,1,1.0
ISIC_0013025,data/raw/isic2018/images/ISIC2018_Task1-2_Training_Input/ISIC_0013025.jpg,data/raw/isic2018/masks/ISIC2018_Task1_Training_GroundTruth/ISIC_0013025_segmentation.png,2592,3872,125573,0.01251197661590654,1785,1135,2147,1559,363,425,0.01537181712962963,0.8541176470588235,False,False,False,False,False,1,1.0
ISIC_0013026,data/raw/isic2018/images/ISIC2018_Task1-2_Training_Input/ISIC_0013026.jpg,data/raw/isic2018/masks/ISIC2018_Task1_Training_GroundTruth/ISIC_0013026_segmentation.png,2592,3872,69858,0.006960585973370064,1785,1175,2147,1437,363,263,0.00951244212962963,1.3802281368821292,False,False,False,False,False,1,1.0
ISIC_0013027,data/raw/isic2018/images/ISIC2018_Task1-2_Training_Input/ISIC_0013027.jpg,data/raw/isic2018/masks/ISIC2018_Task1_Training_GroundTruth/ISIC_0013027_segmentation.png,2592,3872,48124,0.004795030481583512,1905,1269,2145,1555,241,287,0.0068917353777675746,0.8397212543554007,False,False,False,False,False,1,1.0
ISIC_0013031,data/raw/isic2018/images/ISIC2018_Task1-2_Training_Input/ISIC_0013031.jpg,data/raw/isic2018/masks/ISIC2018_Task1_Training_GroundTruth/ISIC_0013031_segmentation.png,2000,3008,334993,0.05568367686170213,909,530,1684,1145,776,616,0.07945744680851063,1.2597402597402598,False,False,False,False,False,1,1.0
ISIC_0013032,data/raw/isic2018/images/ISIC2018_Task1-2_Training_Input/ISIC_0013032.jpg,data/raw/isic2018/masks/ISIC2018_Task1_Training_GroundTruth/ISIC_0013032_segmentation.png,2000,3008,296734,0.04932413563829787,1317,782,1974,1406,658,625,0.068359375,1.0528,False,False,False,False,False,1,1.0
ISIC_0013034,data/raw/isic2018/images/ISIC2018_Task1-2_Training_Input/ISIC_0013034.jpg,data/raw/isic2018/masks/ISIC2018_Task1_Training_GroundTruth/ISIC_0013034_segmentation.png,2000,3008,452146,0.07515724734042553,1180,661,2031,1479,852,819,0.11598869680851064,1.0402930402930404,False,False,False,False,False,1,1.0
ISIC_0013035,data/raw/isic2018/images/ISIC2018_Task1-2_Training_Input/ISIC_0013035.jpg,data/raw/isic2018/masks/ISIC2018_Task1_Training_GroundTruth/ISIC_0013035_segmentation.png,2000,3008,390578,0.06492320478723404,1211,831,1874,1622,664,792,0.08741489361702127,0.8383838383838383,False,False,False,False,False,1,1.0
ISIC_0013037,data/raw/isic2018/images/ISIC2018_Task1-2_Training_Input/ISIC_0013037.jpg,data/raw/isic2018/masks/ISIC2018_Task1_Training_GroundTruth/ISIC_0013037_segmentation.png,2592,3872,306942,0.030583414638812367,1634,932,2238,1620,605,689,0.04153404706790124,0.8780841799709724,False,False,False,False,False,1,1.0
ISIC_0013039,data/raw/isic2018/images/ISIC2018_Task1-2_Training_Input/ISIC_0013039.jpg,data/raw/isic2018/masks/ISIC2018_Task1_Training_GroundTruth/ISIC_0013039_segmentation.png,2592,3872,356334,0.03550478745791246,1574,993,2298,1640,725,648,0.04681043388429752,1.1188271604938271,False,False,False,False,False,1,1.0
ISIC_0013044,data/raw/isic2018/images/ISIC2018_Task1-2_Training_Input/ISIC_0013044.jpg,data/raw/isic2018/masks/ISIC2018_Task1_Training_GroundTruth/ISIC_0013044_segmentation.png,2592,3872,184796,0.018412901107029894,1634,1135,2177,1599,544,465,0.025204698500153045,1.1698924731182796,False,False,False,False,False,1,1.0
ISIC_0013045,data/raw/isic2018/images/ISIC2018_Task1-2_Training_Input/ISIC_0013045.jpg,data/raw/isic2018/masks/ISIC2018_Task1_Training_GroundTruth/ISIC_0013045_segmentation.png,2592,3872,371846,0.037050388672074275,1584,961,2197,1919,614,959,0.05867007352566065,0.6402502606882169,False,False,False,False,False,1,1.0
ISIC_0013047,data/raw/isic2018/images/ISIC2018_Task1-2_Training_Input/ISIC_0013047.jpg,data/raw/isic2018/masks/ISIC2018_Task1_Training_GroundTruth/ISIC_0013047_segmentation.png,2000,3008,582047,0.09674983377659574,1223,516,2021,1484,799,969,0.1286953125,0.8245614035087719,False,False,False,False,False,1,1.0
ISIC_0013048,data/raw/isic2018/images/ISIC2018_Task1-2_Training_Input/ISIC_0013048.jpg,data/raw/isic2018/masks/ISIC2018_Task1_Training_GroundTruth/ISIC_0013048_segmentation.png,2592,3872,358196,0.03569031540148965,1483,1054,2208,1680,726,627,0.045355902777777776,1.1578947368421053,False,False,False,False,False,1,1.0
ISIC_0013052,data/raw/isic2018/images/ISIC2018_Task1-2_Training_Input/ISIC_0013052.jpg,data/raw/isic2018/masks/ISIC2018_Task1_Training_GroundTruth/ISIC_0013052_segmentation.png,2000,3008,1495009,0.24850548537234043,891,475,2385,1743,1495,1269,0.3153515625,1.178092986603625,False,False,False,False,False,1,1.0
ISIC_0013053,data/raw/isic2018/images/ISIC2018_Task1-2_Training_Input/ISIC_0013053.jpg,data/raw/isic2018/masks/ISIC2018_Task1_Training_GroundTruth/ISIC_0013053_segmentation.png,2592,3872,212319,0.02115526716023875,1664,1175,2177,1721,514,547,0.028014320923885318,0.9396709323583181,False,False,False,False,False,1,1.0
ISIC_0013054,data/raw/isic2018/images/ISIC2018_Task1-2_Training_Input/ISIC_0013054.jpg,data/raw/isic2018/masks/ISIC2018_Task1_Training_GroundTruth/ISIC_0013054_segmentation.png,2592,3872,111410,0.01110078850372411,1695,1175,2117,1518,423,344,0.014498679981634528,1.2296511627906976,False,False,False,False,False,1,1.0
ISIC_0013055,data/raw/isic2018/images/ISIC2018_Task1-2_Training_Input/ISIC_0013055.jpg,data/raw/isic2018/masks/ISIC2018_Task1_Training_GroundTruth/ISIC_0013055_segmentation.png,2592,3872,53925,0.005373036711815121,1725,1195,2026,1417,302,223,0.0067102926359555145,1.3542600896860986,False,False,False,False,False,1,1.0
ISIC_0013056,data/raw/isic2018/images/ISIC2018_Task1-2_Training_Input/ISIC_0013056.jpg,data/raw/isic2018/masks/ISIC2018_Task1_Training_GroundTruth/ISIC_0013056_segmentation.png,2000,3008,306004,0.05086502659574468,1109,561,1867,1107,759,547,0.06901146941489361,1.3875685557586837,False,False,False,False,False,1,1.0
ISIC_0013063,data/raw/isic2018/images/ISIC2018_Task1-2_Training_Input/ISIC_0013063.jpg,data/raw/isic2018/masks/ISIC2018_Task1_Training_GroundTruth/ISIC_0013063_segmentation.png,2592,3872,1693212,0.16871006466176922,737,328,2269,1847,1533,1520,0.23217496939087848,1.0085526315789475,False,False,False,False,False,1,1.0
ISIC_0013065,data/raw/isic2018/images/ISIC2018_Task1-2_Training_Input/ISIC_0013065.jpg,data/raw/isic2018/masks/ISIC2018_Task1_Training_GroundTruth/ISIC_0013065_segmentation.png,2592,3872,142368,0.014185414753596571,1459,1266,2028,1680,570,415,0.02356962140342822,1.3734939759036144,False,False,False,False,False,1,1.0
ISIC_0013070,data/raw/isic2018/images/ISIC2018_Task1-2_Training_Input/ISIC_0013070.jpg,data/raw/isic2018/masks/ISIC2018_Task1_Training_GroundTruth/ISIC_0013070_segmentation.png,2592,3872,410670,0.040918775826446284,1268,954,2031,1921,764,968,0.07368827160493827,0.7892561983471075,False,False,False,False,False,1,1.0
ISIC_0013071,data/raw/isic2018/images/ISIC2018_Task1-2_Training_Input/ISIC_0013071.jpg,data/raw/isic2018/masks/ISIC2018_Task1_Training_GroundTruth/ISIC_0013071_segmentation.png,2592,3872,390200,0.03887916411590654,1332,993,2087,1660,756,668,0.0503185261707989,1.1317365269461077,False,False,False,False,False,1,1.0
ISIC_0013072,data/raw/isic2018/images/ISIC2018_Task1-2_Training_Input/ISIC_0013072.jpg,data/raw/isic2018/masks/ISIC2018_Task1_Training_GroundTruth/ISIC_0013072_segmentation.png,2000,3008,1519984,0.252656914893617,727,495,2239,1897,1513,1403,0.3528489029255319,1.0784034212401996,False,False,False,False,False,1,1.0
ISIC_0013073,data/raw/isic2018/images/ISIC2018_Task1-2_Training_Input/ISIC_0013073.jpg,data/raw/isic2018/masks/ISIC2018_Task1_Training_GroundTruth/ISIC_0013073_segmentation.png,2000,3008,3327255,0.553067652925532,249,11,2420,1981,2172,1971,0.7116043882978723,1.1019786910197868,False,False,False,False,False,1,1.0
ISIC_0013075,data/raw/isic2018/images/ISIC2018_Task1-2_Training_Input/ISIC_0013075.jpg,data/raw/isic2018/masks/ISIC2018_Task1_Training_GroundTruth/ISIC_0013075_segmentation.png,2592,3872,575808,0.05737297214569942,1150,790,2087,1599,938,810,0.07570377066115702,1.1580246913580248,False,False,False,False,False,1,1.0
ISIC_0013079,data/raw/isic2018/images/ISIC2018_Task1-2_Training_Input/ISIC_0013079.jpg,data/raw/isic2018/masks/ISIC2018_Task1_Training_GroundTruth/ISIC_0013079_segmentation.png,2000,3008,614430,0.10213264627659574,1161,385,1995,1408,835,1024,0.14212765957446807,0.8154296875,False,False,False,False,False,1,1.0
ISIC_0013082,data/raw/isic2018/images/ISIC2018_Task1-2_Training_Input/ISIC_0013082.jpg,data/raw/isic2018/masks/ISIC2018_Task1_Training_GroundTruth/ISIC_0013082_segmentation.png,2592,3872,254836,0.02539162139067442,1604,1033,2117,1660,514,628,0.03216269385776962,0.8184713375796179,False,False,False,False,False,1,1.0
ISIC_0013084,data/raw/isic2018/images/ISIC2018_Task1-2_Training_Input/ISIC_0013084.jpg,data/raw/isic2018/masks/ISIC2018_Task1_Training_GroundTruth/ISIC_0013084_segmentation.png,2000,3008,1620388,0.2693464095744681,424,454,2350,1468,1927,1015,0.3251171875,1.8985221674876847,False,False,False,False,False,1,1.0
ISIC_0013086,data/raw/isic2018/images/ISIC2018_Task1-2_Training_Input/ISIC_0013086.jpg,data/raw/isic2018/masks/ISIC2018_Task1_Training_GroundTruth/ISIC_0013086_segmentation.png,2000,3008,302266,0.0502436835106383,1411,594,1997,1265,587,672,0.06556914893617022,0.8735119047619048,False,False,False,False,False,1,1.0
ISIC_0013087,data/raw/isic2018/images/ISIC2018_Task1-2_Training_Input/ISIC_0013087.jpg,data/raw/isic2018/masks/ISIC2018_Task1_Training_GroundTruth/ISIC_0013087_segmentation.png,2000,3008,327305,0.054405751329787234,1097,657,1762,1348,666,692,0.07660771276595744,0.9624277456647399,False,False,False,False,False,1,1.0
ISIC_0013089,data/raw/isic2018/images/ISIC2018_Task1-2_Training_Input/ISIC_0013089.jpg,data/raw/isic2018/masks/ISIC2018_Task1_Training_GroundTruth/ISIC_0013089_segmentation.png,2592,3872,373325,0.03719775485282114,1598,681,2316,1455,719,775,0.055521379355422916,0.927741935483871,False,False,False,False,False,1,1.0
ISIC_0013090,data/raw/isic2018/images/ISIC2018_Task1-2_Training_Input/ISIC_0013090.jpg,data/raw/isic2018/masks/ISIC2018_Task1_Training_GroundTruth/ISIC_0013090_segmentation.png,2000,3008,101002,0.016788896276595744,1270,813,1668,1171,399,359,0.02381000664893617,1.1114206128133706,False,False,False,False,False,1,1.0
ISIC_0013094,data/raw/isic2018/images/ISIC2018_Task1-2_Training_Input/ISIC_0013094.jpg,data/raw/isic2018/masks/ISIC2018_Task1_Training_GroundTruth/ISIC_0013094_segmentation.png,2000,3008,90847,0.015100897606382979,1338,856,1713,1199,376,344,0.0215,1.0930232558139534,False,False,False,False,False,1,1.0
ISIC_0013096,data/raw/isic2018/images/ISIC2018_Task1-2_Training_Input/ISIC_0013096.jpg,data/raw/isic2018/masks/ISIC2018_Task1_Training_GroundTruth/ISIC_0013096_segmentation.png,2000,3008,601882,0.100046875,982,414,2117,1352,1136,939,0.17731117021276596,1.2097976570820022,False,False,False,False,False,1,1.0
ISIC_0013104,data/raw/isic2018/images/ISIC2018_Task1-2_Training_Input/ISIC_0013104.jpg,data/raw/isic2018/masks/ISIC2018_Task1_Training_GroundTruth/ISIC_0013104_segmentation.png,2592,3872,867947,0.08648142966916642,1392,689,2540,1964,1149,1276,0.1460832281144781,0.9004702194357367,False,False,False,False,False,1,1.0
ISIC_0013106,data/raw/isic2018/images/ISIC2018_Task1-2_Training_Input/ISIC_0013106.jpg,data/raw/isic2018/masks/ISIC2018_Task1_Training_GroundTruth/ISIC_0013106_segmentation.png,2000,3008,223970,0.03722905585106383,1129,766,1809,1187,681,422,0.04776961436170213,1.613744075829384,False,False,False,False,False,1,1.0
ISIC_0013109,data/raw/isic2018/images/ISIC2018_Task1-2_Training_Input/ISIC_0013109.jpg,data/raw/isic2018/masks/ISIC2018_Task1_Training_GroundTruth/ISIC_0013109_segmentation.png,2000,3008,117805,0.01958194813829787,1412,717,1794,1185,383,469,0.029858211436170214,0.8166311300639659,False,False,False,False,False,1,1.0
ISIC_0013112,data/raw/isic2018/images/ISIC2018_Task1-2_Training_Input/ISIC_0013112.jpg,data/raw/isic2018/masks/ISIC2018_Task1_Training_GroundTruth/ISIC_0013112_segmentation.png,2000,3008,490273,0.08149484707446808,1176,344,2021,1109,846,766,0.10771875,1.1044386422976502,False,False,False,False,False,1,1.0
ISIC_0013114,data/raw/isic2018/images/ISIC2018_Task1-2_Training_Input/ISIC_0013114.jpg,data/raw/isic2018/masks/ISIC2018_Task1_Training_GroundTruth/ISIC_0013114_segmentation.png,2000,3008,792006,0.1316499335106383,998,575,2143,1557,1146,983,0.18725365691489362,1.165818921668362,False,False,False,False,False,1,1.0
ISIC_0013118,data/raw/isic2018/images/ISIC2018_Task1-2_Training_Input/ISIC_0013118.jpg,data/raw/isic2018/masks/ISIC2018_Task1_Training_GroundTruth/ISIC_0013118_segmentation.png,2000,3008,186981,0.031080618351063828,1129,625,1645,1171,517,547,0.0470078125,0.9451553930530164,False,False,False,False,False,1,1.0
ISIC_0013120,data/raw/isic2018/images/ISIC2018_Task1-2_Training_Input/ISIC_0013120.jpg,data/raw/isic2018/masks/ISIC2018_Task1_Training_GroundTruth/ISIC_0013120_segmentation.png,2592,3872,244228,0.024334650163248647,1867,779,2510,1266,644,488,0.03131376900316294,1.319672131147541,False,False,False,False,False,1,1.0
ISIC_0013121,data/raw/isic2018/images/ISIC2018_Task1-2_Training_Input/ISIC_0013121.jpg,data/raw/isic2018/masks/ISIC2018_Task1_Training_GroundTruth/ISIC_0013121_segmentation.png,2000,3008,147689,0.02454936835106383,1340,829,1833,1281,494,453,0.03719780585106383,1.0905077262693157,False,False,False,False,False,1,1.0
ISIC_0013124,data/raw/isic2018/images/ISIC2018_Task1-2_Training_Input/ISIC_0013124.jpg,data/raw/isic2018/masks/ISIC2018_Task1_Training_GroundTruth/ISIC_0013124_segmentation.png,2592,3872,359336,0.035803903938373634,1543,866,2250,1581,708,716,0.050509833180287726,0.9888268156424581,False,False,False,False,False,1,1.0
ISIC_0013126,data/raw/isic2018/images/ISIC2018_Task1-2_Training_Input/ISIC_0013126.jpg,data/raw/isic2018/masks/ISIC2018_Task1_Training_GroundTruth/ISIC_0013126_segmentation.png,2592,3872,182447,0.01817884893760841,1755,932,2298,1377,544,446,0.024174829099071524,1.2197309417040358,False,False,False,False,False,1,1.0
ISIC_0013128,data/raw/isic2018/images/ISIC2018_Task1-2_Training_Input/ISIC_0013128.jpg,data/raw/isic2018/masks/ISIC2018_Task1_Training_GroundTruth/ISIC_0013128_segmentation.png,2592,3872,470897,0.0469197379412815,1574,648,2268,1640,695,993,0.06876440780915213,0.6998992950654582,False,False,False,False,False,1,1.0
ISIC_0013129,data/raw/isic2018/images/ISIC2018_Task1-2_Training_Input/ISIC_0013129.jpg,data/raw/isic2018/masks/ISIC2018_Task1_Training_GroundTruth/ISIC_0013129_segmentation.png,2000,3008,357577,0.059437666223404254,1124,567,1827,1239,704,673,0.07875531914893617,1.0460624071322437,False,False,False,False,False,1,1.0
ISIC_0013134,data/raw/isic2018/images/ISIC2018_Task1-2_Training_Input/ISIC_0013134.jpg,data/raw/isic2018/masks/ISIC2018_Task1_Training_GroundTruth/ISIC_0013134_segmentation.png,2592,3872,372065,0.0370722096278441,1429,750,2193,1389,765,640,0.04878328741965106,1.1953125,False,False,False,False,False,1,1.0
ISIC_0013136,data/raw/isic2018/images/ISIC2018_Task1-2_Training_Input/ISIC_0013136.jpg,data/raw/isic2018/masks/ISIC2018_Task1_Training_GroundTruth/ISIC_0013136_segmentation.png,2000,3008,252977,0.04205069813829787,1317,704,1880,1265,564,562,0.0526875,1.00355871886121,False,False,False,False,False,1,1.0
ISIC_0013140,data/raw/isic2018/images/ISIC2018_Task1-2_Training_Input/ISIC_0013140.jpg,data/raw/isic2018/masks/ISIC2018_Task1_Training_GroundTruth/ISIC_0013140_segmentation.png,2592,3872,257694,0.025676389845423937,1422,790,2026,1336,605,547,0.032974054783950615,1.106032906764168,False,False,False,False,False,1,1.0
ISIC_0013141,data/raw/isic2018/images/ISIC2018_Task1-2_Training_Input/ISIC_0013141.jpg,data/raw/isic2018/masks/ISIC2018_Task1_Training_GroundTruth/ISIC_0013141_segmentation.png,2000,3008,443299,0.07368666888297873,1197,670,1902,1485,706,816,0.09576063829787235,0.8651960784313726,False,False,False,False,False,1,1.0
ISIC_0013146,data/raw/isic2018/images/ISIC2018_Task1-2_Training_Input/ISIC_0013146.jpg,data/raw/isic2018/masks/ISIC2018_Task1_Training_GroundTruth/ISIC_0013146_segmentation.png,2000,3008,919762,0.15288597074468085,565,266,1997,1562,1433,1297,0.30894298537234044,1.1048573631457208,False,False,False,False,False,1,1.0
ISIC_0013147,data/raw/isic2018/images/ISIC2018_Task1-2_Training_Input/ISIC_0013147.jpg,data/raw/isic2018/masks/ISIC2018_Task1_Training_GroundTruth/ISIC_0013147_segmentation.png,2000,3008,238729,0.039682347074468084,1246,829,1997,1234,752,406,0.05075,1.8522167487684729,False,False,False,False,False,1,1.0
ISIC_0013150,data/raw/isic2018/images/ISIC2018_Task1-2_Training_Input/ISIC_0013150.jpg,data/raw/isic2018/masks/ISIC2018_Task1_Training_GroundTruth/ISIC_0013150_segmentation.png,2000,3008,371113,0.061687666223404256,1223,516,1903,1187,681,672,0.07606914893617021,1.0133928571428572,False,False,False,False,False,1,1.0
ISIC_0013155,data/raw/isic2018/images/ISIC2018_Task1-2_Training_Input/ISIC_0013155.jpg,data/raw/isic2018/masks/ISIC2018_Task1_Training_GroundTruth/ISIC_0013155_segmentation.png,2000,3008,25323,0.004209275265957447,1434,875,1620,1045,187,171,0.00531532579787234,1.0935672514619883,False,False,False,False,False,1,1.0
ISIC_0013159,data/raw/isic2018/images/ISIC2018_Task1-2_Training_Input/ISIC_0013159.jpg,data/raw/isic2018/masks/ISIC2018_Task1_Training_GroundTruth/ISIC_0013159_segmentation.png,2592,3872,1062577,0.1058741813654219,1531,736,2611,1945,1081,1210,0.13032889660493827,0.8933884297520661,False,False,False,False,False,1,1.0
ISIC_0013160,data/raw/isic2018/images/ISIC2018_Task1-2_Training_Input/ISIC_0013160.jpg,data/raw/isic2018/masks/ISIC2018_Task1_Training_GroundTruth/ISIC_0013160_segmentation.png,2000,3008,940637,0.15635588430851063,1038,168,2216,1213,1179,1046,0.20499235372340427,1.127151051625239,False,False,False,False,False,1,1.0
ISIC_0013163,data/raw/isic2018/images/ISIC2018_Task1-2_Training_Input/ISIC_0013163.jpg,data/raw/isic2018/masks/ISIC2018_Task1_Training_GroundTruth/ISIC_0013163_segmentation.png,2000,3008,104556,0.01737965425531915,1432,726,1777,1182,346,457,0.026283577127659573,0.7571115973741794,False,False,False,False,False,1,1.0
ISIC_0013164,data/raw/isic2018/images/ISIC2018_Task1-2_Training_Input/ISIC_0013164.jpg,data/raw/isic2018/masks/ISIC2018_Task1_Training_GroundTruth/ISIC_0013164_segmentation.png,2000,3008,65743,0.010928025265957446,1346,810,1661,1140,316,331,0.01738630319148936,0.9546827794561934,False,False,False,False,False,1,1.0
ISIC_0013165,data/raw/isic2018/images/ISIC2018_Task1-2_Training_Input/ISIC_0013165.jpg,data/raw/isic2018/masks/ISIC2018_Task1_Training_GroundTruth/ISIC_0013165_segmentation.png,2592,3872,693656,0.06911523696561575,1362,811,2419,1842,1058,1032,0.10879151362105907,1.0251937984496124,False,False,False,False,False,1,1.0
ISIC_0013166,data/raw/isic2018/images/ISIC2018_Task1-2_Training_Input/ISIC_0013166.jpg,data/raw/isic2018/masks/ISIC2018_Task1_Training_GroundTruth/ISIC_0013166_segmentation.png,2000,3008,737823,0.12264345079787234,1105,360,2044,1437,940,1078,0.1684375,0.8719851576994434,False,False,False,False,False,1,1.0
ISIC_0013167,data/raw/isic2018/images/ISIC2018_Task1-2_Training_Input/ISIC_0013167.jpg,data/raw/isic2018/masks/ISIC2018_Task1_Training_GroundTruth/ISIC_0013167_segmentation.png,2592,3872,1149716,0.11455663006325885,1211,405,2722,1417,1512,1013,0.15261277548209368,1.4925962487660414,False,False,False,False,False,1,1.0
ISIC_0013169,data/raw/isic2018/images/ISIC2018_Task1-2_Training_Input/ISIC_0013169.jpg,data/raw/isic2018/masks/ISIC2018_Task1_Training_GroundTruth/ISIC_0013169_segmentation.png,2000,3008,3833596,0.6372333776595744,237,0,2513,1983,2277,1984,0.7509255319148936,1.1476814516129032,True,False,False,True,False,1,1.0
ISIC_0013170,data/raw/isic2018/images/ISIC2018_Task1-2_Training_Input/ISIC_0013170.jpg,data/raw/isic2018/masks/ISIC2018_Task1_Training_GroundTruth/ISIC_0013170_segmentation.png,2000,3008,2583630,0.4294597739361702,501,132,2305,1975,1805,1844,0.5532613031914894,0.9788503253796096,False,False,False,False,False,1,1.0
ISIC_0013172,data/raw/isic2018/images/ISIC2018_Task1-2_Training_Input/ISIC_0013172.jpg,data/raw/isic2018/masks/ISIC2018_Task1_Training_GroundTruth/ISIC_0013172_segmentation.png,2000,3008,149466,0.024844747340425532,1293,782,1762,1250,470,469,0.036640625,1.0021321961620469,False,False,False,False,False,1,1.0
ISIC_0013173,data/raw/isic2018/images/ISIC2018_Task1-2_Training_Input/ISIC_0013173.jpg,data/raw/isic2018/masks/ISIC2018_Task1_Training_GroundTruth/ISIC_0013173_segmentation.png,2592,3872,79176,0.007889022803795531,1670,932,1989,1289,320,358,0.011414651566166717,0.8938547486033519,False,False,False,False,False,1,1.0
ISIC_0013176,data/raw/isic2018/images/ISIC2018_Task1-2_Training_Input/ISIC_0013176.jpg,data/raw/isic2018/masks/ISIC2018_Task1_Training_GroundTruth/ISIC_0013176_segmentation.png,2000,3008,283316,0.04709375,1276,669,2048,1336,773,668,0.08583178191489362,1.157185628742515,False,False,False,False,False,1,1.0
ISIC_0013177,data/raw/isic2018/images/ISIC2018_Task1-2_Training_Input/ISIC_0013177.jpg,data/raw/isic2018/masks/ISIC2018_Task1_Training_GroundTruth/ISIC_0013177_segmentation.png,2000,3008,976587,0.16233161569148935,1151,235,2200,1388,1050,1154,0.2014128989361702,0.9098786828422877,False,False,False,False,False,1,1.0
ISIC_0013178,data/raw/isic2018/images/ISIC2018_Task1-2_Training_Input/ISIC_0013178.jpg,data/raw/isic2018/masks/ISIC2018_Task1_Training_GroundTruth/ISIC_0013178_segmentation.png,2000,3008,1508169,0.2506929853723404,781,158,2156,1983,1376,1826,0.41764893617021276,0.7535596933187295,False,False,False,False,False,1,1.0
ISIC_0013181,data/raw/isic2018/images/ISIC2018_Task1-2_Training_Input/ISIC_0013181.jpg,data/raw/isic2018/masks/ISIC2018_Task1_Training_GroundTruth/ISIC_0013181_segmentation.png,2000,3008,102351,0.01701313164893617,1333,797,1717,1171,385,375,0.0239985039893617,1.0266666666666666,False,False,False,False,False,1,1.0
ISIC_0013184,data/raw/isic2018/images/ISIC2018_Task1-2_Training_Input/ISIC_0013184.jpg,data/raw/isic2018/masks/ISIC2018_Task1_Training_GroundTruth/ISIC_0013184_segmentation.png,2592,3872,2385984,0.23773722069176614,1029,284,2964,2004,1936,1721,0.33198302469135804,1.1249273678094132,False,False,False,False,False,1,1.0
ISIC_0013187,data/raw/isic2018/images/ISIC2018_Task1-2_Training_Input/ISIC_0013187.jpg,data/raw/isic2018/masks/ISIC2018_Task1_Training_GroundTruth/ISIC_0013187_segmentation.png,2000,3008,600527,0.09982164228723404,941,688,2091,1390,1151,703,0.13450016622340424,1.6372688477951636,False,False,False,False,False,1,1.0
ISIC_0013189,data/raw/isic2018/images/ISIC2018_Task1-2_Training_Input/ISIC_0013189.jpg,data/raw/isic2018/masks/ISIC2018_Task1_Training_GroundTruth/ISIC_0013189_segmentation.png,2592,3872,1254427,0.12498993645418835,1317,777,2570,2097,1254,1321,0.16505550294612795,0.9492808478425435,False,False,False,False,False,1,1.0
ISIC_0013190,data/raw/isic2018/images/ISIC2018_Task1-2_Training_Input/ISIC_0013190.jpg,data/raw/isic2018/masks/ISIC2018_Task1_Training_GroundTruth/ISIC_0013190_segmentation.png,2592,3872,677337,0.06748922702402817,1362,1054,2510,1822,1149,769,0.08803918684955617,1.494148244473342,False,False,False,False,False,1,1.0
ISIC_0013191,data/raw/isic2018/images/ISIC2018_Task1-2_Training_Input/ISIC_0013191.jpg,data/raw/isic2018/masks/ISIC2018_Task1_Training_GroundTruth/ISIC_0013191_segmentation.png,2000,3008,700280,0.11640292553191489,984,483,2006,1361,1023,879,0.14947091090425532,1.1638225255972696,False,False,False,False,False,1,1.0
ISIC_0013192,data/raw/isic2018/images/ISIC2018_Task1-2_Training_Input/ISIC_0013192.jpg,data/raw/isic2018/masks/ISIC2018_Task1_Training_GroundTruth/ISIC_0013192_segmentation.png,2000,3008,76006,0.012633976063829787,1364,875,1668,1187,305,313,0.015868517287234044,0.9744408945686901,False,False,False,False,False,1,1.0
ISIC_0013193,data/raw/isic2018/images/ISIC2018_Task1-2_Training_Input/ISIC_0013193.jpg,data/raw/isic2018/masks/ISIC2018_Task1_Training_GroundTruth/ISIC_0013193_segmentation.png,2000,3008,702041,0.11669564494680851,1096,650,2403,1343,1308,694,0.15088962765957448,1.8847262247838616,False,False,False,False,False,1,1.0
ISIC_0013196,data/raw/isic2018/images/ISIC2018_Task1-2_Training_Input/ISIC_0013196.jpg,data/raw/isic2018/masks/ISIC2018_Task1_Training_GroundTruth/ISIC_0013196_segmentation.png,2000,3008,17908,0.0029767287234042554,1427,882,1565,1049,139,168,0.0038816489361702127,0.8273809523809523,False,False,False,False,False,1,1.0
ISIC_0013197,data/raw/isic2018/images/ISIC2018_Task1-2_Training_Input/ISIC_0013197.jpg,data/raw/isic2018/masks/ISIC2018_Task1_Training_GroundTruth/ISIC_0013197_segmentation.png,2000,3008,27887,0.004635472074468085,1387,875,1598,1046,212,172,0.006061170212765957,1.2325581395348837,False,False,False,False,False,1,1.0
ISIC_0013198,data/raw/isic2018/images/ISIC2018_Task1-2_Training_Input/ISIC_0013198.jpg,data/raw/isic2018/masks/ISIC2018_Task1_Training_GroundTruth/ISIC_0013198_segmentation.png,2000,3008,954474,0.1586559175531915,741,523,1819,1839,1079,1317,0.2362106050531915,0.8192862566438877,False,False,False,False,False,1,1.0
ISIC_0013200,data/raw/isic2018/images/ISIC2018_Task1-2_Training_Input/ISIC_0013200.jpg,data/raw/isic2018/masks/ISIC2018_Task1_Training_GroundTruth/ISIC_0013200_segmentation.png,2000,3008,236519,0.03931499335106383,1246,797,1903,1265,658,469,0.051296875,1.4029850746268657,False,False,False,False,False,1,1.0
ISIC_0013201,data/raw/isic2018/images/ISIC2018_Task1-2_Training_Input/ISIC_0013201.jpg,data/raw/isic2018/masks/ISIC2018_Task1_Training_GroundTruth/ISIC_0013201_segmentation.png,2000,3008,118456,0.019690159574468086,1389,688,1737,1117,349,430,0.024945146276595744,0.8116279069767441,False,False,False,False,False,1,1.0
ISIC_0013203,data/raw/isic2018/images/ISIC2018_Task1-2_Training_Input/ISIC_0013203.jpg,data/raw/isic2018/masks/ISIC2018_Task1_Training_GroundTruth/ISIC_0013203_segmentation.png,2000,3008,1569788,0.26093550531914894,721,375,2295,1598,1575,1224,0.32044547872340423,1.286764705882353,False,False,False,False,False,1,1.0
ISIC_0013204,data/raw/isic2018/images/ISIC2018_Task1-2_Training_Input/ISIC_0013204.jpg,data/raw/isic2018/masks/ISIC2018_Task1_Training_GroundTruth/ISIC_0013204_segmentation.png,2000,3008,208580,0.03467087765957447,1215,768,1871,1248,657,481,0.05252942154255319,1.365904365904366,False,False,False,False,False,1,1.0
ISIC_0013205,data/raw/isic2018/images/ISIC2018_Task1-2_Training_Input/ISIC_0013205.jpg,data/raw/isic2018/masks/ISIC2018_Task1_Training_GroundTruth/ISIC_0013205_segmentation.png,2000,3008,194372,0.0323091755319149,1233,786,1753,1289,521,504,0.043647606382978724,1.0337301587301588,False,False,False,False,False,1,1.0
ISIC_0013207,data/raw/isic2018/images/ISIC2018_Task1-2_Training_Input/ISIC_0013207.jpg,data/raw/isic2018/masks/ISIC2018_Task1_Training_GroundTruth/ISIC_0013207_segmentation.png,2000,3008,257540,0.04280917553191489,1325,543,1881,1187,557,645,0.05971825132978723,0.8635658914728682,False,False,False,False,False,1,1.0
ISIC_0013208,data/raw/isic2018/images/ISIC2018_Task1-2_Training_Input/ISIC_0013208.jpg,data/raw/isic2018/masks/ISIC2018_Task1_Training_GroundTruth/ISIC_0013208_segmentation.png,2000,3008,46639,0.00775249335106383,1411,829,1668,1078,258,250,0.010721409574468085,1.032,False,False,False,False,False,1,1.0
ISIC_0013212,data/raw/isic2018/images/ISIC2018_Task1-2_Training_Input/ISIC_0013212.jpg,data/raw/isic2018/masks/ISIC2018_Task1_Training_GroundTruth/ISIC_0013212_segmentation.png,2000,3008,110822,0.01842121010638298,1289,764,1724,1090,436,327,0.02369880319148936,1.3333333333333333,False,False,False,False,False,1,1.0
ISIC_0013213,data/raw/isic2018/images/ISIC2018_Task1-2_Training_Input/ISIC_0013213.jpg,data/raw/isic2018/masks/ISIC2018_Task1_Training_GroundTruth/ISIC_0013213_segmentation.png,2000,3008,327363,0.05441539228723404,1199,766,1856,1468,658,703,0.076890625,0.9359886201991465,False,False,False,False,False,1,1.0
ISIC_0013216,data/raw/isic2018/images/ISIC2018_Task1-2_Training_Input/ISIC_0013216.jpg,data/raw/isic2018/masks/ISIC2018_Task1_Training_GroundTruth/ISIC_0013216_segmentation.png,2592,3872,488901,0.04871363971150903,1545,660,2438,1522,894,863,0.07687373259106213,1.0359212050984936,False,False,False,False,False,1,1.0
ISIC_0013217,data/raw/isic2018/images/ISIC2018_Task1-2_Training_Input/ISIC_0013217.jpg,data/raw/isic2018/masks/ISIC2018_Task1_Training_GroundTruth/ISIC_0013217_segmentation.png,2592,3872,92593,0.009225880171666156,1644,1459,2010,1842,367,384,0.014041934496479952,0.9557291666666666,False,False,False,False,False,1,1.0
ISIC_0013219,data/raw/isic2018/images/ISIC2018_Task1-2_Training_Input/ISIC_0013219.jpg,data/raw/isic2018/masks/ISIC2018_Task1_Training_GroundTruth/ISIC_0013219_segmentation.png,2000,3008,90311,0.015011801861702128,1387,829,1739,1171,353,343,0.020126163563829787,1.0291545189504374,False,False,False,False,False,1,1.0
ISIC_0013220,data/raw/isic2018/images/ISIC2018_Task1-2_Training_Input/ISIC_0013220.jpg,data/raw/isic2018/masks/ISIC2018_Task1_Training_GroundTruth/ISIC_0013220_segmentation.png,2000,3008,424511,0.07056366356382979,1058,704,1856,1437,799,734,0.097484375,1.0885558583106267,False,False,False,False,False,1,1.0
ISIC_0013222,data/raw/isic2018/images/ISIC2018_Task1-2_Training_Input/ISIC_0013222.jpg,data/raw/isic2018/masks/ISIC2018_Task1_Training_GroundTruth/ISIC_0013222_segmentation.png,2592,3872,430921,0.0429365665812162,1574,1013,2298,1761,725,749,0.05410650459774513,0.9679572763684913,False,False,False,False,False,1,1.0
ISIC_0013223,data/raw/isic2018/images/ISIC2018_Task1-2_Training_Input/ISIC_0013223.jpg,data/raw/isic2018/masks/ISIC2018_Task1_Training_GroundTruth/ISIC_0013223_segmentation.png,2000,3008,665366,0.11059940159574468,1058,313,2021,1265,964,953,0.15270811170212767,1.011542497376705,False,False,False,False,False,1,1.0
ISIC_0013224,data/raw/isic2018/images/ISIC2018_Task1-2_Training_Input/ISIC_0013224.jpg,data/raw/isic2018/masks/ISIC2018_Task1_Training_GroundTruth/ISIC_0013224_segmentation.png,2592,3872,252966,0.0252052963345577,1120,1398,1754,1923,635,526,0.03328044491633507,1.2072243346007605,False,False,False,False,False,1,1.0
ISIC_0013226,data/raw/isic2018/images/ISIC2018_Task1-2_Training_Input/ISIC_0013226.jpg,data/raw/isic2018/masks/ISIC2018_Task1_Training_GroundTruth/ISIC_0013226_segmentation.png,2592,3872,257549,0.025661942180644833,1716,755,2306,1468,591,714,0.04204509584481175,0.8277310924369747,False,False,False,False,False,1,1.0
ISIC_0013227,data/raw/isic2018/images/ISIC2018_Task1-2_Training_Input/ISIC_0013227.jpg,data/raw/isic2018/masks/ISIC2018_Task1_Training_GroundTruth/ISIC_0013227_segmentation.png,2592,3872,250354,0.02494503909039894,1664,1054,2268,1620,605,567,0.0341796875,1.0670194003527338,False,False,False,False,False,1,1.0
ISIC_0013229,data/raw/isic2018/images/ISIC2018_Task1-2_Training_Input/ISIC_0013229.jpg,data/raw/isic2018/masks/ISIC2018_Task1_Training_GroundTruth/ISIC_0013229_segmentation.png,2848,4288,660908,0.05411856186064062,1809,1558,2747,2558,939,1001,0.07696706185539996,0.938061938061938,False,False,False,False,False,1,1.0
ISIC_0013230,data/raw/isic2018/images/ISIC2018_Task1-2_Training_Input/ISIC_0013230.jpg,data/raw/isic2018/masks/ISIC2018_Task1_Training_GroundTruth/ISIC_0013230_segmentation.png,2000,3008,210957,0.035065990691489364,1225,688,1755,1260,531,573,0.05057563164893617,0.9267015706806283,False,False,False,False,False,1,1.0
ISIC_0013232,data/raw/isic2018/images/ISIC2018_Task1-2_Training_Input/ISIC_0013232.jpg,data/raw/isic2018/masks/ISIC2018_Task1_Training_GroundTruth/ISIC_0013232_segmentation.png,2000,3008,467956,0.07778523936170213,1223,438,2044,1281,822,844,0.11532047872340426,0.9739336492890995,False,False,False,False,False,1,1.0
ISIC_0013233,data/raw/isic2018/images/ISIC2018_Task1-2_Training_Input/ISIC_0013233.jpg,data/raw/isic2018/masks/ISIC2018_Task1_Training_GroundTruth/ISIC_0013233_segmentation.png,2000,3008,53676,0.00892220744680851,1623,602,1882,966,260,365,0.015774601063829788,0.7123287671232876,False,False,False,False,False,1,1.0
ISIC_0013235,data/raw/isic2018/images/ISIC2018_Task1-2_Training_Input/ISIC_0013235.jpg,data/raw/isic2018/masks/ISIC2018_Task1_Training_GroundTruth/ISIC_0013235_segmentation.png,2000,3008,364970,0.06066655585106383,1293,672,1809,1562,517,891,0.0765703125,0.5802469135802469,False,False,False,False,False,1,1.0
ISIC_0013238,data/raw/isic2018/images/ISIC2018_Task1-2_Training_Input/ISIC_0013238.jpg,data/raw/isic2018/masks/ISIC2018_Task1_Training_GroundTruth/ISIC_0013238_segmentation.png,2592,3872,550493,0.054850609153402716,1362,709,2238,1660,877,952,0.08318905596367718,0.9212184873949579,False,False,False,False,False,1,1.0
ISIC_0013242,data/raw/isic2018/images/ISIC2018_Task1-2_Training_Input/ISIC_0013242.jpg,data/raw/isic2018/masks/ISIC2018_Task1_Training_GroundTruth/ISIC_0013242_segmentation.png,2592,3872,1020232,0.10165496505458627,1253,604,2319,1803,1067,1200,0.12757786195286194,0.8891666666666667,False,False,False,False,False,1,1.0
ISIC_0013244,data/raw/isic2018/images/ISIC2018_Task1-2_Training_Input/ISIC_0013244.jpg,data/raw/isic2018/masks/ISIC2018_Task1_Training_GroundTruth/ISIC_0013244_segmentation.png,2000,3008,582573,0.09683726728723405,847,610,2115,1265,1269,656,0.138375,1.9344512195121952,False,False,False,False,False,1,1.0
ISIC_0013248,data/raw/isic2018/images/ISIC2018_Task1-2_Training_Input/ISIC_0013248.jpg,data/raw/isic2018/masks/ISIC2018_Task1_Training_GroundTruth/ISIC_0013248_segmentation.png,2000,3008,148425,0.024671708776595743,1270,735,1715,1171,446,437,0.032397273936170215,1.0205949656750573,False,False,False,False,False,1,1.0
ISIC_0013249,data/raw/isic2018/images/ISIC2018_Task1-2_Training_Input/ISIC_0013249.jpg,data/raw/isic2018/masks/ISIC2018_Task1_Training_GroundTruth/ISIC_0013249_segmentation.png,2592,3872,298108,0.029703203117028874,1699,971,2340,1592,642,622,0.03978827096724824,1.0321543408360128,False,False,False,False,False,1,1.0
ISIC_0013257,data/raw/isic2018/images/ISIC2018_Task1-2_Training_Input/ISIC_0013257.jpg,data/raw/isic2018/masks/ISIC2018_Task1_Training_GroundTruth/ISIC_0013257_segmentation.png,2848,4288,458633,0.03755523973356532,1432,974,2307,1644,876,671,0.04813177354100285,1.3055141579731744,False,False,False,False,False,1,1.0
ISIC_0013258,data/raw/isic2018/images/ISIC2018_Task1-2_Training_Input/ISIC_0013258.jpg,data/raw/isic2018/masks/ISIC2018_Task1_Training_GroundTruth/ISIC_0013258_segmentation.png,2000,3008,253385,0.04211851728723404,1317,704,1974,1218,658,515,0.056328125,1.2776699029126213,False,False,False,False,False,1,1.0
ISIC_0013269,data/raw/isic2018/images/ISIC2018_Task1-2_Training_Input/ISIC_0013269.jpg,data/raw/isic2018/masks/ISIC2018_Task1_Training_GroundTruth/ISIC_0013269_segmentation.png,2848,4288,342242,0.02802454327729331,1560,1118,2223,2044,664,927,0.050402612988428644,0.7162891046386192,False,False,False,False,False,1,1.0
ISIC_0013271,data/raw/isic2018/images/ISIC2018_Task1-2_Training_Input/ISIC_0013271.jpg,data/raw/isic2018/masks/ISIC2018_Task1_Training_GroundTruth/ISIC_0013271_segmentation.png,2848,4288,446660,0.03657482863072279,1864,969,2802,1737,939,769,0.0591285420247778,1.2210663198959688,False,False,False,False,False,1,1.0
ISIC_0013274,data/raw/isic2018/images/ISIC2018_Task1-2_Training_Input/ISIC_0013274.jpg,data/raw/isic2018/masks/ISIC2018_Task1_Training_GroundTruth/ISIC_0013274_segmentation.png,2848,4288,423617,0.03468794873071441,1709,957,2579,1579,871,623,0.04443359375,1.3980738362760834,False,False,False,False,False,1,1.0
ISIC_0013275,data/raw/isic2018/images/ISIC2018_Task1-2_Training_Input/ISIC_0013275.jpg,data/raw/isic2018/masks/ISIC2018_Task1_Training_GroundTruth/ISIC_0013275_segmentation.png,2848,4288,195561,0.016013545116761698,1977,1158,2479,1624,503,467,0.019234907581125272,1.077087794432548,False,False,False,False,False,1,1.0
ISIC_0013277,data/raw/isic2018/images/ISIC2018_Task1-2_Training_Input/ISIC_0013277.jpg,data/raw/isic2018/masks/ISIC2018_Task1_Training_GroundTruth/ISIC_0013277_segmentation.png,2000,3008,1727149,0.2870925864361702,771,111,2101,1818,1331,1708,0.37788364361702126,0.7792740046838408,False,False,False,False,False,1,1.0
ISIC_0013287,data/raw/isic2018/images/ISIC2018_Task1-2_Training_Input/ISIC_0013287.jpg,data/raw/isic2018/masks/ISIC2018_Task1_Training_GroundTruth/ISIC_0013287_segmentation.png,2848,4288,423685,0.034693516922061046,1709,935,2378,1802,670,868,0.04762113764044944,0.771889400921659,False,False,False,False,False,1,1.0
ISIC_0013288,data/raw/isic2018/images/ISIC2018_Task1-2_Training_Input/ISIC_0013288.jpg,data/raw/isic2018/masks/ISIC2018_Task1_Training_GroundTruth/ISIC_0013288_segmentation.png,2848,4288,444589,0.036405244450150934,1675,1202,2412,2047,738,846,0.05112484016015428,0.8723404255319149,False,False,False,False,False,1,1.0
ISIC_0013291,data/raw/isic2018/images/ISIC2018_Task1-2_Training_Input/ISIC_0013291.jpg,data/raw/isic2018/masks/ISIC2018_Task1_Training_GroundTruth/ISIC_0013291_segmentation.png,2848,4288,664819,0.05443881474823914,1761,992,2664,2151,904,1160,0.08586806137850075,0.7793103448275862,False,False,False,False,False,1,1.0
ISIC_0013294,data/raw/isic2018/images/ISIC2018_Task1-2_Training_Input/ISIC_0013294.jpg,data/raw/isic2018/masks/ISIC2018_Task1_Training_GroundTruth/ISIC_0013294_segmentation.png,2848,4288,457946,0.037498984623930906,1675,1402,2412,2247,738,846,0.05112484016015428,0.8723404255319149,False,False,False,False,False,1,1.0
ISIC_0013302,data/raw/isic2018/images/ISIC2018_Task1-2_Training_Input/ISIC_0013302.jpg,data/raw/isic2018/masks/ISIC2018_Task1_Training_GroundTruth/ISIC_0013302_segmentation.png,2848,4288,103950,0.008511963095337917,1985,1440,2404,1834,420,395,0.013584749182458495,1.0632911392405062,False,False,False,False,False,1,1.0
ISIC_0013304,data/raw/isic2018/images/ISIC2018_Task1-2_Training_Input/ISIC_0013304.jpg,data/raw/isic2018/masks/ISIC2018_Task1_Training_GroundTruth/ISIC_0013304_segmentation.png,2848,4288,828051,0.06780509430550898,1631,894,2745,1845,1115,952,0.08691946692101292,1.171218487394958,False,False,False,False,False,1,1.0
ISIC_0013306,data/raw/isic2018/images/ISIC2018_Task1-2_Training_Input/ISIC_0013306.jpg,data/raw/isic2018/masks/ISIC2018_Task1_Training_GroundTruth/ISIC_0013306_segmentation.png,2848,4288,294458,0.024111742463944322,1570,1409,2245,1957,676,549,0.030389550666610768,1.2313296903460837,False,False,False,False,False,1,1.0
ISIC_0013310,data/raw/isic2018/images/ISIC2018_Task1-2_Training_Input/ISIC_0013310.jpg,data/raw/isic2018/masks/ISIC2018_Task1_Training_GroundTruth/ISIC_0013310_segmentation.png,2848,4288,2899569,0.23743169139380346,1097,927,2937,2826,1841,1900,0.28642612516770083,0.9689473684210527,False,False,False,False,False,1,1.0
ISIC_0013311,data/raw/isic2018/images/ISIC2018_Task1-2_Training_Input/ISIC_0013311.jpg,data/raw/isic2018/masks/ISIC2018_Task1_Training_GroundTruth/ISIC_0013311_segmentation.png,2848,4288,425047,0.03480504451932752,1608,1202,2311,1958,704,757,0.043638898205601205,0.9299867899603699,False,False,False,False,False,1,1.0
ISIC_0013314,data/raw/isic2018/images/ISIC2018_Task1-2_Training_Input/ISIC_0013314.jpg,data/raw/isic2018/masks/ISIC2018_Task1_Training_GroundTruth/ISIC_0013314_segmentation.png,2848,4288,507904,0.04158980379003857,1675,1358,2445,2202,771,845,0.05334777678496562,0.9124260355029585,False,False,False,False,False,1,1.0
ISIC_0013315,data/raw/isic2018/images/ISIC2018_Task1-2_Training_Input/ISIC_0013315.jpg,data/raw/isic2018/masks/ISIC2018_Task1_Training_GroundTruth/ISIC_0013315_segmentation.png,2848,4288,1518490,0.12434180702876069,977,909,2353,2375,1377,1467,0.16541286828672647,0.9386503067484663,False,False,False,False,False,1,1.0
ISIC_0013319,data/raw/isic2018/images/ISIC2018_Task1-2_Training_Input/ISIC_0013319.jpg,data/raw/isic2018/masks/ISIC2018_Task1_Training_GroundTruth/ISIC_0013319_segmentation.png,2848,4288,812871,0.06656207747253899,1690,648,2729,2000,1040,1353,0.11522225599530438,0.7686622320768662,False,False,False,False,False,1,1.0
ISIC_0013320,data/raw/isic2018/images/ISIC2018_Task1-2_Training_Input/ISIC_0013320.jpg,data/raw/isic2018/masks/ISIC2018_Task1_Training_GroundTruth/ISIC_0013320_segmentation.png,2848,4288,1027756,0.08415797155374811,1508,735,2646,1935,1139,1201,0.11201391327247191,0.948376353039134,False,False,False,False,False,1,1.0
ISIC_0013321,data/raw/isic2018/images/ISIC2018_Task1-2_Training_Input/ISIC_0013321.jpg,data/raw/isic2018/masks/ISIC2018_Task1_Training_GroundTruth/ISIC_0013321_segmentation.png,2848,4288,6484055,0.5309479256194449,4,4,2506,2844,2503,2841,0.5822873049167785,0.8810278071101725,False,False,False,False,False,1,1.0
ISIC_0013325,data/raw/isic2018/images/ISIC2018_Task1-2_Training_Input/ISIC_0013325.jpg,data/raw/isic2018/masks/ISIC2018_Task1_Training_GroundTruth/ISIC_0013325_segmentation.png,2848,4288,455379,0.03728878540059534,1783,1099,2505,1920,723,822,0.048664845977276536,0.8795620437956204,False,False,False,False,False,1,1.0
ISIC_0013326,data/raw/isic2018/images/ISIC2018_Task1-2_Training_Input/ISIC_0013326.jpg,data/raw/isic2018/masks/ISIC2018_Task1_Training_GroundTruth/ISIC_0013326_segmentation.png,2848,4288,421412,0.034507391937782995,1783,1030,2590,1679,808,650,0.04300608963608921,1.243076923076923,False,False,False,False,False,1,1.0
ISIC_0013329,data/raw/isic2018/images/ISIC2018_Task1-2_Training_Input/ISIC_0013329.jpg,data/raw/isic2018/masks/ISIC2018_Task1_Training_GroundTruth/ISIC_0013329_segmentation.png,2848,4288,281890,0.023082609686818717,1675,1113,2244,1735,570,623,0.02907824160447761,0.9149277688603531,False,False,False,False,False,1,1.0
ISIC_0013330,data/raw/isic2018/images/ISIC2018_Task1-2_Training_Input/ISIC_0013330.jpg,data/raw/isic2018/masks/ISIC2018_Task1_Training_GroundTruth/ISIC_0013330_segmentation.png,2848,4288,198297,0.016237582933297,1608,1358,2143,1891,536,534,0.0234375,1.00374531835206,False,False,False,False,False,1,1.0
ISIC_0013333,data/raw/isic2018/images/ISIC2018_Task1-2_Training_Input/ISIC_0013333.jpg,data/raw/isic2018/masks/ISIC2018_Task1_Training_GroundTruth/ISIC_0013333_segmentation.png,2848,4288,360181,0.029493481285636426,1776,957,2512,1668,737,712,0.04296875,1.0351123595505618,False,False,False,False,False,1,1.0
ISIC_0013334,data/raw/isic2018/images/ISIC2018_Task1-2_Training_Input/ISIC_0013334.jpg,data/raw/isic2018/masks/ISIC2018_Task1_Training_GroundTruth/ISIC_0013334_segmentation.png,2848,4288,3152008,0.25810270103136007,695,568,3029,2349,2335,1782,0.3407217227590978,1.3103254769921437,False,False,False,False,False,1,1.0
ISIC_0013335,data/raw/isic2018/images/ISIC2018_Task1-2_Training_Input/ISIC_0013335.jpg,data/raw/isic2018/masks/ISIC2018_Task1_Training_GroundTruth/ISIC_0013335_segmentation.png,2848,4288,1701719,0.1393455442677763,1340,846,2948,2358,1609,1513,0.19934264225746268,1.0634500991407798,False,False,False,False,False,1,1.0
ISIC_0013340,data/raw/isic2018/images/ISIC2018_Task1-2_Training_Input/ISIC_0013340.jpg,data/raw/isic2018/masks/ISIC2018_Task1_Training_GroundTruth/ISIC_0013340_segmentation.png,2848,4288,199864,0.01636589698977025,1652,1502,2370,2035,719,534,0.0314394822761194,1.3464419475655431,False,False,False,False,False,1,1.0
ISIC_0013341,data/raw/isic2018/images/ISIC2018_Task1-2_Training_Input/ISIC_0013341.jpg,data/raw/isic2018/masks/ISIC2018_Task1_Training_GroundTruth/ISIC_0013341_segmentation.png,2848,4288,4389980,0.3594742448222371,769,251,3340,2491,2572,2241,0.47197398278970315,1.147701918786256,False,False,False,False,False,1,1.0
ISIC_0013342,data/raw/isic2018/images/ISIC2018_Task1-2_Training_Input/ISIC_0013342.jpg,data/raw/isic2018/masks/ISIC2018_Task1_Training_GroundTruth/ISIC_0013342_segmentation.png,2848,4288,288032,0.02358554838168707,1843,1180,2546,1713,704,534,0.030783582089552237,1.3183520599250935,False,False,False,False,False,1,1.0
ISIC_0013346,data/raw/isic2018/images/ISIC2018_Task1-2_Training_Input/ISIC_0013346.jpg,data/raw/isic2018/masks/ISIC2018_Task1_Training_GroundTruth/ISIC_0013346_segmentation.png,2848,4288,1718112,0.14068788780815025,1285,468,2719,2175,1435,1708,0.20069890627620326,0.8401639344262295,False,False,False,False,False,1,1.0
ISIC_0013355,data/raw/isic2018/images/ISIC2018_Task1-2_Training_Input/ISIC_0013355.jpg,data/raw/isic2018/masks/ISIC2018_Task1_Training_GroundTruth/ISIC_0013355_segmentation.png,2848,4288,52181,0.004272849892042596,1742,1491,2043,1713,302,223,0.005514638447509643,1.3542600896860986,False,False,False,False,False,1,1.0
ISIC_0013356,data/raw/isic2018/images/ISIC2018_Task1-2_Training_Input/ISIC_0013356.jpg,data/raw/isic2018/masks/ISIC2018_Task1_Training_GroundTruth/ISIC_0013356_segmentation.png,2848,4288,202791,0.016605574873176255,1724,1467,2398,1888,675,422,0.023324989780731175,1.599526066350711,False,False,False,False,False,1,1.0
ISIC_0013359,data/raw/isic2018/images/ISIC2018_Task1-2_Training_Input/ISIC_0013359.jpg,data/raw/isic2018/masks/ISIC2018_Task1_Training_GroundTruth/ISIC_0013359_segmentation.png,2848,4288,3549515,0.29065262805529934,1058,434,3165,2589,2108,2156,0.37215563684387054,0.9777365491651205,False,False,False,False,False,1,1.0
ISIC_0013360,data/raw/isic2018/images/ISIC2018_Task1-2_Training_Input/ISIC_0013360.jpg,data/raw/isic2018/masks/ISIC2018_Task1_Training_GroundTruth/ISIC_0013360_segmentation.png,2848,4288,253014,0.020718093608502432,2485,1368,3036,1975,552,608,0.027481972161663593,0.9078947368421053,False,False,False,False,False,1,1.0
ISIC_0013364,data/raw/isic2018/images/ISIC2018_Task1-2_Training_Input/ISIC_0013364.jpg,data/raw/isic2018/masks/ISIC2018_Task1_Training_GroundTruth/ISIC_0013364_segmentation.png,2848,4288,322941,0.026444077671683715,2044,1224,2713,1869,670,646,0.03544153792134831,1.0371517027863777,False,False,False,False,False,1,1.0
ISIC_0013365,data/raw/isic2018/images/ISIC2018_Task1-2_Training_Input/ISIC_0013365.jpg,data/raw/isic2018/masks/ISIC2018_Task1_Training_GroundTruth/ISIC_0013365_segmentation.png,2848,4288,1169170,0.0957376805404159,1575,913,2814,2113,1240,1201,0.1219466658980379,1.0324729392173189,False,False,False,False,False,1,1.0
ISIC_0013369,data/raw/isic2018/images/ISIC2018_Task1-2_Training_Input/ISIC_0013369.jpg,data/raw/isic2018/masks/ISIC2018_Task1_Training_GroundTruth/ISIC_0013369_segmentation.png,2848,4288,92653,0.007586906365294315,2098,1181,2426,1638,329,458,0.012338620713147744,0.7183406113537117,False,False,False,False,False,1,1.0
ISIC_0013371,data/raw/isic2018/images/ISIC2018_Task1-2_Training_Input/ISIC_0013371.jpg,data/raw/isic2018/masks/ISIC2018_Task1_Training_GroundTruth/ISIC_0013371_segmentation.png,2848,4288,952394,0.07798694160867013,1106,668,2445,1780,1340,1113,0.12212517556179775,1.2039532794249774,False,False,False,False,False,1,1.0
ISIC_0013374,data/raw/isic2018/images/ISIC2018_Task1-2_Training_Input/ISIC_0013374.jpg,data/raw/isic2018/masks/ISIC2018_Task1_Training_GroundTruth/ISIC_0013374_segmentation.png,2848,4288,6787569,0.5558012201544944,142,3,3964,2602,3823,2600,0.8139221815780647,1.4703846153846154,False,False,False,False,False,1,1.0
ISIC_0013378,data/raw/isic2018/images/ISIC2018_Task1-2_Training_Input/ISIC_0013378.jpg,data/raw/isic2018/masks/ISIC2018_Task1_Training_GroundTruth/ISIC_0013378_segmentation.png,2848,4288,400545,0.03279869416086701,1865,1404,2701,2075,837,672,0.04605745849404662,1.2455357142857142,False,False,False,False,False,1,1.0
ISIC_0013383,data/raw/isic2018/images/ISIC2018_Task1-2_Training_Input/ISIC_0013383.jpg,data/raw/isic2018/masks/ISIC2018_Task1_Training_GroundTruth/ISIC_0013383_segmentation.png,2848,4288,371569,0.030425989565864498,1809,1425,2412,2158,604,734,0.036302642336072444,0.8228882833787466,False,False,False,False,False,1,1.0
ISIC_0013385,data/raw/isic2018/images/ISIC2018_Task1-2_Training_Input/ISIC_0013385.jpg,data/raw/isic2018/masks/ISIC2018_Task1_Training_GroundTruth/ISIC_0013385_segmentation.png,2848,4288,844667,0.06916569823809324,1675,980,2579,2247,905,1268,0.09396650438118397,0.7137223974763407,False,False,False,False,False,1,1.0
ISIC_0013390,data/raw/isic2018/images/ISIC2018_Task1-2_Training_Input/ISIC_0013390.jpg,data/raw/isic2018/masks/ISIC2018_Task1_Training_GroundTruth/ISIC_0013390_segmentation.png,2848,4288,709349,0.05808516122861815,1776,1158,2680,2158,905,1001,0.07418018208640785,0.9040959040959041,False,False,False,False,False,1,1.0
ISIC_0013393,data/raw/isic2018/images/ISIC2018_Task1-2_Training_Input/ISIC_0013393.jpg,data/raw/isic2018/masks/ISIC2018_Task1_Training_GroundTruth/ISIC_0013393_segmentation.png,2848,4288,3422816,0.28027785929901056,1097,717,3347,2695,2251,1979,0.3647762274914053,1.1374431531076301,False,False,False,False,False,1,1.0
ISIC_0013394,data/raw/isic2018/images/ISIC2018_Task1-2_Training_Input/ISIC_0013394.jpg,data/raw/isic2018/masks/ISIC2018_Task1_Training_GroundTruth/ISIC_0013394_segmentation.png,2848,4288,331191,0.027119630298297837,1876,1091,2546,1757,671,667,0.03664827962539829,1.0059970014992503,False,False,False,False,False,1,1.0
ISIC_0013395,data/raw/isic2018/images/ISIC2018_Task1-2_Training_Input/ISIC_0013395.jpg,data/raw/isic2018/masks/ISIC2018_Task1_Training_GroundTruth/ISIC_0013395_segmentation.png,2848,4288,383106,0.031370698735955056,1675,1402,2311,2202,637,801,0.04178084188432836,0.7952559300873908,False,False,False,False,False,1,1.0
ISIC_0013397,data/raw/isic2018/images/ISIC2018_Task1-2_Training_Input/ISIC_0013397.jpg,data/raw/isic2018/masks/ISIC2018_Task1_Training_GroundTruth/ISIC_0013397_segmentation.png,2848,4288,1065776,0.08727124559785343,2031,188,3195,1463,1165,1276,0.12172557594750964,0.9130094043887147,False,False,False,False,False,1,1.0
ISIC_0013398,data/raw/isic2018/images/ISIC2018_Task1-2_Training_Input/ISIC_0013398.jpg,data/raw/isic2018/masks/ISIC2018_Task1_Training_GroundTruth/ISIC_0013398_segmentation.png,2848,4288,115429,0.00945192292575046,2034,975,2474,1405,441,431,0.015563995550687573,1.023201856148492,False,False,False,False,False,1,1.0
ISIC_0013399,data/raw/isic2018/images/ISIC2018_Task1-2_Training_Input/ISIC_0013399.jpg,data/raw/isic2018/masks/ISIC2018_Task1_Training_GroundTruth/ISIC_0013399_segmentation.png,2848,4288,618679,0.050660633149211806,1799,1101,2622,2074,824,974,0.06571906967969143,0.8459958932238193,False,False,False,False,False,1,1.0
ISIC_0013400,data/raw/isic2018/images/ISIC2018_Task1-2_Training_Input/ISIC_0013400.jpg,data/raw/isic2018/masks/ISIC2018_Task1_Training_GroundTruth/ISIC_0013400_segmentation.png,2848,4288,1925116,0.15763844488931747,1337,977,3015,2522,1679,1546,0.21255211172019117,1.0860284605433377,False,False,False,False,False,1,1.0
ISIC_0013403,data/raw/isic2018/images/ISIC2018_Task1-2_Training_Input/ISIC_0013403.jpg,data/raw/isic2018/masks/ISIC2018_Task1_Training_GroundTruth/ISIC_0013403_segmentation.png,2848,4288,455922,0.037333249046201576,1809,1135,2546,1958,738,824,0.0497953525909777,0.8956310679611651,False,False,False,False,False,1,1.0
ISIC_0013405,data/raw/isic2018/images/ISIC2018_Task1-2_Training_Input/ISIC_0013405.jpg,data/raw/isic2018/masks/ISIC2018_Task1_Training_GroundTruth/ISIC_0013405_segmentation.png,2848,4288,619947,0.050764463540793225,1541,801,2512,1646,972,846,0.06733515533288613,1.148936170212766,False,False,False,False,False,1,1.0
ISIC_0013410,data/raw/isic2018/images/ISIC2018_Task1-2_Training_Input/ISIC_0013410.jpg,data/raw/isic2018/masks/ISIC2018_Task1_Training_GroundTruth/ISIC_0013410_segmentation.png,2848,4288,606072,0.04962830685057857,1374,1113,2143,2202,770,1090,0.06872622054754318,0.7064220183486238,False,False,False,False,False,1,1.0
ISIC_0013411,data/raw/isic2018/images/ISIC2018_Task1-2_Training_Input/ISIC_0013411.jpg,data/raw/isic2018/masks/ISIC2018_Task1_Training_GroundTruth/ISIC_0013411_segmentation.png,2848,4288,4309211,0.3528604617799346,105,668,3016,2783,2912,2116,0.5045593660908938,1.3761814744801513,False,False,False,False,False,1,1.0
ISIC_0013414,data/raw/isic2018/images/ISIC2018_Task1-2_Training_Input/ISIC_0013414.jpg,data/raw/isic2018/masks/ISIC2018_Task1_Training_GroundTruth/ISIC_0013414_segmentation.png,2848,4288,278528,0.022807311755827602,1783,1105,2363,1818,581,714,0.03396875131016267,0.8137254901960784,False,False,False,False,False,1,1.0
ISIC_0013416,data/raw/isic2018/images/ISIC2018_Task1-2_Training_Input/ISIC_0013416.jpg,data/raw/isic2018/masks/ISIC2018_Task1_Training_GroundTruth/ISIC_0013416_segmentation.png,2848,4288,163975,0.013427120236248532,1873,1194,2433,1631,561,438,0.020120659431074963,1.2808219178082192,False,False,False,False,False,1,1.0
ISIC_0013417,data/raw/isic2018/images/ISIC2018_Task1-2_Training_Input/ISIC_0013417.jpg,data/raw/isic2018/masks/ISIC2018_Task1_Training_GroundTruth/ISIC_0013417_segmentation.png,2848,4288,170235,0.01393972138080664,1876,1202,2378,1602,503,401,0.016516483811630053,1.254364089775561,False,False,False,False,False,1,1.0
ISIC_0013423,data/raw/isic2018/images/ISIC2018_Task1-2_Training_Input/ISIC_0013423.jpg,data/raw/isic2018/masks/ISIC2018_Task1_Training_GroundTruth/ISIC_0013423_segmentation.png,2848,4288,4086079,0.3345892607276119,895,364,3452,2373,2558,2010,0.42101913623595505,1.272636815920398,False,False,False,False,False,1,1.0
ISIC_0013424,data/raw/isic2018/images/ISIC2018_Task1-2_Training_Input/ISIC_0013424.jpg,data/raw/isic2018/masks/ISIC2018_Task1_Training_GroundTruth/ISIC_0013424_segmentation.png,2848,4288,1803775,0.14770241685707697,1112,687,2623,2169,1512,1483,0.18361078211470735,1.0195549561699258,False,False,False,False,False,1,1.0
ISIC_0013425,data/raw/isic2018/images/ISIC2018_Task1-2_Training_Input/ISIC_0013425.jpg,data/raw/isic2018/masks/ISIC2018_Task1_Training_GroundTruth/ISIC_0013425_segmentation.png,2848,4288,579582,0.04745916878039577,1876,868,2847,1668,972,801,0.06375349813432836,1.2134831460674158,False,False,False,False,False,1,1.0
ISIC_0013427,data/raw/isic2018/images/ISIC2018_Task1-2_Training_Input/ISIC_0013427.jpg,data/raw/isic2018/masks/ISIC2018_Task1_Training_GroundTruth/ISIC_0013427_segmentation.png,2848,4288,6742719,0.5521286704207194,436,156,3852,2647,3417,2492,0.697265625,1.3711878009630818,False,False,False,False,False,1,1.0
ISIC_0013428,data/raw/isic2018/images/ISIC2018_Task1-2_Training_Input/ISIC_0013428.jpg,data/raw/isic2018/masks/ISIC2018_Task1_Training_GroundTruth/ISIC_0013428_segmentation.png,2848,4288,2205615,0.18060715230903068,1106,423,2981,2202,1876,1780,0.2734375,1.053932584269663,False,False,False,False,False,1,1.0
ISIC_0013429,data/raw/isic2018/images/ISIC2018_Task1-2_Training_Input/ISIC_0013429.jpg,data/raw/isic2018/masks/ISIC2018_Task1_Training_GroundTruth/ISIC_0013429_segmentation.png,2848,4288,677928,0.05551224740063726,1709,846,2713,1802,1005,957,0.07875592521067416,1.0501567398119123,False,False,False,False,False,1,1.0
ISIC_0013430,data/raw/isic2018/images/ISIC2018_Task1-2_Training_Input/ISIC_0013430.jpg,data/raw/isic2018/masks/ISIC2018_Task1_Training_GroundTruth/ISIC_0013430_segmentation.png,2848,4288,778595,0.06375538149316619,1709,913,2747,1913,1039,1001,0.08516376705831796,1.037962037962038,False,False,False,False,False,1,1.0
ISIC_0013432,data/raw/isic2018/images/ISIC2018_Task1-2_Training_Input/ISIC_0013432.jpg,data/raw/isic2018/masks/ISIC2018_Task1_Training_GroundTruth/ISIC_0013432_segmentation.png,2848,4288,495117,0.040542738161370113,1776,1069,2646,1824,871,756,0.05391941713483146,1.152116402116402,False,False,False,False,False,1,1.0
ISIC_0013433,data/raw/isic2018/images/ISIC2018_Task1-2_Training_Input/ISIC_0013433.jpg,data/raw/isic2018/masks/ISIC2018_Task1_Training_GroundTruth/ISIC_0013433_segmentation.png,2848,4288,493733,0.04042940909043267,1608,1091,2445,1846,838,756,0.05187654599195036,1.1084656084656084,False,False,False,False,False,1,1.0
ISIC_0013434,data/raw/isic2018/images/ISIC2018_Task1-2_Training_Input/ISIC_0013434.jpg,data/raw/isic2018/masks/ISIC2018_Task1_Training_GroundTruth/ISIC_0013434_segmentation.png,2848,4288,512197,0.0419413368113785,1657,1333,2726,2090,1070,758,0.06641378343535133,1.4116094986807388,False,False,False,False,False,1,1.0
ISIC_0013437,data/raw/isic2018/images/ISIC2018_Task1-2_Training_Input/ISIC_0013437.jpg,data/raw/isic2018/masks/ISIC2018_Task1_Training_GroundTruth/ISIC_0013437_segmentation.png,2848,4288,1862206,0.15248704904200905,1474,623,2914,2380,1441,1758,0.20743789173863827,0.8196814562002275,False,False,False,False,False,1,1.0
ISIC_0013438,data/raw/isic2018/images/ISIC2018_Task1-2_Training_Input/ISIC_0013438.jpg,data/raw/isic2018/masks/ISIC2018_Task1_Training_GroundTruth/ISIC_0013438_segmentation.png,2848,4288,712890,0.05837511660447761,1541,1135,2512,2136,972,1002,0.07975156695455307,0.9700598802395209,False,False,False,False,False,1,1.0
ISIC_0013443,data/raw/isic2018/images/ISIC2018_Task1-2_Training_Input/ISIC_0013443.jpg,data/raw/isic2018/masks/ISIC2018_Task1_Training_GroundTruth/ISIC_0013443_segmentation.png,2848,4288,2108651,0.17266723898939293,1531,912,3126,2560,1596,1649,0.21550570968891497,0.9678593086719224,False,False,False,False,False,1,1.0
ISIC_0013455,data/raw/isic2018/images/ISIC2018_Task1-2_Training_Input/ISIC_0013455.jpg,data/raw/isic2018/masks/ISIC2018_Task1_Training_GroundTruth/ISIC_0013455_segmentation.png,2848,4288,2935755,0.24039478804188327,1009,451,2973,2518,1965,2068,0.33275020176505116,0.9501934235976789,False,False,False,False,False,1,1.0
ISIC_0013456,data/raw/isic2018/images/ISIC2018_Task1-2_Training_Input/ISIC_0013456.jpg,data/raw/isic2018/masks/ISIC2018_Task1_Training_GroundTruth/ISIC_0013456_segmentation.png,2848,4288,54864,0.004492547794734194,1922,1453,2211,1751,290,299,0.007100262818631561,0.9698996655518395,False,False,False,False,False,1,1.0
ISIC_0013457,data/raw/isic2018/images/ISIC2018_Task1-2_Training_Input/ISIC_0013457.jpg,data/raw/isic2018/masks/ISIC2018_Task1_Training_GroundTruth/ISIC_0013457_segmentation.png,2848,4288,3894730,0.3189206159336743,1197,228,3305,2615,2109,2388,0.4123976107873554,0.8831658291457286,False,False,False,False,False,1,1.0
ISIC_0013458,data/raw/isic2018/images/ISIC2018_Task1-2_Training_Input/ISIC_0013458.jpg,data/raw/isic2018/masks/ISIC2018_Task1_Training_GroundTruth/ISIC_0013458_segmentation.png,2848,4288,530382,0.04343041857076975,1809,1024,2713,1780,905,757,0.05609829953987087,1.1955085865257595,False,False,False,False,False,1,1.0
ISIC_0013459,data/raw/isic2018/images/ISIC2018_Task1-2_Training_Input/ISIC_0013459.jpg,data/raw/isic2018/masks/ISIC2018_Task1_Training_GroundTruth/ISIC_0013459_segmentation.png,2848,4288,2337756,0.1914275401433842,963,478,2737,2167,1775,1690,0.24563502929523728,1.0502958579881656,False,False,False,False,False,1,1.0
ISIC_0013461,data/raw/isic2018/images/ISIC2018_Task1-2_Training_Input/ISIC_0013461.jpg,data/raw/isic2018/masks/ISIC2018_Task1_Training_GroundTruth/ISIC_0013461_segmentation.png,2848,4288,830045,0.06796837332823244,1569,1429,2717,2404,1149,976,0.09182799136340768,1.1772540983606556,False,False,False,False,False,1,1.0
ISIC_0013465,data/raw/isic2018/images/ISIC2018_Task1-2_Training_Input/ISIC_0013465.jpg,data/raw/isic2018/masks/ISIC2018_Task1_Training_GroundTruth/ISIC_0013465_segmentation.png,2848,4288,255506,0.020922151444323328,1825,1024,2354,1715,530,692,0.030032203798423612,0.7658959537572254,False,False,False,False,False,1,1.0
ISIC_0013472,data/raw/isic2018/images/ISIC2018_Task1-2_Training_Input/ISIC_0013472.jpg,data/raw/isic2018/masks/ISIC2018_Task1_Training_GroundTruth/ISIC_0013472_segmentation.png,2848,4288,678957,0.05559650723733859,1436,1283,2855,2093,1420,811,0.09430059586198222,1.7509247842170161,False,False,False,False,False,1,1.0
ISIC_0013473,data/raw/isic2018/images/ISIC2018_Task1-2_Training_Input/ISIC_0013473.jpg,data/raw/isic2018/masks/ISIC2018_Task1_Training_GroundTruth/ISIC_0013473_segmentation.png,2848,4288,10018284,0.8203488570140869,475,0,4274,2838,3800,2839,0.883393557144055,1.3384994716449454,True,False,False,True,False,1,1.0
ISIC_0013474,data/raw/isic2018/images/ISIC2018_Task1-2_Training_Input/ISIC_0013474.jpg,data/raw/isic2018/masks/ISIC2018_Task1_Training_GroundTruth/ISIC_0013474_segmentation.png,2848,4288,1490616,0.12205933988764045,1259,423,2686,2173,1428,1751,0.20474796400721113,0.8155339805825242,False,False,False,False,False,1,1.0
ISIC_0013480,data/raw/isic2018/images/ISIC2018_Task1-2_Training_Input/ISIC_0013480.jpg,data/raw/isic2018/masks/ISIC2018_Task1_Training_GroundTruth/ISIC_0013480_segmentation.png,2592,3872,186107,0.018543527924446485,1362,993,1905,1437,544,445,0.02412062544638302,1.2224719101123596,False,False,False,False,False,1,1.0
ISIC_0013487,data/raw/isic2018/images/ISIC2018_Task1-2_Training_Input/ISIC_0013487.jpg,data/raw/isic2018/masks/ISIC2018_Task1_Training_GroundTruth/ISIC_0013487_segmentation.png,1536,2304,125919,0.035580952962239586,952,442,1364,1058,413,617,0.07200481273509839,0.6693679092382496,False,False,False,False,False,1,1.0
ISIC_0013488,data/raw/isic2018/images/ISIC2018_Task1-2_Training_Input/ISIC_0013488.jpg,data/raw/isic2018/masks/ISIC2018_Task1_Training_GroundTruth/ISIC_0013488_segmentation.png,1536,2304,247386,0.0699039035373264,836,469,1436,1037,601,569,0.09663023772063078,1.0562390158172232,False,False,False,False,False,1,1.0
ISIC_0013489,data/raw/isic2018/images/ISIC2018_Task1-2_Training_Input/ISIC_0013489.jpg,data/raw/isic2018/masks/ISIC2018_Task1_Training_GroundTruth/ISIC_0013489_segmentation.png,1536,2304,166356,0.047007242838541664,900,504,1403,984,504,481,0.06850179036458333,1.0478170478170479,False,False,False,False,False,1,1.0
ISIC_0013490,data/raw/isic2018/images/ISIC2018_Task1-2_Training_Input/ISIC_0013490.jpg,data/raw/isic2018/masks/ISIC2018_Task1_Training_GroundTruth/ISIC_0013490_segmentation.png,2000,3008,400251,0.06653108377659575,1082,454,1903,1203,822,750,0.10247672872340426,1.096,False,False,False,False,False,1,1.0
ISIC_0013491,data/raw/isic2018/images/ISIC2018_Task1-2_Training_Input/ISIC_0013491.jpg,data/raw/isic2018/masks/ISIC2018_Task1_Training_GroundTruth/ISIC_0013491_segmentation.png,2000,3008,398097,0.06617303856382979,1223,688,1903,1468,681,781,0.08840774601063829,0.8719590268886044,False,False,False,False,False,1,1.0
ISIC_0013492,data/raw/isic2018/images/ISIC2018_Task1-2_Training_Input/ISIC_0013492.jpg,data/raw/isic2018/masks/ISIC2018_Task1_Training_GroundTruth/ISIC_0013492_segmentation.png,2000,3008,334569,0.055613198138297876,1199,657,1950,1265,752,609,0.076125,1.2348111658456487,False,False,False,False,False,1,1.0
ISIC_0013493,data/raw/isic2018/images/ISIC2018_Task1-2_Training_Input/ISIC_0013493.jpg,data/raw/isic2018/masks/ISIC2018_Task1_Training_GroundTruth/ISIC_0013493_segmentation.png,2848,4288,2274489,0.18624691129150595,576,343,2882,2187,2307,1845,0.3485372525102717,1.2504065040650407,False,False,False,False,False,1,1.0
ISIC_0013494,data/raw/isic2018/images/ISIC2018_Task1-2_Training_Input/ISIC_0013494.jpg,data/raw/isic2018/masks/ISIC2018_Task1_Training_GroundTruth/ISIC_0013494_segmentation.png,2848,4288,788520,0.0645680917742747,1776,712,2579,2024,804,1313,0.08644224016853932,0.6123381568926123,False,False,False,False,False,1,1.0
ISIC_0013495,data/raw/isic2018/images/ISIC2018_Task1-2_Training_Input/ISIC_0013495.jpg,data/raw/isic2018/masks/ISIC2018_Task1_Training_GroundTruth/ISIC_0013495_segmentation.png,2848,4288,626304,0.051285007546536976,1675,980,2546,2136,872,1157,0.0826142723880597,0.7536732929991357,False,False,False,False,False,1,1.0
ISIC_0013498,data/raw/isic2018/images/ISIC2018_Task1-2_Training_Input/ISIC_0013498.jpg,data/raw/isic2018/masks/ISIC2018_Task1_Training_GroundTruth/ISIC_0013498_segmentation.png,2592,3872,551794,0.054980239580144884,1422,892,2510,1640,1089,749,0.0812717013888889,1.4539385847797062,False,False,False,False,False,1,1.0
ISIC_0013499,data/raw/isic2018/images/ISIC2018_Task1-2_Training_Input/ISIC_0013499.jpg,data/raw/isic2018/masks/ISIC2018_Task1_Training_GroundTruth/ISIC_0013499_segmentation.png,2592,3872,699331,0.06968068867334966,1422,730,2389,1802,968,1073,0.10349151234567901,0.902143522833178,False,False,False,False,False,1,1.0
ISIC_0013500,data/raw/isic2018/images/ISIC2018_Task1-2_Training_Input/ISIC_0013500.jpg,data/raw/isic2018/masks/ISIC2018_Task1_Training_GroundTruth/ISIC_0013500_segmentation.png,2592,3872,484580,0.048283099301091724,1513,750,2208,1701,696,952,0.06602004897459443,0.7310924369747899,False,False,False,False,False,1,1.0
ISIC_0013501,data/raw/isic2018/images/ISIC2018_Task1-2_Training_Input/ISIC_0013501.jpg,data/raw/isic2018/masks/ISIC2018_Task1_Training_GroundTruth/ISIC_0013501_segmentation.png,2848,4288,809661,0.06629922608691095,1620,975,2620,2093,1001,1119,0.09172113122065235,0.8945487042001787,False,False,False,False,False,1,1.0
ISIC_0013511,data/raw/isic2018/images/ISIC2018_Task1-2_Training_Input/ISIC_0013511.jpg,data/raw/isic2018/masks/ISIC2018_Task1_Training_GroundTruth/ISIC_0013511_segmentation.png,2000,3008,432189,0.07183992686170212,1187,610,2007,1319,821,710,0.09689328457446808,1.156338028169014,False,False,False,False,False,1,1.0
ISIC_0013512,data/raw/isic2018/images/ISIC2018_Task1-2_Training_Input/ISIC_0013512.jpg,data/raw/isic2018/masks/ISIC2018_Task1_Training_GroundTruth/ISIC_0013512_segmentation.png,2000,3008,103142,0.01714461436170213,1352,779,1689,1203,338,425,0.023877992021276596,0.7952941176470588,False,False,False,False,False,1,1.0
ISIC_0013516,data/raw/isic2018/images/ISIC2018_Task1-2_Training_Input/ISIC_0013516.jpg,data/raw/isic2018/masks/ISIC2018_Task1_Training_GroundTruth/ISIC_0013516_segmentation.png,2848,4288,792114,0.06486238706397786,981,1322,1973,2375,993,1054,0.08570281711177259,0.9421252371916509,False,False,False,False,False,1,1.0
ISIC_0013517,data/raw/isic2018/images/ISIC2018_Task1-2_Training_Input/ISIC_0013517.jpg,data/raw/isic2018/masks/ISIC2018_Task1_Training_GroundTruth/ISIC_0013517_segmentation.png,2848,4288,155160,0.012705302490357203,1943,1580,2479,1935,537,356,0.015654151119402986,1.5084269662921348,False,False,False,False,False,1,1.0
ISIC_0013518,data/raw/isic2018/images/ISIC2018_Task1-2_Training_Input/ISIC_0013518.jpg,data/raw/isic2018/masks/ISIC2018_Task1_Training_GroundTruth/ISIC_0013518_segmentation.png,2848,4288,4680699,0.3832798186472832,871,45,3516,2580,2646,2536,0.549470432248868,1.0433753943217665,False,False,False,False,False,1,1.0
ISIC_0013523,data/raw/isic2018/images/ISIC2018_Task1-2_Training_Input/ISIC_0013523.jpg,data/raw/isic2018/masks/ISIC2018_Task1_Training_GroundTruth/ISIC_0013523_segmentation.png,2000,3008,194666,0.03235804521276596,1176,704,1645,1265,470,562,0.04390625,0.8362989323843416,False,False,False,False,False,1,1.0
ISIC_0013525,data/raw/isic2018/images/ISIC2018_Task1-2_Training_Input/ISIC_0013525.jpg,data/raw/isic2018/masks/ISIC2018_Task1_Training_GroundTruth/ISIC_0013525_segmentation.png,2000,3008,480247,0.07982829122340425,1223,563,2467,1234,1245,672,0.1390691489361702,1.8526785714285714,False,False,False,False,False,1,1.0
ISIC_0013526,data/raw/isic2018/images/ISIC2018_Task1-2_Training_Input/ISIC_0013526.jpg,data/raw/isic2018/masks/ISIC2018_Task1_Training_GroundTruth/ISIC_0013526_segmentation.png,2000,3008,72601,0.012067985372340426,1352,902,1733,1162,382,261,0.01657280585106383,1.4636015325670497,False,False,False,False,False,1,1.0
ISIC_0013527,data/raw/isic2018/images/ISIC2018_Task1-2_Training_Input/ISIC_0013527.jpg,data/raw/isic2018/masks/ISIC2018_Task1_Training_GroundTruth/ISIC_0013527_segmentation.png,2000,3008,32944,0.005476063829787234,1433,865,1602,1150,170,286,0.008081781914893617,0.5944055944055944,False,False,False,False,False,1,1.0
ISIC_0013529,data/raw/isic2018/images/ISIC2018_Task1-2_Training_Input/ISIC_0013529.jpg,data/raw/isic2018/masks/ISIC2018_Task1_Training_GroundTruth/ISIC_0013529_segmentation.png,2848,4288,487815,0.03994481267294147,1709,1002,2546,1757,838,756,0.05187654599195036,1.1084656084656084,False,False,False,False,False,1,1.0
ISIC_0013549,data/raw/isic2018/images/ISIC2018_Task1-2_Training_Input/ISIC_0013549.jpg,data/raw/isic2018/masks/ISIC2018_Task1_Training_GroundTruth/ISIC_0013549_segmentation.png,2848,4288,907406,0.07430309172186819,1504,999,2827,1956,1324,958,0.10386249056682878,1.3820459290187892,False,False,False,False,False,1,1.0
ISIC_0013552,data/raw/isic2018/images/ISIC2018_Task1-2_Training_Input/ISIC_0013552.jpg,data/raw/isic2018/masks/ISIC2018_Task1_Training_GroundTruth/ISIC_0013552_segmentation.png,2848,4288,144971,0.011870974525197048,1539,1230,1997,1688,459,459,0.01725164883971994,1.0,False,False,False,False,False,1,1.0
ISIC_0013553,data/raw/isic2018/images/ISIC2018_Task1-2_Training_Input/ISIC_0013553.jpg,data/raw/isic2018/masks/ISIC2018_Task1_Training_GroundTruth/ISIC_0013553_segmentation.png,2848,4288,1701206,0.13930353717717592,1340,401,2847,1980,1508,1580,0.19510287397283246,0.9544303797468354,False,False,False,False,False,1,1.0
ISIC_0013554,data/raw/isic2018/images/ISIC2018_Task1-2_Training_Input/ISIC_0013554.jpg,data/raw/isic2018/masks/ISIC2018_Task1_Training_GroundTruth/ISIC_0013554_segmentation.png,2848,4288,226617,0.018556570858837832,1742,1447,2244,2002,503,556,0.022900660846050646,0.9046762589928058,False,False,False,False,False,1,1.0
ISIC_0013558,data/raw/isic2018/images/ISIC2018_Task1-2_Training_Input/ISIC_0013558.jpg,data/raw/isic2018/masks/ISIC2018_Task1_Training_GroundTruth/ISIC_0013558_segmentation.png,2000,3008,196332,0.03263497340425532,1293,672,1731,1263,439,592,0.043199468085106385,0.7415540540540541,False,False,False,False,False,1,1.0
ISIC_0013559,data/raw/isic2018/images/ISIC2018_Task1-2_Training_Input/ISIC_0013559.jpg,data/raw/isic2018/masks/ISIC2018_Task1_Training_GroundTruth/ISIC_0013559_segmentation.png,2000,3008,285768,0.047501329787234044,1176,625,1739,1343,564,719,0.06740625,0.7844228094575799,False,False,False,False,False,1,1.0
ISIC_0013561,data/raw/isic2018/images/ISIC2018_Task1-2_Training_Input/ISIC_0013561.jpg,data/raw/isic2018/masks/ISIC2018_Task1_Training_GroundTruth/ISIC_0013561_segmentation.png,2000,3008,435348,0.07236502659574467,1168,546,1768,1484,601,939,0.09380634973404256,0.6400425985090522,False,False,False,False,False,1,1.0
ISIC_0013562,data/raw/isic2018/images/ISIC2018_Task1-2_Training_Input/ISIC_0013562.jpg,data/raw/isic2018/masks/ISIC2018_Task1_Training_GroundTruth/ISIC_0013562_segmentation.png,2848,4288,681634,0.055815713829029015,1441,935,2378,1869,938,935,0.07181574789325842,1.0032085561497326,False,False,False,False,False,1,1.0
ISIC_0013565,data/raw/isic2018/images/ISIC2018_Task1-2_Training_Input/ISIC_0013565.jpg,data/raw/isic2018/masks/ISIC2018_Task1_Training_GroundTruth/ISIC_0013565_segmentation.png,2848,4288,299826,0.024551302039661244,1865,1224,2613,1735,749,512,0.031401978869696465,1.462890625,False,False,False,False,False,1,1.0
ISIC_0013567,data/raw/isic2018/images/ISIC2018_Task1-2_Training_Input/ISIC_0013567.jpg,data/raw/isic2018/masks/ISIC2018_Task1_Training_GroundTruth/ISIC_0013567_segmentation.png,2848,4288,505436,0.04138771119822237,1509,1346,2405,2039,897,694,0.05097499030479624,1.292507204610951,False,False,False,False,False,1,1.0
ISIC_0013568,data/raw/isic2018/images/ISIC2018_Task1-2_Training_Input/ISIC_0013568.jpg,data/raw/isic2018/masks/ISIC2018_Task1_Training_GroundTruth/ISIC_0013568_segmentation.png,2000,3008,106220,0.01765625,1270,797,1668,1203,399,407,0.026993517287234044,0.9803439803439803,False,False,False,False,False,1,1.0
ISIC_0013572,data/raw/isic2018/images/ISIC2018_Task1-2_Training_Input/ISIC_0013572.jpg,data/raw/isic2018/masks/ISIC2018_Task1_Training_GroundTruth/ISIC_0013572_segmentation.png,2848,4288,779377,0.06381941569365253,1608,980,2780,1824,1173,845,0.0811633491164263,1.3881656804733729,False,False,False,False,False,1,1.0
ISIC_0013573,data/raw/isic2018/images/ISIC2018_Task1-2_Training_Input/ISIC_0013573.jpg,data/raw/isic2018/masks/ISIC2018_Task1_Training_GroundTruth/ISIC_0013573_segmentation.png,2592,3872,1062487,0.1058652138493521,1174,302,2706,1656,1533,1355,0.20697176547673707,1.1313653136531365,False,False,False,False,False,1,1.0
ISIC_0013577,data/raw/isic2018/images/ISIC2018_Task1-2_Training_Input/ISIC_0013577.jpg,data/raw/isic2018/masks/ISIC2018_Task1_Training_GroundTruth/ISIC_0013577_segmentation.png,2848,4288,1284659,0.1051945165761781,1353,482,3104,2308,1752,1827,0.26210655815025996,0.9589490968801314,False,False,False,False,False,1,1.0
ISIC_0013578,data/raw/isic2018/images/ISIC2018_Task1-2_Training_Input/ISIC_0013578.jpg,data/raw/isic2018/masks/ISIC2018_Task1_Training_GroundTruth/ISIC_0013578_segmentation.png,2848,4288,874258,0.07158876221071608,1742,557,2713,2247,972,1691,0.1345907182835821,0.5748078060319338,False,False,False,False,False,1,1.0
ISIC_0013579,data/raw/isic2018/images/ISIC2018_Task1-2_Training_Input/ISIC_0013579.jpg,data/raw/isic2018/masks/ISIC2018_Task1_Training_GroundTruth/ISIC_0013579_segmentation.png,2848,4288,1167473,0.09559872141225055,1608,623,2948,2113,1341,1491,0.1637237410646906,0.8993963782696177,False,False,False,False,False,1,1.0
ISIC_0013580,data/raw/isic2018/images/ISIC2018_Task1-2_Training_Input/ISIC_0013580.jpg,data/raw/isic2018/masks/ISIC2018_Task1_Training_GroundTruth/ISIC_0013580_segmentation.png,2848,4288,435153,0.0356325760156381,1943,1046,2680,1780,738,735,0.04441697106112695,1.0040816326530613,False,False,False,False,False,1,1.0
ISIC_0013581,data/raw/isic2018/images/ISIC2018_Task1-2_Training_Input/ISIC_0013581.jpg,data/raw/isic2018/masks/ISIC2018_Task1_Training_GroundTruth/ISIC_0013581_segmentation.png,2848,4288,363173,0.029738481704888478,1776,1336,2546,2024,771,689,0.04349895645543351,1.1190130624092889,False,False,False,False,False,1,1.0
ISIC_0013585,data/raw/isic2018/images/ISIC2018_Task1-2_Training_Input/ISIC_0013585.jpg,data/raw/isic2018/masks/ISIC2018_Task1_Training_GroundTruth/ISIC_0013585_segmentation.png,2848,4288,6331839,0.5184836930603304,369,0,3752,2847,3384,2848,0.789179104477612,1.1882022471910112,True,False,False,True,True,1,1.0
ISIC_0013588,data/raw/isic2018/images/ISIC2018_Task1-2_Training_Input/ISIC_0013588.jpg,data/raw/isic2018/masks/ISIC2018_Task1_Training_GroundTruth/ISIC_0013588_segmentation.png,2848,4288,1589809,0.13018177524421432,1363,815,2931,2214,1569,1400,0.1798689575297669,1.1207142857142858,False,False,False,False,False,1,1.0
ISIC_0013592,data/raw/isic2018/images/ISIC2018_Task1-2_Training_Input/ISIC_0013592.jpg,data/raw/isic2018/masks/ISIC2018_Task1_Training_GroundTruth/ISIC_0013592_segmentation.png,2848,4288,148316,0.0121448804083515,1910,1180,2311,1646,402,467,0.015372629915730338,0.860813704496788,False,False,False,False,False,1,1.0
ISIC_0013594,data/raw/isic2018/images/ISIC2018_Task1-2_Training_Input/ISIC_0013594.jpg,data/raw/isic2018/masks/ISIC2018_Task1_Training_GroundTruth/ISIC_0013594_segmentation.png,2000,3008,3238871,0.5383761635638298,424,0,2655,1999,2232,2000,0.7420212765957447,1.116,True,False,False,True,True,1,1.0
ISIC_0013595,data/raw/isic2018/images/ISIC2018_Task1-2_Training_Input/ISIC_0013595.jpg,data/raw/isic2018/masks/ISIC2018_Task1_Training_GroundTruth/ISIC_0013595_segmentation.png,2000,3008,71597,0.011901097074468086,1317,847,1689,1177,373,331,0.020522440159574468,1.1268882175226587,False,False,False,False,False,1,1.0
ISIC_0013596,data/raw/isic2018/images/ISIC2018_Task1-2_Training_Input/ISIC_0013596.jpg,data/raw/isic2018/masks/ISIC2018_Task1_Training_GroundTruth/ISIC_0013596_segmentation.png,2000,3008,83288,0.013844414893617022,1366,852,1654,1251,289,400,0.019215425531914895,0.7225,False,False,False,False,False,1,1.0
ISIC_0013597,data/raw/isic2018/images/ISIC2018_Task1-2_Training_Input/ISIC_0013597.jpg,data/raw/isic2018/masks/ISIC2018_Task1_Training_GroundTruth/ISIC_0013597_segmentation.png,2000,3008,81999,0.013630152925531915,1387,782,1692,1140,306,359,0.01826030585106383,0.8523676880222841,False,False,False,False,False,1,1.0
ISIC_0013599,data/raw/isic2018/images/ISIC2018_Task1-2_Training_Input/ISIC_0013599.jpg,data/raw/isic2018/masks/ISIC2018_Task1_Training_GroundTruth/ISIC_0013599_segmentation.png,2592,3872,122392,0.012195024742373228,1695,1195,2177,1539,483,345,0.016603356003213957,1.4,False,False,False,False,False,1,1.0
ISIC_0013600,data/raw/isic2018/images/ISIC2018_Task1-2_Training_Input/ISIC_0013600.jpg,data/raw/isic2018/masks/ISIC2018_Task1_Training_GroundTruth/ISIC_0013600_segmentation.png,2592,3872,1280206,0.1275585319737782,1261,1071,3005,2009,1745,939,0.16326409215258647,1.8583599574014908,False,False,False,False,False,1,1.0
ISIC_0013601,data/raw/isic2018/images/ISIC2018_Task1-2_Training_Input/ISIC_0013601.jpg,data/raw/isic2018/masks/ISIC2018_Task1_Training_GroundTruth/ISIC_0013601_segmentation.png,2592,3872,328132,0.03269476647791042,1695,1033,2419,1701,725,669,0.04832743868610346,1.0837070254110612,False,False,False,False,False,1,1.0
ISIC_0013602,data/raw/isic2018/images/ISIC2018_Task1-2_Training_Input/ISIC_0013602.jpg,data/raw/isic2018/masks/ISIC2018_Task1_Training_GroundTruth/ISIC_0013602_segmentation.png,2592,3872,430573,0.04290189218574635,1553,954,2263,1707,711,754,0.053415906221303946,0.9429708222811671,False,False,False,False,False,1,1.0
ISIC_0013603,data/raw/isic2018/images/ISIC2018_Task1-2_Training_Input/ISIC_0013603.jpg,data/raw/isic2018/masks/ISIC2018_Task1_Training_GroundTruth/ISIC_0013603_segmentation.png,2592,3872,179867,0.017921780143607794,1695,1074,2177,1559,483,486,0.023389075413223142,0.9938271604938271,False,False,False,False,False,1,1.0
ISIC_0013606,data/raw/isic2018/images/ISIC2018_Task1-2_Training_Input/ISIC_0013606.jpg,data/raw/isic2018/masks/ISIC2018_Task1_Training_GroundTruth/ISIC_0013606_segmentation.png,2848,4288,211239,0.017297340762829114,1910,1113,2479,1602,570,490,0.02287052710464531,1.163265306122449,False,False,False,False,False,1,1.0
ISIC_0013610,data/raw/isic2018/images/ISIC2018_Task1-2_Training_Input/ISIC_0013610.jpg,data/raw/isic2018/masks/ISIC2018_Task1_Training_GroundTruth/ISIC_0013610_segmentation.png,2000,3008,380145,0.0631889960106383,1176,594,1880,1343,705,750,0.087890625,0.94,False,False,False,False,False,1,1.0
ISIC_0013615,data/raw/isic2018/images/ISIC2018_Task1-2_Training_Input/ISIC_0013615.jpg,data/raw/isic2018/masks/ISIC2018_Task1_Training_GroundTruth/ISIC_0013615_segmentation.png,2848,4288,1345826,0.11020318657764548,1385,857,2962,2468,1578,1612,0.20829424681368439,0.9789081885856079,False,False,False,False,False,1,1.0
ISIC_0013617,data/raw/isic2018/images/ISIC2018_Task1-2_Training_Input/ISIC_0013617.jpg,data/raw/isic2018/masks/ISIC2018_Task1_Training_GroundTruth/ISIC_0013617_segmentation.png,2592,3872,2994339,0.2983531455655035,649,699,3103,2406,2455,1708,0.41780055925415777,1.4373536299765808,False,False,False,False,False,1,1.0
ISIC_0013618,data/raw/isic2018/images/ISIC2018_Task1-2_Training_Input/ISIC_0013618.jpg,data/raw/isic2018/masks/ISIC2018_Task1_Training_GroundTruth/ISIC_0013618_segmentation.png,2848,4288,3495055,0.28619316186797755,504,115,3791,2473,3288,2359,0.6351334531695455,1.393810936837643,False,False,False,False,False,1,1.0
ISIC_0013621,data/raw/isic2018/images/ISIC2018_Task1-2_Training_Input/ISIC_0013621.jpg,data/raw/isic2018/masks/ISIC2018_Task1_Training_GroundTruth/ISIC_0013621_segmentation.png,2592,3872,5235274,0.5216378191638609,243,345,3448,2591,3206,2247,0.717788084442914,1.426791277258567,True,False,False,False,True,1,1.0
ISIC_0013626,data/raw/isic2018/images/ISIC2018_Task1-2_Training_Input/ISIC_0013626.jpg,data/raw/isic2018/masks/ISIC2018_Task1_Training_GroundTruth/ISIC_0013626_segmentation.png,2592,3872,1331848,0.132704092694623,1029,405,2510,1782,1482,1378,0.20348250497398224,1.0754716981132075,False,False,False,False,False,1,1.0
ISIC_0013634,data/raw/isic2018/images/ISIC2018_Task1-2_Training_Input/ISIC_0013634.jpg,data/raw/isic2018/masks/ISIC2018_Task1_Training_GroundTruth/ISIC_0013634_segmentation.png,2848,4288,2070550,0.16954733224677176,1497,634,2914,2421,1418,1788,0.20761034190005032,0.7930648769574944,False,False,False,False,False,1,1.0
ISIC_0013635,data/raw/isic2018/images/ISIC2018_Task1-2_Training_Input/ISIC_0013635.jpg,data/raw/isic2018/masks/ISIC2018_Task1_Training_GroundTruth/ISIC_0013635_segmentation.png,2848,4288,818872,0.06705347035887976,1340,801,2445,1846,1106,1046,0.09473098429901057,1.05736137667304,False,False,False,False,False,1,1.0
ISIC_0013636,data/raw/isic2018/images/ISIC2018_Task1-2_Training_Input/ISIC_0013636.jpg,data/raw/isic2018/masks/ISIC2018_Task1_Training_GroundTruth/ISIC_0013636_segmentation.png,2848,4288,3983549,0.3261935745692185,1166,240,3407,2545,2242,2306,0.42335057070685894,0.9722463139635733,False,False,False,False,False,1,1.0
ISIC_0013637,data/raw/isic2018/images/ISIC2018_Task1-2_Training_Input/ISIC_0013637.jpg,data/raw/isic2018/masks/ISIC2018_Task1_Training_GroundTruth/ISIC_0013637_segmentation.png,2848,4288,791346,0.0647994992558276,1541,935,2613,1935,1073,1001,0.08795064682731007,1.071928071928072,False,False,False,False,False,1,1.0
ISIC_0013639,data/raw/isic2018/images/ISIC2018_Task1-2_Training_Input/ISIC_0013639.jpg,data/raw/isic2018/masks/ISIC2018_Task1_Training_GroundTruth/ISIC_0013639_segmentation.png,2592,3872,636992,0.06346928884807673,1453,871,2419,1741,967,871,0.08392170202657892,1.1102181400688864,False,False,False,False,False,1,1.0
ISIC_0013643,data/raw/isic2018/images/ISIC2018_Task1-2_Training_Input/ISIC_0013643.jpg,data/raw/isic2018/masks/ISIC2018_Task1_Training_GroundTruth/ISIC_0013643_segmentation.png,2848,4288,571419,0.04679074016329868,1776,913,2579,1846,804,934,0.06149051966292135,0.860813704496788,False,False,False,False,False,1,1.0
ISIC_0013644,data/raw/isic2018/images/ISIC2018_Task1-2_Training_Input/ISIC_0013644.jpg,data/raw/isic2018/masks/ISIC2018_Task1_Training_GroundTruth/ISIC_0013644_segmentation.png,2848,4288,1102493,0.09027782326953715,1389,806,2778,1966,1390,1161,0.13214546343073957,1.1972437553832902,False,False,False,False,False,1,1.0
ISIC_0013651,data/raw/isic2018/images/ISIC2018_Task1-2_Training_Input/ISIC_0013651.jpg,data/raw/isic2018/masks/ISIC2018_Task1_Training_GroundTruth/ISIC_0013651_segmentation.png,2848,4288,4205941,0.34440418059806305,493,447,3355,2527,2863,2081,0.48786388130450276,1.375780874579529,False,False,False,False,False,1,1.0
ISIC_0013652,data/raw/isic2018/images/ISIC2018_Task1-2_Training_Input/ISIC_0013652.jpg,data/raw/isic2018/masks/ISIC2018_Task1_Training_GroundTruth/ISIC_0013652_segmentation.png,2000,3008,336130,0.05587267287234043,1101,749,1912,1358,812,610,0.08233377659574469,1.3311475409836067,False,False,False,False,False,1,1.0
ISIC_0013656,data/raw/isic2018/images/ISIC2018_Task1-2_Training_Input/ISIC_0013656.jpg,data/raw/isic2018/masks/ISIC2018_Task1_Training_GroundTruth/ISIC_0013656_segmentation.png,2592,3872,164745,0.016415038165748394,1846,932,2268,1377,423,446,0.018797707185491275,0.9484304932735426,False,False,False,False,False,1,1.0
ISIC_0013663,data/raw/isic2018/images/ISIC2018_Task1-2_Training_Input/ISIC_0013663.jpg,data/raw/isic2018/masks/ISIC2018_Task1_Training_GroundTruth/ISIC_0013663_segmentation.png,2848,4288,2268716,0.1857741882232098,1374,89,3048,2380,1675,2292,0.3143653441011236,0.7308027923211169,False,False,False,False,False,1,1.0
ISIC_0013664,data/raw/isic2018/images/ISIC2018_Task1-2_Training_Input/ISIC_0013664.jpg,data/raw/isic2018/masks/ISIC2018_Task1_Training_GroundTruth/ISIC_0013664_segmentation.png,2848,4288,592621,0.04852686947111353,1490,776,2543,2208,1054,1433,0.12367788209584102,0.735519888346127,False,False,False,False,False,1,1.0
ISIC_0013667,data/raw/isic2018/images/ISIC2018_Task1-2_Training_Input/ISIC_0013667.jpg,data/raw/isic2018/masks/ISIC2018_Task1_Training_GroundTruth/ISIC_0013667_segmentation.png,2592,3872,1547360,0.15417750739720437,848,669,2540,2106,1693,1438,0.24257469741607998,1.1773296244784424,False,False,False,False,False,1,1.0
ISIC_0013670,data/raw/isic2018/images/ISIC2018_Task1-2_Training_Input/ISIC_0013670.jpg,data/raw/isic2018/masks/ISIC2018_Task1_Training_GroundTruth/ISIC_0013670_segmentation.png,2848,4288,144377,0.011822334736080832,2134,1968,2541,2477,408,510,0.017038665520711052,0.8,False,False,False,False,False,1,1.0
ISIC_0013671,data/raw/isic2018/images/ISIC2018_Task1-2_Training_Input/ISIC_0013671.jpg,data/raw/isic2018/masks/ISIC2018_Task1_Training_GroundTruth/ISIC_0013671_segmentation.png,2848,4288,1892323,0.15495318461240148,1206,1069,2948,2514,1743,1446,0.20638157308611438,1.2053941908713692,False,False,False,False,False,1,1.0
ISIC_0013672,data/raw/isic2018/images/ISIC2018_Task1-2_Training_Input/ISIC_0013672.jpg,data/raw/isic2018/masks/ISIC2018_Task1_Training_GroundTruth/ISIC_0013672_segmentation.png,2848,4288,2394418,0.19606731746813685,1463,914,3984,2253,2522,1340,0.27672928370786515,1.882089552238806,False,False,False,False,False,1,1.0
ISIC_0013673,data/raw/isic2018/images/ISIC2018_Task1-2_Training_Input/ISIC_0013673.jpg,data/raw/isic2018/masks/ISIC2018_Task1_Training_GroundTruth/ISIC_0013673_segmentation.png,2000,3008,154314,0.02565059840425532,1391,638,1815,1090,425,453,0.03200216090425532,0.9381898454746137,False,False,False,False,False,1,1.0
ISIC_0013674,data/raw/isic2018/images/ISIC2018_Task1-2_Training_Input/ISIC_0013674.jpg,data/raw/isic2018/masks/ISIC2018_Task1_Training_GroundTruth/ISIC_0013674_segmentation.png,2848,4288,2658695,0.21770768371100957,999,469,2917,2607,1919,2139,0.3361174017115965,0.8971482000935016,False,False,False,False,False,1,1.0
ISIC_0013675,data/raw/isic2018/images/ISIC2018_Task1-2_Training_Input/ISIC_0013675.jpg,data/raw/isic2018/masks/ISIC2018_Task1_Training_GroundTruth/ISIC_0013675_segmentation.png,2848,4288,880200,0.07207532387221198,1809,1380,2814,2581,1006,1202,0.09901652639191683,0.8369384359400999,False,False,False,False,False,1,1.0
ISIC_0013676,data/raw/isic2018/images/ISIC2018_Task1-2_Training_Input/ISIC_0013676.jpg,data/raw/isic2018/masks/ISIC2018_Task1_Training_GroundTruth/ISIC_0013676_segmentation.png,2848,4288,839084,0.06870853335150093,1876,1069,2847,2180,972,1112,0.08850672899547207,0.8741007194244604,False,False,False,False,False,1,1.0
ISIC_0013678,data/raw/isic2018/images/ISIC2018_Task1-2_Training_Input/ISIC_0013678.jpg,data/raw/isic2018/masks/ISIC2018_Task1_Training_GroundTruth/ISIC_0013678_segmentation.png,2000,3008,240296,0.03994281914893617,1184,621,1806,1211,623,591,0.06120229388297872,1.0541455160744502,False,False,False,False,False,1,1.0
ISIC_0013680,data/raw/isic2018/images/ISIC2018_Task1-2_Training_Input/ISIC_0013680.jpg,data/raw/isic2018/masks/ISIC2018_Task1_Training_GroundTruth/ISIC_0013680_segmentation.png,2592,3872,378000,0.03766356749311295,1511,692,2298,1329,788,638,0.050092943322109985,1.2351097178683386,False,False,False,False,False,1,1.0
ISIC_0013684,data/raw/isic2018/images/ISIC2018_Task1-2_Training_Input/ISIC_0013684.jpg,data/raw/isic2018/masks/ISIC2018_Task1_Training_GroundTruth/ISIC_0013684_segmentation.png,2000,3008,427909,0.07112849069148937,1249,511,1939,1334,691,824,0.09464494680851064,0.8385922330097088,False,False,False,False,False,1,1.0
ISIC_0013685,data/raw/isic2018/images/ISIC2018_Task1-2_Training_Input/ISIC_0013685.jpg,data/raw/isic2018/masks/ISIC2018_Task1_Training_GroundTruth/ISIC_0013685_segmentation.png,2000,3008,2625212,0.4363716755319149,899,288,2909,1991,2011,1704,0.5696050531914894,1.1801643192488263,False,False,False,False,False,1,1.0
ISIC_0013688,data/raw/isic2018/images/ISIC2018_Task1-2_Training_Input/ISIC_0013688.jpg,data/raw/isic2018/masks/ISIC2018_Task1_Training_GroundTruth/ISIC_0013688_segmentation.png,2848,4288,595784,0.04878587225389904,1575,1091,2680,1846,1106,756,0.06846713587959082,1.462962962962963,False,False,False,False,False,1,1.0
ISIC_0013689,data/raw/isic2018/images/ISIC2018_Task1-2_Training_Input/ISIC_0013689.jpg,data/raw/isic2018/masks/ISIC2018_Task1_Training_GroundTruth/ISIC_0013689_segmentation.png,2848,4288,105189,0.008613418817080328,1977,1202,2345,1579,369,378,0.011421506844289787,0.9761904761904762,False,False,False,False,False,1,1.0
ISIC_0013690,data/raw/isic2018/images/ISIC2018_Task1-2_Training_Input/ISIC_0013690.jpg,data/raw/isic2018/masks/ISIC2018_Task1_Training_GroundTruth/ISIC_0013690_segmentation.png,2848,4288,141094,0.011553505733271843,2022,1165,2479,1562,458,398,0.014926355756330705,1.150753768844221,False,False,False,False,False,1,1.0
ISIC_0013691,data/raw/isic2018/images/ISIC2018_Task1-2_Training_Input/ISIC_0013691.jpg,data/raw/isic2018/masks/ISIC2018_Task1_Training_GroundTruth/ISIC_0013691_segmentation.png,2000,3008,647151,0.10757164228723404,941,563,1927,1500,987,938,0.153890625,1.0522388059701493,False,False,False,False,False,1,1.0
ISIC_0013695,data/raw/isic2018/images/ISIC2018_Task1-2_Training_Input/ISIC_0013695.jpg,data/raw/isic2018/masks/ISIC2018_Task1_Training_GroundTruth/ISIC_0013695_segmentation.png,2848,4288,616209,0.05045837678706188,1742,1158,2747,2091,1006,934,0.07693963032450109,1.077087794432548,False,False,False,False,False,1,1.0
ISIC_0013696,data/raw/isic2018/images/ISIC2018_Task1-2_Training_Input/ISIC_0013696.jpg,data/raw/isic2018/masks/ISIC2018_Task1_Training_GroundTruth/ISIC_0013696_segmentation.png,2848,4288,253284,0.020740202603555257,1573,492,2123,1096,551,605,0.02729682979938789,0.9107438016528926,False,False,False,False,False,1,1.0
ISIC_0013702,data/raw/isic2018/images/ISIC2018_Task1-2_Training_Input/ISIC_0013702.jpg,data/raw/isic2018/masks/ISIC2018_Task1_Training_GroundTruth/ISIC_0013702_segmentation.png,2848,4288,1781222,0.14585566068883113,1147,670,3001,1986,1855,1317,0.20004832862548214,1.4085041761579347,False,False,False,False,False,1,1.0
ISIC_0013708,data/raw/isic2018/images/ISIC2018_Task1-2_Training_Input/ISIC_0013708.jpg,data/raw/isic2018/masks/ISIC2018_Task1_Training_GroundTruth/ISIC_0013708_segmentation.png,2592,3872,6937317,0.6912277964302111,3,7,3271,2590,3269,2584,0.8416607680338741,1.265092879256966,False,False,False,False,False,1,1.0
ISIC_0013709,data/raw/isic2018/images/ISIC2018_Task1-2_Training_Input/ISIC_0013709.jpg,data/raw/isic2018/masks/ISIC2018_Task1_Training_GroundTruth/ISIC_0013709_segmentation.png,2000,3008,1723505,0.28648686835106385,529,15,2296,1428,1768,1414,0.4155505319148936,1.2503536067892504,False,False,False,False,False,1,1.0
ISIC_0013712,data/raw/isic2018/images/ISIC2018_Task1-2_Training_Input/ISIC_0013712.jpg,data/raw/isic2018/masks/ISIC2018_Task1_Training_GroundTruth/ISIC_0013712_segmentation.png,2848,4288,212333,0.01738692313537649,1575,1402,2110,1935,536,534,0.0234375,1.00374531835206,False,False,False,False,False,1,1.0
ISIC_0013713,data/raw/isic2018/images/ISIC2018_Task1-2_Training_Input/ISIC_0013713.jpg,data/raw/isic2018/masks/ISIC2018_Task1_Training_GroundTruth/ISIC_0013713_segmentation.png,2848,4288,278966,0.0228431774589133,1776,1202,2479,1757,704,556,0.03205181955391581,1.2661870503597121,False,False,False,False,False,1,1.0
ISIC_0013719,data/raw/isic2018/images/ISIC2018_Task1-2_Training_Input/ISIC_0013719.jpg,data/raw/isic2018/masks/ISIC2018_Task1_Training_GroundTruth/ISIC_0013719_segmentation.png,2000,3008,326149,0.05421359707446809,1199,719,1974,1312,776,594,0.07661968085106383,1.3063973063973064,False,False,False,False,False,1,1.0
ISIC_0013721,data/raw/isic2018/images/ISIC2018_Task1-2_Training_Input/ISIC_0013721.jpg,data/raw/isic2018/masks/ISIC2018_Task1_Training_GroundTruth/ISIC_0013721_segmentation.png,2000,3008,770101,0.12800880984042554,1183,573,2341,1467,1159,895,0.17242436835106384,1.294972067039106,False,False,False,False,False,1,1.0
ISIC_0013733,data/raw/isic2018/images/ISIC2018_Task1-2_Training_Input/ISIC_0013733.jpg,data/raw/isic2018/masks/ISIC2018_Task1_Training_GroundTruth/ISIC_0013733_segmentation.png,2848,4288,466540,0.03820270574794567,1646,1085,2584,1866,939,782,0.06012811425666611,1.20076726342711,False,False,False,False,False,1,1.0
ISIC_0013736,data/raw/isic2018/images/ISIC2018_Task1-2_Training_Input/ISIC_0013736.jpg,data/raw/isic2018/masks/ISIC2018_Task1_Training_GroundTruth/ISIC_0013736_segmentation.png,2848,4288,1376523,0.11271681554481805,1675,824,3015,2225,1341,1402,0.15395082828483986,0.956490727532097,False,False,False,False,False,1,1.0
ISIC_0013737,data/raw/isic2018/images/ISIC2018_Task1-2_Training_Input/ISIC_0013737.jpg,data/raw/isic2018/masks/ISIC2018_Task1_Training_GroundTruth/ISIC_0013737_segmentation.png,2848,4288,138846,0.011369427878165353,2144,1603,2613,1980,470,378,0.014547718744759349,1.2433862433862435,False,False,False,False,False,1,1.0
ISIC_0013738,data/raw/isic2018/images/ISIC2018_Task1-2_Training_Input/ISIC_0013738.jpg,data/raw/isic2018/masks/ISIC2018_Task1_Training_GroundTruth/ISIC_0013738_segmentation.png,2848,4288,102081,0.008358919718472246,2125,1813,2508,2195,384,383,0.012043015260774777,1.0026109660574412,False,False,False,False,False,1,1.0
ISIC_0013739,data/raw/isic2018/images/ISIC2018_Task1-2_Training_Input/ISIC_0013739.jpg,data/raw/isic2018/masks/ISIC2018_Task1_Training_GroundTruth/ISIC_0013739_segmentation.png,2000,3008,424047,0.07048653590425531,1075,589,1697,1489,623,901,0.09330501994680851,0.6914539400665927,False,False,False,False,False,1,1.0
ISIC_0013740,data/raw/isic2018/images/ISIC2018_Task1-2_Training_Input/ISIC_0013740.jpg,data/raw/isic2018/masks/ISIC2018_Task1_Training_GroundTruth/ISIC_0013740_segmentation.png,2000,3008,603376,0.10029521276595744,1135,370,1913,1413,779,1044,0.13518550531914894,0.7461685823754789,False,False,False,False,False,1,1.0
ISIC_0013747,data/raw/isic2018/images/ISIC2018_Task1-2_Training_Input/ISIC_0013747.jpg,data/raw/isic2018/masks/ISIC2018_Task1_Training_GroundTruth/ISIC_0013747_segmentation.png,2848,4288,1781270,0.14585959117684053,1464,801,2855,2419,1392,1619,0.1845403425289284,0.8597899938233478,False,False,False,False,False,1,1.0
ISIC_0013748,data/raw/isic2018/images/ISIC2018_Task1-2_Training_Input/ISIC_0013748.jpg,data/raw/isic2018/masks/ISIC2018_Task1_Training_GroundTruth/ISIC_0013748_segmentation.png,2848,4288,1044126,0.08549843173528425,1508,646,2680,1913,1173,1268,0.12179304932500419,0.9250788643533123,False,False,False,False,False,1,1.0
ISIC_0013749,data/raw/isic2018/images/ISIC2018_Task1-2_Training_Input/ISIC_0013749.jpg,data/raw/isic2018/masks/ISIC2018_Task1_Training_GroundTruth/ISIC_0013749_segmentation.png,2848,4288,806264,0.06602106217507966,1541,623,2512,1668,972,1046,0.08325363177092068,0.9292543021032504,False,False,False,False,False,1,1.0
ISIC_0013758,data/raw/isic2018/images/ISIC2018_Task1-2_Training_Input/ISIC_0013758.jpg,data/raw/isic2018/masks/ISIC2018_Task1_Training_GroundTruth/ISIC_0013758_segmentation.png,2848,4288,1426583,0.11681598699794567,1506,926,2861,2437,1356,1512,0.1678868648331377,0.8968253968253969,False,False,False,False,False,1,1.0
ISIC_0013762,data/raw/isic2018/images/ISIC2018_Task1-2_Training_Input/ISIC_0013762.jpg,data/raw/isic2018/masks/ISIC2018_Task1_Training_GroundTruth/ISIC_0013762_segmentation.png,2848,4288,883368,0.0723347360808318,1501,894,2894,2116,1394,1223,0.13960290934722455,1.1398201144726083,False,False,False,False,False,1,1.0
ISIC_0013765,data/raw/isic2018/images/ISIC2018_Task1-2_Training_Input/ISIC_0013765.jpg,data/raw/isic2018/masks/ISIC2018_Task1_Training_GroundTruth/ISIC_0013765_segmentation.png,2848,4288,5321609,0.43576084094101125,1367,13,4005,2653,2639,2641,0.5707067770784421,0.9992427110942824,False,False,False,False,False,1,1.0
ISIC_0013766,data/raw/isic2018/images/ISIC2018_Task1-2_Training_Input/ISIC_0013766.jpg,data/raw/isic2018/masks/ISIC2018_Task1_Training_GroundTruth/ISIC_0013766_segmentation.png,2848,4288,461041,0.03775241921536978,1804,1036,2560,2018,757,983,0.06093329110242328,0.7700915564598169,False,False,False,False,False,1,1.0
ISIC_0013767,data/raw/isic2018/images/ISIC2018_Task1-2_Training_Input/ISIC_0013767.jpg,data/raw/isic2018/masks/ISIC2018_Task1_Training_GroundTruth/ISIC_0013767_segmentation.png,2592,3872,4067665,0.40529834726686054,753,176,3235,2504,2483,2329,0.5762034605843791,1.0661227994847573,False,False,False,False,False,1,1.0
ISIC_0013772,data/raw/isic2018/images/ISIC2018_Task1-2_Training_Input/ISIC_0013772.jpg,data/raw/isic2018/masks/ISIC2018_Task1_Training_GroundTruth/ISIC_0013772_segmentation.png,2848,4288,245141,0.020073411689795404,1709,1046,2244,1668,536,623,0.02734375,0.8603531300160514,False,False,False,False,False,1,1.0
ISIC_0013775,data/raw/isic2018/images/ISIC2018_Task1-2_Training_Input/ISIC_0013775.jpg,data/raw/isic2018/masks/ISIC2018_Task1_Training_GroundTruth/ISIC_0013775_segmentation.png,2848,4288,567008,0.046429544692268995,1843,1313,2747,2136,905,824,0.0610634066325675,1.0983009708737863,False,False,False,False,False,1,1.0
ISIC_0013777,data/raw/isic2018/images/ISIC2018_Task1-2_Training_Input/ISIC_0013777.jpg,data/raw/isic2018/masks/ISIC2018_Task1_Training_GroundTruth/ISIC_0013777_segmentation.png,2848,4288,1203385,0.0985393815246101,938,980,2646,1891,1709,912,0.12762687615294316,1.8739035087719298,False,False,False,False,False,1,1.0
ISIC_0013778,data/raw/isic2018/images/ISIC2018_Task1-2_Training_Input/ISIC_0013778.jpg,data/raw/isic2018/masks/ISIC2018_Task1_Training_GroundTruth/ISIC_0013778_segmentation.png,2848,4288,1585106,0.12979666930446085,1139,1069,3618,2180,2480,1112,0.22581963776622505,2.2302158273381294,False,False,False,False,False,1,1.0
ISIC_0013782,data/raw/isic2018/images/ISIC2018_Task1-2_Training_Input/ISIC_0013782.jpg,data/raw/isic2018/masks/ISIC2018_Task1_Training_GroundTruth/ISIC_0013782_segmentation.png,2000,3008,352314,0.05856283244680851,1011,594,1833,1203,823,610,0.08344913563829787,1.3491803278688526,False,False,False,False,False,1,1.0
ISIC_0013783,data/raw/isic2018/images/ISIC2018_Task1-2_Training_Input/ISIC_0013783.jpg,data/raw/isic2018/masks/ISIC2018_Task1_Training_GroundTruth/ISIC_0013783_segmentation.png,2848,4288,4270380,0.3496807788655039,947,14,3186,2532,2240,2519,0.46204196713063894,0.8892417626042081,False,False,False,False,False,1,1.0
ISIC_0013789,data/raw/isic2018/images/ISIC2018_Task1-2_Training_Input/ISIC_0013789.jpg,data/raw/isic2018/masks/ISIC2018_Task1_Training_GroundTruth/ISIC_0013789_segmentation.png,2000,3008,81239,0.013503823138297873,1434,860,1809,1156,376,297,0.0185625,1.265993265993266,False,False,False,False,False,1,1.0
ISIC_0013792,data/raw/isic2018/images/ISIC2018_Task1-2_Training_Input/ISIC_0013792.jpg,data/raw/isic2018/masks/ISIC2018_Task1_Training_GroundTruth/ISIC_0013792_segmentation.png,1536,2304,246132,0.069549560546875,792,552,1349,1092,558,541,0.08530171712239583,1.0314232902033271,False,False,False,False,False,1,1.0
ISIC_0013793,data/raw/isic2018/images/ISIC2018_Task1-2_Training_Input/ISIC_0013793.jpg,data/raw/isic2018/masks/ISIC2018_Task1_Training_GroundTruth/ISIC_0013793_segmentation.png,1536,2304,301302,0.08513895670572917,792,445,1511,1080,720,636,0.12939453125,1.1320754716981132,False,False,False,False,False,1,1.0
ISIC_0013794,data/raw/isic2018/images/ISIC2018_Task1-2_Training_Input/ISIC_0013794.jpg,data/raw/isic2018/masks/ISIC2018_Task1_Training_GroundTruth/ISIC_0013794_segmentation.png,2000,3008,247847,0.041197972074468084,1198,684,1953,1167,756,484,0.0608218085106383,1.56198347107438,False,False,False,False,False,1,1.0
ISIC_0013795,data/raw/isic2018/images/ISIC2018_Task1-2_Training_Input/ISIC_0013795.jpg,data/raw/isic2018/masks/ISIC2018_Task1_Training_GroundTruth/ISIC_0013795_segmentation.png,2000,3008,62654,0.010414561170212767,1327,866,1644,1137,318,272,0.014377659574468085,1.1691176470588236,False,False,False,False,False,1,1.0
ISIC_0013796,data/raw/isic2018/images/ISIC2018_Task1-2_Training_Input/ISIC_0013796.jpg,data/raw/isic2018/masks/ISIC2018_Task1_Training_GroundTruth/ISIC_0013796_segmentation.png,2000,3008,110262,0.018328125,1364,750,1692,1156,329,407,0.0222578125,0.8083538083538083,False,False,False,False,False,1,1.0
ISIC_0013797,data/raw/isic2018/images/ISIC2018_Task1-2_Training_Input/ISIC_0013797.jpg,data/raw/isic2018/masks/ISIC2018_Task1_Training_GroundTruth/ISIC_0013797_segmentation.png,2592,3872,1368287,0.1363348406731456,1150,264,2540,1761,1391,1498,0.20761971833231302,0.9285714285714286,False,False,False,False,False,1,1.0
ISIC_0013798,data/raw/isic2018/images/ISIC2018_Task1-2_Training_Input/ISIC_0013798.jpg,data/raw/isic2018/masks/ISIC2018_Task1_Training_GroundTruth/ISIC_0013798_segmentation.png,2592,3872,43444,0.004328719645954495,1846,1216,2117,1437,272,222,0.00601660544842363,1.2252252252252251,False,False,False,False,False,1,1.0
ISIC_0013799,data/raw/isic2018/images/ISIC2018_Task1-2_Training_Input/ISIC_0013799.jpg,data/raw/isic2018/masks/ISIC2018_Task1_Training_GroundTruth/ISIC_0013799_segmentation.png,2000,3008,258207,0.04292004654255319,1214,730,1894,1268,681,539,0.06101379654255319,1.2634508348794062,False,False,False,False,False,1,1.0
ISIC_0013800,data/raw/isic2018/images/ISIC2018_Task1-2_Training_Input/ISIC_0013800.jpg,data/raw/isic2018/masks/ISIC2018_Task1_Training_GroundTruth/ISIC_0013800_segmentation.png,2000,3008,200869,0.0333891289893617,1293,657,1762,1281,470,625,0.048828125,0.752,False,False,False,False,False,1,1.0
ISIC_0013801,data/raw/isic2018/images/ISIC2018_Task1-2_Training_Input/ISIC_0013801.jpg,data/raw/isic2018/masks/ISIC2018_Task1_Training_GroundTruth/ISIC_0013801_segmentation.png,2000,3008,869562,0.14454155585106382,696,520,2264,1541,1569,1022,0.26654222074468087,1.5352250489236792,False,False,False,False,False,1,1.0
ISIC_0013802,data/raw/isic2018/images/ISIC2018_Task1-2_Training_Input/ISIC_0013802.jpg,data/raw/isic2018/masks/ISIC2018_Task1_Training_GroundTruth/ISIC_0013802_segmentation.png,2000,3008,109064,0.018128989361702128,1387,797,1715,1218,329,422,0.023078125,0.7796208530805687,False,False,False,False,False,1,1.0
ISIC_0013803,data/raw/isic2018/images/ISIC2018_Task1-2_Training_Input/ISIC_0013803.jpg,data/raw/isic2018/masks/ISIC2018_Task1_Training_GroundTruth/ISIC_0013803_segmentation.png,2000,3008,60364,0.010033909574468085,1364,860,1692,1125,329,266,0.014546875,1.236842105263158,False,False,False,False,False,1,1.0
ISIC_0013804,data/raw/isic2018/images/ISIC2018_Task1-2_Training_Input/ISIC_0013804.jpg,data/raw/isic2018/masks/ISIC2018_Task1_Training_GroundTruth/ISIC_0013804_segmentation.png,2000,3008,103103,0.01713813164893617,1364,797,1715,1171,352,375,0.021941489361702128,0.9386666666666666,False,False,False,False,False,1,1.0
ISIC_0013805,data/raw/isic2018/images/ISIC2018_Task1-2_Training_Input/ISIC_0013805.jpg,data/raw/isic2018/masks/ISIC2018_Task1_Training_GroundTruth/ISIC_0013805_segmentation.png,2848,4288,1403040,0.11488816451450612,1401,804,2827,2003,1427,1200,0.1402201597350327,1.1891666666666667,False,False,False,False,False,1,1.0
ISIC_0013806,data/raw/isic2018/images/ISIC2018_Task1-2_Training_Input/ISIC_0013806.jpg,data/raw/isic2018/masks/ISIC2018_Task1_Training_GroundTruth/ISIC_0013806_segmentation.png,2848,4288,275436,0.02255412281988932,1876,1024,2479,1602,604,579,0.02863655301442227,1.0431778929188256,False,False,False,False,False,1,1.0
ISIC_0013807,data/raw/isic2018/images/ISIC2018_Task1-2_Training_Input/ISIC_0013807.jpg,data/raw/isic2018/masks/ISIC2018_Task1_Training_GroundTruth/ISIC_0013807_segmentation.png,2848,4288,87256,0.007144972119738387,2044,1158,2345,1513,302,356,0.008803638059701493,0.848314606741573,False,False,False,False,False,1,1.0
ISIC_0013808,data/raw/isic2018/images/ISIC2018_Task1-2_Training_Input/ISIC_0013808.jpg,data/raw/isic2018/masks/ISIC2018_Task1_Training_GroundTruth/ISIC_0013808_segmentation.png,2848,4288,151448,0.01240134475096428,1942,1181,2549,1581,608,401,0.019964258762367935,1.5162094763092269,False,False,False,False,False,1,1.0
ISIC_0013809,data/raw/isic2018/images/ISIC2018_Task1-2_Training_Input/ISIC_0013809.jpg,data/raw/isic2018/masks/ISIC2018_Task1_Training_GroundTruth/ISIC_0013809_segmentation.png,2848,4288,3168278,0.25943497269620996,1217,512,3071,2723,1855,2212,0.3359961297794734,0.8386075949367089,False,False,False,False,False,1,1.0
ISIC_0013813,data/raw/isic2018/images/ISIC2018_Task1-2_Training_Input/ISIC_0013813.jpg,data/raw/isic2018/masks/ISIC2018_Task1_Training_GroundTruth/ISIC_0013813_segmentation.png,2848,4288,6703445,0.5489127123773688,621,5,3361,2846,2741,2842,0.6378790628144391,0.9644616467276566,False,False,False,False,False,1,1.0
ISIC_0013815,data/raw/isic2018/images/ISIC2018_Task1-2_Training_Input/ISIC_0013815.jpg,data/raw/isic2018/masks/ISIC2018_Task1_Training_GroundTruth/ISIC_0013815_segmentation.png,2848,4288,229105,0.018760301153991278,1776,1024,2378,1602,603,579,0.028589141502808987,1.0414507772020725,False,False,False,False,False,1,1.0
ISIC_0013816,data/raw/isic2018/images/ISIC2018_Task1-2_Training_Input/ISIC_0013816.jpg,data/raw/isic2018/masks/ISIC2018_Task1_Training_GroundTruth/ISIC_0013816_segmentation.png,2848,4288,1537690,0.1259140022325172,991,664,2623,1995,1633,1332,0.17811301201157137,1.225975975975976,False,False,False,False,False,1,1.0
ISIC_0013817,data/raw/isic2018/images/ISIC2018_Task1-2_Training_Input/ISIC_0013817.jpg,data/raw/isic2018/masks/ISIC2018_Task1_Training_GroundTruth/ISIC_0013817_segmentation.png,2848,4288,1044183,0.0855030991897954,1374,1113,2579,2247,1206,1135,0.11208523525280899,1.062555066079295,False,False,False,False,False,1,1.0
ISIC_0013819,data/raw/isic2018/images/ISIC2018_Task1-2_Training_Input/ISIC_0013819.jpg,data/raw/isic2018/masks/ISIC2018_Task1_Training_GroundTruth/ISIC_0013819_segmentation.png,2848,4288,651071,0.053313057474216,1474,1313,2512,2180,1039,868,0.07384830150511487,1.1970046082949308,False,False,False,False,False,1,1.0
ISIC_0013828,data/raw/isic2018/images/ISIC2018_Task1-2_Training_Input/ISIC_0013828.jpg,data/raw/isic2018/masks/ISIC2018_Task1_Training_GroundTruth/ISIC_0013828_segmentation.png,2000,3008,1907682,0.3171013962765957,729,0,2420,1515,1692,1516,0.426375,1.116094986807388,True,False,False,True,False,1,1.0
ISIC_0013830,data/raw/isic2018/images/ISIC2018_Task1-2_Training_Input/ISIC_0013830.jpg,data/raw/isic2018/masks/ISIC2018_Task1_Training_GroundTruth/ISIC_0013830_segmentation.png,2848,4288,255850,0.020950319941723965,1876,1158,2445,1713,570,556,0.025951047082005702,1.025179856115108,False,False,False,False,False,1,1.0
ISIC_0013831,data/raw/isic2018/images/ISIC2018_Task1-2_Training_Input/ISIC_0013831.jpg,data/raw/isic2018/masks/ISIC2018_Task1_Training_GroundTruth/ISIC_0013831_segmentation.png,2848,4288,488462,0.03999779237590139,1742,1536,2713,2202,972,667,0.05308811892084521,1.457271364317841,False,False,False,False,False,1,1.0
ISIC_0013832,data/raw/isic2018/images/ISIC2018_Task1-2_Training_Input/ISIC_0013832.jpg,data/raw/isic2018/masks/ISIC2018_Task1_Training_GroundTruth/ISIC_0013832_segmentation.png,2000,3008,1637732,0.27222938829787235,813,105,2232,1908,1420,1804,0.42581117021276593,0.7871396895787139,False,False,False,False,False,1,1.0
ISIC_0013833,data/raw/isic2018/images/ISIC2018_Task1-2_Training_Input/ISIC_0013833.jpg,data/raw/isic2018/masks/ISIC2018_Task1_Training_GroundTruth/ISIC_0013833_segmentation.png,2848,4288,10993085,0.9001705995566409,19,8,4173,2844,4155,2837,0.9652406474037817,1.4645752555516391,False,False,False,False,False,1,1.0
ISIC_0013835,data/raw/isic2018/images/ISIC2018_Task1-2_Training_Input/ISIC_0013835.jpg,data/raw/isic2018/masks/ISIC2018_Task1_Training_GroundTruth/ISIC_0013835_segmentation.png,2848,4288,1206626,0.09880477135041087,991,354,2051,1859,1061,1506,0.130841524033624,0.704515272244356,False,False,False,False,False,1,1.0
ISIC_0013836,data/raw/isic2018/images/ISIC2018_Task1-2_Training_Input/ISIC_0013836.jpg,data/raw/isic2018/masks/ISIC2018_Task1_Training_GroundTruth/ISIC_0013836_segmentation.png,2848,4288,189241,0.01549603086219185,1776,1069,2345,1490,570,422,0.01969665803706188,1.3507109004739337,False,False,False,False,False,1,1.0
ISIC_0013837,data/raw/isic2018/images/ISIC2018_Task1-2_Training_Input/ISIC_0013837.jpg,data/raw/isic2018/masks/ISIC2018_Task1_Training_GroundTruth/ISIC_0013837_segmentation.png,2000,3008,57654,0.00958344414893617,1387,719,1621,1015,235,297,0.0116015625,0.7912457912457912,False,False,False,False,False,1,1.0
ISIC_0013839,data/raw/isic2018/images/ISIC2018_Task1-2_Training_Input/ISIC_0013839.jpg,data/raw/isic2018/masks/ISIC2018_Task1_Training_GroundTruth/ISIC_0013839_segmentation.png,2848,4288,122487,0.010029868433464699,2077,1491,2479,1869,403,379,0.012506894731049807,1.0633245382585752,False,False,False,False,False,1,1.0
ISIC_0013840,data/raw/isic2018/images/ISIC2018_Task1-2_Training_Input/ISIC_0013840.jpg,data/raw/isic2018/masks/ISIC2018_Task1_Training_GroundTruth/ISIC_0013840_segmentation.png,2000,3008,2573708,0.42781050531914894,222,178,2217,1921,1996,1744,0.578627659574468,1.1444954128440368,False,False,False,False,False,1,1.0
ISIC_0013842,data/raw/isic2018/images/ISIC2018_Task1-2_Training_Input/ISIC_0013842.jpg,data/raw/isic2018/masks/ISIC2018_Task1_Training_GroundTruth/ISIC_0013842_segmentation.png,2000,3008,258863,0.04302908909574468,1227,560,1926,1129,700,570,0.06632313829787234,1.2280701754385965,False,False,False,False,False,1,1.0
ISIC_0013843,data/raw/isic2018/images/ISIC2018_Task1-2_Training_Input/ISIC_0013843.jpg,data/raw/isic2018/masks/ISIC2018_Task1_Training_GroundTruth/ISIC_0013843_segmentation.png,2000,3008,147704,0.02455186170212766,1223,829,1739,1187,517,359,0.0308515625,1.4401114206128134,False,False,False,False,False,1,1.0
ISIC_0013844,data/raw/isic2018/images/ISIC2018_Task1-2_Training_Input/ISIC_0013844.jpg,data/raw/isic2018/masks/ISIC2018_Task1_Training_GroundTruth/ISIC_0013844_segmentation.png,2000,3008,294119,0.04888946143617021,1176,766,1856,1390,681,625,0.0707488364361702,1.0896,False,False,False,False,False,1,1.0
ISIC_0013861,data/raw/isic2018/images/ISIC2018_Task1-2_Training_Input/ISIC_0013861.jpg,data/raw/isic2018/masks/ISIC2018_Task1_Training_GroundTruth/ISIC_0013861_segmentation.png,2848,4288,4643404,0.3802259113491531,513,372,3095,2807,2583,2436,0.5152368643090726,1.0603448275862069,False,False,False,False,False,1,1.0
ISIC_0013862,data/raw/isic2018/images/ISIC2018_Task1-2_Training_Input/ISIC_0013862.jpg,data/raw/isic2018/masks/ISIC2018_Task1_Training_GroundTruth/ISIC_0013862_segmentation.png,2848,4288,4755753,0.38942562796096764,697,255,3727,2560,3031,2306,0.572335227391833,1.3143972246313964,False,False,False,False,False,1,1.0
ISIC_0013863,data/raw/isic2018/images/ISIC2018_Task1-2_Training_Input/ISIC_0013863.jpg,data/raw/isic2018/masks/ISIC2018_Task1_Training_GroundTruth/ISIC_0013863_segmentation.png,2848,4288,108573,0.008890518221742411,1378,1310,1757,1701,380,392,0.012197614455810834,0.9693877551020408,False,False,False,False,False,1,1.0
ISIC_0013865,data/raw/isic2018/images/ISIC2018_Task1-2_Training_Input/ISIC_0013865.jpg,data/raw/isic2018/masks/ISIC2018_Task1_Training_GroundTruth/ISIC_0013865_segmentation.png,2848,4288,1025366,0.08396226600494718,1541,1135,2948,2202,1408,1068,0.12313432835820895,1.3183520599250935,False,False,False,False,False,1,1.0
ISIC_0013867,data/raw/isic2018/images/ISIC2018_Task1-2_Training_Input/ISIC_0013867.jpg,data/raw/isic2018/masks/ISIC2018_Task1_Training_GroundTruth/ISIC_0013867_segmentation.png,2848,4288,5051972,0.4136815702037565,439,32,3207,2475,2769,2444,0.5541526260900553,1.1329787234042554,False,False,False,False,False,1,1.0
ISIC_0013874,data/raw/isic2018/images/ISIC2018_Task1-2_Training_Input/ISIC_0013874.jpg,data/raw/isic2018/masks/ISIC2018_Task1_Training_GroundTruth/ISIC_0013874_segmentation.png,2848,4288,3872799,0.3171247923392168,637,512,3316,2425,2680,1914,0.4200316011235955,1.4002089864158829,False,False,False,False,False,1,1.0
ISIC_0013879,data/raw/isic2018/images/ISIC2018_Task1-2_Training_Input/ISIC_0013879.jpg,data/raw/isic2018/masks/ISIC2018_Task1_Training_GroundTruth/ISIC_0013879_segmentation.png,2848,4288,467547,0.03828516411097602,1541,1247,2445,1869,905,623,0.04616808535447761,1.4526484751203852,False,False,False,False,False,1,1.0
ISIC_0013886,data/raw/isic2018/images/ISIC2018_Task1-2_Training_Input/ISIC_0013886.jpg,data/raw/isic2018/masks/ISIC2018_Task1_Training_GroundTruth/ISIC_0013886_segmentation.png,2592,3872,228391,0.022756666252168146,1546,1110,2215,1670,670,561,0.03745133627946128,1.1942959001782532,False,False,False,False,False,1,1.0
ISIC_0013888,data/raw/isic2018/images/ISIC2018_Task1-2_Training_Input/ISIC_0013888.jpg,data/raw/isic2018/masks/ISIC2018_Task1_Training_GroundTruth/ISIC_0013888_segmentation.png,2848,4288,129031,0.010565724965411706,1910,1158,2378,1535,469,378,0.014516766151685394,1.2407407407407407,False,False,False,False,False,1,1.0
ISIC_0013891,data/raw/isic2018/images/ISIC2018_Task1-2_Training_Input/ISIC_0013891.jpg,data/raw/isic2018/masks/ISIC2018_Task1_Training_GroundTruth/ISIC_0013891_segmentation.png,2848,4288,136383,0.011167744712183465,1881,1346,2277,1781,397,436,0.014173667302532283,0.9105504587155964,False,False,False,False,False,1,1.0
ISIC_0013896,data/raw/isic2018/images/ISIC2018_Task1-2_Training_Input/ISIC_0013896.jpg,data/raw/isic2018/masks/ISIC2018_Task1_Training_GroundTruth/ISIC_0013896_segmentation.png,2848,4288,1075416,0.08806061860640617,1575,1158,2780,2447,1206,1290,0.12739202949438203,0.9348837209302325,False,False,False,False,False,1,1.0
ISIC_0013897,data/raw/isic2018/images/ISIC2018_Task1-2_Training_Input/ISIC_0013897.jpg,data/raw/isic2018/masks/ISIC2018_Task1_Training_GroundTruth/ISIC_0013897_segmentation.png,2848,4288,380639,0.031168688029305718,1743,1586,2636,2387,894,802,0.05871068201827939,1.114713216957606,False,False,False,False,False,1,1.0
ISIC_0013898,data/raw/isic2018/images/ISIC2018_Task1-2_Training_Input/ISIC_0013898.jpg,data/raw/isic2018/masks/ISIC2018_Task1_Training_GroundTruth/ISIC_0013898_segmentation.png,2848,4288,586840,0.048053491321482476,1675,1491,2680,2269,1006,779,0.06417127625565991,1.2913992297817716,False,False,False,False,False,1,1.0
ISIC_0013908,data/raw/isic2018/images/ISIC2018_Task1-2_Training_Input/ISIC_0013908.jpg,data/raw/isic2018/masks/ISIC2018_Task1_Training_GroundTruth/ISIC_0013908_segmentation.png,2000,3008,857766,0.14258078457446807,878,360,2126,1381,1249,1022,0.21218051861702128,1.2221135029354206,False,False,False,False,False,1,1.0
ISIC_0013910,data/raw/isic2018/images/ISIC2018_Task1-2_Training_Input/ISIC_0013910.jpg,data/raw/isic2018/masks/ISIC2018_Task1_Training_GroundTruth/ISIC_0013910_segmentation.png,2000,3008,105350,0.017511635638297874,1763,688,2115,1062,353,375,0.022003823138297872,0.9413333333333334,False,False,False,False,False,1,1.0
ISIC_0013911,data/raw/isic2018/images/ISIC2018_Task1-2_Training_Input/ISIC_0013911.jpg,data/raw/isic2018/masks/ISIC2018_Task1_Training_GroundTruth/ISIC_0013911_segmentation.png,2000,3008,179123,0.029774434840425534,1253,708,1771,1277,519,570,0.049173869680851065,0.9105263157894737,False,False,False,False,False,1,1.0
ISIC_0013917,data/raw/isic2018/images/ISIC2018_Task1-2_Training_Input/ISIC_0013917.jpg,data/raw/isic2018/masks/ISIC2018_Task1_Training_GroundTruth/ISIC_0013917_segmentation.png,2848,4288,598470,0.04900581581209123,1698,1231,2526,2287,829,1057,0.0717521231186064,0.7842951750236519,False,False,False,False,False,1,1.0
ISIC_0013918,data/raw/isic2018/images/ISIC2018_Task1-2_Training_Input/ISIC_0013918.jpg,data/raw/isic2018/masks/ISIC2018_Task1_Training_GroundTruth/ISIC_0013918_segmentation.png,2000,3008,400245,0.06653008643617021,1270,516,2091,1140,822,625,0.0853972739361702,1.3152,False,False,False,False,False,1,1.0
ISIC_0013921,data/raw/isic2018/images/ISIC2018_Task1-2_Training_Input/ISIC_0013921.jpg,data/raw/isic2018/masks/ISIC2018_Task1_Training_GroundTruth/ISIC_0013921_segmentation.png,2592,3872,311611,0.03104862944469952,1785,932,2389,1660,605,729,0.0439453125,0.8299039780521262,False,False,False,False,False,1,1.0
ISIC_0013922,data/raw/isic2018/images/ISIC2018_Task1-2_Training_Input/ISIC_0013922.jpg,data/raw/isic2018/masks/ISIC2018_Task1_Training_GroundTruth/ISIC_0013922_segmentation.png,2848,4288,414652,0.033953848209793726,1742,980,2613,1668,872,689,0.04919726333221533,1.2656023222060957,False,False,False,False,False,1,1.0
ISIC_0013925,data/raw/isic2018/images/ISIC2018_Task1-2_Training_Input/ISIC_0013925.jpg,data/raw/isic2018/masks/ISIC2018_Task1_Training_GroundTruth/ISIC_0013925_segmentation.png,2000,3008,3611118,0.6002523271276595,305,36,2511,1963,2207,1928,0.7072965425531915,1.1447095435684647,False,False,False,False,False,1,1.0
ISIC_0013929,data/raw/isic2018/images/ISIC2018_Task1-2_Training_Input/ISIC_0013929.jpg,data/raw/isic2018/masks/ISIC2018_Task1_Training_GroundTruth/ISIC_0013929_segmentation.png,2848,4288,3745294,0.30668402413843704,997,523,3580,2685,2584,2163,0.45767191954553077,1.1946370781322238,False,False,False,False,False,1,1.0
ISIC_0013935,data/raw/isic2018/images/ISIC2018_Task1-2_Training_Input/ISIC_0013935.jpg,data/raw/isic2018/masks/ISIC2018_Task1_Training_GroundTruth/ISIC_0013935_segmentation.png,2848,4288,253488,0.02075690717759517,1806,1337,2426,1968,621,632,0.03213763520878752,0.9825949367088608,False,False,False,False,False,1,1.0
ISIC_0013936,data/raw/isic2018/images/ISIC2018_Task1-2_Training_Input/ISIC_0013936.jpg,data/raw/isic2018/masks/ISIC2018_Task1_Training_GroundTruth/ISIC_0013936_segmentation.png,2000,3008,142222,0.023640625,1293,625,1692,1078,400,454,0.030186170212765956,0.8810572687224669,False,False,False,False,False,1,1.0
ISIC_0013942,data/raw/isic2018/images/ISIC2018_Task1-2_Training_Input/ISIC_0013942.jpg,data/raw/isic2018/masks/ISIC2018_Task1_Training_GroundTruth/ISIC_0013942_segmentation.png,2848,4288,517342,0.04236263599488513,1761,1315,2652,2108,892,794,0.05799500565990273,1.1234256926952142,False,False,False,False,False,1,1.0
ISIC_0013946,data/raw/isic2018/images/ISIC2018_Task1-2_Training_Input/ISIC_0013946.jpg,data/raw/isic2018/masks/ISIC2018_Task1_Training_GroundTruth/ISIC_0013946_segmentation.png,2000,3008,1029561,0.17113713430851063,858,445,2091,1663,1234,1219,0.2500408909574468,1.0123051681706317,False,False,False,False,False,1,1.0
ISIC_0013948,data/raw/isic2018/images/ISIC2018_Task1-2_Training_Input/ISIC_0013948.jpg,data/raw/isic2018/masks/ISIC2018_Task1_Training_GroundTruth/ISIC_0013948_segmentation.png,2000,3008,1454416,0.24175797872340427,1207,611,2678,1958,1472,1348,0.32982978723404255,1.0919881305637982,False,False,False,False,False,1,1.0
ISIC_0013953,data/raw/isic2018/images/ISIC2018_Task1-2_Training_Input/ISIC_0013953.jpg,data/raw/isic2018/masks/ISIC2018_Task1_Training_GroundTruth/ISIC_0013953_segmentation.png,2592,3872,1557134,0.15515137964238343,1369,464,2687,1999,1319,1536,0.20186715641261097,0.8587239583333334,False,False,False,False,False,1,1.0
ISIC_0013958,data/raw/isic2018/images/ISIC2018_Task1-2_Training_Input/ISIC_0013958.jpg,data/raw/isic2018/masks/ISIC2018_Task1_Training_GroundTruth/ISIC_0013958_segmentation.png,2000,3008,1004183,0.16691871675531914,954,208,2109,1573,1156,1366,0.26248271276595747,0.8462664714494875,False,False,False,False,False,1,1.0
ISIC_0013961,data/raw/isic2018/images/ISIC2018_Task1-2_Training_Input/ISIC_0013961.jpg,data/raw/isic2018/masks/ISIC2018_Task1_Training_GroundTruth/ISIC_0013961_segmentation.png,2848,4288,311051,0.02547046303769076,1652,1204,2333,1814,682,611,0.03412171280186148,1.11620294599018,False,False,False,False,False,1,1.0
ISIC_0013962,data/raw/isic2018/images/ISIC2018_Task1-2_Training_Input/ISIC_0013962.jpg,data/raw/isic2018/masks/ISIC2018_Task1_Training_GroundTruth/ISIC_0013962_segmentation.png,2848,4288,193853,0.015873685251760857,1575,1380,2110,1824,536,445,0.01953125,1.2044943820224718,False,False,False,False,False,1,1.0
ISIC_0013966,data/raw/isic2018/images/ISIC2018_Task1-2_Training_Input/ISIC_0013966.jpg,data/raw/isic2018/masks/ISIC2018_Task1_Training_GroundTruth/ISIC_0013966_segmentation.png,2000,3008,159509,0.0265141289893617,1243,820,1771,1248,529,429,0.03772290558510638,1.2331002331002332,False,False,False,False,False,1,1.0
ISIC_0013967,data/raw/isic2018/images/ISIC2018_Task1-2_Training_Input/ISIC_0013967.jpg,data/raw/isic2018/masks/ISIC2018_Task1_Training_GroundTruth/ISIC_0013967_segmentation.png,2000,3008,391432,0.06506515957446808,1176,610,1950,1312,775,703,0.09056266622340425,1.1024182076813656,False,False,False,False,False,1,1.0
ISIC_0013969,data/raw/isic2018/images/ISIC2018_Task1-2_Training_Input/ISIC_0013969.jpg,data/raw/isic2018/masks/ISIC2018_Task1_Training_GroundTruth/ISIC_0013969_segmentation.png,2848,4288,717424,0.05874638395103136,1709,1224,2646,2336,938,1113,0.08548762289325842,0.8427672955974843,False,False,False,False,False,1,1.0
ISIC_0013970,data/raw/isic2018/images/ISIC2018_Task1-2_Training_Input/ISIC_0013970.jpg,data/raw/isic2018/masks/ISIC2018_Task1_Training_GroundTruth/ISIC_0013970_segmentation.png,2848,4288,66363,0.005434145328483984,1742,1158,2043,1446,302,289,0.007146773593409358,1.0449826989619377,False,False,False,False,False,1,1.0
ISIC_0013972,data/raw/isic2018/images/ISIC2018_Task1-2_Training_Input/ISIC_0013972.jpg,data/raw/isic2018/masks/ISIC2018_Task1_Training_GroundTruth/ISIC_0013972_segmentation.png,2848,4288,1470697,0.12042826924890994,1063,990,2432,2528,1370,1539,0.17264914236751636,0.8901884340480831,False,False,False,False,False,1,1.0
ISIC_0013975,data/raw/isic2018/images/ISIC2018_Task1-2_Training_Input/ISIC_0013975.jpg,data/raw/isic2018/masks/ISIC2018_Task1_Training_GroundTruth/ISIC_0013975_segmentation.png,2000,3008,390029,0.06483194813829787,1258,775,2019,1570,762,796,0.10082313829787234,0.957286432160804,False,False,False,False,False,1,1.0
ISIC_0013977,data/raw/isic2018/images/ISIC2018_Task1-2_Training_Input/ISIC_0013977.jpg,data/raw/isic2018/masks/ISIC2018_Task1_Training_GroundTruth/ISIC_0013977_segmentation.png,2000,3008,319329,0.05307995345744681,1294,736,1895,1461,602,726,0.07264827127659575,0.8292011019283747,False,False,False,False,False,1,1.0
ISIC_0013980,data/raw/isic2018/images/ISIC2018_Task1-2_Training_Input/ISIC_0013980.jpg,data/raw/isic2018/masks/ISIC2018_Task1_Training_GroundTruth/ISIC_0013980_segmentation.png,2848,4288,530796,0.04346431902985075,1407,846,2210,1735,804,890,0.05859375,0.903370786516854,False,False,False,False,False,1,1.0
ISIC_0013981,data/raw/isic2018/images/ISIC2018_Task1-2_Training_Input/ISIC_0013981.jpg,data/raw/isic2018/masks/ISIC2018_Task1_Training_GroundTruth/ISIC_0013981_segmentation.png,2848,4288,878452,0.07193218860053664,1018,917,1953,2168,936,1252,0.09595893426127788,0.7476038338658147,False,False,False,False,False,1,1.0
ISIC_0013982,data/raw/isic2018/images/ISIC2018_Task1-2_Training_Input/ISIC_0013982.jpg,data/raw/isic2018/masks/ISIC2018_Task1_Training_GroundTruth/ISIC_0013982_segmentation.png,2848,4288,948356,0.0776562893048801,1735,691,2813,1808,1079,1118,0.09877987825968472,0.9651162790697675,False,False,False,False,False,1,1.0
ISIC_0013983,data/raw/isic2018/images/ISIC2018_Task1-2_Training_Input/ISIC_0013983.jpg,data/raw/isic2018/masks/ISIC2018_Task1_Training_GroundTruth/ISIC_0013983_segmentation.png,2000,3008,331451,0.055094913563829784,1199,594,1927,1203,729,610,0.07391788563829788,1.1950819672131148,False,False,False,False,False,1,1.0
ISIC_0013984,data/raw/isic2018/images/ISIC2018_Task1-2_Training_Input/ISIC_0013984.jpg,data/raw/isic2018/masks/ISIC2018_Task1_Training_GroundTruth/ISIC_0013984_segmentation.png,2000,3008,906687,0.15071259973404255,1035,125,1974,1343,940,1219,0.19046875,0.771123872026251,False,False,False,False,False,1,1.0
ISIC_0013986,data/raw/isic2018/images/ISIC2018_Task1-2_Training_Input/ISIC_0013986.jpg,data/raw/isic2018/masks/ISIC2018_Task1_Training_GroundTruth/ISIC_0013986_segmentation.png,2000,3008,874716,0.14539827127659574,1198,352,2192,1592,995,1241,0.2052518284574468,0.8017727639000806,False,False,False,False,False,1,1.0
ISIC_0013987,data/raw/isic2018/images/ISIC2018_Task1-2_Training_Input/ISIC_0013987.jpg,data/raw/isic2018/masks/ISIC2018_Task1_Training_GroundTruth/ISIC_0013987_segmentation.png,2000,3008,681182,0.11322839095744681,999,585,1889,1523,891,939,0.1390706449468085,0.9488817891373802,False,False,False,False,False,1,1.0
ISIC_0013988,data/raw/isic2018/images/ISIC2018_Task1-2_Training_Input/ISIC_0013988.jpg,data/raw/isic2018/masks/ISIC2018_Task1_Training_GroundTruth/ISIC_0013988_segmentation.png,2000,3008,2209461,0.3672641289893617,332,4,1823,1947,1492,1944,0.4821223404255319,0.7674897119341564,False,False,False,False,False,1,1.0
ISIC_0013995,data/raw/isic2018/images/ISIC2018_Task1-2_Training_Input/ISIC_0013995.jpg,data/raw/isic2018/masks/ISIC2018_Task1_Training_GroundTruth/ISIC_0013995_segmentation.png,2848,4288,534660,0.043780723314606744,1642,1002,2747,1757,1106,756,0.06846713587959082,1.462962962962963,False,False,False,False,False,1,1.0
ISIC_0013996,data/raw/isic2018/images/ISIC2018_Task1-2_Training_Input/ISIC_0013996.jpg,data/raw/isic2018/masks/ISIC2018_Task1_Training_GroundTruth/ISIC_0013996_segmentation.png,2848,4288,1146776,0.09390394411370116,685,932,1871,2219,1187,1288,0.12519062866845548,0.921583850931677,False,False,False,False,False,1,1.0
ISIC_0013997,data/raw/isic2018/images/ISIC2018_Task1-2_Training_Input/ISIC_0013997.jpg,data/raw/isic2018/masks/ISIC2018_Task1_Training_GroundTruth/ISIC_0013997_segmentation.png,2848,4288,589823,0.048297754774232766,1407,534,2311,1424,905,891,0.06602851372526412,1.015712682379349,False,False,False,False,False,1,1.0
ISIC_0013998,data/raw/isic2018/images/ISIC2018_Task1-2_Training_Input/ISIC_0013998.jpg,data/raw/isic2018/masks/ISIC2018_Task1_Training_GroundTruth/ISIC_0013998_segmentation.png,2848,4288,544704,0.044603177930571856,1615,393,2585,1102,971,710,0.056452452886550396,1.3676056338028169,False,False,False,False,False,1,1.0
ISIC_0014001,data/raw/isic2018/images/ISIC2018_Task1-2_Training_Input/ISIC_0014001.jpg,data/raw/isic2018/masks/ISIC2018_Task1_Training_GroundTruth/ISIC_0014001_segmentation.png,2848,4288,1440589,0.11796287064501929,871,557,2378,1891,1508,1335,0.1648495802238806,1.1295880149812734,False,False,False,False,False,1,1.0
ISIC_0014013,data/raw/isic2018/images/ISIC2018_Task1-2_Training_Input/ISIC_0014013.jpg,data/raw/isic2018/masks/ISIC2018_Task1_Training_GroundTruth/ISIC_0014013_segmentation.png,2000,3008,1009100,0.16773603723404254,941,313,2209,1453,1269,1141,0.2406796875,1.1121822962313759,False,False,False,False,False,1,1.0
ISIC_0014026,data/raw/isic2018/images/ISIC2018_Task1-2_Training_Input/ISIC_0014026.jpg,data/raw/isic2018/masks/ISIC2018_Task1_Training_GroundTruth/ISIC_0014026_segmentation.png,2848,4288,477263,0.0390807603922103,1541,1180,2412,1913,872,734,0.05241043727989267,1.1880108991825613,False,False,False,False,False,1,1.0
ISIC_0014027,data/raw/isic2018/images/ISIC2018_Task1-2_Training_Input/ISIC_0014027.jpg,data/raw/isic2018/masks/ISIC2018_Task1_Training_GroundTruth/ISIC_0014027_segmentation.png,2848,4288,1614644,0.13221539336323998,1093,524,2394,2063,1302,1540,0.16418631037229584,0.8454545454545455,False,False,False,False,False,1,1.0
ISIC_0014028,data/raw/isic2018/images/ISIC2018_Task1-2_Training_Input/ISIC_0014028.jpg,data/raw/isic2018/masks/ISIC2018_Task1_Training_GroundTruth/ISIC_0014028_segmentation.png,2000,3008,148881,0.02474750664893617,1364,719,1739,1250,376,532,0.03325,0.706766917293233,False,False,False,False,False,1,1.0
ISIC_0014029,data/raw/isic2018/images/ISIC2018_Task1-2_Training_Input/ISIC_0014029.jpg,data/raw/isic2018/masks/ISIC2018_Task1_Training_GroundTruth/ISIC_0014029_segmentation.png,2000,3008,243005,0.04039311835106383,1293,594,1903,1187,611,594,0.060328125,1.0286195286195285,False,False,False,False,False,1,1.0
ISIC_0014032,data/raw/isic2018/images/ISIC2018_Task1-2_Training_Input/ISIC_0014032.jpg,data/raw/isic2018/masks/ISIC2018_Task1_Training_GroundTruth/ISIC_0014032_segmentation.png,2848,4288,375864,0.03077768635753815,2435,964,3201,1615,767,652,0.04094946178517525,1.1763803680981595,False,False,False,False,False,1,1.0
ISIC_0014037,data/raw/isic2018/images/ISIC2018_Task1-2_Training_Input/ISIC_0014037.jpg,data/raw/isic2018/masks/ISIC2018_Task1_Training_GroundTruth/ISIC_0014037_segmentation.png,2848,4288,3710908,0.30386832079070936,1197,6,3046,2773,1850,2768,0.4193175624685561,0.6683526011560693,False,False,False,False,False,1,1.0
ISIC_0014044,data/raw/isic2018/images/ISIC2018_Task1-2_Training_Input/ISIC_0014044.jpg,data/raw/isic2018/masks/ISIC2018_Task1_Training_GroundTruth/ISIC_0014044_segmentation.png,2848,4288,2018887,0.16531689887116385,1460,484,2863,2215,1404,1732,0.1991224530437699,0.8106235565819861,False,False,False,False,False,1,1.0
ISIC_0014046,data/raw/isic2018/images/ISIC2018_Task1-2_Training_Input/ISIC_0014046.jpg,data/raw/isic2018/masks/ISIC2018_Task1_Training_GroundTruth/ISIC_0014046_segmentation.png,2848,4288,132023,0.01081072538466376,1977,1380,2445,1757,469,378,0.014516766151685394,1.2407407407407407,False,False,False,False,False,1,1.0
ISIC_0014049,data/raw/isic2018/images/ISIC2018_Task1-2_Training_Input/ISIC_0014049.jpg,data/raw/isic2018/masks/ISIC2018_Task1_Training_GroundTruth/ISIC_0014049_segmentation.png,2848,4288,405672,0.033218519411370113,1407,935,2345,1646,939,712,0.05474580223880597,1.3188202247191012,False,False,False,False,False,1,1.0
ISIC_0014059,data/raw/isic2018/images/ISIC2018_Task1-2_Training_Input/ISIC_0014059.jpg,data/raw/isic2018/masks/ISIC2018_Task1_Training_GroundTruth/ISIC_0014059_segmentation.png,2848,4288,470104,0.038494544482642966,1620,1423,2693,2073,1074,651,0.057251979655794066,1.6497695852534562,False,False,False,False,False,1,1.0
ISIC_0014062,data/raw/isic2018/images/ISIC2018_Task1-2_Training_Input/ISIC_0014062.jpg,data/raw/isic2018/masks/ISIC2018_Task1_Training_GroundTruth/ISIC_0014062_segmentation.png,2848,4288,848598,0.06948758882902902,1173,1224,2512,2247,1340,1024,0.11235955056179775,1.30859375,False,False,False,False,False,1,1.0
ISIC_0014066,data/raw/isic2018/images/ISIC2018_Task1-2_Training_Input/ISIC_0014066.jpg,data/raw/isic2018/masks/ISIC2018_Task1_Training_GroundTruth/ISIC_0014066_segmentation.png,2848,4288,759322,0.06217720867222874,1474,1536,2981,2180,1508,645,0.07964642640030187,2.337984496124031,False,False,False,False,False,1,1.0
ISIC_0014069,data/raw/isic2018/images/ISIC2018_Task1-2_Training_Input/ISIC_0014069.jpg,data/raw/isic2018/masks/ISIC2018_Task1_Training_GroundTruth/ISIC_0014069_segmentation.png,2848,4288,571772,0.046819645627201076,1633,1372,2575,2139,943,768,0.059303203085695116,1.2278645833333333,False,False,False,False,False,1,1.0
ISIC_0014072,data/raw/isic2018/images/ISIC2018_Task1-2_Training_Input/ISIC_0014072.jpg,data/raw/isic2018/masks/ISIC2018_Task1_Training_GroundTruth/ISIC_0014072_segmentation.png,2848,4288,7109570,0.5821683257693275,345,38,3899,2835,3555,2798,0.8145027474111186,1.2705503931379556,False,False,False,False,False,1,1.0
ISIC_0014073,data/raw/isic2018/images/ISIC2018_Task1-2_Training_Input/ISIC_0014073.jpg,data/raw/isic2018/masks/ISIC2018_Task1_Training_GroundTruth/ISIC_0014073_segmentation.png,2848,4288,2743162,0.22462427810036895,1082,83,3376,2581,2295,2499,0.46962821841459834,0.9183673469387755,False,False,False,False,False,1,1.0
ISIC_0014076,data/raw/isic2018/images/ISIC2018_Task1-2_Training_Input/ISIC_0014076.jpg,data/raw/isic2018/masks/ISIC2018_Task1_Training_GroundTruth/ISIC_0014076_segmentation.png,2848,4288,7815022,0.6399343805026833,202,0,3852,2847,3651,2848,0.851445895522388,1.2819522471910112,True,False,False,True,True,1,1.0
ISIC_0014077,data/raw/isic2018/images/ISIC2018_Task1-2_Training_Input/ISIC_0014077.jpg,data/raw/isic2018/masks/ISIC2018_Task1_Training_GroundTruth/ISIC_0014077_segmentation.png,2848,4288,4271107,0.34974030938181283,843,478,3157,2841,2315,2364,0.44812967728073116,0.9792724196277496,False,False,False,False,False,1,1.0
ISIC_0014080,data/raw/isic2018/images/ISIC2018_Task1-2_Training_Input/ISIC_0014080.jpg,data/raw/isic2018/masks/ISIC2018_Task1_Training_GroundTruth/ISIC_0014080_segmentation.png,2848,4288,614846,0.050346767304628545,1742,1069,2847,1824,1106,756,0.06846713587959082,1.462962962962963,False,False,False,False,False,1,1.0
ISIC_0014081,data/raw/isic2018/images/ISIC2018_Task1-2_Training_Input/ISIC_0014081.jpg,data/raw/isic2018/masks/ISIC2018_Task1_Training_GroundTruth/ISIC_0014081_segmentation.png,2848,4288,263354,0.021564786233858796,1843,1269,2713,1691,871,423,0.03016919768258427,2.059101654846336,False,False,False,False,False,1,1.0
ISIC_0014089,data/raw/isic2018/images/ISIC2018_Task1-2_Training_Input/ISIC_0014089.jpg,data/raw/isic2018/masks/ISIC2018_Task1_Training_GroundTruth/ISIC_0014089_segmentation.png,2848,4288,134655,0.01102624714384538,1911,1849,2359,2339,449,491,0.01805232200129968,0.9144602851323829,False,False,False,False,False,1,1.0
ISIC_0014090,data/raw/isic2018/images/ISIC2018_Task1-2_Training_Input/ISIC_0014090.jpg,data/raw/isic2018/masks/ISIC2018_Task1_Training_GroundTruth/ISIC_0014090_segmentation.png,2848,4288,138667,0.011354770433296997,1962,1143,2479,1576,518,434,0.01840876813265135,1.1935483870967742,False,False,False,False,False,1,1.0
ISIC_0014092,data/raw/isic2018/images/ISIC2018_Task1-2_Training_Input/ISIC_0014092.jpg,data/raw/isic2018/masks/ISIC2018_Task1_Training_GroundTruth/ISIC_0014092_segmentation.png,2848,4288,238755,0.019550493014212644,1809,757,2412,1290,604,534,0.02641091417910448,1.1310861423220975,False,False,False,False,False,1,1.0
ISIC_0014093,data/raw/isic2018/images/ISIC2018_Task1-2_Training_Input/ISIC_0014093.jpg,data/raw/isic2018/masks/ISIC2018_Task1_Training_GroundTruth/ISIC_0014093_segmentation.png,2848,4288,394092,0.032270289179104475,1943,1291,2613,2091,671,801,0.04401090251865672,0.8377028714107366,False,False,False,False,False,1,1.0
ISIC_0014094,data/raw/isic2018/images/ISIC2018_Task1-2_Training_Input/ISIC_0014094.jpg,data/raw/isic2018/masks/ISIC2018_Task1_Training_GroundTruth/ISIC_0014094_segmentation.png,2848,4288,172314,0.0141099606427134,2031,1864,2553,2327,523,464,0.019871237212812344,1.1271551724137931,False,False,False,False,False,1,1.0
ISIC_0014099,data/raw/isic2018/images/ISIC2018_Task1-2_Training_Input/ISIC_0014099.jpg,data/raw/isic2018/masks/ISIC2018_Task1_Training_GroundTruth/ISIC_0014099_segmentation.png,2848,4288,1808590,0.14809669393551902,1302,243,2666,2323,1365,2081,0.23260013900825927,0.6559346468044209,False,False,False,False,False,1,1.0
ISIC_0014103,data/raw/isic2018/images/ISIC2018_Task1-2_Training_Input/ISIC_0014103.jpg,data/raw/isic2018/masks/ISIC2018_Task1_Training_GroundTruth/ISIC_0014103_segmentation.png,2848,4288,2511022,0.20561545546495053,1365,412,2878,2562,1514,2151,0.2666683807961597,0.703858670385867,False,False,False,False,False,1,1.0
ISIC_0014108,data/raw/isic2018/images/ISIC2018_Task1-2_Training_Input/ISIC_0014108.jpg,data/raw/isic2018/masks/ISIC2018_Task1_Training_GroundTruth/ISIC_0014108_segmentation.png,2848,4288,1585850,0.1298575918686064,1629,828,2939,2535,1311,1708,0.18335628301609927,0.7675644028103045,False,False,False,False,False,1,1.0
ISIC_0014110,data/raw/isic2018/images/ISIC2018_Task1-2_Training_Input/ISIC_0014110.jpg,data/raw/isic2018/masks/ISIC2018_Task1_Training_GroundTruth/ISIC_0014110_segmentation.png,2848,4288,1897262,0.15535761545153445,1140,662,3092,2307,1953,1646,0.263231169031947,1.186512758201701,False,False,False,False,False,1,1.0
ISIC_0014114,data/raw/isic2018/images/ISIC2018_Task1-2_Training_Input/ISIC_0014114.jpg,data/raw/isic2018/masks/ISIC2018_Task1_Training_GroundTruth/ISIC_0014114_segmentation.png,2848,4288,2300854,0.18840581371583096,668,214,2447,1809,1780,1596,0.2326259328358209,1.1152882205513786,False,False,False,False,False,1,1.0
ISIC_0014117,data/raw/isic2018/images/ISIC2018_Task1-2_Training_Input/ISIC_0014117.jpg,data/raw/isic2018/masks/ISIC2018_Task1_Training_GroundTruth/ISIC_0014117_segmentation.png,2848,4288,467916,0.038315379737548214,1764,1309,2700,2138,937,830,0.06368291312049304,1.1289156626506025,False,False,False,False,False,1,1.0
ISIC_0014127,data/raw/isic2018/images/ISIC2018_Task1-2_Training_Input/ISIC_0014127.jpg,data/raw/isic2018/masks/ISIC2018_Task1_Training_GroundTruth/ISIC_0014127_segmentation.png,2848,4288,1091217,0.08935448612799765,1173,601,2814,1579,1642,979,0.1316318796641791,1.6772216547497447,False,False,False,False,False,1,1.0
ISIC_0014129,data/raw/isic2018/images/ISIC2018_Task1-2_Training_Input/ISIC_0014129.jpg,data/raw/isic2018/masks/ISIC2018_Task1_Training_GroundTruth/ISIC_0014129_segmentation.png,2848,4288,4210618,0.3447871575234781,1041,348,3475,2691,2435,2344,0.46737105379003857,1.0388225255972696,False,False,False,False,False,1,1.0
ISIC_0014131,data/raw/isic2018/images/ISIC2018_Task1-2_Training_Input/ISIC_0014131.jpg,data/raw/isic2018/masks/ISIC2018_Task1_Training_GroundTruth/ISIC_0014131_segmentation.png,2848,4288,193228,0.01582250702247191,1530,771,2057,1277,528,507,0.02192033162837498,1.0414201183431953,False,False,False,False,False,1,1.0
ISIC_0014132,data/raw/isic2018/images/ISIC2018_Task1-2_Training_Input/ISIC_0014132.jpg,data/raw/isic2018/masks/ISIC2018_Task1_Training_GroundTruth/ISIC_0014132_segmentation.png,2848,4288,2479902,0.2030671890721952,681,220,2387,2015,1707,1796,0.25104125178182124,0.950445434298441,False,False,False,False,False,1,1.0
ISIC_0014133,data/raw/isic2018/images/ISIC2018_Task1-2_Training_Input/ISIC_0014133.jpg,data/raw/isic2018/masks/ISIC2018_Task1_Training_GroundTruth/ISIC_0014133_segmentation.png,2848,4288,6224265,0.5096749781202834,235,0,3216,2736,2982,2737,0.668324950475851,1.0895140664961638,True,False,False,True,False,1,1.0
ISIC_0014136,data/raw/isic2018/images/ISIC2018_Task1-2_Training_Input/ISIC_0014136.jpg,data/raw/isic2018/masks/ISIC2018_Task1_Training_GroundTruth/ISIC_0014136_segmentation.png,2848,4288,700338,0.0573472939900218,1642,1425,2713,2269,1072,845,0.0741748595505618,1.2686390532544378,False,False,False,False,False,1,1.0
ISIC_0014139,data/raw/isic2018/images/ISIC2018_Task1-2_Training_Input/ISIC_0014139.jpg,data/raw/isic2018/masks/ISIC2018_Task1_Training_GroundTruth/ISIC_0014139_segmentation.png,2848,4288,807751,0.06614282541820392,1675,401,2814,1335,1140,935,0.08728139935854436,1.2192513368983957,False,False,False,False,False,1,1.0
ISIC_0014144,data/raw/isic2018/images/ISIC2018_Task1-2_Training_Input/ISIC_0014144.jpg,data/raw/isic2018/masks/ISIC2018_Task1_Training_GroundTruth/ISIC_0014144_segmentation.png,2848,4288,337119,0.027605045567457655,1876,824,2479,1602,604,779,0.03852828117139024,0.7753530166880617,False,False,False,False,False,1,1.0
ISIC_0014149,data/raw/isic2018/images/ISIC2018_Task1-2_Training_Input/ISIC_0014149.jpg,data/raw/isic2018/masks/ISIC2018_Task1_Training_GroundTruth/ISIC_0014149_segmentation.png,2848,4288,502555,0.04115180003249203,1773,1453,2536,2334,764,882,0.05517815591983901,0.8662131519274376,False,False,False,False,False,1,1.0
ISIC_0014150,data/raw/isic2018/images/ISIC2018_Task1-2_Training_Input/ISIC_0014150.jpg,data/raw/isic2018/masks/ISIC2018_Task1_Training_GroundTruth/ISIC_0014150_segmentation.png,2848,4288,962879,0.07884550758322154,1441,1247,2814,2225,1374,979,0.11014750466417911,1.4034729315628192,False,False,False,False,False,1,1.0
ISIC_0014151,data/raw/isic2018/images/ISIC2018_Task1-2_Training_Input/ISIC_0014151.jpg,data/raw/isic2018/masks/ISIC2018_Task1_Training_GroundTruth/ISIC_0014151_segmentation.png,2848,4288,4222606,0.34576879690382356,889,260,3872,2365,2984,2106,0.5145912816535301,1.4169040835707503,False,False,False,False,False,1,1.0
ISIC_0014156,data/raw/isic2018/images/ISIC2018_Task1-2_Training_Input/ISIC_0014156.jpg,data/raw/isic2018/masks/ISIC2018_Task1_Training_GroundTruth/ISIC_0014156_segmentation.png,2848,4288,763683,0.06253430988491532,1580,1058,2632,2063,1053,1006,0.08674243119025658,1.0467196819085487,False,False,False,False,False,1,1.0
ISIC_0014157,data/raw/isic2018/images/ISIC2018_Task1-2_Training_Input/ISIC_0014157.jpg,data/raw/isic2018/masks/ISIC2018_Task1_Training_GroundTruth/ISIC_0014157_segmentation.png,2848,4288,1178004,0.09646105410447761,670,534,2210,1824,1541,1291,0.16290488939606743,1.1936483346243223,False,False,False,False,False,1,1.0
ISIC_0014158,data/raw/isic2018/images/ISIC2018_Task1-2_Training_Input/ISIC_0014158.jpg,data/raw/isic2018/masks/ISIC2018_Task1_Training_GroundTruth/ISIC_0014158_segmentation.png,2848,4288,258917,0.02120146174849069,1884,1206,2457,1801,574,596,0.02801324312426631,0.9630872483221476,False,False,False,False,False,1,1.0
ISIC_0014160,data/raw/isic2018/images/ISIC2018_Task1-2_Training_Input/ISIC_0014160.jpg,data/raw/isic2018/masks/ISIC2018_Task1_Training_GroundTruth/ISIC_0014160_segmentation.png,2848,4288,718535,0.0588373583714154,1372,699,2801,1951,1430,1253,0.1467210231322321,1.1412609736632082,False,False,False,False,False,1,1.0
ISIC_0014162,data/raw/isic2018/images/ISIC2018_Task1-2_Training_Input/ISIC_0014162.jpg,data/raw/isic2018/masks/ISIC2018_Task1_Training_GroundTruth/ISIC_0014162_segmentation.png,2848,4288,307338,0.025166423413130974,1843,1469,2579,2069,737,601,0.03626997015449438,1.2262895174708819,False,False,False,False,False,1,1.0
ISIC_0014163,data/raw/isic2018/images/ISIC2018_Task1-2_Training_Input/ISIC_0014163.jpg,data/raw/isic2018/masks/ISIC2018_Task1_Training_GroundTruth/ISIC_0014163_segmentation.png,2848,4288,4174456,0.341826026119403,570,112,3551,2647,2982,2536,0.6192444553915815,1.1758675078864353,False,False,False,False,False,1,1.0
ISIC_0014164,data/raw/isic2018/images/ISIC2018_Task1-2_Training_Input/ISIC_0014164.jpg,data/raw/isic2018/masks/ISIC2018_Task1_Training_GroundTruth/ISIC_0014164_segmentation.png,2848,4288,915609,0.07497479574563978,1541,1269,3048,2180,1508,912,0.11261634244507798,1.6535087719298245,False,False,False,False,False,1,1.0
ISIC_0014166,data/raw/isic2018/images/ISIC2018_Task1-2_Training_Input/ISIC_0014166.jpg,data/raw/isic2018/masks/ISIC2018_Task1_Training_GroundTruth/ISIC_0014166_segmentation.png,2848,4288,1082751,0.08866124630534127,1238,764,2957,1944,1720,1181,0.16633497715076304,1.4563928873835732,False,False,False,False,False,1,1.0
ISIC_0014169,data/raw/isic2018/images/ISIC2018_Task1-2_Training_Input/ISIC_0014169.jpg,data/raw/isic2018/masks/ISIC2018_Task1_Training_GroundTruth/ISIC_0014169_segmentation.png,2848,4288,1254965,0.10276301843136844,1259,508,2582,1790,1324,1283,0.13909767786768404,1.0319563522992985,False,False,False,False,False,1,1.0
ISIC_0014171,data/raw/isic2018/images/ISIC2018_Task1-2_Training_Input/ISIC_0014171.jpg,data/raw/isic2018/masks/ISIC2018_Task1_Training_GroundTruth/ISIC_0014171_segmentation.png,2848,4288,2707698,0.2217203025427637,1174,508,3291,2591,2118,2084,0.3614339206355861,1.0163147792706333,False,False,False,False,False,1,1.0
ISIC_0014173,data/raw/isic2018/images/ISIC2018_Task1-2_Training_Input/ISIC_0014173.jpg,data/raw/isic2018/masks/ISIC2018_Task1_Training_GroundTruth/ISIC_0014173_segmentation.png,2848,4288,4364433,0.3573823244644055,1034,239,3735,2742,2702,2504,0.5540193170384035,1.079073482428115,False,False,False,False,False,1,1.0
ISIC_0014174,data/raw/isic2018/images/ISIC2018_Task1-2_Training_Input/ISIC_0014174.jpg,data/raw/isic2018/masks/ISIC2018_Task1_Training_GroundTruth/ISIC_0014174_segmentation.png,2848,4288,195617,0.016018130686105986,1943,1135,2445,1624,503,490,0.020182237076555424,1.026530612244898,False,False,False,False,False,1,1.0
ISIC_0014178,data/raw/isic2018/images/ISIC2018_Task1-2_Training_Input/ISIC_0014178.jpg,data/raw/isic2018/masks/ISIC2018_Task1_Training_GroundTruth/ISIC_0014178_segmentation.png,2848,4288,574904,0.04707610996981385,1508,1158,2613,1913,1106,756,0.06846713587959082,1.462962962962963,False,False,False,False,False,1,1.0
ISIC_0014181,data/raw/isic2018/images/ISIC2018_Task1-2_Training_Input/ISIC_0014181.jpg,data/raw/isic2018/masks/ISIC2018_Task1_Training_GroundTruth/ISIC_0014181_segmentation.png,2848,4288,5616173,0.45988126323264295,552,69,3516,2650,2965,2582,0.6268825399861647,1.1483346243222308,False,False,False,False,False,1,1.0
ISIC_0014183,data/raw/isic2018/images/ISIC2018_Task1-2_Training_Input/ISIC_0014183.jpg,data/raw/isic2018/masks/ISIC2018_Task1_Training_GroundTruth/ISIC_0014183_segmentation.png,2848,4288,1693863,0.13870225439690592,1219,223,2367,2379,1149,2157,0.20294362435539998,0.5326842837273992,False,False,False,False,False,1,1.0
ISIC_0014185,data/raw/isic2018/images/ISIC2018_Task1-2_Training_Input/ISIC_0014185.jpg,data/raw/isic2018/masks/ISIC2018_Task1_Training_GroundTruth/ISIC_0014185_segmentation.png,2848,4288,898769,0.07359584953567835,1608,1113,2680,2247,1073,1135,0.09972425988910784,0.945374449339207,False,False,False,False,False,1,1.0
ISIC_0014186,data/raw/isic2018/images/ISIC2018_Task1-2_Training_Input/ISIC_0014186.jpg,data/raw/isic2018/masks/ISIC2018_Task1_Training_GroundTruth/ISIC_0014186_segmentation.png,2848,4288,1654577,0.1354853137315529,1363,729,2921,2157,1559,1429,0.1824246754727067,1.0909727081875438,False,False,False,False,False,1,1.0
ISIC_0014187,data/raw/isic2018/images/ISIC2018_Task1-2_Training_Input/ISIC_0014187.jpg,data/raw/isic2018/masks/ISIC2018_Task1_Training_GroundTruth/ISIC_0014187_segmentation.png,2848,4288,99674,0.008161822121834647,2064,1226,2339,1645,276,420,0.009492128542679858,0.6571428571428571,False,False,False,False,False,1,1.0
ISIC_0014189,data/raw/isic2018/images/ISIC2018_Task1-2_Training_Input/ISIC_0014189.jpg,data/raw/isic2018/masks/ISIC2018_Task1_Training_GroundTruth/ISIC_0014189_segmentation.png,2848,4288,6453597,0.5284538672071525,861,8,3987,2767,3127,2760,0.7067115703085695,1.1329710144927536,False,False,False,False,False,1,1.0
ISIC_0014190,data/raw/isic2018/images/ISIC2018_Task1-2_Training_Input/ISIC_0014190.jpg,data/raw/isic2018/masks/ISIC2018_Task1_Training_GroundTruth/ISIC_0014190_segmentation.png,2848,4288,547143,0.044802895852549054,1786,980,2714,2448,929,1469,0.11174876910217173,0.6324029952348537,False,False,False,False,False,1,1.0
ISIC_0014195,data/raw/isic2018/images/ISIC2018_Task1-2_Training_Input/ISIC_0014195.jpg,data/raw/isic2018/masks/ISIC2018_Task1_Training_GroundTruth/ISIC_0014195_segmentation.png,2848,4288,222473,0.018217238727360387,1876,1224,2412,1780,537,557,0.024492590375020964,0.9640933572710951,False,False,False,False,False,1,1.0
ISIC_0014197,data/raw/isic2018/images/ISIC2018_Task1-2_Training_Input/ISIC_0014197.jpg,data/raw/isic2018/masks/ISIC2018_Task1_Training_GroundTruth/ISIC_0014197_segmentation.png,2848,4288,1757029,0.14387461284693107,1407,668,2948,2225,1542,1558,0.19672387273603892,0.9897304236200257,False,False,False,False,False,1,1.0
ISIC_0014211,data/raw/isic2018/images/ISIC2018_Task1-2_Training_Input/ISIC_0014211.jpg,data/raw/isic2018/masks/ISIC2018_Task1_Training_GroundTruth/ISIC_0014211_segmentation.png,2848,4288,1344978,0.11013374795614624,1742,779,3283,2002,1542,1224,0.15455071901727319,1.2598039215686274,False,False,False,False,False,1,1.0
ISIC_0014217,data/raw/isic2018/images/ISIC2018_Task1-2_Training_Input/ISIC_0014217.jpg,data/raw/isic2018/masks/ISIC2018_Task1_Training_GroundTruth/ISIC_0014217_segmentation.png,2848,4288,4336071,0.35505989736185645,168,401,3383,2514,3216,2114,0.5567064606741573,1.521286660359508,False,False,False,False,False,1,1.0
ISIC_0014219,data/raw/isic2018/images/ISIC2018_Task1-2_Training_Input/ISIC_0014219.jpg,data/raw/isic2018/masks/ISIC2018_Task1_Training_GroundTruth/ISIC_0014219_segmentation.png,2848,4288,2258582,0.18494436394222707,1454,623,3145,2464,1692,1842,0.2552085516937783,0.9185667752442996,False,False,False,False,False,1,1.0
ISIC_0014221,data/raw/isic2018/images/ISIC2018_Task1-2_Training_Input/ISIC_0014221.jpg,data/raw/isic2018/masks/ISIC2018_Task1_Training_GroundTruth/ISIC_0014221_segmentation.png,2848,4288,3393196,0.2778524206565487,1183,128,3059,2544,1877,2417,0.37148917347077814,0.7765825403392635,False,False,False,False,False,1,1.0
ISIC_0014222,data/raw/isic2018/images/ISIC2018_Task1-2_Training_Input/ISIC_0014222.jpg,data/raw/isic2018/masks/ISIC2018_Task1_Training_GroundTruth/ISIC_0014222_segmentation.png,2848,4288,3618088,0.29626773960254904,1271,382,3485,2699,2215,2318,0.42042874418287773,0.955565142364107,False,False,False,False,False,1,1.0
ISIC_0014225,data/raw/isic2018/images/ISIC2018_Task1-2_Training_Input/ISIC_0014225.jpg,data/raw/isic2018/masks/ISIC2018_Task1_Training_GroundTruth/ISIC_0014225_segmentation.png,2848,4288,283003,0.023173747877536476,1856,1312,2482,2028,627,717,0.03681221372945665,0.8744769874476988,False,False,False,False,False,1,1.0
ISIC_0014229,data/raw/isic2018/images/ISIC2018_Task1-2_Training_Input/ISIC_0014229.jpg,data/raw/isic2018/masks/ISIC2018_Task1_Training_GroundTruth/ISIC_0014229_segmentation.png,2848,4288,543122,0.04447363559659567,1742,957,2579,1780,838,824,0.05654269034043267,1.016990291262136,False,False,False,False,False,1,1.0
ISIC_0014233,data/raw/isic2018/images/ISIC2018_Task1-2_Training_Input/ISIC_0014233.jpg,data/raw/isic2018/masks/ISIC2018_Task1_Training_GroundTruth/ISIC_0014233_segmentation.png,2848,4288,2563441,0.20990779402670637,1026,724,2928,2788,1903,2065,0.32178373079301525,0.9215496368038741,False,False,False,False,False,1,1.0
ISIC_0014238,data/raw/isic2018/images/ISIC2018_Task1-2_Training_Input/ISIC_0014238.jpg,data/raw/isic2018/masks/ISIC2018_Task1_Training_GroundTruth/ISIC_0014238_segmentation.png,2848,4288,872650,0.07145709086240147,1675,935,2713,2024,1039,1090,0.09273577032324333,0.9532110091743119,False,False,False,False,False,1,1.0
ISIC_0014248,data/raw/isic2018/images/ISIC2018_Task1-2_Training_Input/ISIC_0014248.jpg,data/raw/isic2018/masks/ISIC2018_Task1_Training_GroundTruth/ISIC_0014248_segmentation.png,2848,4288,79076,0.006475151454804628,1912,1625,2274,2059,363,435,0.012930077273394265,0.8344827586206897,False,False,False,False,False,1,1.0
ISIC_0014249,data/raw/isic2018/images/ISIC2018_Task1-2_Training_Input/ISIC_0014249.jpg,data/raw/isic2018/masks/ISIC2018_Task1_Training_GroundTruth/ISIC_0014249_segmentation.png,2848,4288,2158269,0.1767302171987674,871,334,3015,1935,2145,1602,0.28138118003731344,1.3389513108614233,False,False,False,False,False,1,1.0
ISIC_0014253,data/raw/isic2018/images/ISIC2018_Task1-2_Training_Input/ISIC_0014253.jpg,data/raw/isic2018/masks/ISIC2018_Task1_Training_GroundTruth/ISIC_0014253_segmentation.png,2848,4288,214008,0.01752408078987087,2211,1091,2780,1579,570,489,0.022823852559533793,1.165644171779141,False,False,False,False,False,1,1.0
ISIC_0014255,data/raw/isic2018/images/ISIC2018_Task1-2_Training_Input/ISIC_0014255.jpg,data/raw/isic2018/masks/ISIC2018_Task1_Training_GroundTruth/ISIC_0014255_segmentation.png,2848,4288,3511086,0.28750586297794734,997,608,3351,2695,2355,2088,0.4026490179020627,1.1278735632183907,False,False,False,False,False,1,1.0
ISIC_0014263,data/raw/isic2018/images/ISIC2018_Task1-2_Training_Input/ISIC_0014263.jpg,data/raw/isic2018/masks/ISIC2018_Task1_Training_GroundTruth/ISIC_0014263_segmentation.png,2848,4288,338137,0.027688404667323495,1910,1046,2512,1713,603,668,0.03298367275280899,0.9026946107784432,False,False,False,False,False,1,1.0
ISIC_0014270,data/raw/isic2018/images/ISIC2018_Task1-2_Training_Input/ISIC_0014270.jpg,data/raw/isic2018/masks/ISIC2018_Task1_Training_GroundTruth/ISIC_0014270_segmentation.png,2848,4288,1135992,0.09302089447425792,1605,637,2730,1979,1126,1343,0.12382822326220023,0.8384214445271779,False,False,False,False,False,1,1.0
ISIC_0014273,data/raw/isic2018/images/ISIC2018_Task1-2_Training_Input/ISIC_0014273.jpg,data/raw/isic2018/masks/ISIC2018_Task1_Training_GroundTruth/ISIC_0014273_segmentation.png,2848,4288,1400052,0.11464349163592151,1407,712,2747,2158,1341,1447,0.1588921886791464,0.926744989633725,False,False,False,False,False,1,1.0
ISIC_0014274,data/raw/isic2018/images/ISIC2018_Task1-2_Training_Input/ISIC_0014274.jpg,data/raw/isic2018/masks/ISIC2018_Task1_Training_GroundTruth/ISIC_0014274_segmentation.png,2848,4288,331303,0.027128801436986417,1809,1046,2512,1691,704,646,0.03724006372631226,1.089783281733746,False,False,False,False,False,1,1.0
ISIC_0014284,data/raw/isic2018/images/ISIC2018_Task1-2_Training_Input/ISIC_0014284.jpg,data/raw/isic2018/masks/ISIC2018_Task1_Training_GroundTruth/ISIC_0014284_segmentation.png,2848,4288,320244,0.026223233376656045,1748,1325,2422,2128,675,804,0.044439080056179775,0.8395522388059702,False,False,False,False,False,1,1.0
ISIC_0014286,data/raw/isic2018/images/ISIC2018_Task1-2_Training_Input/ISIC_0014286.jpg,data/raw/isic2018/masks/ISIC2018_Task1_Training_GroundTruth/ISIC_0014286_segmentation.png,2848,4288,112672,0.009226165520711052,1910,1224,2345,1557,436,334,0.011924445539158142,1.3053892215568863,False,False,False,False,False,1,1.0
ISIC_0014288,data/raw/isic2018/images/ISIC2018_Task1-2_Training_Input/ISIC_0014288.jpg,data/raw/isic2018/masks/ISIC2018_Task1_Training_GroundTruth/ISIC_0014288_segmentation.png,2848,4288,2080169,0.1703349856668204,1387,996,3029,2585,1643,1590,0.2139143533561127,1.0333333333333334,False,False,False,False,False,1,1.0
ISIC_0014289,data/raw/isic2018/images/ISIC2018_Task1-2_Training_Input/ISIC_0014289.jpg,data/raw/isic2018/masks/ISIC2018_Task1_Training_GroundTruth/ISIC_0014289_segmentation.png,2848,4288,4449440,0.36434313684387054,536,201,3149,2492,2614,2292,0.49059761760020126,1.1404886561954626,False,False,False,False,False,1,1.0
ISIC_0014290,data/raw/isic2018/images/ISIC2018_Task1-2_Training_Input/ISIC_0014290.jpg,data/raw/isic2018/masks/ISIC2018_Task1_Training_GroundTruth/ISIC_0014290_segmentation.png,2848,4288,631163,0.05168288757232098,1675,1402,2546,2336,872,935,0.0667626142461848,0.932620320855615,False,False,False,False,False,1,1.0
ISIC_0014291,data/raw/isic2018/images/ISIC2018_Task1-2_Training_Input/ISIC_0014291.jpg,data/raw/isic2018/masks/ISIC2018_Task1_Training_GroundTruth/ISIC_0014291_segmentation.png,2848,4288,1185592,0.09708239875062888,1261,1027,2532,2360,1272,1334,0.13894668161998994,0.9535232383808095,False,False,False,False,False,1,1.0
ISIC_0014299,data/raw/isic2018/images/ISIC2018_Task1-2_Training_Input/ISIC_0014299.jpg,data/raw/isic2018/masks/ISIC2018_Task1_Training_GroundTruth/ISIC_0014299_segmentation.png,2848,4288,113816,0.009319842151601542,1845,1098,2223,1477,379,380,0.011793101731510984,0.9973684210526316,False,False,False,False,False,1,1.0
ISIC_0014302,data/raw/isic2018/images/ISIC2018_Task1-2_Training_Input/ISIC_0014302.jpg,data/raw/isic2018/masks/ISIC2018_Task1_Training_GroundTruth/ISIC_0014302_segmentation.png,2848,4288,579716,0.04747014139275532,1876,779,2680,1846,805,1068,0.07039995335820895,0.7537453183520599,False,False,False,False,False,1,1.0
ISIC_0014308,data/raw/isic2018/images/ISIC2018_Task1-2_Training_Input/ISIC_0014308.jpg,data/raw/isic2018/masks/ISIC2018_Task1_Training_GroundTruth/ISIC_0014308_segmentation.png,2848,4288,947177,0.07755974669314943,1675,980,2881,2113,1207,1134,0.11207933952079491,1.064373897707231,False,False,False,False,False,1,1.0
ISIC_0014311,data/raw/isic2018/images/ISIC2018_Task1-2_Training_Input/ISIC_0014311.jpg,data/raw/isic2018/masks/ISIC2018_Task1_Training_GroundTruth/ISIC_0014311_segmentation.png,2848,4288,2948083,0.24140426837896192,1106,824,3216,2847,2111,2024,0.3498678045866175,1.04298418972332,True,False,False,False,True,1,1.0
ISIC_0014316,data/raw/isic2018/images/ISIC2018_Task1-2_Training_Input/ISIC_0014316.jpg,data/raw/isic2018/masks/ISIC2018_Task1_Training_GroundTruth/ISIC_0014316_segmentation.png,2848,4288,1103821,0.0903865667711303,1541,824,2713,2225,1173,1402,0.134663923622757,0.8366619115549215,False,False,False,False,False,1,1.0
ISIC_0014317,data/raw/isic2018/images/ISIC2018_Task1-2_Training_Input/ISIC_0014317.jpg,data/raw/isic2018/masks/ISIC2018_Task1_Training_GroundTruth/ISIC_0014317_segmentation.png,2848,4288,514659,0.04214293809219353,1742,1402,2479,2380,738,979,0.05916219682835821,0.7538304392236976,False,False,False,False,False,1,1.0
ISIC_0014324,data/raw/isic2018/images/ISIC2018_Task1-2_Training_Input/ISIC_0014324.jpg,data/raw/isic2018/masks/ISIC2018_Task1_Training_GroundTruth/ISIC_0014324_segmentation.png,2848,4288,4701757,0.38500415649106995,240,15,2687,2730,2448,2716,0.5444354771088379,0.9013254786450663,False,False,False,False,False,1,1.0
ISIC_0014325,data/raw/isic2018/images/ISIC2018_Task1-2_Training_Input/ISIC_0014325.jpg,data/raw/isic2018/masks/ISIC2018_Task1_Training_GroundTruth/ISIC_0014325_segmentation.png,2848,4288,2616279,0.2142344424733775,972,423,3149,2269,2178,1847,0.329404865158058,1.1792095289658906,False,False,False,False,False,1,1.0
ISIC_0014327,data/raw/isic2018/images/ISIC2018_Task1-2_Training_Input/ISIC_0014327.jpg,data/raw/isic2018/masks/ISIC2018_Task1_Training_GroundTruth/ISIC_0014327_segmentation.png,2848,4288,1518535,0.12434549186126949,1450,792,3065,2261,1616,1470,0.19451985158477275,1.0993197278911564,False,False,False,False,False,1,1.0
ISIC_0014328,data/raw/isic2018/images/ISIC2018_Task1-2_Training_Input/ISIC_0014328.jpg,data/raw/isic2018/masks/ISIC2018_Task1_Training_GroundTruth/ISIC_0014328_segmentation.png,2848,4288,1072419,0.0878152087613198,1466,337,2496,2071,1031,1735,0.14647495820581083,0.5942363112391931,False,False,False,False,False,1,1.0
ISIC_0014331,data/raw/isic2018/images/ISIC2018_Task1-2_Training_Input/ISIC_0014331.jpg,data/raw/isic2018/masks/ISIC2018_Task1_Training_GroundTruth/ISIC_0014331_segmentation.png,2848,4288,3963105,0.3245195142178853,1101,181,3065,2821,1965,2641,0.42494839596784334,0.7440363498674745,False,False,False,False,False,1,1.0
ISIC_0014336,data/raw/isic2018/images/ISIC2018_Task1-2_Training_Input/ISIC_0014336.jpg,data/raw/isic2018/masks/ISIC2018_Task1_Training_GroundTruth/ISIC_0014336_segmentation.png,2848,4288,3844586,0.31481456612653025,790,32,3005,2323,2216,2292,0.4159006582257253,0.9668411867364747,False,False,False,False,False,1,1.0
ISIC_0014337,data/raw/isic2018/images/ISIC2018_Task1-2_Training_Input/ISIC_0014337.jpg,data/raw/isic2018/masks/ISIC2018_Task1_Training_GroundTruth/ISIC_0014337_segmentation.png,2848,4288,675125,0.055282723277922184,1642,1158,2613,2336,972,1179,0.09383941860221365,0.8244274809160306,False,False,False,False,False,1,1.0
ISIC_0014346,data/raw/isic2018/images/ISIC2018_Task1-2_Training_Input/ISIC_0014346.jpg,data/raw/isic2018/masks/ISIC2018_Task1_Training_GroundTruth/ISIC_0014346_segmentation.png,2848,4288,134915,0.011047537287229582,1910,1625,2311,2091,402,467,0.015372629915730338,0.860813704496788,False,False,False,False,False,1,1.0
ISIC_0014347,data/raw/isic2018/images/ISIC2018_Task1-2_Training_Input/ISIC_0014347.jpg,data/raw/isic2018/masks/ISIC2018_Task1_Training_GroundTruth/ISIC_0014347_segmentation.png,2848,4288,1829363,0.14979769450674996,1322,503,2760,2550,1439,2048,0.24132148247526414,0.70263671875,False,False,False,False,False,1,1.0
ISIC_0014349,data/raw/isic2018/images/ISIC2018_Task1-2_Training_Input/ISIC_0014349.jpg,data/raw/isic2018/masks/ISIC2018_Task1_Training_GroundTruth/ISIC_0014349_segmentation.png,2848,4288,1514104,0.12398265868690257,1453,1204,3035,2427,1583,1224,0.15866004423109173,1.2933006535947713,False,False,False,False,False,1,1.0
ISIC_0014353,data/raw/isic2018/images/ISIC2018_Task1-2_Training_Input/ISIC_0014353.jpg,data/raw/isic2018/masks/ISIC2018_Task1_Training_GroundTruth/ISIC_0014353_segmentation.png,2848,4288,176779,0.014475577912753647,1742,735,2244,1179,503,445,0.018328766324626867,1.1303370786516853,False,False,False,False,False,1,1.0
ISIC_0014357,data/raw/isic2018/images/ISIC2018_Task1-2_Training_Input/ISIC_0014357.jpg,data/raw/isic2018/masks/ISIC2018_Task1_Training_GroundTruth/ISIC_0014357_segmentation.png,2848,4288,1564838,0.1281370207424954,1340,379,2546,2136,1207,1758,0.17375262687615295,0.6865756541524459,False,False,False,False,False,1,1.0
ISIC_0014360,data/raw/isic2018/images/ISIC2018_Task1-2_Training_Input/ISIC_0014360.jpg,data/raw/isic2018/masks/ISIC2018_Task1_Training_GroundTruth/ISIC_0014360_segmentation.png,2848,4288,526708,0.04312957246771759,1642,1135,2479,2091,838,957,0.06566911972790541,0.8756530825496343,False,False,False,False,False,1,1.0
ISIC_0014361,data/raw/isic2018/images/ISIC2018_Task1-2_Training_Input/ISIC_0014361.jpg,data/raw/isic2018/masks/ISIC2018_Task1_Training_GroundTruth/ISIC_0014361_segmentation.png,2848,4288,651139,0.053318625665562634,1608,1336,2479,2269,872,934,0.06669121038068086,0.9336188436830836,False,False,False,False,False,1,1.0
ISIC_0014365,data/raw/isic2018/images/ISIC2018_Task1-2_Training_Input/ISIC_0014365.jpg,data/raw/isic2018/masks/ISIC2018_Task1_Training_GroundTruth/ISIC_0014365_segmentation.png,2848,4288,7279456,0.5960794692268993,536,89,3852,2847,3317,2759,0.7493805387126866,1.202247191011236,True,False,False,False,True,1,1.0
ISIC_0014366,data/raw/isic2018/images/ISIC2018_Task1-2_Training_Input/ISIC_0014366.jpg,data/raw/isic2018/masks/ISIC2018_Task1_Training_GroundTruth/ISIC_0014366_segmentation.png,2848,4288,1446046,0.11840971800058696,1005,735,2881,1891,1877,1157,0.1778291161380597,1.6222990492653413,False,False,False,False,False,1,1.0
ISIC_0014372,data/raw/isic2018/images/ISIC2018_Task1-2_Training_Input/ISIC_0014372.jpg,data/raw/isic2018/masks/ISIC2018_Task1_Training_GroundTruth/ISIC_0014372_segmentation.png,2848,4288,3632836,0.2974753820434345,547,232,3134,2510,2588,2279,0.4829629721826262,1.1355857832382623,False,False,False,False,False,1,1.0
ISIC_0014382,data/raw/isic2018/images/ISIC2018_Task1-2_Training_Input/ISIC_0014382.jpg,data/raw/isic2018/masks/ISIC2018_Task1_Training_GroundTruth/ISIC_0014382_segmentation.png,2848,4288,2726452,0.22325597696209962,1173,646,3350,2603,2178,1958,0.3492012593283582,1.1123595505617978,False,False,False,False,False,1,1.0
ISIC_0014385,data/raw/isic2018/images/ISIC2018_Task1-2_Training_Input/ISIC_0014385.jpg,data/raw/isic2018/masks/ISIC2018_Task1_Training_GroundTruth/ISIC_0014385_segmentation.png,2848,4288,5375136,0.4401439082676505,898,6,3695,2843,2798,2838,0.6502275097476102,0.9859055673009162,False,False,False,False,False,1,1.0
ISIC_0014386,data/raw/isic2018/images/ISIC2018_Task1-2_Training_Input/ISIC_0014386.jpg,data/raw/isic2018/masks/ISIC2018_Task1_Training_GroundTruth/ISIC_0014386_segmentation.png,2848,4288,3425891,0.2805296561871122,1247,598,3186,2830,1940,2233,0.3547281805508972,0.8687863860277654,False,False,False,False,False,1,1.0
ISIC_0014392,data/raw/isic2018/images/ISIC2018_Task1-2_Training_Input/ISIC_0014392.jpg,data/raw/isic2018/masks/ISIC2018_Task1_Training_GroundTruth/ISIC_0014392_segmentation.png,2848,4288,3050435,0.24978537897765388,1297,317,3046,2602,1750,2286,0.32758161003270164,0.7655293088363955,False,False,False,False,False,1,1.0
ISIC_0014393,data/raw/isic2018/images/ISIC2018_Task1-2_Training_Input/ISIC_0014393.jpg,data/raw/isic2018/masks/ISIC2018_Task1_Training_GroundTruth/ISIC_0014393_segmentation.png,2848,4288,789140,0.06461886057772934,1057,1155,2090,2141,1034,987,0.08356856212267315,1.0476190476190477,False,False,False,False,False,1,1.0
ISIC_0014394,data/raw/isic2018/images/ISIC2018_Task1-2_Training_Input/ISIC_0014394.jpg,data/raw/isic2018/masks/ISIC2018_Task1_Training_GroundTruth/ISIC_0014394_segmentation.png,2848,4288,445324,0.036465430047794734,1742,1536,2713,2202,972,667,0.05308811892084521,1.457271364317841,False,False,False,False,False,1,1.0
ISIC_0014395,data/raw/isic2018/images/ISIC2018_Task1-2_Training_Input/ISIC_0014395.jpg,data/raw/isic2018/masks/ISIC2018_Task1_Training_GroundTruth/ISIC_0014395_segmentation.png,2848,4288,1884439,0.15430760195685897,1173,557,2713,2336,1541,1780,0.224609375,0.8657303370786517,False,False,False,False,False,1,1.0
ISIC_0014397,data/raw/isic2018/images/ISIC2018_Task1-2_Training_Input/ISIC_0014397.jpg,data/raw/isic2018/masks/ISIC2018_Task1_Training_GroundTruth/ISIC_0014397_segmentation.png,2848,4288,2229744,0.18258295950025155,1407,868,3350,2492,1944,1625,0.25867524211806137,1.1963076923076923,False,False,False,False,False,1,1.0
ISIC_0014410,data/raw/isic2018/images/ISIC2018_Task1-2_Training_Input/ISIC_0014410.jpg,data/raw/isic2018/masks/ISIC2018_Task1_Training_GroundTruth/ISIC_0014410_segmentation.png,2848,4288,790565,0.06473554694050813,1340,1224,2613,2047,1274,824,0.08596108292805635,1.546116504854369,False,False,False,False,False,1,1.0
ISIC_0014419,data/raw/isic2018/images/ISIC2018_Task1-2_Training_Input/ISIC_0014419.jpg,data/raw/isic2018/masks/ISIC2018_Task1_Training_GroundTruth/ISIC_0014419_segmentation.png,2848,4288,3644446,0.298426068830706,329,264,2979,2059,2651,1796,0.38987132892419923,1.4760579064587973,False,False,False,False,False,1,1.0
ISIC_0014422,data/raw/isic2018/images/ISIC2018_Task1-2_Training_Input/ISIC_0014422.jpg,data/raw/isic2018/masks/ISIC2018_Task1_Training_GroundTruth/ISIC_0014422_segmentation.png,2848,4288,4903059,0.4014878043507882,369,646,3919,2670,3551,2025,0.588817810744382,1.7535802469135802,False,False,False,False,False,1,1.0
ISIC_0014423,data/raw/isic2018/images/ISIC2018_Task1-2_Training_Input/ISIC_0014423.jpg,data/raw/isic2018/masks/ISIC2018_Task1_Training_GroundTruth/ISIC_0014423_segmentation.png,2848,4288,1263349,0.1034495436703421,2059,1074,3391,2287,1333,1214,0.13251165389694786,1.0980230642504119,False,False,False,False,False,1,1.0
ISIC_0014428,data/raw/isic2018/images/ISIC2018_Task1-2_Training_Input/ISIC_0014428.jpg,data/raw/isic2018/masks/ISIC2018_Task1_Training_GroundTruth/ISIC_0014428_segmentation.png,2848,4288,525860,0.043060133846218346,1742,1269,2579,2091,838,823,0.056474070570602046,1.0182260024301337,False,False,False,False,False,1,1.0
ISIC_0014430,data/raw/isic2018/images/ISIC2018_Task1-2_Training_Input/ISIC_0014430.jpg,data/raw/isic2018/masks/ISIC2018_Task1_Training_GroundTruth/ISIC_0014430_segmentation.png,2848,4288,1197211,0.09803382250440215,1541,779,2881,2113,1341,1335,0.14659369169776118,1.0044943820224719,False,False,False,False,False,1,1.0
ISIC_0014431,data/raw/isic2018/images/ISIC2018_Task1-2_Training_Input/ISIC_0014431.jpg,data/raw/isic2018/masks/ISIC2018_Task1_Training_GroundTruth/ISIC_0014431_segmentation.png,2848,4288,179783,0.01472156095400805,1876,1358,2378,1802,503,445,0.018328766324626867,1.1303370786516853,False,False,False,False,False,1,1.0
ISIC_0014433,data/raw/isic2018/images/ISIC2018_Task1-2_Training_Input/ISIC_0014433.jpg,data/raw/isic2018/masks/ISIC2018_Task1_Training_GroundTruth/ISIC_0014433_segmentation.png,2848,4288,548338,0.044900748626949524,1809,1202,2948,1958,1140,757,0.07066526129884286,1.5059445178335535,False,False,False,False,False,1,1.0
ISIC_0014434,data/raw/isic2018/images/ISIC2018_Task1-2_Training_Input/ISIC_0014434.jpg,data/raw/isic2018/masks/ISIC2018_Task1_Training_GroundTruth/ISIC_0014434_segmentation.png,2848,4288,850427,0.06963735679922019,1803,1263,2834,2337,1032,1075,0.09084340411705517,0.96,False,False,False,False,False,1,1.0
ISIC_0014438,data/raw/isic2018/images/ISIC2018_Task1-2_Training_Input/ISIC_0014438.jpg,data/raw/isic2018/masks/ISIC2018_Task1_Training_GroundTruth/ISIC_0014438_segmentation.png,2848,4288,1195279,0.09787562036202414,1340,1158,2814,2225,1475,1068,0.12899370335820895,1.3810861423220975,False,False,False,False,False,1,1.0
ISIC_0014440,data/raw/isic2018/images/ISIC2018_Task1-2_Training_Input/ISIC_0014440.jpg,data/raw/isic2018/masks/ISIC2018_Task1_Training_GroundTruth/ISIC_0014440_segmentation.png,2848,4288,82856,0.006784677385544189,1675,1558,1976,1891,302,334,0.008259593011068255,0.9041916167664671,False,False,False,False,False,1,1.0
ISIC_0014441,data/raw/isic2018/images/ISIC2018_Task1-2_Training_Input/ISIC_0014441.jpg,data/raw/isic2018/masks/ISIC2018_Task1_Training_GroundTruth/ISIC_0014441_segmentation.png,2848,4288,633494,0.05187376189627704,2010,579,2914,1535,905,957,0.07091951474195037,0.9456635318704284,False,False,False,False,False,1,1.0
ISIC_0014453,data/raw/isic2018/images/ISIC2018_Task1-2_Training_Input/ISIC_0014453.jpg,data/raw/isic2018/masks/ISIC2018_Task1_Training_GroundTruth/ISIC_0014453_segmentation.png,2848,4288,358784,0.029379087707529766,1809,1091,2613,1668,805,578,0.038100349289367764,1.3927335640138407,False,False,False,False,False,1,1.0
ISIC_0014454,data/raw/isic2018/images/ISIC2018_Task1-2_Training_Input/ISIC_0014454.jpg,data/raw/isic2018/masks/ISIC2018_Task1_Training_GroundTruth/ISIC_0014454_segmentation.png,2848,4288,5287615,0.43297723657869364,861,38,3467,2626,2607,2589,0.5526858170960507,1.006952491309386,False,False,False,False,False,1,1.0
ISIC_0014457,data/raw/isic2018/images/ISIC2018_Task1-2_Training_Input/ISIC_0014457.jpg,data/raw/isic2018/masks/ISIC2018_Task1_Training_GroundTruth/ISIC_0014457_segmentation.png,2848,4288,5907395,0.48372802529662084,640,271,3591,2781,2952,2511,0.6069715065822573,1.1756272401433692,False,False,False,False,False,1,1.0
ISIC_0014458,data/raw/isic2018/images/ISIC2018_Task1-2_Training_Input/ISIC_0014458.jpg,data/raw/isic2018/masks/ISIC2018_Task1_Training_GroundTruth/ISIC_0014458_segmentation.png,2848,4288,328254,0.02687913356322321,1876,1358,2546,2024,671,667,0.03664827962539829,1.0059970014992503,False,False,False,False,False,1,1.0
ISIC_0014469,data/raw/isic2018/images/ISIC2018_Task1-2_Training_Input/ISIC_0014469.jpg,data/raw/isic2018/masks/ISIC2018_Task1_Training_GroundTruth/ISIC_0014469_segmentation.png,2848,4288,579718,0.04747030516308905,1742,1536,2680,2358,939,823,0.06328061129569848,1.140947752126367,False,False,False,False,False,1,1.0
ISIC_0014470,data/raw/isic2018/images/ISIC2018_Task1-2_Training_Input/ISIC_0014470.jpg,data/raw/isic2018/masks/ISIC2018_Task1_Training_GroundTruth/ISIC_0014470_segmentation.png,2848,4288,698115,0.05716526326408687,1575,1224,2512,2269,938,1046,0.08034146769662921,0.8967495219885278,False,False,False,False,False,1,1.0
ISIC_0014473,data/raw/isic2018/images/ISIC2018_Task1-2_Training_Input/ISIC_0014473.jpg,data/raw/isic2018/masks/ISIC2018_Task1_Training_GroundTruth/ISIC_0014473_segmentation.png,2848,4288,1514772,0.1240373579783666,1497,652,2871,2055,1375,1404,0.15807931462770416,0.9793447293447294,False,False,False,False,False,1,1.0
ISIC_0014475,data/raw/isic2018/images/ISIC2018_Task1-2_Training_Input/ISIC_0014475.jpg,data/raw/isic2018/masks/ISIC2018_Task1_Training_GroundTruth/ISIC_0014475_segmentation.png,2848,4288,665629,0.05450514173339762,1546,872,2608,1893,1063,1022,0.0889588988868858,1.0401174168297456,False,False,False,False,False,1,1.0
ISIC_0014476,data/raw/isic2018/images/ISIC2018_Task1-2_Training_Input/ISIC_0014476.jpg,data/raw/isic2018/masks/ISIC2018_Task1_Training_GroundTruth/ISIC_0014476_segmentation.png,2848,4288,465492,0.03811689009307396,1709,980,2579,1802,871,823,0.05869798981741573,1.0583232077764277,False,False,False,False,False,1,1.0
ISIC_0014478,data/raw/isic2018/images/ISIC2018_Task1-2_Training_Input/ISIC_0014478.jpg,data/raw/isic2018/masks/ISIC2018_Task1_Training_GroundTruth/ISIC_0014478_segmentation.png,2848,4288,410772,0.03363613376236794,1664,1440,2409,2270,746,831,0.050762743952289115,0.8977135980746089,False,False,False,False,False,1,1.0
ISIC_0014480,data/raw/isic2018/images/ISIC2018_Task1-2_Training_Input/ISIC_0014480.jpg,data/raw/isic2018/masks/ISIC2018_Task1_Training_GroundTruth/ISIC_0014480_segmentation.png,2848,4288,1257638,0.10298189748239141,1557,872,2926,2233,1370,1362,0.15279280825507294,1.0058737151248165,False,False,False,False,False,1,1.0
ISIC_0014486,data/raw/isic2018/images/ISIC2018_Task1-2_Training_Input/ISIC_0014486.jpg,data/raw/isic2018/masks/ISIC2018_Task1_Training_GroundTruth/ISIC_0014486_segmentation.png,2848,4288,609107,0.0498768283320057,1541,957,2512,1780,972,824,0.06558412292470234,1.1796116504854368,False,False,False,False,False,1,1.0
ISIC_0014489,data/raw/isic2018/images/ISIC2018_Task1-2_Training_Input/ISIC_0014489.jpg,data/raw/isic2018/masks/ISIC2018_Task1_Training_GroundTruth/ISIC_0014489_segmentation.png,2848,4288,6934927,0.5678676545729918,853,59,4113,2804,3261,2746,0.7332575950129968,1.1875455207574654,False,False,False,False,False,1,1.0
ISIC_0014490,data/raw/isic2018/images/ISIC2018_Task1-2_Training_Input/ISIC_0014490.jpg,data/raw/isic2018/masks/ISIC2018_Task1_Training_GroundTruth/ISIC_0014490_segmentation.png,2848,4288,317067,0.025963084201534464,1842,1496,2497,2235,656,740,0.039750335401643466,0.8864864864864865,False,False,False,False,False,1,1.0
ISIC_0014498,data/raw/isic2018/images/ISIC2018_Task1-2_Training_Input/ISIC_0014498.jpg,data/raw/isic2018/masks/ISIC2018_Task1_Training_GroundTruth/ISIC_0014498_segmentation.png,2848,4288,545936,0.044704060456146236,1541,868,2579,1557,1039,690,0.05870429497526413,1.5057971014492753,False,False,False,False,False,1,1.0
ISIC_0014500,data/raw/isic2018/images/ISIC2018_Task1-2_Training_Input/ISIC_0014500.jpg,data/raw/isic2018/masks/ISIC2018_Task1_Training_GroundTruth/ISIC_0014500_segmentation.png,2848,4288,3376007,0.27644489652335236,1300,374,3435,2439,2136,2066,0.361357276119403,1.0338818973862536,False,False,False,False,False,1,1.0
ISIC_0014501,data/raw/isic2018/images/ISIC2018_Task1-2_Training_Input/ISIC_0014501.jpg,data/raw/isic2018/masks/ISIC2018_Task1_Training_GroundTruth/ISIC_0014501_segmentation.png,2848,4288,1519647,0.1244365481668204,1407,868,3149,2113,1743,1246,0.17783640391791045,1.398876404494382,False,False,False,False,False,1,1.0
ISIC_0014502,data/raw/isic2018/images/ISIC2018_Task1-2_Training_Input/ISIC_0014502.jpg,data/raw/isic2018/masks/ISIC2018_Task1_Training_GroundTruth/ISIC_0014502_segmentation.png,2848,4288,745876,0.06107618071859802,1575,1135,2680,2180,1106,1046,0.09473098429901057,1.05736137667304,False,False,False,False,False,1,1.0
ISIC_0014503,data/raw/isic2018/images/ISIC2018_Task1-2_Training_Input/ISIC_0014503.jpg,data/raw/isic2018/masks/ISIC2018_Task1_Training_GroundTruth/ISIC_0014503_segmentation.png,2848,4288,1455516,0.1191851705307731,1161,880,2483,2255,1323,1376,0.1490676882441724,0.9614825581395349,False,False,False,False,False,1,1.0
ISIC_0014506,data/raw/isic2018/images/ISIC2018_Task1-2_Training_Input/ISIC_0014506.jpg,data/raw/isic2018/masks/ISIC2018_Task1_Training_GroundTruth/ISIC_0014506_segmentation.png,2848,4288,6141205,0.5028735961606993,917,4,3487,2711,2571,2708,0.5701064769201744,0.9494091580502215,False,False,False,False,False,1,1.0
ISIC_0014507,data/raw/isic2018/images/ISIC2018_Task1-2_Training_Input/ISIC_0014507.jpg,data/raw/isic2018/masks/ISIC2018_Task1_Training_GroundTruth/ISIC_0014507_segmentation.png,2848,4288,764235,0.06257951049702332,1642,1224,2780,2202,1139,979,0.09130859375,1.163432073544433,False,False,False,False,False,1,1.0
ISIC_0014511,data/raw/isic2018/images/ISIC2018_Task1-2_Training_Input/ISIC_0014511.jpg,data/raw/isic2018/masks/ISIC2018_Task1_Training_GroundTruth/ISIC_0014511_segmentation.png,2848,4288,185820,0.015215901706355861,2021,1488,2535,1983,515,496,0.020916747023310416,1.0383064516129032,False,False,False,False,False,1,1.0
ISIC_0014513,data/raw/isic2018/images/ISIC2018_Task1-2_Training_Input/ISIC_0014513.jpg,data/raw/isic2018/masks/ISIC2018_Task1_Training_GroundTruth/ISIC_0014513_segmentation.png,2848,4288,1030805,0.08440763942751132,1571,950,2741,2075,1171,1126,0.10796935922564145,1.0399644760213145,False,False,False,False,False,1,1.0
ISIC_0014518,data/raw/isic2018/images/ISIC2018_Task1-2_Training_Input/ISIC_0014518.jpg,data/raw/isic2018/masks/ISIC2018_Task1_Training_GroundTruth/ISIC_0014518_segmentation.png,2848,4288,1731364,0.1417730300394097,1629,484,3487,1719,1859,1236,0.1881495131435519,1.5040453074433657,False,False,False,False,False,1,1.0
ISIC_0014522,data/raw/isic2018/images/ISIC2018_Task1-2_Training_Input/ISIC_0014522.jpg,data/raw/isic2018/masks/ISIC2018_Task1_Training_GroundTruth/ISIC_0014522_segmentation.png,2848,4288,324760,0.02659302679020627,1623,1241,2270,1968,648,728,0.03862883615629716,0.8901098901098901,False,False,False,False,False,1,1.0
ISIC_0014525,data/raw/isic2018/images/ISIC2018_Task1-2_Training_Input/ISIC_0014525.jpg,data/raw/isic2018/masks/ISIC2018_Task1_Training_GroundTruth/ISIC_0014525_segmentation.png,2848,4288,473171,0.03874568628940969,1749,852,2598,1700,850,849,0.05909243066619151,1.0011778563015312,False,False,False,False,False,1,1.0
ISIC_0014526,data/raw/isic2018/images/ISIC2018_Task1-2_Training_Input/ISIC_0014526.jpg,data/raw/isic2018/masks/ISIC2018_Task1_Training_GroundTruth/ISIC_0014526_segmentation.png,2848,4288,446722,0.03657990551106825,1776,1158,2579,1891,804,734,0.048323384831460675,1.095367847411444,False,False,False,False,False,1,1.0
ISIC_0014527,data/raw/isic2018/images/ISIC2018_Task1-2_Training_Input/ISIC_0014527.jpg,data/raw/isic2018/masks/ISIC2018_Task1_Training_GroundTruth/ISIC_0014527_segmentation.png,2848,4288,3982652,0.326120123574543,1181,362,3516,2787,2336,2426,0.46405437699144725,0.9629018961253092,False,False,False,False,False,1,1.0
ISIC_0014529,data/raw/isic2018/images/ISIC2018_Task1-2_Training_Input/ISIC_0014529.jpg,data/raw/isic2018/masks/ISIC2018_Task1_Training_GroundTruth/ISIC_0014529_segmentation.png,2848,4288,89511,0.0073296231710129126,1709,1380,2043,1713,335,334,0.009162131320224719,1.0029940119760479,False,False,False,False,False,1,1.0
ISIC_0014535,data/raw/isic2018/images/ISIC2018_Task1-2_Training_Input/ISIC_0014535.jpg,data/raw/isic2018/masks/ISIC2018_Task1_Training_GroundTruth/ISIC_0014535_segmentation.png,2848,4288,1301495,0.10657313524547207,1575,913,2780,2247,1206,1335,0.1318359375,0.903370786516854,False,False,False,False,False,1,1.0
ISIC_0014537,data/raw/isic2018/images/ISIC2018_Task1-2_Training_Input/ISIC_0014537.jpg,data/raw/isic2018/masks/ISIC2018_Task1_Training_GroundTruth/ISIC_0014537_segmentation.png,2848,4288,2670293,0.21865738787627872,946,553,2725,2542,1780,1990,0.29005363805970147,0.8944723618090452,False,False,False,False,False,1,1.0
ISIC_0014541,data/raw/isic2018/images/ISIC2018_Task1-2_Training_Input/ISIC_0014541.jpg,data/raw/isic2018/masks/ISIC2018_Task1_Training_GroundTruth/ISIC_0014541_segmentation.png,2848,4288,3012932,0.24671443956481637,2013,220,4015,2319,2003,2100,0.34443357737296665,0.9538095238095238,False,False,False,False,False,1,1.0
ISIC_0014542,data/raw/isic2018/images/ISIC2018_Task1-2_Training_Input/ISIC_0014542.jpg,data/raw/isic2018/masks/ISIC2018_Task1_Training_GroundTruth/ISIC_0014542_segmentation.png,2848,4288,3387571,0.2773918165929482,1633,154,4028,1929,2396,1776,0.34844562300855275,1.3490990990990992,False,False,False,False,False,1,1.0
ISIC_0014543,data/raw/isic2018/images/ISIC2018_Task1-2_Training_Input/ISIC_0014543.jpg,data/raw/isic2018/masks/ISIC2018_Task1_Training_GroundTruth/ISIC_0014543_segmentation.png,2848,4288,880792,0.07212379989099446,1407,1291,2546,2403,1140,1113,0.10389753741824585,1.0242587601078168,False,False,False,False,False,1,1.0
ISIC_0014545,data/raw/isic2018/images/ISIC2018_Task1-2_Training_Input/ISIC_0014545.jpg,data/raw/isic2018/masks/ISIC2018_Task1_Training_GroundTruth/ISIC_0014545_segmentation.png,2848,4288,726961,0.05952732278739728,1407,1291,2345,2269,939,979,0.07527547807835822,0.9591419816138917,False,False,False,False,False,1,1.0
ISIC_0014546,data/raw/isic2018/images/ISIC2018_Task1-2_Training_Input/ISIC_0014546.jpg,data/raw/isic2018/masks/ISIC2018_Task1_Training_GroundTruth/ISIC_0014546_segmentation.png,2848,4288,7115859,0.5826833015837246,585,27,3944,2829,3360,2803,0.7712010523226563,1.1987156617909382,False,False,False,False,False,1,1.0
ISIC_0014547,data/raw/isic2018/images/ISIC2018_Task1-2_Training_Input/ISIC_0014547.jpg,data/raw/isic2018/masks/ISIC2018_Task1_Training_GroundTruth/ISIC_0014547_segmentation.png,2848,4288,89596,0.00733658341019621,1844,2052,2157,2405,314,354,0.009102027607747778,0.8870056497175142,False,False,False,False,False,1,1.0
ISIC_0014548,data/raw/isic2018/images/ISIC2018_Task1-2_Training_Input/ISIC_0014548.jpg,data/raw/isic2018/masks/ISIC2018_Task1_Training_GroundTruth/ISIC_0014548_segmentation.png,2848,4288,2313211,0.18941766872274862,1469,971,3226,2678,1758,1708,0.2458736426714741,1.0292740046838407,False,False,False,False,False,1,1.0
ISIC_0014554,data/raw/isic2018/images/ISIC2018_Task1-2_Training_Input/ISIC_0014554.jpg,data/raw/isic2018/masks/ISIC2018_Task1_Training_GroundTruth/ISIC_0014554_segmentation.png,2848,4288,1923288,0.15748875880429314,1809,446,3316,2113,1508,1668,0.20596936315612946,0.9040767386091128,False,False,False,False,False,1,1.0
ISIC_0014558,data/raw/isic2018/images/ISIC2018_Task1-2_Training_Input/ISIC_0014558.jpg,data/raw/isic2018/masks/ISIC2018_Task1_Training_GroundTruth/ISIC_0014558_segmentation.png,2848,4288,2094081,0.17147417210820895,1240,557,2914,2380,1675,1824,0.2501755617977528,0.9183114035087719,False,False,False,False,False,1,1.0
ISIC_0014559,data/raw/isic2018/images/ISIC2018_Task1-2_Training_Input/ISIC_0014559.jpg,data/raw/isic2018/masks/ISIC2018_Task1_Training_GroundTruth/ISIC_0014559_segmentation.png,2848,4288,3792548,0.310553425813349,925,88,3075,2379,2151,2292,0.40370140606657723,0.9384816753926701,False,False,False,False,False,1,1.0
ISIC_0014567,data/raw/isic2018/images/ISIC2018_Task1-2_Training_Input/ISIC_0014567.jpg,data/raw/isic2018/masks/ISIC2018_Task1_Training_GroundTruth/ISIC_0014567_segmentation.png,1936,2592,509596,0.10155134042444648,823,625,1824,1355,1002,731,0.1459636612335476,1.3707250341997264,False,False,False,False,False,1,1.0
ISIC_0014572,data/raw/isic2018/images/ISIC2018_Task1-2_Training_Input/ISIC_0014572.jpg,data/raw/isic2018/masks/ISIC2018_Task1_Training_GroundTruth/ISIC_0014572_segmentation.png,1936,2592,274107,0.05462353171870217,952,605,1579,1210,628,606,0.07583888123660851,1.0363036303630364,False,False,False,False,False,1,1.0
ISIC_0014573,data/raw/isic2018/images/ISIC2018_Task1-2_Training_Input/ISIC_0014573.jpg,data/raw/isic2018/masks/ISIC2018_Task1_Training_GroundTruth/ISIC_0014573_segmentation.png,1936,2592,180984,0.036066153963881235,1003,551,1472,1244,470,694,0.06500054203652689,0.6772334293948127,False,False,False,False,False,1,1.0
ISIC_0014574,data/raw/isic2018/images/ISIC2018_Task1-2_Training_Input/ISIC_0014574.jpg,data/raw/isic2018/masks/ISIC2018_Task1_Training_GroundTruth/ISIC_0014574_segmentation.png,1936,2592,176803,0.035232972081930415,963,666,1505,1247,543,582,0.06297707185491276,0.9329896907216495,False,False,False,False,False,1,1.0
ISIC_0014576,data/raw/isic2018/images/ISIC2018_Task1-2_Training_Input/ISIC_0014576.jpg,data/raw/isic2018/masks/ISIC2018_Task1_Training_GroundTruth/ISIC_0014576_segmentation.png,1936,2592,294141,0.05861586987297215,851,681,1498,1376,648,696,0.08987603305785125,0.9310344827586207,False,False,False,False,False,1,1.0
ISIC_0014577,data/raw/isic2018/images/ISIC2018_Task1-2_Training_Input/ISIC_0014577.jpg,data/raw/isic2018/masks/ISIC2018_Task1_Training_GroundTruth/ISIC_0014577_segmentation.png,1936,2592,604563,0.12047618705999388,648,605,1680,1512,1033,908,0.18691571650851954,1.1376651982378854,False,False,False,False,False,1,1.0
ISIC_0014580,data/raw/isic2018/images/ISIC2018_Task1-2_Training_Input/ISIC_0014580.jpg,data/raw/isic2018/masks/ISIC2018_Task1_Training_GroundTruth/ISIC_0014580_segmentation.png,1936,2592,1013990,0.20206603599122538,663,93,1443,1830,781,1738,0.2704957561728395,0.44936708860759494,False,False,False,False,False,1,1.0
ISIC_0014581,data/raw/isic2018/images/ISIC2018_Task1-2_Training_Input/ISIC_0014581.jpg,data/raw/isic2018/masks/ISIC2018_Task1_Training_GroundTruth/ISIC_0014581_segmentation.png,1936,2592,1218721,0.2428644478242016,702,297,1613,1927,912,1631,0.296420645852464,0.5591661557326794,False,False,False,False,False,1,1.0
ISIC_0014583,data/raw/isic2018/images/ISIC2018_Task1-2_Training_Input/ISIC_0014583.jpg,data/raw/isic2018/masks/ISIC2018_Task1_Training_GroundTruth/ISIC_0014583_segmentation.png,1936,2592,256428,0.05110049357208448,785,645,1380,1253,596,609,0.07233078895010714,0.9786535303776683,False,False,False,False,False,1,1.0
ISIC_0014585,data/raw/isic2018/images/ISIC2018_Task1-2_Training_Input/ISIC_0014585.jpg,data/raw/isic2018/masks/ISIC2018_Task1_Training_GroundTruth/ISIC_0014585_segmentation.png,3456,5184,534816,0.029851466049382717,1985,864,2794,1781,810,918,0.04150390625,0.8823529411764706,False,False,False,False,False,1,1.0
ISIC_0014586,data/raw/isic2018/images/ISIC2018_Task1-2_Training_Input/ISIC_0014586.jpg,data/raw/isic2018/masks/ISIC2018_Task1_Training_GroundTruth/ISIC_0014586_segmentation.png,3456,5184,3994848,0.22297775205761317,1583,427,4084,2643,2502,2217,0.3096094955632716,1.128552097428958,False,False,False,False,False,1,1.0
ISIC_0014587,data/raw/isic2018/images/ISIC2018_Task1-2_Training_Input/ISIC_0014587.jpg,data/raw/isic2018/masks/ISIC2018_Task1_Training_GroundTruth/ISIC_0014587_segmentation.png,1936,2592,206020,0.041055281348841954,927,805,1513,1377,587,573,0.06702739994643404,1.024432809773124,False,False,False,False,False,1,1.0
ISIC_0014596,data/raw/isic2018/images/ISIC2018_Task1-2_Training_Input/ISIC_0014596.jpg,data/raw/isic2018/masks/ISIC2018_Task1_Training_GroundTruth/ISIC_0014596_segmentation.png,1936,2592,90512,0.018037062544638303,973,772,1377,1073,405,302,0.02437370867768595,1.3410596026490067,False,False,False,False,False,1,1.0
ISIC_0014599,data/raw/isic2018/images/ISIC2018_Task1-2_Training_Input/ISIC_0014599.jpg,data/raw/isic2018/masks/ISIC2018_Task1_Training_GroundTruth/ISIC_0014599_segmentation.png,1936,2592,1525233,0.30394558750382616,628,303,2226,1723,1599,1421,0.4527955932430364,1.1252638986629135,False,False,False,False,False,1,1.0
ISIC_0014600,data/raw/isic2018/images/ISIC2018_Task1-2_Training_Input/ISIC_0014600.jpg,data/raw/isic2018/masks/ISIC2018_Task1_Training_GroundTruth/ISIC_0014600_segmentation.png,1936,2592,229797,0.04579351756198347,883,612,1587,1210,705,599,0.08415415997092134,1.1769616026711185,False,False,False,False,False,1,1.0
ISIC_0014601,data/raw/isic2018/images/ISIC2018_Task1-2_Training_Input/ISIC_0014601.jpg,data/raw/isic2018/masks/ISIC2018_Task1_Training_GroundTruth/ISIC_0014601_segmentation.png,1936,2592,728470,0.1451681429190899,564,449,1577,1404,1014,956,0.19317703550658097,1.0606694560669456,False,False,False,False,False,1,1.0
ISIC_0014603,data/raw/isic2018/images/ISIC2018_Task1-2_Training_Input/ISIC_0014603.jpg,data/raw/isic2018/masks/ISIC2018_Task1_Training_GroundTruth/ISIC_0014603_segmentation.png,1936,2592,585094,0.11659644105193348,971,666,1977,1919,1007,1254,0.2516440446127946,0.803030303030303,False,False,False,False,False,1,1.0
ISIC_0014605,data/raw/isic2018/images/ISIC2018_Task1-2_Training_Input/ISIC_0014605.jpg,data/raw/isic2018/masks/ISIC2018_Task1_Training_GroundTruth/ISIC_0014605_segmentation.png,1936,2592,1645955,0.32800284250331596,811,0,2166,1905,1356,1906,0.5150415136210591,0.7114375655823715,True,False,False,True,False,1,1.0
ISIC_0014609,data/raw/isic2018/images/ISIC2018_Task1-2_Training_Input/ISIC_0014609.jpg,data/raw/isic2018/masks/ISIC2018_Task1_Training_GroundTruth/ISIC_0014609_segmentation.png,1936,2592,1766685,0.35206169172788493,426,0,1782,1739,1357,1740,0.4705315465258647,0.7798850574712644,True,False,False,True,False,1,1.0
ISIC_0014610,data/raw/isic2018/images/ISIC2018_Task1-2_Training_Input/ISIC_0014610.jpg,data/raw/isic2018/masks/ISIC2018_Task1_Training_GroundTruth/ISIC_0014610_segmentation.png,1936,2592,183480,0.03656355218855219,1074,742,1620,1285,547,544,0.059298796041220285,1.005514705882353,False,False,False,False,False,1,1.0
ISIC_0014617,data/raw/isic2018/images/ISIC2018_Task1-2_Training_Input/ISIC_0014617.jpg,data/raw/isic2018/masks/ISIC2018_Task1_Training_GroundTruth/ISIC_0014617_segmentation.png,1936,2592,128323,0.02557196810274462,993,832,1417,1210,425,379,0.03209872557647179,1.121372031662269,False,False,False,False,False,1,1.0
ISIC_0014619,data/raw/isic2018/images/ISIC2018_Task1-2_Training_Input/ISIC_0014619.jpg,data/raw/isic2018/masks/ISIC2018_Task1_Training_GroundTruth/ISIC_0014619_segmentation.png,1936,2592,406360,0.08097866289154168,1070,722,1857,1419,788,698,0.10960775686154474,1.1289398280802292,False,False,False,False,False,1,1.0
ISIC_0014623,data/raw/isic2018/images/ISIC2018_Task1-2_Training_Input/ISIC_0014623.jpg,data/raw/isic2018/masks/ISIC2018_Task1_Training_GroundTruth/ISIC_0014623_segmentation.png,1936,2592,1937167,0.3860350267192123,183,167,2247,1678,2065,1512,0.6222021349862259,1.3657407407407407,False,False,False,False,False,1,1.0
ISIC_0014624,data/raw/isic2018/images/ISIC2018_Task1-2_Training_Input/ISIC_0014624.jpg,data/raw/isic2018/masks/ISIC2018_Task1_Training_GroundTruth/ISIC_0014624_segmentation.png,1936,2592,496817,0.09900476513876134,750,469,1397,1588,648,1120,0.1446280991735537,0.5785714285714286,False,False,False,False,False,1,1.0
ISIC_0014625,data/raw/isic2018/images/ISIC2018_Task1-2_Training_Input/ISIC_0014625.jpg,data/raw/isic2018/masks/ISIC2018_Task1_Training_GroundTruth/ISIC_0014625_segmentation.png,1936,2592,1112212,0.22163953295582084,315,477,2378,1461,2064,985,0.4051404193449648,2.095431472081218,False,False,False,False,False,1,1.0
ISIC_0014628,data/raw/isic2018/images/ISIC2018_Task1-2_Training_Input/ISIC_0014628.jpg,data/raw/isic2018/masks/ISIC2018_Task1_Training_GroundTruth/ISIC_0014628_segmentation.png,1936,2592,312692,0.06231267855320886,871,605,1660,1452,790,848,0.13350040812162026,0.9316037735849056,False,False,False,False,False,1,1.0
ISIC_0014632,data/raw/isic2018/images/ISIC2018_Task1-2_Training_Input/ISIC_0014632.jpg,data/raw/isic2018/masks/ISIC2018_Task1_Training_GroundTruth/ISIC_0014632_segmentation.png,1936,2592,50470,0.010057567467605347,1155,832,1458,1043,304,212,0.012843077237016632,1.4339622641509433,False,False,False,False,False,1,1.0
ISIC_0014633,data/raw/isic2018/images/ISIC2018_Task1-2_Training_Input/ISIC_0014633.jpg,data/raw/isic2018/masks/ISIC2018_Task1_Training_GroundTruth/ISIC_0014633_segmentation.png,1936,2592,97563,0.019442172673706765,1135,696,1437,1104,303,409,0.024695941421793696,0.7408312958435208,False,False,False,False,False,1,1.0
ISIC_0014635,data/raw/isic2018/images/ISIC2018_Task1-2_Training_Input/ISIC_0014635.jpg,data/raw/isic2018/masks/ISIC2018_Task1_Training_GroundTruth/ISIC_0014635_segmentation.png,1936,2592,615555,0.12266665231864096,823,678,1625,1867,803,1190,0.19042420735129068,0.6747899159663866,False,False,False,False,False,1,1.0
ISIC_0014637,data/raw/isic2018/images/ISIC2018_Task1-2_Training_Input/ISIC_0014637.jpg,data/raw/isic2018/masks/ISIC2018_Task1_Training_GroundTruth/ISIC_0014637_segmentation.png,1936,2592,290534,0.05789707364044485,867,519,1532,1151,666,633,0.08401127754820936,1.052132701421801,False,False,False,False,False,1,1.0
ISIC_0014639,data/raw/isic2018/images/ISIC2018_Task1-2_Training_Input/ISIC_0014639.jpg,data/raw/isic2018/masks/ISIC2018_Task1_Training_GroundTruth/ISIC_0014639_segmentation.png,1936,2592,611150,0.12178883213447607,668,638,1734,1415,1067,778,0.16542596099887766,1.3714652956298201,False,False,False,False,False,1,1.0
ISIC_0014640,data/raw/isic2018/images/ISIC2018_Task1-2_Training_Input/ISIC_0014640.jpg,data/raw/isic2018/masks/ISIC2018_Task1_Training_GroundTruth/ISIC_0014640_segmentation.png,1936,2592,811590,0.16173214149066423,689,469,1944,1361,1256,893,0.22351195031119273,1.406494960806271,False,False,False,False,False,1,1.0
ISIC_0014642,data/raw/isic2018/images/ISIC2018_Task1-2_Training_Input/ISIC_0014642.jpg,data/raw/isic2018/masks/ISIC2018_Task1_Training_GroundTruth/ISIC_0014642_segmentation.png,1936,2592,457688,0.09120721099887767,689,409,1559,1210,871,802,0.13920414689827568,1.0860349127182045,False,False,False,False,False,1,1.0
ISIC_0014643,data/raw/isic2018/images/ISIC2018_Task1-2_Training_Input/ISIC_0014643.jpg,data/raw/isic2018/masks/ISIC2018_Task1_Training_GroundTruth/ISIC_0014643_segmentation.png,1936,2592,699529,0.1394008344174064,943,316,1869,1495,927,1180,0.21798238062442607,0.785593220338983,False,False,False,False,False,1,1.0
ISIC_0014651,data/raw/isic2018/images/ISIC2018_Task1-2_Training_Input/ISIC_0014651.jpg,data/raw/isic2018/masks/ISIC2018_Task1_Training_GroundTruth/ISIC_0014651_segmentation.png,1936,2592,233002,0.04643220398428732,750,651,1377,1179,628,529,0.06620258774614836,1.1871455576559546,False,False,False,False,False,1,1.0
ISIC_0014652,data/raw/isic2018/images/ISIC2018_Task1-2_Training_Input/ISIC_0014652.jpg,data/raw/isic2018/masks/ISIC2018_Task1_Training_GroundTruth/ISIC_0014652_segmentation.png,1936,2592,2915122,0.5809200751198857,41,4,2287,1933,2247,1930,0.8642114803336394,1.1642487046632124,False,False,False,False,False,1,1.0
ISIC_0014657,data/raw/isic2018/images/ISIC2018_Task1-2_Training_Input/ISIC_0014657.jpg,data/raw/isic2018/masks/ISIC2018_Task1_Training_GroundTruth/ISIC_0014657_segmentation.png,4361,6602,3200209,0.11115186027234178,1960,750,4332,2521,2373,1772,0.14604942419802744,1.3391647855530473,False,False,False,False,False,1,1.0
ISIC_0014658,data/raw/isic2018/images/ISIC2018_Task1-2_Training_Input/ISIC_0014658.jpg,data/raw/isic2018/masks/ISIC2018_Task1_Training_GroundTruth/ISIC_0014658_segmentation.png,4401,6682,5566107,0.18927519874023896,2350,1445,5429,3885,3080,2441,0.25565874698146546,1.2617779598525194,False,False,False,False,False,1,1.0
ISIC_0014661,data/raw/isic2018/images/ISIC2018_Task1-2_Training_Input/ISIC_0014661.jpg,data/raw/isic2018/masks/ISIC2018_Task1_Training_GroundTruth/ISIC_0014661_segmentation.png,4440,6662,4892804,0.16541322168761377,1874,1145,4684,3329,2811,2185,0.20764653500693728,1.2864988558352404,False,False,False,False,False,1,1.0
ISIC_0014663,data/raw/isic2018/images/ISIC2018_Task1-2_Training_Input/ISIC_0014663.jpg,data/raw/isic2018/masks/ISIC2018_Task1_Training_GroundTruth/ISIC_0014663_segmentation.png,4479,6668,13579139,0.4546692469945395,1464,0,5905,4212,4442,4213,0.6266042839657119,1.0543555661049133,True,False,False,True,False,1,1.0
ISIC_0014664,data/raw/isic2018/images/ISIC2018_Task1-2_Training_Input/ISIC_0014664.jpg,data/raw/isic2018/masks/ISIC2018_Task1_Training_GroundTruth/ISIC_0014664_segmentation.png,4419,6628,16577784,0.5660046190511894,962,10,5337,4409,4376,4400,0.657390597986994,0.9945454545454545,False,False,False,False,False,1,1.0
ISIC_0014665,data/raw/isic2018/images/ISIC2018_Task1-2_Training_Input/ISIC_0014665.jpg,data/raw/isic2018/masks/ISIC2018_Task1_Training_GroundTruth/ISIC_0014665_segmentation.png,4419,6688,3037277,0.10276947440965556,2979,1589,5277,3348,2299,1760,0.13690880289658294,1.30625,False,False,False,False,False,1,1.0
ISIC_0014666,data/raw/isic2018/images/ISIC2018_Task1-2_Training_Input/ISIC_0014666.jpg,data/raw/isic2018/masks/ISIC2018_Task1_Training_GroundTruth/ISIC_0014666_segmentation.png,4439,6668,15847117,0.5353891037516759,369,393,5562,4429,5194,4037,0.7084022934093064,1.2865989596234828,False,False,False,False,False,1,1.0
ISIC_0014667,data/raw/isic2018/images/ISIC2018_Task1-2_Training_Input/ISIC_0014667.jpg,data/raw/isic2018/masks/ISIC2018_Task1_Training_GroundTruth/ISIC_0014667_segmentation.png,4459,6688,3281482,0.11003637876623913,2352,1011,4388,3239,2037,2229,0.15225352654863933,0.9138627187079408,False,False,False,False,False,1,1.0
ISIC_0014675,data/raw/isic2018/images/ISIC2018_Task1-2_Training_Input/ISIC_0014675.jpg,data/raw/isic2018/masks/ISIC2018_Task1_Training_GroundTruth/ISIC_0014675_segmentation.png,4439,6708,3053810,0.10255664709842008,2056,1169,4435,3236,2380,2068,0.16529103249871074,1.1508704061895552,False,False,False,False,False,1,1.0
ISIC_0014677,data/raw/isic2018/images/ISIC2018_Task1-2_Training_Input/ISIC_0014677.jpg,data/raw/isic2018/masks/ISIC2018_Task1_Training_GroundTruth/ISIC_0014677_segmentation.png,4420,6642,5794835,0.19738763061335993,1854,233,4641,3220,2788,2988,0.28376068376068375,0.9330655957161981,False,False,False,False,False,1,1.0
ISIC_0014680,data/raw/isic2018/images/ISIC2018_Task1-2_Training_Input/ISIC_0014680.jpg,data/raw/isic2018/masks/ISIC2018_Task1_Training_GroundTruth/ISIC_0014680_segmentation.png,4439,6688,6602884,0.222408949168473,1725,798,5172,3537,3448,2740,0.3182265500118027,1.2583941605839417,False,False,False,False,False,1,1.0
ISIC_0014682,data/raw/isic2018/images/ISIC2018_Task1-2_Training_Input/ISIC_0014682.jpg,data/raw/isic2018/masks/ISIC2018_Task1_Training_GroundTruth/ISIC_0014682_segmentation.png,4399,6628,20005487,0.6861398864036554,156,207,6265,4398,6110,4192,0.8784681546239387,1.4575381679389312,True,False,False,False,True,1,1.0
ISIC_0014683,data/raw/isic2018/images/ISIC2018_Task1-2_Training_Input/ISIC_0014683.jpg,data/raw/isic2018/masks/ISIC2018_Task1_Training_GroundTruth/ISIC_0014683_segmentation.png,4401,6620,7024297,0.24109794464455003,1293,860,5171,3335,3879,2476,0.32965605866834713,1.5666397415185784,False,False,False,False,False,1,1.0
ISIC_0014684,data/raw/isic2018/images/ISIC2018_Task1-2_Training_Input/ISIC_0014684.jpg,data/raw/isic2018/masks/ISIC2018_Task1_Training_GroundTruth/ISIC_0014684_segmentation.png,4419,6628,1920415,0.0655674944549398,2610,1135,4120,3008,1511,1874,0.09667797598098844,0.8062966915688368,False,False,False,False,False,1,1.0
ISIC_0014685,data/raw/isic2018/images/ISIC2018_Task1-2_Training_Input/ISIC_0014685.jpg,data/raw/isic2018/masks/ISIC2018_Task1_Training_GroundTruth/ISIC_0014685_segmentation.png,4419,6648,1167474,0.03974039734882927,3480,1520,4830,2623,1351,1104,0.05077026264171044,1.223731884057971,False,False,False,False,False,1,1.0
ISIC_0014687,data/raw/isic2018/images/ISIC2018_Task1-2_Training_Input/ISIC_0014687.jpg,data/raw/isic2018/masks/ISIC2018_Task1_Training_GroundTruth/ISIC_0014687_segmentation.png,4439,6668,10679992,0.3608196585508309,2015,61,5622,3848,3608,3788,0.46173815473445073,0.9524815205913411,False,False,False,False,False,1,1.0
ISIC_0014688,data/raw/isic2018/images/ISIC2018_Task1-2_Training_Input/ISIC_0014688.jpg,data/raw/isic2018/masks/ISIC2018_Task1_Training_GroundTruth/ISIC_0014688_segmentation.png,4398,6648,24353507,0.8329429838746307,52,0,6646,4396,6595,4397,0.9918021141323947,1.499886286104162,True,False,False,True,False,1,1.0
ISIC_0014692,data/raw/isic2018/images/ISIC2018_Task1-2_Training_Input/ISIC_0014692.jpg,data/raw/isic2018/masks/ISIC2018_Task1_Training_GroundTruth/ISIC_0014692_segmentation.png,4419,6648,2766277,0.0941630795691616,2961,1934,5245,3486,2285,1553,0.1207932448466024,1.4713457823567289,False,False,False,False,False,1,1.0
ISIC_0014693,data/raw/isic2018/images/ISIC2018_Task1-2_Training_Input/ISIC_0014693.jpg,data/raw/isic2018/masks/ISIC2018_Task1_Training_GroundTruth/ISIC_0014693_segmentation.png,4439,6628,19234685,0.6537586281577552,415,347,6213,4438,5799,4092,0.8065310451893793,1.4171554252199414,True,False,False,False,True,1,1.0
ISIC_0014694,data/raw/isic2018/images/ISIC2018_Task1-2_Training_Input/ISIC_0014694.jpg,data/raw/isic2018/masks/ISIC2018_Task1_Training_GroundTruth/ISIC_0014694_segmentation.png,4439,6648,8812141,0.29861064235095935,1403,105,4466,4022,3064,3918,0.4067963399568804,0.7820316488004083,False,False,False,False,False,1,1.0
ISIC_0014696,data/raw/isic2018/images/ISIC2018_Task1-2_Training_Input/ISIC_0014696.jpg,data/raw/isic2018/masks/ISIC2018_Task1_Training_GroundTruth/ISIC_0014696_segmentation.png,4459,6648,14649409,0.4941873464583993,572,558,5765,4319,5194,3762,0.6591621375014877,1.380648591174907,False,False,False,False,False,1,1.0
ISIC_0014697,data/raw/isic2018/images/ISIC2018_Task1-2_Training_Input/ISIC_0014697.jpg,data/raw/isic2018/masks/ISIC2018_Task1_Training_GroundTruth/ISIC_0014697_segmentation.png,4401,6642,4987394,0.1706174467889747,1838,633,4184,3300,2347,2668,0.21421440652842239,0.8796851574212894,False,False,False,False,False,1,1.0
ISIC_0014698,data/raw/isic2018/images/ISIC2018_Task1-2_Training_Input/ISIC_0014698.jpg,data/raw/isic2018/masks/ISIC2018_Task1_Training_GroundTruth/ISIC_0014698_segmentation.png,4401,6642,2795097,0.09561953871451159,2303,848,4312,2819,2010,1972,0.13559782647739377,1.0192697768762677,False,False,False,False,False,1,1.0
ISIC_0014702,data/raw/isic2018/images/ISIC2018_Task1-2_Training_Input/ISIC_0014702.jpg,data/raw/isic2018/masks/ISIC2018_Task1_Training_GroundTruth/ISIC_0014702_segmentation.png,4400,6641,2666760,0.09126363773254302,2111,1352,3894,3255,1784,1904,0.1162453628287087,0.9369747899159664,False,False,False,False,False,1,1.0
ISIC_0014703,data/raw/isic2018/images/ISIC2018_Task1-2_Training_Input/ISIC_0014703.jpg,data/raw/isic2018/masks/ISIC2018_Task1_Training_GroundTruth/ISIC_0014703_segmentation.png,4401,6602,22403419,0.771058648577638,9,4,6039,4397,6031,4394,0.9120580744331123,1.3725534820209377,False,False,False,False,False,1,1.0
ISIC_0014707,data/raw/isic2018/images/ISIC2018_Task1-2_Training_Input/ISIC_0014707.jpg,data/raw/isic2018/masks/ISIC2018_Task1_Training_GroundTruth/ISIC_0014707_segmentation.png,4400,6641,3031728,0.10375381582729874,2387,722,4306,3059,1920,2338,0.15362418036714076,0.8212147134302823,False,False,False,False,False,1,1.0
ISIC_0014708,data/raw/isic2018/images/ISIC2018_Task1-2_Training_Input/ISIC_0014708.jpg,data/raw/isic2018/masks/ISIC2018_Task1_Training_GroundTruth/ISIC_0014708_segmentation.png,4421,6622,7566630,0.25845968258765534,1449,346,4552,3626,3104,3281,0.3478710208430413,0.9460530326120086,False,False,False,False,False,1,1.0
ISIC_0014713,data/raw/isic2018/images/ISIC2018_Task1-2_Training_Input/ISIC_0014713.jpg,data/raw/isic2018/masks/ISIC2018_Task1_Training_GroundTruth/ISIC_0014713_segmentation.png,4401,6602,7018776,0.2415652689988595,1084,963,4229,4022,3146,3060,0.33132427491452365,1.0281045751633986,False,False,False,False,False,1,1.0
ISIC_0014714,data/raw/isic2018/images/ISIC2018_Task1-2_Training_Input/ISIC_0014714.jpg,data/raw/isic2018/masks/ISIC2018_Task1_Training_GroundTruth/ISIC_0014714_segmentation.png,4422,6622,19908500,0.6798774311632851,363,0,6621,4421,6259,4422,0.9451827242524917,1.4154228855721394,True,False,True,True,True,1,1.0
ISIC_0014715,data/raw/isic2018/images/ISIC2018_Task1-2_Training_Input/ISIC_0014715.jpg,data/raw/isic2018/masks/ISIC2018_Task1_Training_GroundTruth/ISIC_0014715_segmentation.png,4400,6622,3954604,0.13572540567255156,2018,1307,4449,3574,2432,2268,0.189306169517586,1.072310405643739,False,False,False,False,False,1,1.0
ISIC_0014716,data/raw/isic2018/images/ISIC2018_Task1-2_Training_Input/ISIC_0014716.jpg,data/raw/isic2018/masks/ISIC2018_Task1_Training_GroundTruth/ISIC_0014716_segmentation.png,4440,6641,11605420,0.39359032274255884,679,421,4638,4275,3960,3855,0.5177297460086197,1.027237354085603,False,False,False,False,False,1,1.0
ISIC_0014720,data/raw/isic2018/images/ISIC2018_Task1-2_Training_Input/ISIC_0014720.jpg,data/raw/isic2018/masks/ISIC2018_Task1_Training_GroundTruth/ISIC_0014720_segmentation.png,4420,6622,14492588,0.49514739706258176,1040,74,6150,3729,5111,3656,0.6384113834182233,1.3979759299781183,False,False,False,False,False,1,1.0
ISIC_0014722,data/raw/isic2018/images/ISIC2018_Task1-2_Training_Input/ISIC_0014722.jpg,data/raw/isic2018/masks/ISIC2018_Task1_Training_GroundTruth/ISIC_0014722_segmentation.png,4402,6602,15726404,0.5411328138279796,568,104,5518,4401,4951,4298,0.7322068361149493,1.1519311307584923,True,False,False,False,True,1,1.0
ISIC_0014723,data/raw/isic2018/images/ISIC2018_Task1-2_Training_Input/ISIC_0014723.jpg,data/raw/isic2018/masks/ISIC2018_Task1_Training_GroundTruth/ISIC_0014723_segmentation.png,4382,6602,12062415,0.4169522990073545,826,103,5003,3902,4178,3800,0.5487874094831228,1.0994736842105264,False,False,False,False,False,1,1.0
ISIC_0014724,data/raw/isic2018/images/ISIC2018_Task1-2_Training_Input/ISIC_0014724.jpg,data/raw/isic2018/masks/ISIC2018_Task1_Training_GroundTruth/ISIC_0014724_segmentation.png,4382,6582,20220257,0.701061987931347,258,0,6530,4245,6273,4246,0.9234747518958597,1.477390485162506,True,False,False,True,False,1,1.0
ISIC_0014725,data/raw/isic2018/images/ISIC2018_Task1-2_Training_Input/ISIC_0014725.jpg,data/raw/isic2018/masks/ISIC2018_Task1_Training_GroundTruth/ISIC_0014725_segmentation.png,4401,6602,8894689,0.3061285815284882,1141,529,5403,3843,4263,3315,0.4863758209230765,1.2859728506787331,False,False,False,False,False,1,1.0
ISIC_0014726,data/raw/isic2018/images/ISIC2018_Task1-2_Training_Input/ISIC_0014726.jpg,data/raw/isic2018/masks/ISIC2018_Task1_Training_GroundTruth/ISIC_0014726_segmentation.png,4440,6641,12151963,0.4121259755463942,1177,438,5344,4419,4168,3982,0.5628757201713082,1.0467101958814666,False,False,False,False,False,1,1.0
ISIC_0014728,data/raw/isic2018/images/ISIC2018_Task1-2_Training_Input/ISIC_0014728.jpg,data/raw/isic2018/masks/ISIC2018_Task1_Training_GroundTruth/ISIC_0014728_segmentation.png,4399,6627,13847919,0.4750218448552703,1009,133,5697,4305,4689,4173,0.6712088666597855,1.1236520488856938,False,False,False,False,False,1,1.0
ISIC_0014729,data/raw/isic2018/images/ISIC2018_Task1-2_Training_Input/ISIC_0014729.jpg,data/raw/isic2018/masks/ISIC2018_Task1_Training_GroundTruth/ISIC_0014729_segmentation.png,4439,6648,16856846,0.5712157365697167,624,155,5869,4395,5246,4241,0.7539115606148218,1.2369724121669416,False,False,False,False,False,1,1.0
ISIC_0014730,data/raw/isic2018/images/ISIC2018_Task1-2_Training_Input/ISIC_0014730.jpg,data/raw/isic2018/masks/ISIC2018_Task1_Training_GroundTruth/ISIC_0014730_segmentation.png,4439,6668,3611136,0.12200092083408054,2189,932,4571,2891,2383,1960,0.15779723082191402,1.2158163265306123,False,False,False,False,False,1,1.0
ISIC_0014731,data/raw/isic2018/images/ISIC2018_Task1-2_Training_Input/ISIC_0014731.jpg,data/raw/isic2018/masks/ISIC2018_Task1_Training_GroundTruth/ISIC_0014731_segmentation.png,4439,6668,3097726,0.1046555500794412,2094,1264,4410,3200,2317,1937,0.1516264329922932,1.1961796592669076,False,False,False,False,False,1,1.0
ISIC_0014735,data/raw/isic2018/images/ISIC2018_Task1-2_Training_Input/ISIC_0014735.jpg,data/raw/isic2018/masks/ISIC2018_Task1_Training_GroundTruth/ISIC_0014735_segmentation.png,4399,6648,19956010,0.6823838505031639,572,0,5972,4398,5401,4399,0.812424789410349,1.2277790406910662,True,False,False,True,True,1,1.0
ISIC_0014739,data/raw/isic2018/images/ISIC2018_Task1-2_Training_Input/ISIC_0014739.jpg,data/raw/isic2018/masks/ISIC2018_Task1_Training_GroundTruth/ISIC_0014739_segmentation.png,4439,6688,4134906,0.13927854833894007,1725,1214,4754,3502,3030,2289,0.23361838197964754,1.3237221494102227,False,False,False,False,False,1,1.0
ISIC_0014740,data/raw/isic2018/images/ISIC2018_Task1-2_Training_Input/ISIC_0014740.jpg,data/raw/isic2018/masks/ISIC2018_Task1_Training_GroundTruth/ISIC_0014740_segmentation.png,4439,6668,16328687,0.5516587716473376,886,39,6139,4438,5254,4400,0.7810197365798298,1.194090909090909,True,False,False,False,True,1,1.0
ISIC_0014742,data/raw/isic2018/images/ISIC2018_Task1-2_Training_Input/ISIC_0014742.jpg,data/raw/isic2018/masks/ISIC2018_Task1_Training_GroundTruth/ISIC_0014742_segmentation.png,4419,6648,17171301,0.5845049437814883,572,70,5920,4246,5349,4177,0.7605400008006123,1.2805841513047642,False,False,False,False,False,1,1.0
ISIC_0014743,data/raw/isic2018/images/ISIC2018_Task1-2_Training_Input/ISIC_0014743.jpg,data/raw/isic2018/masks/ISIC2018_Task1_Training_GroundTruth/ISIC_0014743_segmentation.png,4399,6628,12033368,0.4127154591424534,226,724,5608,3647,5383,2924,0.5398402802633999,1.8409712722298222,False,False,False,False,False,1,1.0
ISIC_0014745,data/raw/isic2018/images/ISIC2018_Task1-2_Training_Input/ISIC_0014745.jpg,data/raw/isic2018/masks/ISIC2018_Task1_Training_GroundTruth/ISIC_0014745_segmentation.png,4439,6688,7465672,0.2514707610123837,1411,937,4806,3884,3396,2948,0.3372203317484972,1.151967435549525,False,False,False,False,False,1,1.0
ISIC_0014746,data/raw/isic2018/images/ISIC2018_Task1-2_Training_Input/ISIC_0014746.jpg,data/raw/isic2018/masks/ISIC2018_Task1_Training_GroundTruth/ISIC_0014746_segmentation.png,4420,6642,17072285,0.5815278407937423,919,0,6198,4106,5280,4107,0.73864792946572,1.285609934258583,True,False,False,True,False,1,1.0
ISIC_0014748,data/raw/isic2018/images/ISIC2018_Task1-2_Training_Input/ISIC_0014748.jpg,data/raw/isic2018/masks/ISIC2018_Task1_Training_GroundTruth/ISIC_0014748_segmentation.png,4419,6668,12662390,0.4297304150846681,1251,104,5365,4418,4115,4315,0.6026026634455866,0.9536500579374276,True,False,False,False,True,1,1.0
ISIC_0014749,data/raw/isic2018/images/ISIC2018_Task1-2_Training_Input/ISIC_0014749.jpg,data/raw/isic2018/masks/ISIC2018_Task1_Training_GroundTruth/ISIC_0014749_segmentation.png,4459,6648,10750566,0.36266266335153097,836,862,5459,4131,4624,3270,0.5100785900903781,1.4140672782874617,False,False,False,False,False,1,1.0
ISIC_0014753,data/raw/isic2018/images/ISIC2018_Task1-2_Training_Input/ISIC_0014753.jpg,data/raw/isic2018/masks/ISIC2018_Task1_Training_GroundTruth/ISIC_0014753_segmentation.png,4439,6668,15052754,0.5085518377288724,926,0,5553,4438,4628,4439,0.6940611877624475,1.0425771570173463,True,False,False,True,True,1,1.0
ISIC_0014754,data/raw/isic2018/images/ISIC2018_Task1-2_Training_Input/ISIC_0014754.jpg,data/raw/isic2018/masks/ISIC2018_Task1_Training_GroundTruth/ISIC_0014754_segmentation.png,4399,6648,9076609,0.3103692270615053,1143,688,4674,4227,3532,3540,0.4275421965773317,0.9977401129943503,False,False,False,False,False,1,1.0
ISIC_0014755,data/raw/isic2018/images/ISIC2018_Task1-2_Training_Input/ISIC_0014755.jpg,data/raw/isic2018/masks/ISIC2018_Task1_Training_GroundTruth/ISIC_0014755_segmentation.png,4439,6668,7875253,0.2660625680675985,1283,501,5024,3434,3742,2934,0.3709224814194629,1.2753919563735514,False,False,False,False,False,1,1.0
ISIC_0014760,data/raw/isic2018/images/ISIC2018_Task1-2_Training_Input/ISIC_0014760.jpg,data/raw/isic2018/masks/ISIC2018_Task1_Training_GroundTruth/ISIC_0014760_segmentation.png,4439,6648,19523530,0.6615797266814303,0,451,6336,4334,6337,3884,0.8340397944160297,1.6315653964984551,True,True,False,False,False,1,1.0
ISIC_0014762,data/raw/isic2018/images/ISIC2018_Task1-2_Training_Input/ISIC_0014762.jpg,data/raw/isic2018/masks/ISIC2018_Task1_Training_GroundTruth/ISIC_0014762_segmentation.png,4419,6628,22013098,0.7515790498673706,0,0,6472,4073,6473,4074,0.9003681638636475,1.5888561610211094,True,True,False,True,False,1,1.0
ISIC_0014763,data/raw/isic2018/images/ISIC2018_Task1-2_Training_Input/ISIC_0014763.jpg,data/raw/isic2018/masks/ISIC2018_Task1_Training_GroundTruth/ISIC_0014763_segmentation.png,4421,6642,16647612,0.566934073170936,488,235,5886,4266,5399,4032,0.7413349320102566,1.3390376984126984,False,False,False,False,False,1,1.0
ISIC_0014765,data/raw/isic2018/images/ISIC2018_Task1-2_Training_Input/ISIC_0014765.jpg,data/raw/isic2018/masks/ISIC2018_Task1_Training_GroundTruth/ISIC_0014765_segmentation.png,4441,6681,8058702,0.2716081838143915,1415,696,5886,3877,4472,3182,0.4796006082981037,1.4054054054054055,False,False,False,False,False,1,1.0
ISIC_0014768,data/raw/isic2018/images/ISIC2018_Task1-2_Training_Input/ISIC_0014768.jpg,data/raw/isic2018/masks/ISIC2018_Task1_Training_GroundTruth/ISIC_0014768_segmentation.png,4421,6642,3483488,0.11863010987294019,2480,1039,4704,3200,2225,2162,0.16381977260673358,1.0291396854764108,False,False,False,False,False,1,1.0
ISIC_0014769,data/raw/isic2018/images/ISIC2018_Task1-2_Training_Input/ISIC_0014769.jpg,data/raw/isic2018/masks/ISIC2018_Task1_Training_GroundTruth/ISIC_0014769_segmentation.png,4422,6642,12488709,0.42520654099952726,1298,346,5396,4214,4099,3869,0.539956829414015,1.0594468855001293,False,False,False,False,False,1,1.0
ISIC_0014770,data/raw/isic2018/images/ISIC2018_Task1-2_Training_Input/ISIC_0014770.jpg,data/raw/isic2018/masks/ISIC2018_Task1_Training_GroundTruth/ISIC_0014770_segmentation.png,4382,6682,4421947,0.15102007737293227,1358,1130,3967,3218,2610,2089,0.1862087577394448,1.2494016275730013,False,False,False,False,False,1,1.0
ISIC_0014771,data/raw/isic2018/images/ISIC2018_Task1-2_Training_Input/ISIC_0014771.jpg,data/raw/isic2018/masks/ISIC2018_Task1_Training_GroundTruth/ISIC_0014771_segmentation.png,4420,6621,12513997,0.4276123003661051,363,346,6102,3762,5740,3417,0.6702101704367223,1.6798361135498976,False,False,False,False,False,1,1.0
ISIC_0014772,data/raw/isic2018/images/ISIC2018_Task1-2_Training_Input/ISIC_0014772.jpg,data/raw/isic2018/masks/ISIC2018_Task1_Training_GroundTruth/ISIC_0014772_segmentation.png,4401,6642,13806852,0.4723288026639261,634,313,5352,4136,4719,3824,0.6173303390233024,1.2340481171548117,False,False,False,False,False,1,1.0
ISIC_0014773,data/raw/isic2018/images/ISIC2018_Task1-2_Training_Input/ISIC_0014773.jpg,data/raw/isic2018/masks/ISIC2018_Task1_Training_GroundTruth/ISIC_0014773_segmentation.png,4420,6642,5965749,0.2032094201032508,1820,1371,5292,3804,3473,2434,0.2879414694096664,1.4268693508627772,False,False,False,False,False,1,1.0
ISIC_0014775,data/raw/isic2018/images/ISIC2018_Task1-2_Training_Input/ISIC_0014775.jpg,data/raw/isic2018/masks/ISIC2018_Task1_Training_GroundTruth/ISIC_0014775_segmentation.png,4401,6642,18762099,0.6418465089748224,675,379,6537,4399,5863,4021,0.8064988035827997,1.4580950012434717,False,False,False,False,False,1,1.0
ISIC_0014778,data/raw/isic2018/images/ISIC2018_Task1-2_Training_Input/ISIC_0014778.jpg,data/raw/isic2018/masks/ISIC2018_Task1_Training_GroundTruth/ISIC_0014778_segmentation.png,4420,6681,2307170,0.07812964569614243,1932,1589,3862,3176,1931,1588,0.10384104040566176,1.2159949622166246,False,False,False,False,False,1,1.0
ISIC_0014779,data/raw/isic2018/images/ISIC2018_Task1-2_Training_Input/ISIC_0014779.jpg,data/raw/isic2018/masks/ISIC2018_Task1_Training_GroundTruth/ISIC_0014779_segmentation.png,4441,6621,5411076,0.18402603658070618,1759,694,4758,3226,3000,2533,0.2584354483242864,1.1843663639952626,False,False,False,False,False,1,1.0
ISIC_0014780,data/raw/isic2018/images/ISIC2018_Task1-2_Training_Input/ISIC_0014780.jpg,data/raw/isic2018/masks/ISIC2018_Task1_Training_GroundTruth/ISIC_0014780_segmentation.png,4441,6682,6494664,0.21886153627786467,1147,1228,4770,4033,3624,2806,0.34267988400378746,1.2915181753385603,False,False,False,False,False,1,1.0
ISIC_0014782,data/raw/isic2018/images/ISIC2018_Task1-2_Training_Input/ISIC_0014782.jpg,data/raw/isic2018/masks/ISIC2018_Task1_Training_GroundTruth/ISIC_0014782_segmentation.png,4441,6661,6908118,0.23352831217050143,1301,1076,5047,3434,3747,2359,0.29880745402337766,1.5883849088596864,False,False,False,False,False,1,1.0
ISIC_0014783,data/raw/isic2018/images/ISIC2018_Task1-2_Training_Input/ISIC_0014783.jpg,data/raw/isic2018/masks/ISIC2018_Task1_Training_GroundTruth/ISIC_0014783_segmentation.png,4422,6661,7970924,0.27061414685522045,1354,657,5516,3420,4163,2764,0.39064860490983144,1.506150506512301,False,False,False,False,False,1,1.0
ISIC_0014784,data/raw/isic2018/images/ISIC2018_Task1-2_Training_Input/ISIC_0014784.jpg,data/raw/isic2018/masks/ISIC2018_Task1_Training_GroundTruth/ISIC_0014784_segmentation.png,4422,6642,19157808,0.6522712053594228,0,0,5966,4074,5967,4075,0.8278774273495788,1.4642944785276073,True,True,False,True,False,1,1.0
ISIC_0014785,data/raw/isic2018/images/ISIC2018_Task1-2_Training_Input/ISIC_0014785.jpg,data/raw/isic2018/masks/ISIC2018_Task1_Training_GroundTruth/ISIC_0014785_segmentation.png,4401,6621,6212725,0.21320980550444713,1449,894,4965,3782,3517,2889,0.3486943847564405,1.2173762547594322,False,False,False,False,False,1,1.0
ISIC_0014786,data/raw/isic2018/images/ISIC2018_Task1-2_Training_Input/ISIC_0014786.jpg,data/raw/isic2018/masks/ISIC2018_Task1_Training_GroundTruth/ISIC_0014786_segmentation.png,4420,6642,16199968,0.5518143828999879,978,189,6240,4201,5263,4013,0.7194181480527726,1.3114876650884626,False,False,False,False,False,1,1.0
ISIC_0014787,data/raw/isic2018/images/ISIC2018_Task1-2_Training_Input/ISIC_0014787.jpg,data/raw/isic2018/masks/ISIC2018_Task1_Training_GroundTruth/ISIC_0014787_segmentation.png,4421,6641,17895906,0.6095364688545358,282,0,6640,4075,6359,4076,0.8828135800779165,1.560107948969578,True,False,True,True,False,1,1.0
ISIC_0014788,data/raw/isic2018/images/ISIC2018_Task1-2_Training_Input/ISIC_0014788.jpg,data/raw/isic2018/masks/ISIC2018_Task1_Training_GroundTruth/ISIC_0014788_segmentation.png,4441,6622,3300432,0.11222790081521877,2907,589,5520,2684,2614,2096,0.18630603018154535,1.2471374045801527,False,False,False,False,False,1,1.0
ISIC_0014790,data/raw/isic2018/images/ISIC2018_Task1-2_Training_Input/ISIC_0014790.jpg,data/raw/isic2018/masks/ISIC2018_Task1_Training_GroundTruth/ISIC_0014790_segmentation.png,4441,6641,26123696,0.885768777684199,5,6,6413,4436,6409,4431,0.9628924206653169,1.4464003610923042,False,False,False,False,False,1,1.0
ISIC_0014791,data/raw/isic2018/images/ISIC2018_Task1-2_Training_Input/ISIC_0014791.jpg,data/raw/isic2018/masks/ISIC2018_Task1_Training_GroundTruth/ISIC_0014791_segmentation.png,4441,6641,18440673,0.6252626880547075,831,0,5707,4440,4877,4441,0.734377352808312,1.098176086467012,True,False,False,True,True,1,1.0
ISIC_0014792,data/raw/isic2018/images/ISIC2018_Task1-2_Training_Input/ISIC_0014792.jpg,data/raw/isic2018/masks/ISIC2018_Task1_Training_GroundTruth/ISIC_0014792_segmentation.png,4401,6600,1235997,0.042552209208650923,2231,1183,3636,2434,1406,1252,0.06060303099157905,1.123003194888179,False,False,False,False,False,1,1.0
ISIC_0014794,data/raw/isic2018/images/ISIC2018_Task1-2_Training_Input/ISIC_0014794.jpg,data/raw/isic2018/masks/ISIC2018_Task1_Training_GroundTruth/ISIC_0014794_segmentation.png,4441,6621,10994570,0.3739158609136399,1088,51,4744,4426,3657,4376,0.5442493419486645,0.8356946983546618,False,False,False,False,False,1,1.0
ISIC_0014795,data/raw/isic2018/images/ISIC2018_Task1-2_Training_Input/ISIC_0014795.jpg,data/raw/isic2018/masks/ISIC2018_Task1_Training_GroundTruth/ISIC_0014795_segmentation.png,4420,6641,5512605,0.18780239442214516,1920,1140,4617,3971,2698,2832,0.2603031626513207,0.952683615819209,False,False,False,False,False,1,1.0
ISIC_0014796,data/raw/isic2018/images/ISIC2018_Task1-2_Training_Input/ISIC_0014796.jpg,data/raw/isic2018/masks/ISIC2018_Task1_Training_GroundTruth/ISIC_0014796_segmentation.png,4420,6641,4097099,0.1395792011915558,1966,1665,4651,3899,2686,2235,0.2045162336534118,1.2017897091722596,False,False,False,False,False,1,1.0
ISIC_0014797,data/raw/isic2018/images/ISIC2018_Task1-2_Training_Input/ISIC_0014797.jpg,data/raw/isic2018/masks/ISIC2018_Task1_Training_GroundTruth/ISIC_0014797_segmentation.png,4421,6622,1180243,0.04031454308672448,3286,1124,4583,2360,1298,1237,0.05484470448726668,1.0493128536782539,False,False,False,False,False,1,1.0
ISIC_0014798,data/raw/isic2018/images/ISIC2018_Task1-2_Training_Input/ISIC_0014798.jpg,data/raw/isic2018/masks/ISIC2018_Task1_Training_GroundTruth/ISIC_0014798_segmentation.png,4441,6662,9350292,0.31603834010084925,1391,583,6067,3541,4677,2959,0.46776414960862156,1.5806015545792498,False,False,False,False,False,1,1.0
ISIC_0014800,data/raw/isic2018/images/ISIC2018_Task1-2_Training_Input/ISIC_0014800.jpg,data/raw/isic2018/masks/ISIC2018_Task1_Training_GroundTruth/ISIC_0014800_segmentation.png,4422,6642,8040634,0.27376169711242315,1923,185,5102,3678,3180,3494,0.3782965765734847,0.9101316542644533,False,False,False,False,False,1,1.0
ISIC_0014802,data/raw/isic2018/images/ISIC2018_Task1-2_Training_Input/ISIC_0014802.jpg,data/raw/isic2018/masks/ISIC2018_Task1_Training_GroundTruth/ISIC_0014802_segmentation.png,4420,6642,3682166,0.12542445509925185,2304,1033,4702,3367,2399,2335,0.19080774203921025,1.0274089935760171,False,False,False,False,False,1,1.0
ISIC_0014803,data/raw/isic2018/images/ISIC2018_Task1-2_Training_Input/ISIC_0014803.jpg,data/raw/isic2018/masks/ISIC2018_Task1_Training_GroundTruth/ISIC_0014803_segmentation.png,4420,6642,17053886,0.580901121479792,416,0,6019,4074,5604,4075,0.7778656595012405,1.3752147239263803,True,False,False,True,False,1,1.0
ISIC_0014804,data/raw/isic2018/images/ISIC2018_Task1-2_Training_Input/ISIC_0014804.jpg,data/raw/isic2018/masks/ISIC2018_Task1_Training_GroundTruth/ISIC_0014804_segmentation.png,4461,6661,6649059,0.22376313073913767,1718,767,4683,3659,2966,2893,0.2887672409914264,1.0252333218112686,False,False,False,False,False,1,1.0
ISIC_0014805,data/raw/isic2018/images/ISIC2018_Task1-2_Training_Input/ISIC_0014805.jpg,data/raw/isic2018/masks/ISIC2018_Task1_Training_GroundTruth/ISIC_0014805_segmentation.png,4461,6661,2109231,0.07098269574868295,1822,1255,3850,2648,2029,1394,0.09518601907788399,1.4555236728837877,False,False,False,False,False,1,1.0
ISIC_0014806,data/raw/isic2018/images/ISIC2018_Task1-2_Training_Input/ISIC_0014806.jpg,data/raw/isic2018/masks/ISIC2018_Task1_Training_GroundTruth/ISIC_0014806_segmentation.png,4422,6642,6038997,0.2056114067095744,2284,1071,5448,3627,3165,2557,0.27554138235487585,1.2377786468517795,False,False,False,False,False,1,1.0
ISIC_0014807,data/raw/isic2018/images/ISIC2018_Task1-2_Training_Input/ISIC_0014807.jpg,data/raw/isic2018/masks/ISIC2018_Task1_Training_GroundTruth/ISIC_0014807_segmentation.png,4401,6621,18235561,0.6258124114739476,212,0,6620,4400,6409,4401,0.9679806675728742,1.4562599409225176,True,False,True,True,True,1,1.0
ISIC_0014808,data/raw/isic2018/images/ISIC2018_Task1-2_Training_Input/ISIC_0014808.jpg,data/raw/isic2018/masks/ISIC2018_Task1_Training_GroundTruth/ISIC_0014808_segmentation.png,4422,6642,6453559,0.2197261141665138,1713,691,5033,3420,3321,2730,0.30868385345997285,1.2164835164835164,False,False,False,False,False,1,1.0
ISIC_0014809,data/raw/isic2018/images/ISIC2018_Task1-2_Training_Input/ISIC_0014809.jpg,data/raw/isic2018/masks/ISIC2018_Task1_Training_GroundTruth/ISIC_0014809_segmentation.png,4421,6622,4795895,0.16381737965563575,1759,1417,4500,3764,2742,2348,0.21991550581841107,1.167802385008518,False,False,False,False,False,1,1.0
ISIC_0014812,data/raw/isic2018/images/ISIC2018_Task1-2_Training_Input/ISIC_0014812.jpg,data/raw/isic2018/masks/ISIC2018_Task1_Training_GroundTruth/ISIC_0014812_segmentation.png,4422,6642,2160493,0.07355890471814915,1817,1210,3943,2591,2127,1382,0.10008244888720559,1.5390738060781477,False,False,False,False,False,1,1.0
ISIC_0014814,data/raw/isic2018/images/ISIC2018_Task1-2_Training_Input/ISIC_0014814.jpg,data/raw/isic2018/masks/ISIC2018_Task1_Training_GroundTruth/ISIC_0014814_segmentation.png,4420,6620,4263431,0.14570651802436058,1362,1141,4544,2990,3183,1850,0.2012463944443685,1.7205405405405405,False,False,False,False,False,1,1.0
ISIC_0014815,data/raw/isic2018/images/ISIC2018_Task1-2_Training_Input/ISIC_0014815.jpg,data/raw/isic2018/masks/ISIC2018_Task1_Training_GroundTruth/ISIC_0014815_segmentation.png,4420,6661,6405699,0.2175729120883973,2139,331,5465,3442,3327,3112,0.3516662466263745,1.0690874035989717,False,False,False,False,False,1,1.0
ISIC_0014818,data/raw/isic2018/images/ISIC2018_Task1-2_Training_Input/ISIC_0014818.jpg,data/raw/isic2018/masks/ISIC2018_Task1_Training_GroundTruth/ISIC_0014818_segmentation.png,4401,6641,13461265,0.46057570453334634,571,723,6589,3885,6019,3163,0.6513863993279374,1.9029402466013279,False,False,False,False,False,1,1.0
ISIC_0014820,data/raw/isic2018/images/ISIC2018_Task1-2_Training_Input/ISIC_0014820.jpg,data/raw/isic2018/masks/ISIC2018_Task1_Training_GroundTruth/ISIC_0014820_segmentation.png,4441,6622,1395672,0.04745843537651375,2593,1351,4083,2659,1491,1309,0.0663662594324555,1.13903743315508,False,False,False,False,False,1,1.0
ISIC_0014821,data/raw/isic2018/images/ISIC2018_Task1-2_Training_Input/ISIC_0014821.jpg,data/raw/isic2018/masks/ISIC2018_Task1_Training_GroundTruth/ISIC_0014821_segmentation.png,4422,6642,4064452,0.13838352514888533,2958,1279,5240,3800,2283,2522,0.19603489491852555,0.9052339413164155,False,False,False,False,False,1,1.0
ISIC_0014823,data/raw/isic2018/images/ISIC2018_Task1-2_Training_Input/ISIC_0014823.jpg,data/raw/isic2018/masks/ISIC2018_Task1_Training_GroundTruth/ISIC_0014823_segmentation.png,4441,6622,2448376,0.08325458572888704,2898,1666,4656,3400,1759,1735,0.1037756277122018,1.0138328530259366,False,False,False,False,False,1,1.0
ISIC_0014825,data/raw/isic2018/images/ISIC2018_Task1-2_Training_Input/ISIC_0014825.jpg,data/raw/isic2018/masks/ISIC2018_Task1_Training_GroundTruth/ISIC_0014825_segmentation.png,4441,6642,11235950,0.38091682300395274,1038,729,5396,4232,4359,3504,0.5178110596688043,1.2440068493150684,False,False,False,False,False,1,1.0
ISIC_0014826,data/raw/isic2018/images/ISIC2018_Task1-2_Training_Input/ISIC_0014826.jpg,data/raw/isic2018/masks/ISIC2018_Task1_Training_GroundTruth/ISIC_0014826_segmentation.png,4401,6621,13794423,0.473400358920775,995,21,5612,3972,4618,3952,0.6263194635125181,1.1685222672064777,False,False,False,False,False,1,1.0
ISIC_0014829,data/raw/isic2018/images/ISIC2018_Task1-2_Training_Input/ISIC_0014829.jpg,data/raw/isic2018/masks/ISIC2018_Task1_Training_GroundTruth/ISIC_0014829_segmentation.png,4441,6642,2637887,0.08942862290090538,2336,1041,3995,3191,1660,2151,0.12105113170023842,0.7717340771734077,False,False,False,False,False,1,1.0
ISIC_0014830,data/raw/isic2018/images/ISIC2018_Task1-2_Training_Input/ISIC_0014830.jpg,data/raw/isic2018/masks/ISIC2018_Task1_Training_GroundTruth/ISIC_0014830_segmentation.png,4441,6681,9750428,0.32862563232800884,683,437,4602,3860,3920,3424,0.4523739396011253,1.144859813084112,False,False,False,False,False,1,1.0
ISIC_0014831,data/raw/isic2018/images/ISIC2018_Task1-2_Training_Input/ISIC_0014831.jpg,data/raw/isic2018/masks/ISIC2018_Task1_Training_GroundTruth/ISIC_0014831_segmentation.png,4420,6642,10725190,0.36532875258365455,935,518,5604,3487,4670,2970,0.4724460140529007,1.5723905723905724,False,False,False,False,False,1,1.0
ISIC_0014832,data/raw/isic2018/images/ISIC2018_Task1-2_Training_Input/ISIC_0014832.jpg,data/raw/isic2018/masks/ISIC2018_Task1_Training_GroundTruth/ISIC_0014832_segmentation.png,4440,6642,7865441,0.2667111895092925,1194,451,5085,3503,3892,3053,0.4029190437049516,1.2748116606616442,False,False,False,False,False,1,1.0
ISIC_0014833,data/raw/isic2018/images/ISIC2018_Task1-2_Training_Input/ISIC_0014833.jpg,data/raw/isic2018/masks/ISIC2018_Task1_Training_GroundTruth/ISIC_0014833_segmentation.png,4441,6641,25414793,0.8617322040000365,105,19,6385,4422,6281,4404,0.937911477088163,1.426203451407811,False,False,False,False,False,1,1.0
ISIC_0014834,data/raw/isic2018/images/ISIC2018_Task1-2_Training_Input/ISIC_0014834.jpg,data/raw/isic2018/masks/ISIC2018_Task1_Training_GroundTruth/ISIC_0014834_segmentation.png,4421,6661,5765970,0.19579988387098046,2030,588,5099,3246,3070,2659,0.2772022584272406,1.1545693869875893,False,False,False,False,False,1,1.0
ISIC_0014835,data/raw/isic2018/images/ISIC2018_Task1-2_Training_Input/ISIC_0014835.jpg,data/raw/isic2018/masks/ISIC2018_Task1_Training_GroundTruth/ISIC_0014835_segmentation.png,4461,6681,12815329,0.4299877321593141,627,432,4968,4315,4342,3884,0.5658422152962925,1.1179196704428425,False,False,False,False,False,1,1.0
ISIC_0014836,data/raw/isic2018/images/ISIC2018_Task1-2_Training_Input/ISIC_0014836.jpg,data/raw/isic2018/masks/ISIC2018_Task1_Training_GroundTruth/ISIC_0014836_segmentation.png,4401,6622,6673503,0.22898831166772385,1429,871,4901,3529,3473,2659,0.3168710592736845,1.306130124106807,False,False,False,False,False,1,1.0
ISIC_0014838,data/raw/isic2018/images/ISIC2018_Task1-2_Training_Input/ISIC_0014838.jpg,data/raw/isic2018/masks/ISIC2018_Task1_Training_GroundTruth/ISIC_0014838_segmentation.png,4420,6640,13375359,0.45573784958839886,882,208,5861,4212,4980,4005,0.6795814479638009,1.243445692883895,False,False,False,False,False,1,1.0
ISIC_0014839,data/raw/isic2018/images/ISIC2018_Task1-2_Training_Input/ISIC_0014839.jpg,data/raw/isic2018/masks/ISIC2018_Task1_Training_GroundTruth/ISIC_0014839_segmentation.png,4441,6622,4102992,0.13951815375127744,2794,139,5069,2775,2276,2637,0.20408563541002808,0.863102009859689,False,False,False,False,False,1,1.0
ISIC_0014843,data/raw/isic2018/images/ISIC2018_Task1-2_Training_Input/ISIC_0014843.jpg,data/raw/isic2018/masks/ISIC2018_Task1_Training_GroundTruth/ISIC_0014843_segmentation.png,4421,6642,8060984,0.27451663895613043,1176,499,4798,3682,3623,3184,0.39284570281677583,1.1378768844221105,False,False,False,False,False,1,1.0
ISIC_0014844,data/raw/isic2018/images/ISIC2018_Task1-2_Training_Input/ISIC_0014844.jpg,data/raw/isic2018/masks/ISIC2018_Task1_Training_GroundTruth/ISIC_0014844_segmentation.png,4420,6620,4059840,0.13874861587674808,2106,904,4793,3293,2688,2390,0.21955680715232875,1.1246861924686193,False,False,False,False,False,1,1.0
ISIC_0014845,data/raw/isic2018/images/ISIC2018_Task1-2_Training_Input/ISIC_0014845.jpg,data/raw/isic2018/masks/ISIC2018_Task1_Training_GroundTruth/ISIC_0014845_segmentation.png,4401,6622,4348429,0.14920790701929237,2018,826,4345,3231,2328,2406,0.1921932160197248,0.9675810473815462,False,False,False,False,False,1,1.0
ISIC_0014846,data/raw/isic2018/images/ISIC2018_Task1-2_Training_Input/ISIC_0014846.jpg,data/raw/isic2018/masks/ISIC2018_Task1_Training_GroundTruth/ISIC_0014846_segmentation.png,4440,6641,16115508,0.5465470439570725,675,70,5862,4335,5188,4266,0.7505927550800311,1.2161275199249884,False,False,False,False,False,1,1.0
ISIC_0014848,data/raw/isic2018/images/ISIC2018_Task1-2_Training_Input/ISIC_0014848.jpg,data/raw/isic2018/masks/ISIC2018_Task1_Training_GroundTruth/ISIC_0014848_segmentation.png,4419,6628,2644349,0.09028430750354773,2434,1312,4453,3210,2020,1899,0.13096939847858927,1.0637177461822012,False,False,False,False,False,1,1.0
ISIC_0014849,data/raw/isic2018/images/ISIC2018_Task1-2_Training_Input/ISIC_0014849.jpg,data/raw/isic2018/masks/ISIC2018_Task1_Training_GroundTruth/ISIC_0014849_segmentation.png,4459,6648,6270676,0.21153677482418365,2078,279,5557,3379,3480,3101,0.3640428679108411,1.1222186391486617,False,False,False,False,False,1,1.0
ISIC_0014850,data/raw/isic2018/images/ISIC2018_Task1-2_Training_Input/ISIC_0014850.jpg,data/raw/isic2018/masks/ISIC2018_Task1_Training_GroundTruth/ISIC_0014850_segmentation.png,4459,6668,4614508,0.155200222570422,2517,670,4891,3453,2375,2784,0.22238207662347323,0.8530890804597702,False,False,False,False,False,1,1.0
ISIC_0014851,data/raw/isic2018/images/ISIC2018_Task1-2_Training_Input/ISIC_0014851.jpg,data/raw/isic2018/masks/ISIC2018_Task1_Training_GroundTruth/ISIC_0014851_segmentation.png,4439,6648,5084731,0.17230259820988292,2442,1284,5505,3814,3064,2531,0.2627875284407515,1.2105887001185303,False,False,False,False,False,1,1.0
ISIC_0014853,data/raw/isic2018/images/ISIC2018_Task1-2_Training_Input/ISIC_0014853.jpg,data/raw/isic2018/masks/ISIC2018_Task1_Training_GroundTruth/ISIC_0014853_segmentation.png,4439,6648,2441920,0.08274757516585976,1886,1339,4155,2872,2270,1534,0.11799811266997018,1.4797913950456323,False,False,False,False,False,1,1.0
ISIC_0014854,data/raw/isic2018/images/ISIC2018_Task1-2_Training_Input/ISIC_0014854.jpg,data/raw/isic2018/masks/ISIC2018_Task1_Training_GroundTruth/ISIC_0014854_segmentation.png,4439,6708,13848307,0.46507016936534373,944,152,5893,4054,4950,3903,0.6488219759724446,1.2682551883166795,False,False,False,False,False,1,1.0
ISIC_0014855,data/raw/isic2018/images/ISIC2018_Task1-2_Training_Input/ISIC_0014855.jpg,data/raw/isic2018/masks/ISIC2018_Task1_Training_GroundTruth/ISIC_0014855_segmentation.png,4419,6628,6998475,0.23894443167520293,1140,1485,4763,4073,3624,2589,0.3203418933685027,1.399768250289687,False,False,False,False,False,1,1.0
ISIC_0014857,data/raw/isic2018/images/ISIC2018_Task1-2_Training_Input/ISIC_0014857.jpg,data/raw/isic2018/masks/ISIC2018_Task1_Training_GroundTruth/ISIC_0014857_segmentation.png,4439,6628,18293695,0.6217757632701749,1088,0,6317,4438,5230,4439,0.7890766445383223,1.178193286776301,True,False,False,True,True,1,1.0
ISIC_0014860,data/raw/isic2018/images/ISIC2018_Task1-2_Training_Input/ISIC_0014860.jpg,data/raw/isic2018/masks/ISIC2018_Task1_Training_GroundTruth/ISIC_0014860_segmentation.png,4439,6668,6826884,0.23064380140417062,1964,788,5251,3771,3288,2984,0.3314743223916604,1.1018766756032172,False,False,False,False,False,1,1.0
ISIC_0014862,data/raw/isic2018/images/ISIC2018_Task1-2_Training_Input/ISIC_0014862.jpg,data/raw/isic2018/masks/ISIC2018_Task1_Training_GroundTruth/ISIC_0014862_segmentation.png,4439,6668,12084417,0.4082676481148916,495,769,6517,4438,6023,3670,0.7467894796800946,1.6411444141689373,True,False,False,False,True,1,1.0
ISIC_0014863,data/raw/isic2018/images/ISIC2018_Task1-2_Training_Input/ISIC_0014863.jpg,data/raw/isic2018/masks/ISIC2018_Task1_Training_GroundTruth/ISIC_0014863_segmentation.png,4419,6648,5273446,0.17950621550252452,1845,1186,4579,3657,2735,2472,0.2301392983857857,1.1063915857605178,False,False,False,False,False,1,1.0
ISIC_0014867,data/raw/isic2018/images/ISIC2018_Task1-2_Training_Input/ISIC_0014867.jpg,data/raw/isic2018/masks/ISIC2018_Task1_Training_GroundTruth/ISIC_0014867_segmentation.png,4459,6668,4189888,0.1409189344010543,1584,1128,4459,3174,2876,2047,0.1980038618874117,1.4049829018075233,False,False,False,False,False,1,1.0
ISIC_0014868,data/raw/isic2018/images/ISIC2018_Task1-2_Training_Input/ISIC_0014868.jpg,data/raw/isic2018/masks/ISIC2018_Task1_Training_GroundTruth/ISIC_0014868_segmentation.png,4439,6648,15009025,0.5085999641076564,807,206,5732,4438,4926,4233,0.7065884273216639,1.1637136782423814,True,False,False,False,True,1,1.0
ISIC_0014869,data/raw/isic2018/images/ISIC2018_Task1-2_Training_Input/ISIC_0014869.jpg,data/raw/isic2018/masks/ISIC2018_Task1_Training_GroundTruth/ISIC_0014869_segmentation.png,4459,6648,8441892,0.28478119537575813,1507,523,4778,4110,3272,3588,0.3960383534538106,0.9119286510590858,False,False,False,False,False,1,1.0
ISIC_0014872,data/raw/isic2018/images/ISIC2018_Task1-2_Training_Input/ISIC_0014872.jpg,data/raw/isic2018/masks/ISIC2018_Task1_Training_GroundTruth/ISIC_0014872_segmentation.png,4459,6668,20451442,0.6878454540085479,56,30,5382,4455,5327,4426,0.7929778251571036,1.2035698147311342,False,False,False,False,False,1,1.0
ISIC_0014876,data/raw/isic2018/images/ISIC2018_Task1-2_Training_Input/ISIC_0014876.jpg,data/raw/isic2018/masks/ISIC2018_Task1_Training_GroundTruth/ISIC_0014876_segmentation.png,4439,6668,12200224,0.41218014563340993,639,228,4845,4163,4207,3936,0.5594314342808393,1.0688516260162602,False,False,False,False,False,1,1.0
ISIC_0014879,data/raw/isic2018/images/ISIC2018_Task1-2_Training_Input/ISIC_0014879.jpg,data/raw/isic2018/masks/ISIC2018_Task1_Training_GroundTruth/ISIC_0014879_segmentation.png,4439,6648,915074,0.031008450152881322,2487,1296,3545,2501,1059,1206,0.04327799297822143,0.8781094527363185,False,False,False,False,False,1,1.0
ISIC_0014883,data/raw/isic2018/images/ISIC2018_Task1-2_Training_Input/ISIC_0014883.jpg,data/raw/isic2018/masks/ISIC2018_Task1_Training_GroundTruth/ISIC_0014883_segmentation.png,4439,6668,10042574,0.3392847224652839,1328,684,5706,4438,4379,3755,0.5555256936898271,1.1661784287616512,True,False,False,False,True,1,1.0
ISIC_0014890,data/raw/isic2018/images/ISIC2018_Task1-2_Training_Input/ISIC_0014890.jpg,data/raw/isic2018/masks/ISIC2018_Task1_Training_GroundTruth/ISIC_0014890_segmentation.png,4457,6715,3475779,0.11613510151023657,2309,1150,4459,3342,2151,2193,0.15761240318883962,0.9808481532147743,False,False,False,False,False,1,1.0
ISIC_0014891,data/raw/isic2018/images/ISIC2018_Task1-2_Training_Input/ISIC_0014891.jpg,data/raw/isic2018/masks/ISIC2018_Task1_Training_GroundTruth/ISIC_0014891_segmentation.png,4439,6668,15730547,0.5314508285547216,469,174,6147,4022,5679,3849,0.7384805197104305,1.475448168355417,False,False,False,False,False,1,1.0
ISIC_0014897,data/raw/isic2018/images/ISIC2018_Task1-2_Training_Input/ISIC_0014897.jpg,data/raw/isic2018/masks/ISIC2018_Task1_Training_GroundTruth/ISIC_0014897_segmentation.png,4459,6668,6478268,0.21788425450142088,2814,802,5626,3901,2813,3100,0.2932907475468351,0.9074193548387097,False,False,False,False,False,1,1.0
ISIC_0014898,data/raw/isic2018/images/ISIC2018_Task1-2_Training_Input/ISIC_0014898.jpg,data/raw/isic2018/masks/ISIC2018_Task1_Training_GroundTruth/ISIC_0014898_segmentation.png,4439,6648,12621650,0.4277007158679129,1091,347,5815,3952,4725,3606,0.5773662312144652,1.3103161397670549,False,False,False,False,False,1,1.0
ISIC_0014901,data/raw/isic2018/images/ISIC2018_Task1-2_Training_Input/ISIC_0014901.jpg,data/raw/isic2018/masks/ISIC2018_Task1_Training_GroundTruth/ISIC_0014901_segmentation.png,4497,6695,5672621,0.18841275479811204,1226,638,4418,3543,3193,2906,0.3081917859769761,1.0987611837577427,False,False,False,False,False,1,1.0
ISIC_0014903,data/raw/isic2018/images/ISIC2018_Task1-2_Training_Input/ISIC_0014903.jpg,data/raw/isic2018/masks/ISIC2018_Task1_Training_GroundTruth/ISIC_0014903_segmentation.png,4477,6694,5828900,0.19449740095094142,1988,1190,6223,3182,4236,1993,0.2817023355904851,2.1254390366281988,False,False,False,False,False,1,1.0
ISIC_0014904,data/raw/isic2018/images/ISIC2018_Task1-2_Training_Input/ISIC_0014904.jpg,data/raw/isic2018/masks/ISIC2018_Task1_Training_GroundTruth/ISIC_0014904_segmentation.png,4439,6668,5495467,0.18566236065695174,1928,1006,4896,3641,2969,2636,0.26440816815235735,1.1263277693474962,False,False,False,False,False,1,1.0
ISIC_0014907,data/raw/isic2018/images/ISIC2018_Task1-2_Training_Input/ISIC_0014907.jpg,data/raw/isic2018/masks/ISIC2018_Task1_Training_GroundTruth/ISIC_0014907_segmentation.png,4459,6688,4403818,0.14767113927962477,1785,1143,4506,3257,2722,2115,0.19304775514496245,1.2869976359338062,False,False,False,False,False,1,1.0
ISIC_0014908,data/raw/isic2018/images/ISIC2018_Task1-2_Training_Input/ISIC_0014908.jpg,data/raw/isic2018/masks/ISIC2018_Task1_Training_GroundTruth/ISIC_0014908_segmentation.png,4439,6688,4352368,0.14660345286612464,2143,900,4781,3027,2639,2128,0.1891601302504659,1.2401315789473684,False,False,False,False,False,1,1.0
ISIC_0014910,data/raw/isic2018/images/ISIC2018_Task1-2_Training_Input/ISIC_0014910.jpg,data/raw/isic2018/masks/ISIC2018_Task1_Training_GroundTruth/ISIC_0014910_segmentation.png,4459,6688,14936596,0.5008617859047505,1233,0,6237,4264,5005,4265,0.7157961868958109,1.1735052754982416,True,False,False,True,False,1,1.0
ISIC_0014911,data/raw/isic2018/images/ISIC2018_Task1-2_Training_Input/ISIC_0014911.jpg,data/raw/isic2018/masks/ISIC2018_Task1_Training_GroundTruth/ISIC_0014911_segmentation.png,4439,6708,14134347,0.47467630181498277,1403,199,5773,4414,4371,4216,0.6188753853166014,1.036764705882353,False,False,False,False,False,1,1.0
ISIC_0014912,data/raw/isic2018/images/ISIC2018_Task1-2_Training_Input/ISIC_0014912.jpg,data/raw/isic2018/masks/ISIC2018_Task1_Training_GroundTruth/ISIC_0014912_segmentation.png,4439,6708,11982690,0.4024168201753767,0,506,6707,4363,6708,3858,0.8691146654651949,1.7387247278382583,True,True,True,False,False,1,1.0
ISIC_0014913,data/raw/isic2018/images/ISIC2018_Task1-2_Training_Input/ISIC_0014913.jpg,data/raw/isic2018/masks/ISIC2018_Task1_Training_GroundTruth/ISIC_0014913_segmentation.png,4439,6708,11350301,0.3811791873488673,734,798,5764,4057,5031,3260,0.5507997296688444,1.5432515337423314,False,False,False,False,False,1,1.0
ISIC_0014915,data/raw/isic2018/images/ISIC2018_Task1-2_Training_Input/ISIC_0014915.jpg,data/raw/isic2018/masks/ISIC2018_Task1_Training_GroundTruth/ISIC_0014915_segmentation.png,4459,6708,13807109,0.461606831098635,1049,244,5869,4215,4821,3972,0.640200258286491,1.2137462235649548,False,False,False,False,False,1,1.0
ISIC_0014919,data/raw/isic2018/images/ISIC2018_Task1-2_Training_Input/ISIC_0014919.jpg,data/raw/isic2018/masks/ISIC2018_Task1_Training_GroundTruth/ISIC_0014919_segmentation.png,4459,6708,5246825,0.17541472741173372,1468,941,4192,3657,2725,2717,0.24752873293452315,1.0029444239970555,False,False,False,False,False,1,1.0
ISIC_0014920,data/raw/isic2018/images/ISIC2018_Task1-2_Training_Input/ISIC_0014920.jpg,data/raw/isic2018/masks/ISIC2018_Task1_Training_GroundTruth/ISIC_0014920_segmentation.png,4439,6668,3895602,0.13161150153389012,1615,1110,4427,2913,2813,1804,0.17144527841446805,1.5593126385809313,False,False,False,False,False,1,1.0
ISIC_0014921,data/raw/isic2018/images/ISIC2018_Task1-2_Training_Input/ISIC_0014921.jpg,data/raw/isic2018/masks/ISIC2018_Task1_Training_GroundTruth/ISIC_0014921_segmentation.png,4439,6708,7211944,0.2422000044867127,1570,962,5037,3943,3468,2982,0.34730299536431236,1.1629778672032194,False,False,False,False,False,1,1.0
ISIC_0014922,data/raw/isic2018/images/ISIC2018_Task1-2_Training_Input/ISIC_0014922.jpg,data/raw/isic2018/masks/ISIC2018_Task1_Training_GroundTruth/ISIC_0014922_segmentation.png,4439,6668,11536159,0.3897449503115822,1459,0,6199,3329,4741,3330,0.5333759785551337,1.4237237237237237,True,False,False,True,False,1,1.0
ISIC_0014923,data/raw/isic2018/images/ISIC2018_Task1-2_Training_Input/ISIC_0014923.jpg,data/raw/isic2018/masks/ISIC2018_Task1_Training_GroundTruth/ISIC_0014923_segmentation.png,4499,6748,2499832,0.08234168615221482,2531,1582,4481,3303,1951,1722,0.11066221262631899,1.1329849012775841,False,False,False,False,False,1,1.0
ISIC_0014925,data/raw/isic2018/images/ISIC2018_Task1-2_Training_Input/ISIC_0014925.jpg,data/raw/isic2018/masks/ISIC2018_Task1_Training_GroundTruth/ISIC_0014925_segmentation.png,4439,6708,3175268,0.10663559282303291,2568,1422,4611,3398,2044,1977,0.1357092223304496,1.0338897319170461,False,False,False,False,False,1,1.0
ISIC_0014926,data/raw/isic2018/images/ISIC2018_Task1-2_Training_Input/ISIC_0014926.jpg,data/raw/isic2018/masks/ISIC2018_Task1_Training_GroundTruth/ISIC_0014926_segmentation.png,4439,6708,5206636,0.1748553874739848,1992,1006,4664,3814,2673,2809,0.2521578535674,0.9515841936632253,False,False,False,False,False,1,1.0
ISIC_0014927,data/raw/isic2018/images/ISIC2018_Task1-2_Training_Input/ISIC_0014927.jpg,data/raw/isic2018/masks/ISIC2018_Task1_Training_GroundTruth/ISIC_0014927_segmentation.png,4439,6668,16058988,0.542547088689944,298,81,5925,4396,5628,4316,0.8206439811384423,1.303985171455051,False,False,False,False,False,1,1.0
ISIC_0014928,data/raw/isic2018/images/ISIC2018_Task1-2_Training_Input/ISIC_0014928.jpg,data/raw/isic2018/masks/ISIC2018_Task1_Training_GroundTruth/ISIC_0014928_segmentation.png,4439,6688,2817488,0.09490315828277199,3030,1388,4829,3603,1800,2216,0.1343571712668593,0.8122743682310469,False,False,False,False,False,1,1.0
ISIC_0014929,data/raw/isic2018/images/ISIC2018_Task1-2_Training_Input/ISIC_0014929.jpg,data/raw/isic2018/masks/ISIC2018_Task1_Training_GroundTruth/ISIC_0014929_segmentation.png,4439,6708,1624989,0.05457229605372126,2464,1596,3878,3051,1415,1456,0.06918940818782078,0.9718406593406593,False,False,False,False,False,1,1.0
ISIC_0014930,data/raw/isic2018/images/ISIC2018_Task1-2_Training_Input/ISIC_0014930.jpg,data/raw/isic2018/masks/ISIC2018_Task1_Training_GroundTruth/ISIC_0014930_segmentation.png,4459,6728,4695487,0.15651544032176903,1682,1255,4625,3379,2944,2125,0.2085322767697977,1.3854117647058823,False,False,False,False,False,1,1.0
ISIC_0014931,data/raw/isic2018/images/ISIC2018_Task1-2_Training_Input/ISIC_0014931.jpg,data/raw/isic2018/masks/ISIC2018_Task1_Training_GroundTruth/ISIC_0014931_segmentation.png,4439,6688,7896961,0.26599813015561286,627,972,4806,3884,4180,2913,0.41014305023653974,1.4349467902506008,False,False,False,False,False,1,1.0
ISIC_0014932,data/raw/isic2018/images/ISIC2018_Task1-2_Training_Input/ISIC_0014932.jpg,data/raw/isic2018/masks/ISIC2018_Task1_Training_GroundTruth/ISIC_0014932_segmentation.png,4439,6688,17462907,0.5882136950000593,1732,0,6687,4438,4956,4439,0.7410287081339713,1.1164676728993017,True,False,True,True,True,1,1.0
ISIC_0014933,data/raw/isic2018/images/ISIC2018_Task1-2_Training_Input/ISIC_0014933.jpg,data/raw/isic2018/masks/ISIC2018_Task1_Training_GroundTruth/ISIC_0014933_segmentation.png,4399,6688,1892443,0.06432393154816612,3188,1032,4650,2715,1463,1684,0.08374062286883382,0.8687648456057007,False,False,False,False,False,1,1.0
ISIC_0014936,data/raw/isic2018/images/ISIC2018_Task1-2_Training_Input/ISIC_0014936.jpg,data/raw/isic2018/masks/ISIC2018_Task1_Training_GroundTruth/ISIC_0014936_segmentation.png,4439,6668,6101253,0.2061286210881275,1117,650,4284,3824,3168,3175,0.3398193981388449,0.9977952755905511,False,False,False,False,False,1,1.0
ISIC_0014937,data/raw/isic2018/images/ISIC2018_Task1-2_Training_Input/ISIC_0014937.jpg,data/raw/isic2018/masks/ISIC2018_Task1_Training_GroundTruth/ISIC_0014937_segmentation.png,4439,6688,22310941,0.7515129665718495,575,0,6426,4438,5852,4439,0.875,1.3183149357963506,True,False,False,True,True,1,1.0
ISIC_0014938,data/raw/isic2018/images/ISIC2018_Task1-2_Training_Input/ISIC_0014938.jpg,data/raw/isic2018/masks/ISIC2018_Task1_Training_GroundTruth/ISIC_0014938_segmentation.png,4439,6688,5647983,0.19024443924070145,1578,814,5072,3604,3495,2791,0.3285682594252122,1.2522393407380867,False,False,False,False,False,1,1.0
ISIC_0014940,data/raw/isic2018/images/ISIC2018_Task1-2_Training_Input/ISIC_0014940.jpg,data/raw/isic2018/masks/ISIC2018_Task1_Training_GroundTruth/ISIC_0014940_segmentation.png,4439,6708,7468215,0.2508063992881441,1722,668,5141,3972,3420,3305,0.3795940277286904,1.0347957639939485,False,False,False,False,False,1,1.0
ISIC_0014941,data/raw/isic2018/images/ISIC2018_Task1-2_Training_Input/ISIC_0014941.jpg,data/raw/isic2018/masks/ISIC2018_Task1_Training_GroundTruth/ISIC_0014941_segmentation.png,4419,6708,8963321,0.3023791865855997,1292,769,4960,4279,3669,3511,0.43457174479530375,1.0450014240956993,False,False,False,False,False,1,1.0
ISIC_0014942,data/raw/isic2018/images/ISIC2018_Task1-2_Training_Input/ISIC_0014942.jpg,data/raw/isic2018/masks/ISIC2018_Task1_Training_GroundTruth/ISIC_0014942_segmentation.png,4419,6668,2933138,0.09954349931099998,1430,1192,3918,3007,2489,1816,0.15339851242243066,1.3705947136563876,False,False,False,False,False,1,1.0
ISIC_0014943,data/raw/isic2018/images/ISIC2018_Task1-2_Training_Input/ISIC_0014943.jpg,data/raw/isic2018/masks/ISIC2018_Task1_Training_GroundTruth/ISIC_0014943_segmentation.png,4439,6668,4636556,0.15664436385081623,1585,764,4888,2851,3304,2088,0.23307183573422735,1.582375478927203,False,False,False,False,False,1,1.0
ISIC_0014944,data/raw/isic2018/images/ISIC2018_Task1-2_Training_Input/ISIC_0014944.jpg,data/raw/isic2018/masks/ISIC2018_Task1_Training_GroundTruth/ISIC_0014944_segmentation.png,4439,6688,3692517,0.12437729115894243,2521,1039,5018,3189,2498,2151,0.18098868931426643,1.1613203161320316,False,False,False,False,False,1,1.0
ISIC_0014945,data/raw/isic2018/images/ISIC2018_Task1-2_Training_Input/ISIC_0014945.jpg,data/raw/isic2018/masks/ISIC2018_Task1_Training_GroundTruth/ISIC_0014945_segmentation.png,4439,6688,1551024,0.05224408273340584,2195,1873,3918,3086,1724,1214,0.0704976335245125,1.4200988467874793,False,False,False,False,False,1,1.0
ISIC_0014946,data/raw/isic2018/images/ISIC2018_Task1-2_Training_Input/ISIC_0014946.jpg,data/raw/isic2018/masks/ISIC2018_Task1_Training_GroundTruth/ISIC_0014946_segmentation.png,4439,6688,9223399,0.310677346346164,1620,451,4963,4126,3344,3676,0.41405722009461593,0.9096844396082698,False,False,False,False,False,1,1.0
ISIC_0014947,data/raw/isic2018/images/ISIC2018_Task1-2_Training_Input/ISIC_0014947.jpg,data/raw/isic2018/masks/ISIC2018_Task1_Training_GroundTruth/ISIC_0014947_segmentation.png,4439,6688,6916331,0.2329669747054975,2183,898,5169,3849,2987,2952,0.2970093807497917,1.0118563685636857,False,False,False,False,False,1,1.0
ISIC_0014948,data/raw/isic2018/images/ISIC2018_Task1-2_Training_Input/ISIC_0014948.jpg,data/raw/isic2018/masks/ISIC2018_Task1_Training_GroundTruth/ISIC_0014948_segmentation.png,4439,6688,21670398,0.729937167947003,0,0,6490,4438,6491,4439,0.9705442583732058,1.4622662761883307,True,True,False,True,True,1,1.0
ISIC_0014949,data/raw/isic2018/images/ISIC2018_Task1-2_Training_Input/ISIC_0014949.jpg,data/raw/isic2018/masks/ISIC2018_Task1_Training_GroundTruth/ISIC_0014949_segmentation.png,4459,6708,10670337,0.3567365513899047,1082,293,5218,4020,4137,3728,0.5156213579418282,1.1097103004291846,False,False,False,False,False,1,1.0
ISIC_0014951,data/raw/isic2018/images/ISIC2018_Task1-2_Training_Input/ISIC_0014951.jpg,data/raw/isic2018/masks/ISIC2018_Task1_Training_GroundTruth/ISIC_0014951_segmentation.png,4439,6687,17345853,0.5843582682190798,627,105,6112,4438,5486,4334,0.8009921170931026,1.2658052607291186,True,False,False,False,True,1,1.0
ISIC_0014952,data/raw/isic2018/images/ISIC2018_Task1-2_Training_Input/ISIC_0014952.jpg,data/raw/isic2018/masks/ISIC2018_Task1_Training_GroundTruth/ISIC_0014952_segmentation.png,4419,6688,10100289,0.3417539433893009,976,586,5080,3898,4105,3313,0.4601657926136702,1.2390582553576819,False,False,False,False,False,1,1.0
ISIC_0014955,data/raw/isic2018/images/ISIC2018_Task1-2_Training_Input/ISIC_0014955.jpg,data/raw/isic2018/masks/ISIC2018_Task1_Training_GroundTruth/ISIC_0014955_segmentation.png,4439,6688,3619143,0.12190579018508199,2418,1396,4520,3890,2103,2495,0.17673738023456725,0.8428857715430862,False,False,False,False,False,1,1.0
ISIC_0014956,data/raw/isic2018/images/ISIC2018_Task1-2_Training_Input/ISIC_0014956.jpg,data/raw/isic2018/masks/ISIC2018_Task1_Training_GroundTruth/ISIC_0014956_segmentation.png,4439,6688,10252521,0.3453418872628539,1480,268,5328,3676,3849,3409,0.44197072409515054,1.1290701085362276,False,False,False,False,False,1,1.0
ISIC_0014957,data/raw/isic2018/images/ISIC2018_Task1-2_Training_Input/ISIC_0014957.jpg,data/raw/isic2018/masks/ISIC2018_Task1_Training_GroundTruth/ISIC_0014957_segmentation.png,4439,6668,10347983,0.3496028548288991,1137,640,5147,4438,4011,3799,0.5148031781343664,1.0558041589892078,True,False,False,False,True,1,1.0
ISIC_0014958,data/raw/isic2018/images/ISIC2018_Task1-2_Training_Input/ISIC_0014958.jpg,data/raw/isic2018/masks/ISIC2018_Task1_Training_GroundTruth/ISIC_0014958_segmentation.png,4459,6688,10583193,0.3548811888970321,1008,534,6392,3534,5385,3001,0.5418985217253208,1.7944018660446517,False,False,False,False,False,1,1.0
ISIC_0014961,data/raw/isic2018/images/ISIC2018_Task1-2_Training_Input/ISIC_0014961.jpg,data/raw/isic2018/masks/ISIC2018_Task1_Training_GroundTruth/ISIC_0014961_segmentation.png,4459,6688,17040952,0.5714261570867372,1024,136,6413,4458,5390,4323,0.7813403701561596,1.2468193384223918,True,False,False,False,True,1,1.0
ISIC_0014962,data/raw/isic2018/images/ISIC2018_Task1-2_Training_Input/ISIC_0014962.jpg,data/raw/isic2018/masks/ISIC2018_Task1_Training_GroundTruth/ISIC_0014962_segmentation.png,4439,6688,13929155,0.4691841816931483,1560,92,6288,4004,4729,3913,0.6233008978163321,1.2085356503961155,False,False,False,False,False,1,1.0
ISIC_0014963,data/raw/isic2018/images/ISIC2018_Task1-2_Training_Input/ISIC_0014963.jpg,data/raw/isic2018/masks/ISIC2018_Task1_Training_GroundTruth/ISIC_0014963_segmentation.png,4459,6688,21995839,0.7375760316482658,0,11,6687,4233,6688,4223,0.9470733348284369,1.5837082642671088,True,True,True,False,False,1,1.0
ISIC_0014964,data/raw/isic2018/images/ISIC2018_Task1-2_Training_Input/ISIC_0014964.jpg,data/raw/isic2018/masks/ISIC2018_Task1_Training_GroundTruth/ISIC_0014964_segmentation.png,4439,6708,12167884,0.40863622338079714,1275,277,6335,3659,5061,3383,0.5749897940719779,1.496009459060006,False,False,False,False,False,1,1.0
ISIC_0014966,data/raw/isic2018/images/ISIC2018_Task1-2_Training_Input/ISIC_0014966.jpg,data/raw/isic2018/masks/ISIC2018_Task1_Training_GroundTruth/ISIC_0014966_segmentation.png,4459,6688,11004776,0.3690179315850637,1446,0,6151,3674,4706,3675,0.57992993848257,1.280544217687075,True,False,False,True,False,1,1.0
ISIC_0014968,data/raw/isic2018/images/ISIC2018_Task1-2_Training_Input/ISIC_0014968.jpg,data/raw/isic2018/masks/ISIC2018_Task1_Training_GroundTruth/ISIC_0014968_segmentation.png,4439,6688,12800782,0.4311765091064305,1169,251,6687,3953,5519,3703,0.6883870577881349,1.4904131785039156,True,False,True,False,False,1,1.0
ISIC_0014969,data/raw/isic2018/images/ISIC2018_Task1-2_Training_Input/ISIC_0014969.jpg,data/raw/isic2018/masks/ISIC2018_Task1_Training_GroundTruth/ISIC_0014969_segmentation.png,4459,6688,9189457,0.3081457009692778,1640,510,5696,3518,4057,3009,0.4093487406792992,1.3482884679295446,False,False,False,False,False,1,1.0
ISIC_0014973,data/raw/isic2018/images/ISIC2018_Task1-2_Training_Input/ISIC_0014973.jpg,data/raw/isic2018/masks/ISIC2018_Task1_Training_GroundTruth/ISIC_0014973_segmentation.png,4441,6661,19988746,0.6757177737532656,272,12,5670,4436,5399,4425,0.8076187547075451,1.2201129943502824,False,False,False,False,False,1,1.0
ISIC_0014974,data/raw/isic2018/images/ISIC2018_Task1-2_Training_Input/ISIC_0014974.jpg,data/raw/isic2018/masks/ISIC2018_Task1_Training_GroundTruth/ISIC_0014974_segmentation.png,4459,6668,4619393,0.15536452027827222,1872,1328,4553,3948,2682,2621,0.23642463702818978,1.0232735597100344,False,False,False,False,False,1,1.0
ISIC_0014975,data/raw/isic2018/images/ISIC2018_Task1-2_Training_Input/ISIC_0014975.jpg,data/raw/isic2018/masks/ISIC2018_Task1_Training_GroundTruth/ISIC_0014975_segmentation.png,4459,6688,11115085,0.37271687093786987,1118,173,5173,4332,4056,4160,0.5657929610668601,0.975,False,False,False,False,False,1,1.0
ISIC_0014979,data/raw/isic2018/images/ISIC2018_Task1-2_Training_Input/ISIC_0014979.jpg,data/raw/isic2018/masks/ISIC2018_Task1_Training_GroundTruth/ISIC_0014979_segmentation.png,4420,6642,15588492,0.5309858694363716,2074,6,6632,4273,4559,4268,0.6627852920057606,1.0681818181818181,False,False,False,False,False,1,1.0
ISIC_0014982,data/raw/isic2018/images/ISIC2018_Task1-2_Training_Input/ISIC_0014982.jpg,data/raw/isic2018/masks/ISIC2018_Task1_Training_GroundTruth/ISIC_0014982_segmentation.png,4420,6641,11188949,0.381183018421829,1336,1083,5513,4417,4178,3335,0.47468829654804484,1.2527736131934033,False,False,False,False,False,1,1.0
ISIC_0014983,data/raw/isic2018/images/ISIC2018_Task1-2_Training_Input/ISIC_0014983.jpg,data/raw/isic2018/masks/ISIC2018_Task1_Training_GroundTruth/ISIC_0014983_segmentation.png,4420,6621,10491463,0.3585008552931472,1190,760,5327,4350,4138,3591,0.5077618109388679,1.1523252575884155,False,False,False,False,False,1,1.0
ISIC_0014985,data/raw/isic2018/images/ISIC2018_Task1-2_Training_Input/ISIC_0014985.jpg,data/raw/isic2018/masks/ISIC2018_Task1_Training_GroundTruth/ISIC_0014985_segmentation.png,4440,6662,17073698,0.5772181743436622,0,382,5828,4300,5829,3919,0.7722923276022946,1.4873692268435825,True,True,False,False,False,1,1.0
ISIC_0014987,data/raw/isic2018/images/ISIC2018_Task1-2_Training_Input/ISIC_0014987.jpg,data/raw/isic2018/masks/ISIC2018_Task1_Training_GroundTruth/ISIC_0014987_segmentation.png,4420,6621,5121030,0.17498928747895937,2173,829,5017,3832,2845,3004,0.2920359667341197,0.9470705725699068,False,False,False,False,False,1,1.0
ISIC_0014989,data/raw/isic2018/images/ISIC2018_Task1-2_Training_Input/ISIC_0014989.jpg,data/raw/isic2018/masks/ISIC2018_Task1_Training_GroundTruth/ISIC_0014989_segmentation.png,4420,6640,7256479,0.24724959793926837,1712,622,4720,4109,3009,3488,0.3576088971269694,0.8626720183486238,False,False,False,False,False,1,1.0
ISIC_0014992,data/raw/isic2018/images/ISIC2018_Task1-2_Training_Input/ISIC_0014992.jpg,data/raw/isic2018/masks/ISIC2018_Task1_Training_GroundTruth/ISIC_0014992_segmentation.png,4440,6641,8435315,0.2860782594068244,1835,657,5589,3875,3755,3219,0.4099344978165939,1.166511338925132,False,False,False,False,False,1,1.0
ISIC_0014994,data/raw/isic2018/images/ISIC2018_Task1-2_Training_Input/ISIC_0014994.jpg,data/raw/isic2018/masks/ISIC2018_Task1_Training_GroundTruth/ISIC_0014994_segmentation.png,4439,6648,2446350,0.08289769136867753,2572,753,4750,2445,2179,1693,0.1250080649336954,1.2870643827525103,False,False,False,False,False,1,1.0
ISIC_0014998,data/raw/isic2018/images/ISIC2018_Task1-2_Training_Input/ISIC_0014998.jpg,data/raw/isic2018/masks/ISIC2018_Task1_Training_GroundTruth/ISIC_0014998_segmentation.png,4399,6628,12860127,0.4410712960357617,1382,69,5861,3730,4480,3662,0.5626779444442234,1.2233752048061168,False,False,False,False,False,1,1.0
ISIC_0015002,data/raw/isic2018/images/ISIC2018_Task1-2_Training_Input/ISIC_0015002.jpg,data/raw/isic2018/masks/ISIC2018_Task1_Training_GroundTruth/ISIC_0015002_segmentation.png,4439,6648,14339423,0.4859096459046809,1147,0,5551,4438,4405,4439,0.6626052948255114,0.9923406172561388,True,False,False,True,True,1,1.0
ISIC_0015003,data/raw/isic2018/images/ISIC2018_Task1-2_Training_Input/ISIC_0015003.jpg,data/raw/isic2018/masks/ISIC2018_Task1_Training_GroundTruth/ISIC_0015003_segmentation.png,4439,6648,12084563,0.4095008375331984,804,813,6025,4430,5222,3618,0.6402200547656439,1.443338861249309,False,False,False,False,False,1,1.0
ISIC_0015005,data/raw/isic2018/images/ISIC2018_Task1-2_Training_Input/ISIC_0015005.jpg,data/raw/isic2018/masks/ISIC2018_Task1_Training_GroundTruth/ISIC_0015005_segmentation.png,4439,6647,5134485,0.1740147514916695,802,668,3809,3811,3008,3144,0.3205158755160343,0.9567430025445293,False,False,False,False,False,1,1.0
ISIC_0015007,data/raw/isic2018/images/ISIC2018_Task1-2_Training_Input/ISIC_0015007.jpg,data/raw/isic2018/masks/ISIC2018_Task1_Training_GroundTruth/ISIC_0015007_segmentation.png,4399,6608,6666553,0.22933869655606298,805,786,4652,3543,3848,2758,0.36509453227043126,1.3952139231327048,False,False,False,False,False,1,1.0
ISIC_0015008,data/raw/isic2018/images/ISIC2018_Task1-2_Training_Input/ISIC_0015008.jpg,data/raw/isic2018/masks/ISIC2018_Task1_Training_GroundTruth/ISIC_0015008_segmentation.png,4479,6648,27247686,0.9150768165599109,0,0,6647,4478,6648,4479,1.0,1.4842598794373745,True,True,True,True,True,1,1.0
ISIC_0015009,data/raw/isic2018/images/ISIC2018_Task1-2_Training_Input/ISIC_0015009.jpg,data/raw/isic2018/masks/ISIC2018_Task1_Training_GroundTruth/ISIC_0015009_segmentation.png,4439,6668,23591165,0.7970189584520582,0,0,6667,4020,6668,4021,0.9058346474431178,1.6582939567271824,True,True,True,True,False,1,1.0
ISIC_0015011,data/raw/isic2018/images/ISIC2018_Task1-2_Training_Input/ISIC_0015011.jpg,data/raw/isic2018/masks/ISIC2018_Task1_Training_GroundTruth/ISIC_0015011_segmentation.png,4459,6648,23255117,0.7844947575570872,658,0,6647,4458,5990,4459,0.9010228640192539,1.3433505270239965,True,False,True,True,True,1,1.0
ISIC_0015013,data/raw/isic2018/images/ISIC2018_Task1-2_Training_Input/ISIC_0015013.jpg,data/raw/isic2018/masks/ISIC2018_Task1_Training_GroundTruth/ISIC_0015013_segmentation.png,4439,6648,15480900,0.524590050609831,999,0,6216,4438,5218,4439,0.7848977135980746,1.1754899752196442,True,False,False,True,True,1,1.0
ISIC_0015015,data/raw/isic2018/images/ISIC2018_Task1-2_Training_Input/ISIC_0015015.jpg,data/raw/isic2018/masks/ISIC2018_Task1_Training_GroundTruth/ISIC_0015015_segmentation.png,4419,6607,13711644,0.46963582721158853,1712,10,6056,4064,4345,4055,0.6034653392944929,1.0715166461159062,False,False,False,False,False,1,1.0
ISIC_0015016,data/raw/isic2018/images/ISIC2018_Task1-2_Training_Input/ISIC_0015016.jpg,data/raw/isic2018/masks/ISIC2018_Task1_Training_GroundTruth/ISIC_0015016_segmentation.png,4439,6668,15220632,0.514223535108252,631,0,6249,4123,5619,4124,0.7828831620474733,1.3625121241513094,True,False,False,True,False,1,1.0
ISIC_0015018,data/raw/isic2018/images/ISIC2018_Task1-2_Training_Input/ISIC_0015018.jpg,data/raw/isic2018/masks/ISIC2018_Task1_Training_GroundTruth/ISIC_0015018_segmentation.png,4439,6668,5085465,0.17181059170008756,2046,1108,4670,3716,2625,2609,0.23137831320872568,1.0061326178612495,False,False,False,False,False,1,1.0
ISIC_0015019,data/raw/isic2018/images/ISIC2018_Task1-2_Training_Input/ISIC_0015019.jpg,data/raw/isic2018/masks/ISIC2018_Task1_Training_GroundTruth/ISIC_0015019_segmentation.png,4439,6648,14128655,0.47876750327815837,960,0,5734,4043,4775,4044,0.6543473787881129,1.1807616221562809,True,False,False,True,False,1,1.0
ISIC_0015020,data/raw/isic2018/images/ISIC2018_Task1-2_Training_Input/ISIC_0015020.jpg,data/raw/isic2018/masks/ISIC2018_Task1_Training_GroundTruth/ISIC_0015020_segmentation.png,4459,6648,20001561,0.6747383703749282,764,22,5974,4438,5211,4417,0.7764616121372181,1.1797600181118406,False,False,False,False,False,1,1.0
ISIC_0015021,data/raw/isic2018/images/ISIC2018_Task1-2_Training_Input/ISIC_0015021.jpg,data/raw/isic2018/masks/ISIC2018_Task1_Training_GroundTruth/ISIC_0015021_segmentation.png,4419,6628,5921234,0.20216488491362597,2173,1053,5260,3928,3088,2876,0.3032212767520731,1.0737134909596662,False,False,False,False,False,1,1.0
ISIC_0015023,data/raw/isic2018/images/ISIC2018_Task1-2_Training_Input/ISIC_0015023.jpg,data/raw/isic2018/masks/ISIC2018_Task1_Training_GroundTruth/ISIC_0015023_segmentation.png,4459,6668,6096067,0.2050296489255636,1842,950,4944,3426,3103,2477,0.25850843511495053,1.2527250706499797,False,False,False,False,False,1,1.0
ISIC_0015026,data/raw/isic2018/images/ISIC2018_Task1-2_Training_Input/ISIC_0015026.jpg,data/raw/isic2018/masks/ISIC2018_Task1_Training_GroundTruth/ISIC_0015026_segmentation.png,4439,6668,1186013,0.04006901931170423,2508,1346,3776,2645,1269,1300,0.05573451653440432,0.9761538461538461,False,False,False,False,False,1,1.0
ISIC_0015030,data/raw/isic2018/images/ISIC2018_Task1-2_Training_Input/ISIC_0015030.jpg,data/raw/isic2018/masks/ISIC2018_Task1_Training_GroundTruth/ISIC_0015030_segmentation.png,4382,6602,5782047,0.19986360854095775,1269,946,4947,3237,3679,2292,0.291471776459867,1.6051483420593369,False,False,False,False,False,1,1.0
ISIC_0015031,data/raw/isic2018/images/ISIC2018_Task1-2_Training_Input/ISIC_0015031.jpg,data/raw/isic2018/masks/ISIC2018_Task1_Training_GroundTruth/ISIC_0015031_segmentation.png,4361,6602,11007540,0.3823214508871805,1361,3,5987,3048,4627,3046,0.4895170148838598,1.5190413657255417,False,False,False,False,False,1,1.0
ISIC_0015032,data/raw/isic2018/images/ISIC2018_Task1-2_Training_Input/ISIC_0015032.jpg,data/raw/isic2018/masks/ISIC2018_Task1_Training_GroundTruth/ISIC_0015032_segmentation.png,4402,6622,6698158,0.2297820888366412,2691,1273,6104,3851,3414,2579,0.30204777735498445,1.3237689026754555,False,False,False,False,False,1,1.0
ISIC_0015034,data/raw/isic2018/images/ISIC2018_Task1-2_Training_Input/ISIC_0015034.jpg,data/raw/isic2018/masks/ISIC2018_Task1_Training_GroundTruth/ISIC_0015034_segmentation.png,4382,6581,4301234,0.14915190550005267,2285,1158,5174,3349,2890,2192,0.2196717088896288,1.3184306569343065,False,False,False,False,False,1,1.0
ISIC_0015035,data/raw/isic2018/images/ISIC2018_Task1-2_Training_Input/ISIC_0015035.jpg,data/raw/isic2018/masks/ISIC2018_Task1_Training_GroundTruth/ISIC_0015035_segmentation.png,4380,6601,881135,0.0304760452096991,2569,1731,3792,2794,1224,1064,0.045044233646624736,1.150375939849624,False,False,False,False,False,1,1.0
ISIC_0015037,data/raw/isic2018/images/ISIC2018_Task1-2_Training_Input/ISIC_0015037.jpg,data/raw/isic2018/masks/ISIC2018_Task1_Training_GroundTruth/ISIC_0015037_segmentation.png,4400,6602,16772861,0.5774028875547355,530,0,5962,4399,5433,4400,0.8229324447137231,1.2347727272727274,True,False,False,True,True,1,1.0
ISIC_0015040,data/raw/isic2018/images/ISIC2018_Task1-2_Training_Input/ISIC_0015040.jpg,data/raw/isic2018/masks/ISIC2018_Task1_Training_GroundTruth/ISIC_0015040_segmentation.png,4420,6621,2191925,0.0748996576777168,2262,1546,4182,3042,1921,1497,0.09826600676170227,1.2832331329325317,False,False,False,False,False,1,1.0
ISIC_0015041,data/raw/isic2018/images/ISIC2018_Task1-2_Training_Input/ISIC_0015041.jpg,data/raw/isic2018/masks/ISIC2018_Task1_Training_GroundTruth/ISIC_0015041_segmentation.png,4402,6621,4396096,0.15083201804235433,1298,1300,4372,3516,3075,2217,0.23390375137387606,1.3870094722598105,False,False,False,False,False,1,1.0
ISIC_0015043,data/raw/isic2018/images/ISIC2018_Task1-2_Training_Input/ISIC_0015043.jpg,data/raw/isic2018/masks/ISIC2018_Task1_Training_GroundTruth/ISIC_0015043_segmentation.png,4401,6621,9769837,0.33528363907627506,1552,310,5069,3988,3518,3679,0.44417147714056693,0.9562381081815711,False,False,False,False,False,1,1.0
ISIC_0015044,data/raw/isic2018/images/ISIC2018_Task1-2_Training_Input/ISIC_0015044.jpg,data/raw/isic2018/masks/ISIC2018_Task1_Training_GroundTruth/ISIC_0015044_segmentation.png,4422,6621,7060725,0.24116094159510967,932,553,3982,3869,3051,3317,0.3456569973791298,0.9198070545673802,False,False,False,False,False,1,1.0
ISIC_0015046,data/raw/isic2018/images/ISIC2018_Task1-2_Training_Input/ISIC_0015046.jpg,data/raw/isic2018/masks/ISIC2018_Task1_Training_GroundTruth/ISIC_0015046_segmentation.png,4422,6641,8932496,0.3041729655101585,1072,470,5533,4130,4462,3661,0.5562590328259048,1.218792679595739,False,False,False,False,False,1,1.0
ISIC_0015050,data/raw/isic2018/images/ISIC2018_Task1-2_Training_Input/ISIC_0015050.jpg,data/raw/isic2018/masks/ISIC2018_Task1_Training_GroundTruth/ISIC_0015050_segmentation.png,4382,6601,18674135,0.6455923687205326,0,0,6165,4381,6166,4382,0.9341008938039691,1.4071200365130077,True,True,False,True,True,1,1.0
ISIC_0015051,data/raw/isic2018/images/ISIC2018_Task1-2_Training_Input/ISIC_0015051.jpg,data/raw/isic2018/masks/ISIC2018_Task1_Training_GroundTruth/ISIC_0015051_segmentation.png,4380,6601,6815686,0.23573590275169323,1153,333,4825,3649,3673,3317,0.4213883810326234,1.1073258968947843,False,False,False,False,False,1,1.0
ISIC_0015056,data/raw/isic2018/images/ISIC2018_Task1-2_Training_Input/ISIC_0015056.jpg,data/raw/isic2018/masks/ISIC2018_Task1_Training_GroundTruth/ISIC_0015056_segmentation.png,4401,6601,15179379,0.5225079507587364,257,155,5942,3971,5686,3817,0.7470813828411627,1.489651558815824,False,False,False,False,False,1,1.0
ISIC_0015057,data/raw/isic2018/images/ISIC2018_Task1-2_Training_Input/ISIC_0015057.jpg,data/raw/isic2018/masks/ISIC2018_Task1_Training_GroundTruth/ISIC_0015057_segmentation.png,4420,6681,9910181,0.33559682655142126,1156,114,5012,3506,3857,3393,0.44316939169021896,1.1367521367521367,False,False,False,False,False,1,1.0
ISIC_0015060,data/raw/isic2018/images/ISIC2018_Task1-2_Training_Input/ISIC_0015060.jpg,data/raw/isic2018/masks/ISIC2018_Task1_Training_GroundTruth/ISIC_0015060_segmentation.png,4380,6602,9122481,0.31547382901818877,1437,198,4709,4014,3273,3817,0.4320346055367199,0.8574796960964108,False,False,False,False,False,1,1.0
ISIC_0015062,data/raw/isic2018/images/ISIC2018_Task1-2_Training_Input/ISIC_0015062.jpg,data/raw/isic2018/masks/ISIC2018_Task1_Training_GroundTruth/ISIC_0015062_segmentation.png,4380,6602,27706827,0.9581580716511808,0,0,6601,4379,6602,4380,1.0,1.5073059360730594,True,True,True,True,True,1,1.0
ISIC_0015064,data/raw/isic2018/images/ISIC2018_Task1-2_Training_Input/ISIC_0015064.jpg,data/raw/isic2018/masks/ISIC2018_Task1_Training_GroundTruth/ISIC_0015064_segmentation.png,4380,6601,18067030,0.6248890613640247,0,0,5834,4379,5835,4380,0.8839569762157249,1.332191780821918,True,True,False,True,True,1,1.0
ISIC_0015071,data/raw/isic2018/images/ISIC2018_Task1-2_Training_Input/ISIC_0015071.jpg,data/raw/isic2018/masks/ISIC2018_Task1_Training_GroundTruth/ISIC_0015071_segmentation.png,4422,6681,8146205,0.2757370500100496,1764,859,5812,3803,4049,2945,0.4036201745622759,1.3748726655348047,False,False,False,False,False,1,1.0
ISIC_0015078,data/raw/isic2018/images/ISIC2018_Task1-2_Training_Input/ISIC_0015078.jpg,data/raw/isic2018/masks/ISIC2018_Task1_Training_GroundTruth/ISIC_0015078_segmentation.png,4441,6622,15108847,0.5137612841435047,1367,33,5600,4424,4234,4392,0.6323291973810661,0.9640255009107468,False,False,False,False,False,1,1.0
ISIC_0015079,data/raw/isic2018/images/ISIC2018_Task1-2_Training_Input/ISIC_0015079.jpg,data/raw/isic2018/masks/ISIC2018_Task1_Training_GroundTruth/ISIC_0015079_segmentation.png,4401,6621,4976252,0.17077622477433269,1656,516,4448,2956,2793,2441,0.233971930628692,1.1442031954117164,False,False,False,False,False,1,1.0
ISIC_0015082,data/raw/isic2018/images/ISIC2018_Task1-2_Training_Input/ISIC_0015082.jpg,data/raw/isic2018/masks/ISIC2018_Task1_Training_GroundTruth/ISIC_0015082_segmentation.png,4439,6708,13981348,0.4695381090494174,263,867,5345,4438,5083,3572,0.6097521789773869,1.4230123180291154,True,False,False,False,True,1,1.0
ISIC_0015089,data/raw/isic2018/images/ISIC2018_Task1-2_Training_Input/ISIC_0015089.jpg,data/raw/isic2018/masks/ISIC2018_Task1_Training_GroundTruth/ISIC_0015089_segmentation.png,4459,6708,17052359,0.5701038067234994,602,278,5858,4438,5257,4161,0.7313161538180705,1.2633982215813506,False,False,False,False,False,1,1.0
ISIC_0015102,data/raw/isic2018/images/ISIC2018_Task1-2_Training_Input/ISIC_0015102.jpg,data/raw/isic2018/masks/ISIC2018_Task1_Training_GroundTruth/ISIC_0015102_segmentation.png,4441,6681,19330732,0.6515174540915819,393,31,6391,4440,5999,4410,0.8916516272270866,1.3603174603174604,True,False,False,False,True,1,1.0
ISIC_0015108,data/raw/isic2018/images/ISIC2018_Task1-2_Training_Input/ISIC_0015108.jpg,data/raw/isic2018/masks/ISIC2018_Task1_Training_GroundTruth/ISIC_0015108_segmentation.png,4420,6642,11041200,0.3760929012005052,2024,277,6382,4385,4359,4109,0.6101011866076429,1.060842054027744,False,False,False,False,False,1,1.0
ISIC_0015109,data/raw/isic2018/images/ISIC2018_Task1-2_Training_Input/ISIC_0015109.jpg,data/raw/isic2018/masks/ISIC2018_Task1_Training_GroundTruth/ISIC_0015109_segmentation.png,4441,6661,10205372,0.3449916892317263,989,972,5464,4094,4476,3123,0.47254356700831374,1.4332372718539865,False,False,False,False,False,1,1.0
ISIC_0015110,data/raw/isic2018/images/ISIC2018_Task1-2_Training_Input/ISIC_0015110.jpg,data/raw/isic2018/masks/ISIC2018_Task1_Training_GroundTruth/ISIC_0015110_segmentation.png,4401,6681,7626846,0.2593893476673414,940,619,5532,3403,4593,2785,0.4350396137057882,1.6491921005385997,False,False,False,False,False,1,1.0
ISIC_0015113,data/raw/isic2018/images/ISIC2018_Task1-2_Training_Input/ISIC_0015113.jpg,data/raw/isic2018/masks/ISIC2018_Task1_Training_GroundTruth/ISIC_0015113_segmentation.png,4441,6682,6187570,0.2085128770367223,1410,1215,4176,4198,2767,2984,0.27824074882218097,0.9272788203753352,False,False,False,False,False,1,1.0
ISIC_0015115,data/raw/isic2018/images/ISIC2018_Task1-2_Training_Input/ISIC_0015115.jpg,data/raw/isic2018/masks/ISIC2018_Task1_Training_GroundTruth/ISIC_0015115_segmentation.png,4422,6681,11913940,0.4032693345670445,796,255,5465,3981,4670,3727,0.5891366804247394,1.253018513549772,False,False,False,False,False,1,1.0
ISIC_0015118,data/raw/isic2018/images/ISIC2018_Task1-2_Training_Input/ISIC_0015118.jpg,data/raw/isic2018/masks/ISIC2018_Task1_Training_GroundTruth/ISIC_0015118_segmentation.png,4422,6680,19226645,0.6508910604841877,457,3,5296,4414,4840,4412,0.7229123841868502,1.0970081595648231,False,False,False,False,False,1,1.0
ISIC_0015124,data/raw/isic2018/images/ISIC2018_Task1-2_Training_Input/ISIC_0015124.jpg,data/raw/isic2018/masks/ISIC2018_Task1_Training_GroundTruth/ISIC_0015124_segmentation.png,4421,6682,12048040,0.40783962098663684,888,553,5637,4213,4750,3661,0.5886624753115335,1.2974597104616226,False,False,False,False,False,1,1.0
ISIC_0015125,data/raw/isic2018/images/ISIC2018_Task1-2_Training_Input/ISIC_0015125.jpg,data/raw/isic2018/masks/ISIC2018_Task1_Training_GroundTruth/ISIC_0015125_segmentation.png,4422,6662,5865457,0.19910331397514217,1796,1365,4886,3783,3091,2419,0.2538116233602328,1.277800744109136,False,False,False,False,False,1,1.0
ISIC_0015127,data/raw/isic2018/images/ISIC2018_Task1-2_Training_Input/ISIC_0015127.jpg,data/raw/isic2018/masks/ISIC2018_Task1_Training_GroundTruth/ISIC_0015127_segmentation.png,4401,6682,7126563,0.24233842938337938,1334,617,5004,3817,3671,3201,0.39958779877855577,1.146829115901281,False,False,False,False,False,1,1.0
ISIC_0015129,data/raw/isic2018/images/ISIC2018_Task1-2_Training_Input/ISIC_0015129.jpg,data/raw/isic2018/masks/ISIC2018_Task1_Training_GroundTruth/ISIC_0015129_segmentation.png,4422,6662,5406239,0.18351512951874996,1728,814,4597,3480,2870,2667,0.2598253648653107,1.0761154855643045,False,False,False,False,False,1,1.0
ISIC_0015130,data/raw/isic2018/images/ISIC2018_Task1-2_Training_Input/ISIC_0015130.jpg,data/raw/isic2018/masks/ISIC2018_Task1_Training_GroundTruth/ISIC_0015130_segmentation.png,4401,6661,9480673,0.3234062177117762,1141,516,5102,3772,3962,3257,0.44019127232926447,1.2164568621430765,False,False,False,False,False,1,1.0
ISIC_0015132,data/raw/isic2018/images/ISIC2018_Task1-2_Training_Input/ISIC_0015132.jpg,data/raw/isic2018/masks/ISIC2018_Task1_Training_GroundTruth/ISIC_0015132_segmentation.png,4422,6681,14624997,0.49503462399802434,914,244,6085,4361,5172,4118,0.7209159736688237,1.2559494900437105,False,False,False,False,False,1,1.0
ISIC_0015133,data/raw/isic2018/images/ISIC2018_Task1-2_Training_Input/ISIC_0015133.jpg,data/raw/isic2018/masks/ISIC2018_Task1_Training_GroundTruth/ISIC_0015133_segmentation.png,4420,6621,7807341,0.26678247124021265,2710,250,5934,3506,3225,3257,0.35892327374643,0.9901750076757753,False,False,False,False,False,1,1.0
ISIC_0015136,data/raw/isic2018/images/ISIC2018_Task1-2_Training_Input/ISIC_0015136.jpg,data/raw/isic2018/masks/ISIC2018_Task1_Training_GroundTruth/ISIC_0015136_segmentation.png,4422,6681,8417517,0.284920561904524,1160,709,5123,4065,3964,3357,0.45042737490244006,1.1808162049448914,False,False,False,False,False,1,1.0
ISIC_0015139,data/raw/isic2018/images/ISIC2018_Task1-2_Training_Input/ISIC_0015139.jpg,data/raw/isic2018/masks/ISIC2018_Task1_Training_GroundTruth/ISIC_0015139_segmentation.png,4422,6662,3344213,0.1135195247256526,1817,946,4154,2964,2338,2019,0.1602350274771716,1.1579990094105994,False,False,False,False,False,1,1.0
ISIC_0015140,data/raw/isic2018/images/ISIC2018_Task1-2_Training_Input/ISIC_0015140.jpg,data/raw/isic2018/masks/ISIC2018_Task1_Training_GroundTruth/ISIC_0015140_segmentation.png,4382,6662,19279189,0.6604071389452306,28,0,6250,4271,6223,4272,0.9106553501188851,1.4566947565543071,True,False,False,True,False,1,1.0
ISIC_0015142,data/raw/isic2018/images/ISIC2018_Task1-2_Training_Input/ISIC_0015142.jpg,data/raw/isic2018/masks/ISIC2018_Task1_Training_GroundTruth/ISIC_0015142_segmentation.png,4401,6682,15115839,0.5140133725151986,1052,8,5580,4085,4529,4078,0.6280463590864392,1.1105934281510543,False,False,False,False,False,1,1.0
ISIC_0015144,data/raw/isic2018/images/ISIC2018_Task1-2_Training_Input/ISIC_0015144.jpg,data/raw/isic2018/masks/ISIC2018_Task1_Training_GroundTruth/ISIC_0015144_segmentation.png,4420,6641,2930205,0.09982567500260618,2698,311,4461,2520,1764,2210,0.132811323595844,0.7981900452488688,False,False,False,False,False,1,1.0
ISIC_0015146,data/raw/isic2018/images/ISIC2018_Task1-2_Training_Input/ISIC_0015146.jpg,data/raw/isic2018/masks/ISIC2018_Task1_Training_GroundTruth/ISIC_0015146_segmentation.png,4422,6662,7374741,0.25033605613481674,1585,762,4611,4164,3027,3403,0.34966406606741407,0.8895092565383486,False,False,False,False,False,1,1.0
ISIC_0015149,data/raw/isic2018/images/ISIC2018_Task1-2_Training_Input/ISIC_0015149.jpg,data/raw/isic2018/masks/ISIC2018_Task1_Training_GroundTruth/ISIC_0015149_segmentation.png,4382,6601,11263299,0.38938884617775366,1196,0,5697,4066,4502,4067,0.6329910319522698,1.106958446029014,True,False,False,True,False,1,1.0
ISIC_0015150,data/raw/isic2018/images/ISIC2018_Task1-2_Training_Input/ISIC_0015150.jpg,data/raw/isic2018/masks/ISIC2018_Task1_Training_GroundTruth/ISIC_0015150_segmentation.png,4380,6622,9714035,0.3349163711938481,1279,0,5251,3856,3973,3857,0.5283295683821329,1.0300751879699248,True,False,False,True,False,1,1.0
ISIC_0015152,data/raw/isic2018/images/ISIC2018_Task1-2_Training_Input/ISIC_0015152.jpg,data/raw/isic2018/masks/ISIC2018_Task1_Training_GroundTruth/ISIC_0015152_segmentation.png,4401,6601,8718417,0.3001072837386911,1798,454,5236,3908,3439,3455,0.40899606178802583,0.9953690303907381,False,False,False,False,False,1,1.0
ISIC_0015153,data/raw/isic2018/images/ISIC2018_Task1-2_Training_Input/ISIC_0015153.jpg,data/raw/isic2018/masks/ISIC2018_Task1_Training_GroundTruth/ISIC_0015153_segmentation.png,4401,6601,20714347,0.7130338469232093,356,49,6258,4367,5903,4319,0.8775965069155448,1.3667515628617735,False,False,False,False,False,1,1.0
ISIC_0015155,data/raw/isic2018/images/ISIC2018_Task1-2_Training_Input/ISIC_0015155.jpg,data/raw/isic2018/masks/ISIC2018_Task1_Training_GroundTruth/ISIC_0015155_segmentation.png,4380,6601,7547247,0.2610385931562881,1438,828,4447,4216,3010,3389,0.3528208331517502,0.8881676010622602,False,False,False,False,False,1,1.0
ISIC_0015156,data/raw/isic2018/images/ISIC2018_Task1-2_Training_Input/ISIC_0015156.jpg,data/raw/isic2018/masks/ISIC2018_Task1_Training_GroundTruth/ISIC_0015156_segmentation.png,4382,6581,7742409,0.2684799421539859,941,1451,6098,4381,5158,2931,0.5242433041858535,1.7598089389286933,True,False,False,False,True,1,1.0
ISIC_0015157,data/raw/isic2018/images/ISIC2018_Task1-2_Training_Input/ISIC_0015157.jpg,data/raw/isic2018/masks/ISIC2018_Task1_Training_GroundTruth/ISIC_0015157_segmentation.png,4361,6602,9544498,0.3315060697803317,663,1021,5894,4218,5232,3198,0.5811451103217837,1.6360225140712945,False,False,False,False,False,1,1.0
ISIC_0015158,data/raw/isic2018/images/ISIC2018_Task1-2_Training_Input/ISIC_0015158.jpg,data/raw/isic2018/masks/ISIC2018_Task1_Training_GroundTruth/ISIC_0015158_segmentation.png,4441,6642,3187784,0.10807101791151015,2872,1597,5238,3828,2367,2232,0.17910710068595845,1.060483870967742,False,False,False,False,False,1,1.0
ISIC_0015160,data/raw/isic2018/images/ISIC2018_Task1-2_Training_Input/ISIC_0015160.jpg,data/raw/isic2018/masks/ISIC2018_Task1_Training_GroundTruth/ISIC_0015160_segmentation.png,4382,6601,10451755,0.3613325740515783,1080,345,5570,3841,4491,3497,0.5429459293161327,1.2842436374034887,False,False,False,False,False,1,1.0
ISIC_0015161,data/raw/isic2018/images/ISIC2018_Task1-2_Training_Input/ISIC_0015161.jpg,data/raw/isic2018/masks/ISIC2018_Task1_Training_GroundTruth/ISIC_0015161_segmentation.png,4382,6601,10876931,0.3760315349921049,1122,0,4973,3780,3852,3781,0.5035131877381067,1.0187781010314731,True,False,False,True,False,1,1.0
ISIC_0015163,data/raw/isic2018/images/ISIC2018_Task1-2_Training_Input/ISIC_0015163.jpg,data/raw/isic2018/masks/ISIC2018_Task1_Training_GroundTruth/ISIC_0015163_segmentation.png,4419,6628,10256407,0.35017790899368406,2329,12,5150,4410,2822,4399,0.4238424682575093,0.6415094339622641,False,False,False,False,False,1,1.0
ISIC_0015166,data/raw/isic2018/images/ISIC2018_Task1-2_Training_Input/ISIC_0015166.jpg,data/raw/isic2018/masks/ISIC2018_Task1_Training_GroundTruth/ISIC_0015166_segmentation.png,4459,6627,13919429,0.4710499664075481,1761,175,6264,4458,4504,4284,0.6529702593855734,1.0513538748832867,True,False,False,False,True,1,1.0
ISIC_0015167,data/raw/isic2018/images/ISIC2018_Task1-2_Training_Input/ISIC_0015167.jpg,data/raw/isic2018/masks/ISIC2018_Task1_Training_GroundTruth/ISIC_0015167_segmentation.png,4418,6668,19085867,0.6478740580539393,0,0,6667,4187,6668,4188,0.9479402444545043,1.5921680993314231,True,True,True,True,False,1,1.0
ISIC_0015170,data/raw/isic2018/images/ISIC2018_Task1-2_Training_Input/ISIC_0015170.jpg,data/raw/isic2018/masks/ISIC2018_Task1_Training_GroundTruth/ISIC_0015170_segmentation.png,4439,6688,9431287,0.317679764020734,1254,625,5068,3884,3815,3260,0.41891965085459354,1.1702453987730062,False,False,False,False,False,1,1.0
ISIC_0015171,data/raw/isic2018/images/ISIC2018_Task1-2_Training_Input/ISIC_0015171.jpg,data/raw/isic2018/masks/ISIC2018_Task1_Training_GroundTruth/ISIC_0015171_segmentation.png,4439,6708,26324851,0.884072176699104,0,0,6707,4438,6708,4439,1.0,1.5111511601712098,True,True,True,True,True,1,1.0
ISIC_0015173,data/raw/isic2018/images/ISIC2018_Task1-2_Training_Input/ISIC_0015173.jpg,data/raw/isic2018/masks/ISIC2018_Task1_Training_GroundTruth/ISIC_0015173_segmentation.png,4459,6648,11987214,0.40438010011796205,392,0,4918,4120,4527,4121,0.62933897127701,1.0985197767532153,True,False,False,True,False,1,1.0
ISIC_0015174,data/raw/isic2018/images/ISIC2018_Task1-2_Training_Input/ISIC_0015174.jpg,data/raw/isic2018/masks/ISIC2018_Task1_Training_GroundTruth/ISIC_0015174_segmentation.png,4439,6648,5797621,0.19645978552969265,1212,740,5045,3039,3834,2300,0.29881595929743177,1.6669565217391304,False,False,False,False,False,1,1.0
ISIC_0015175,data/raw/isic2018/images/ISIC2018_Task1-2_Training_Input/ISIC_0015175.jpg,data/raw/isic2018/masks/ISIC2018_Task1_Training_GroundTruth/ISIC_0015175_segmentation.png,4439,6648,5519133,0.18702286429034412,1594,1898,4953,4419,3360,2522,0.2871495921854452,1.3322759714512291,False,False,False,False,False,1,1.0
ISIC_0015176,data/raw/isic2018/images/ISIC2018_Task1-2_Training_Input/ISIC_0015176.jpg,data/raw/isic2018/masks/ISIC2018_Task1_Training_GroundTruth/ISIC_0015176_segmentation.png,4439,6628,16913343,0.5748596307785426,338,321,5224,4433,4887,4113,0.6831772625449277,1.188183807439825,False,False,False,False,False,1,1.0
ISIC_0015179,data/raw/isic2018/images/ISIC2018_Task1-2_Training_Input/ISIC_0015179.jpg,data/raw/isic2018/masks/ISIC2018_Task1_Training_GroundTruth/ISIC_0015179_segmentation.png,4399,6628,6901568,0.23670711357974455,858,381,4841,3670,3984,3290,0.44955079081313126,1.2109422492401216,False,False,False,False,False,1,1.0
ISIC_0015180,data/raw/isic2018/images/ISIC2018_Task1-2_Training_Input/ISIC_0015180.jpg,data/raw/isic2018/masks/ISIC2018_Task1_Training_GroundTruth/ISIC_0015180_segmentation.png,4399,6628,5938990,0.20369301301950038,717,852,4757,3382,4041,2531,0.3507878429604139,1.5966021335440537,False,False,False,False,False,1,1.0
ISIC_0015184,data/raw/isic2018/images/ISIC2018_Task1-2_Training_Input/ISIC_0015184.jpg,data/raw/isic2018/masks/ISIC2018_Task1_Training_GroundTruth/ISIC_0015184_segmentation.png,4399,6607,4469506,0.1537804954708359,1731,1189,5043,3322,3313,2134,0.24325265112298147,1.5524835988753514,False,False,False,False,False,1,1.0
ISIC_0015185,data/raw/isic2018/images/ISIC2018_Task1-2_Training_Input/ISIC_0015185.jpg,data/raw/isic2018/masks/ISIC2018_Task1_Training_GroundTruth/ISIC_0015185_segmentation.png,4419,6608,14490232,0.4962280423463067,954,0,5691,4418,4738,4419,0.7170096852300242,1.0721882778909255,True,False,False,True,True,1,1.0
ISIC_0015189,data/raw/isic2018/images/ISIC2018_Task1-2_Training_Input/ISIC_0015189.jpg,data/raw/isic2018/masks/ISIC2018_Task1_Training_GroundTruth/ISIC_0015189_segmentation.png,4439,6668,7431913,0.2510844868647356,1511,867,4948,3953,3438,3087,0.3585599392849522,1.1137026239067056,False,False,False,False,False,1,1.0
ISIC_0015190,data/raw/isic2018/images/ISIC2018_Task1-2_Training_Input/ISIC_0015190.jpg,data/raw/isic2018/masks/ISIC2018_Task1_Training_GroundTruth/ISIC_0015190_segmentation.png,4419,6648,12575987,0.42808209898782446,832,139,5401,4142,4570,4004,0.6228669058155776,1.1413586413586414,False,False,False,False,False,1,1.0
ISIC_0015193,data/raw/isic2018/images/ISIC2018_Task1-2_Training_Input/ISIC_0015193.jpg,data/raw/isic2018/masks/ISIC2018_Task1_Training_GroundTruth/ISIC_0015193_segmentation.png,4459,6688,12111377,0.4061250578100739,861,513,5851,4098,4991,3586,0.6001559530694869,1.3918014500836586,False,False,False,False,False,1,1.0
ISIC_0015200,data/raw/isic2018/images/ISIC2018_Task1-2_Training_Input/ISIC_0015200.jpg,data/raw/isic2018/masks/ISIC2018_Task1_Training_GroundTruth/ISIC_0015200_segmentation.png,4422,6661,20679966,0.7020881589242308,313,70,6660,4421,6348,4352,0.937923965356985,1.458639705882353,True,False,True,False,True,1,1.0
ISIC_0015201,data/raw/isic2018/images/ISIC2018_Task1-2_Training_Input/ISIC_0015201.jpg,data/raw/isic2018/masks/ISIC2018_Task1_Training_GroundTruth/ISIC_0015201_segmentation.png,4402,6681,7453338,0.25343074860653414,826,815,5059,3436,4234,2622,0.3774783352548042,1.6147978642257819,False,False,False,False,False,1,1.0
ISIC_0015202,data/raw/isic2018/images/ISIC2018_Task1-2_Training_Input/ISIC_0015202.jpg,data/raw/isic2018/masks/ISIC2018_Task1_Training_GroundTruth/ISIC_0015202_segmentation.png,4401,6661,4376671,0.14929769376908342,1638,1177,4323,3353,2686,2177,0.19946818463041915,1.2338079926504364,False,False,False,False,False,1,1.0
ISIC_0015203,data/raw/isic2018/images/ISIC2018_Task1-2_Training_Input/ISIC_0015203.jpg,data/raw/isic2018/masks/ISIC2018_Task1_Training_GroundTruth/ISIC_0015203_segmentation.png,4422,6642,21759315,0.740845436119068,22,30,6391,4407,6370,4378,0.949505708434641,1.4550022841480128,False,False,False,False,False,1,1.0
ISIC_0015204,data/raw/isic2018/images/ISIC2018_Task1-2_Training_Input/ISIC_0015204.jpg,data/raw/isic2018/masks/ISIC2018_Task1_Training_GroundTruth/ISIC_0015204_segmentation.png,4420,6641,13977416,0.47617998979328335,675,415,5499,4419,4825,4005,0.6583306703659769,1.2047440699126093,True,False,False,False,True,1,1.0
ISIC_0015206,data/raw/isic2018/images/ISIC2018_Task1-2_Training_Input/ISIC_0015206.jpg,data/raw/isic2018/masks/ISIC2018_Task1_Training_GroundTruth/ISIC_0015206_segmentation.png,4401,6580,5030366,0.1737090009247691,1654,275,4407,2972,2754,2698,0.2565834374475544,1.0207561156412157,False,False,False,False,False,1,1.0
ISIC_0015207,data/raw/isic2018/images/ISIC2018_Task1-2_Training_Input/ISIC_0015207.jpg,data/raw/isic2018/masks/ISIC2018_Task1_Training_GroundTruth/ISIC_0015207_segmentation.png,4420,6641,8945653,0.3047588305473812,1720,506,5440,3634,3721,3129,0.396651849439346,1.1891978267817194,False,False,False,False,False,1,1.0
ISIC_0015208,data/raw/isic2018/images/ISIC2018_Task1-2_Training_Input/ISIC_0015208.jpg,data/raw/isic2018/masks/ISIC2018_Task1_Training_GroundTruth/ISIC_0015208_segmentation.png,4422,6621,10871950,0.3713343458320431,1715,390,6034,4383,4320,3994,0.5893176945933102,1.0816224336504756,False,False,False,False,False,1,1.0
ISIC_0015211,data/raw/isic2018/images/ISIC2018_Task1-2_Training_Input/ISIC_0015211.jpg,data/raw/isic2018/masks/ISIC2018_Task1_Training_GroundTruth/ISIC_0015211_segmentation.png,4401,6622,13937869,0.4782509411557778,1112,3,6040,4392,4929,4390,0.7424766384675073,1.1227790432801823,False,False,False,False,False,1,1.0
ISIC_0015212,data/raw/isic2018/images/ISIC2018_Task1-2_Training_Input/ISIC_0015212.jpg,data/raw/isic2018/masks/ISIC2018_Task1_Training_GroundTruth/ISIC_0015212_segmentation.png,4420,6640,2235965,0.07618590879354523,2429,1458,4461,3122,2033,1665,0.11533503925203074,1.221021021021021,False,False,False,False,False,1,1.0
ISIC_0015215,data/raw/isic2018/images/ISIC2018_Task1-2_Training_Input/ISIC_0015215.jpg,data/raw/isic2018/masks/ISIC2018_Task1_Training_GroundTruth/ISIC_0015215_segmentation.png,4441,6642,5298083,0.1796135568751419,2008,718,4753,3730,2746,3013,0.2804917035634866,0.911384002655161,False,False,False,False,False,1,1.0
ISIC_0015216,data/raw/isic2018/images/ISIC2018_Task1-2_Training_Input/ISIC_0015216.jpg,data/raw/isic2018/masks/ISIC2018_Task1_Training_GroundTruth/ISIC_0015216_segmentation.png,4420,6621,25581869,0.8741509088386671,94,11,6612,4413,6519,4403,0.9808075703182183,1.4805814217578923,False,False,False,False,False,1,1.0
ISIC_0015218,data/raw/isic2018/images/ISIC2018_Task1-2_Training_Input/ISIC_0015218.jpg,data/raw/isic2018/masks/ISIC2018_Task1_Training_GroundTruth/ISIC_0015218_segmentation.png,4422,6642,8367894,0.28490400914863967,850,856,4843,4020,3994,3165,0.43039197541078383,1.2619273301737757,False,False,False,False,False,1,1.0
ISIC_0015219,data/raw/isic2018/images/ISIC2018_Task1-2_Training_Input/ISIC_0015219.jpg,data/raw/isic2018/masks/ISIC2018_Task1_Training_GroundTruth/ISIC_0015219_segmentation.png,4441,6640,8019976,0.2719720132500278,1505,660,5239,3712,3735,3053,0.3866950011258726,1.2233868326236488,False,False,False,False,False,1,1.0
ISIC_0015220,data/raw/isic2018/images/ISIC2018_Task1-2_Training_Input/ISIC_0015220.jpg,data/raw/isic2018/masks/ISIC2018_Task1_Training_GroundTruth/ISIC_0015220_segmentation.png,4441,6682,21601516,0.7279423504727688,575,0,6629,4440,6055,4441,0.9061658186171805,1.3634316595361404,True,False,False,True,True,1,1.0
ISIC_0015223,data/raw/isic2018/images/ISIC2018_Task1-2_Training_Input/ISIC_0015223.jpg,data/raw/isic2018/masks/ISIC2018_Task1_Training_GroundTruth/ISIC_0015223_segmentation.png,4422,6682,1625512,0.05501295460061939,2226,1600,3659,3151,1434,1552,0.07532092740292984,0.9239690721649485,False,False,False,False,False,1,1.0
ISIC_0015224,data/raw/isic2018/images/ISIC2018_Task1-2_Training_Input/ISIC_0015224.jpg,data/raw/isic2018/masks/ISIC2018_Task1_Training_GroundTruth/ISIC_0015224_segmentation.png,4420,6621,24105401,0.8236989327116996,110,10,6278,4402,6169,4393,0.9260407889062704,1.4042795356248576,False,False,False,False,False,1,1.0
ISIC_0015226,data/raw/isic2018/images/ISIC2018_Task1-2_Training_Input/ISIC_0015226.jpg,data/raw/isic2018/masks/ISIC2018_Task1_Training_GroundTruth/ISIC_0015226_segmentation.png,4441,6661,947901,0.032043708667792076,2421,1303,3575,2463,1155,1161,0.045330864042362154,0.9948320413436692,False,False,False,False,False,1,1.0
ISIC_0015229,data/raw/isic2018/images/ISIC2018_Task1-2_Training_Input/ISIC_0015229.jpg,data/raw/isic2018/masks/ISIC2018_Task1_Training_GroundTruth/ISIC_0015229_segmentation.png,4420,6661,28033536,0.9521736915292025,59,2,6648,4419,6590,4418,0.9888932742152097,1.4916251697600724,True,False,False,False,True,1,1.0
ISIC_0015232,data/raw/isic2018/images/ISIC2018_Task1-2_Training_Input/ISIC_0015232.jpg,data/raw/isic2018/masks/ISIC2018_Task1_Training_GroundTruth/ISIC_0015232_segmentation.png,4441,6641,10208386,0.3461328591998808,926,627,4758,4015,3833,3389,0.44044951355897416,1.1310120979640013,False,False,False,False,False,1,1.0
ISIC_0015233,data/raw/isic2018/images/ISIC2018_Task1-2_Training_Input/ISIC_0015233.jpg,data/raw/isic2018/masks/ISIC2018_Task1_Training_GroundTruth/ISIC_0015233_segmentation.png,4401,6641,7283040,0.24918841424966695,1759,809,5390,3592,3632,2784,0.3459634521332488,1.3045977011494252,False,False,False,False,False,1,1.0
ISIC_0015237,data/raw/isic2018/images/ISIC2018_Task1-2_Training_Input/ISIC_0015237.jpg,data/raw/isic2018/masks/ISIC2018_Task1_Training_GroundTruth/ISIC_0015237_segmentation.png,4459,6708,14787262,0.4943758430852732,1678,6,5851,4216,4174,4211,0.5876343303052807,0.9912134884825458,False,False,False,False,False,1,1.0
ISIC_0015241,data/raw/isic2018/images/ISIC2018_Task1-2_Training_Input/ISIC_0015241.jpg,data/raw/isic2018/masks/ISIC2018_Task1_Training_GroundTruth/ISIC_0015241_segmentation.png,4439,6648,4528777,0.15346338750528965,1202,874,4512,3102,3311,2229,0.25008813820395687,1.4854194706146253,False,False,False,False,False,1,1.0
ISIC_0015243,data/raw/isic2018/images/ISIC2018_Task1-2_Training_Input/ISIC_0015243.jpg,data/raw/isic2018/masks/ISIC2018_Task1_Training_GroundTruth/ISIC_0015243_segmentation.png,4459,6688,19736160,0.6618032880116661,523,0,6165,4458,5643,4459,0.84375,1.2655303879793676,True,False,False,True,True,1,1.0
ISIC_0015244,data/raw/isic2018/images/ISIC2018_Task1-2_Training_Input/ISIC_0015244.jpg,data/raw/isic2018/masks/ISIC2018_Task1_Training_GroundTruth/ISIC_0015244_segmentation.png,4439,6708,10215613,0.34307275741943094,1504,0,5240,4438,3737,4439,0.5570960047704234,0.841856273935571,True,False,False,True,True,1,1.0
ISIC_0015245,data/raw/isic2018/images/ISIC2018_Task1-2_Training_Input/ISIC_0015245.jpg,data/raw/isic2018/masks/ISIC2018_Task1_Training_GroundTruth/ISIC_0015245_segmentation.png,4439,6708,13452862,0.4517898692445652,810,208,5479,4088,4670,3881,0.6086705991225656,1.2032981190414842,False,False,False,False,False,1,1.0
ISIC_0015250,data/raw/isic2018/images/ISIC2018_Task1-2_Training_Input/ISIC_0015250.jpg,data/raw/isic2018/masks/ISIC2018_Task1_Training_GroundTruth/ISIC_0015250_segmentation.png,4439,6688,5426430,0.1827817350776232,1136,767,4441,3303,3306,2537,0.2825152573265887,1.3031139140717383,False,False,False,False,False,1,1.0
ISIC_0015251,data/raw/isic2018/images/ISIC2018_Task1-2_Training_Input/ISIC_0015251.jpg,data/raw/isic2018/masks/ISIC2018_Task1_Training_GroundTruth/ISIC_0015251_segmentation.png,4459,6688,236975,0.007946370224834243,3814,1855,4515,3092,702,1238,0.02914231311116381,0.567043618739903,False,False,False,False,False,1,1.0
ISIC_0015254,data/raw/isic2018/images/ISIC2018_Task1-2_Training_Input/ISIC_0015254.jpg,data/raw/isic2018/masks/ISIC2018_Task1_Training_GroundTruth/ISIC_0015254_segmentation.png,4459,6668,8387256,0.28208944441208195,1942,162,5196,3399,3255,3238,0.35448247870049227,1.0052501544163064,False,False,False,False,False,1,1.0
ISIC_0015255,data/raw/isic2018/images/ISIC2018_Task1-2_Training_Input/ISIC_0015255.jpg,data/raw/isic2018/masks/ISIC2018_Task1_Training_GroundTruth/ISIC_0015255_segmentation.png,4459,6688,25493862,0.8548735770137489,64,5,6672,4453,6609,4449,0.985971634434309,1.485502360080917,False,False,False,False,False,1,1.0
ISIC_0015256,data/raw/isic2018/images/ISIC2018_Task1-2_Training_Input/ISIC_0015256.jpg,data/raw/isic2018/masks/ISIC2018_Task1_Training_GroundTruth/ISIC_0015256_segmentation.png,4459,6668,25221591,0.8482803663532824,232,7,6434,4448,6203,4442,0.9267173028726841,1.3964430436740207,False,False,False,False,False,1,1.0
ISIC_0015258,data/raw/isic2018/images/ISIC2018_Task1-2_Training_Input/ISIC_0015258.jpg,data/raw/isic2018/masks/ISIC2018_Task1_Training_GroundTruth/ISIC_0015258_segmentation.png,4439,6688,21587336,0.7271393401893396,20,10,6656,3934,6637,3925,0.8774655389754363,1.6909554140127387,False,False,False,False,False,1,1.0
ISIC_0015260,data/raw/isic2018/images/ISIC2018_Task1-2_Training_Input/ISIC_0015260.jpg,data/raw/isic2018/masks/ISIC2018_Task1_Training_GroundTruth/ISIC_0015260_segmentation.png,4439,6708,5988825,0.20112378047723847,2097,1596,5659,3606,3563,2011,0.24062995729697323,1.7717553455992043,False,False,False,False,False,1,1.0
ISIC_0015264,data/raw/isic2018/images/ISIC2018_Task1-2_Training_Input/ISIC_0015264.jpg,data/raw/isic2018/masks/ISIC2018_Task1_Training_GroundTruth/ISIC_0015264_segmentation.png,4439,6708,2015437,0.06768478103028625,2325,1015,3879,3030,1555,2016,0.10527923539967945,0.7713293650793651,False,False,False,False,False,1,1.0
ISIC_0015270,data/raw/isic2018/images/ISIC2018_Task1-2_Training_Input/ISIC_0015270.jpg,data/raw/isic2018/masks/ISIC2018_Task1_Training_GroundTruth/ISIC_0015270_segmentation.png,4439,6648,6736519,0.22827554232273886,1661,702,4537,3752,2877,3051,0.29744448004762514,0.9429695181907571,False,False,False,False,False,1,1.0
ISIC_0015273,data/raw/isic2018/images/ISIC2018_Task1-2_Training_Input/ISIC_0015273.jpg,data/raw/isic2018/masks/ISIC2018_Task1_Training_GroundTruth/ISIC_0015273_segmentation.png,4439,6688,1324432,0.044611646875077474,2155,1798,3733,3064,1579,1267,0.06738718821106095,1.2462509865824782,False,False,False,False,False,1,1.0
ISIC_0015274,data/raw/isic2018/images/ISIC2018_Task1-2_Training_Input/ISIC_0015274.jpg,data/raw/isic2018/masks/ISIC2018_Task1_Training_GroundTruth/ISIC_0015274_segmentation.png,4459,6668,25801297,0.8677776779248322,14,23,6493,4450,6480,4428,0.9650494211541186,1.4634146341463414,False,False,False,False,False,1,1.0
ISIC_0015276,data/raw/isic2018/images/ISIC2018_Task1-2_Training_Input/ISIC_0015276.jpg,data/raw/isic2018/masks/ISIC2018_Task1_Training_GroundTruth/ISIC_0015276_segmentation.png,4439,6708,1419736,0.047679247865755406,3029,1577,4629,2972,1601,1396,0.07505827017344906,1.1468481375358166,False,False,False,False,False,1,1.0
ISIC_0015279,data/raw/isic2018/images/ISIC2018_Task1-2_Training_Input/ISIC_0015279.jpg,data/raw/isic2018/masks/ISIC2018_Task1_Training_GroundTruth/ISIC_0015279_segmentation.png,4439,6688,5823601,0.19615988692008954,1744,948,4968,3604,3225,2657,0.28862893303267795,1.2137749341362438,False,False,False,False,False,1,1.0
ISIC_0015283,data/raw/isic2018/images/ISIC2018_Task1-2_Training_Input/ISIC_0015283.jpg,data/raw/isic2018/masks/ISIC2018_Task1_Training_GroundTruth/ISIC_0015283_segmentation.png,4439,6668,11409195,0.38545551759213376,944,657,5764,4203,4821,3547,0.5777202410385236,1.3591767691006484,False,False,False,False,False,1,1.0
ISIC_0015284,data/raw/isic2018/images/ISIC2018_Task1-2_Training_Input/ISIC_0015284.jpg,data/raw/isic2018/masks/ISIC2018_Task1_Training_GroundTruth/ISIC_0015284_segmentation.png,4459,6708,11498412,0.3844212083779825,1937,518,5823,4437,3887,3920,0.5094130675526024,0.9915816326530612,False,False,False,False,False,1,1.0
ISIC_0015291,data/raw/isic2018/images/ISIC2018_Task1-2_Training_Input/ISIC_0015291.jpg,data/raw/isic2018/masks/ISIC2018_Task1_Training_GroundTruth/ISIC_0015291_segmentation.png,4459,6688,5875116,0.19700747694840068,1624,1455,4636,4095,3013,2641,0.26682947154885933,1.1408557364634608,False,False,False,False,False,1,1.0
ISIC_0015293,data/raw/isic2018/images/ISIC2018_Task1-2_Training_Input/ISIC_0015293.jpg,data/raw/isic2018/masks/ISIC2018_Task1_Training_GroundTruth/ISIC_0015293_segmentation.png,4439,6668,3448242,0.11649760608815385,1753,1283,4462,3557,2710,2275,0.20829073653618005,1.1912087912087912,False,False,False,False,False,1,1.0
ISIC_0015295,data/raw/isic2018/images/ISIC2018_Task1-2_Training_Input/ISIC_0015295.jpg,data/raw/isic2018/masks/ISIC2018_Task1_Training_GroundTruth/ISIC_0015295_segmentation.png,4439,6688,21653812,0.729378491642693,53,0,6478,4369,6426,4370,0.9458902496467263,1.4704805491990847,True,False,False,True,False,1,1.0
ISIC_0015298,data/raw/isic2018/images/ISIC2018_Task1-2_Training_Input/ISIC_0015298.jpg,data/raw/isic2018/masks/ISIC2018_Task1_Training_GroundTruth/ISIC_0015298_segmentation.png,4459,6688,3524474,0.1181845141968665,1867,1360,4368,3398,2502,2039,0.17106879425622712,1.2270720941638058,False,False,False,False,False,1,1.0
ISIC_0015309,data/raw/isic2018/images/ISIC2018_Task1-2_Training_Input/ISIC_0015309.jpg,data/raw/isic2018/masks/ISIC2018_Task1_Training_GroundTruth/ISIC_0015309_segmentation.png,4439,6668,4331132,0.14632572471763813,578,1225,3129,4115,2552,2891,0.24925737988243757,0.8827395364925631,False,False,False,False,False,1,1.0
ISIC_0015310,data/raw/isic2018/images/ISIC2018_Task1-2_Training_Input/ISIC_0015310.jpg,data/raw/isic2018/masks/ISIC2018_Task1_Training_GroundTruth/ISIC_0015310_segmentation.png,4439,6688,12215437,0.4114599782161377,938,255,5945,4384,5008,4130,0.6966793891895563,1.212590799031477,False,False,False,False,False,1,1.0
ISIC_0015311,data/raw/isic2018/images/ISIC2018_Task1-2_Training_Input/ISIC_0015311.jpg,data/raw/isic2018/masks/ISIC2018_Task1_Training_GroundTruth/ISIC_0015311_segmentation.png,4459,6708,13870294,0.4637192666289815,959,0,5245,4458,4287,4459,0.639087656529517,0.9614263287732675,True,False,False,True,True,1,1.0
ISIC_0015312,data/raw/isic2018/images/ISIC2018_Task1-2_Training_Input/ISIC_0015312.jpg,data/raw/isic2018/masks/ISIC2018_Task1_Training_GroundTruth/ISIC_0015312_segmentation.png,4459,6708,10865473,0.3632604450300044,1179,443,5373,4186,4195,3744,0.5250942697549247,1.1204594017094016,False,False,False,False,False,1,1.0
ISIC_0015313,data/raw/isic2018/images/ISIC2018_Task1-2_Training_Input/ISIC_0015313.jpg,data/raw/isic2018/masks/ISIC2018_Task1_Training_GroundTruth/ISIC_0015313_segmentation.png,4419,6688,18584860,0.628838362183308,0,0,5642,4315,5643,4316,0.8240835030549898,1.3074606116774792,True,True,False,True,False,1,1.0
ISIC_0015330,data/raw/isic2018/images/ISIC2018_Task1-2_Training_Input/ISIC_0015330.jpg,data/raw/isic2018/masks/ISIC2018_Task1_Training_GroundTruth/ISIC_0015330_segmentation.png,4439,6688,4847030,0.16326545323044653,2002,1013,4790,3639,2789,2627,0.24678978384286301,1.0616673011039208,False,False,False,False,False,1,1.0
ISIC_0015331,data/raw/isic2018/images/ISIC2018_Task1-2_Training_Input/ISIC_0015331.jpg,data/raw/isic2018/masks/ISIC2018_Task1_Training_GroundTruth/ISIC_0015331_segmentation.png,4439,6688,8149929,0.2745190048299598,1739,200,5498,3821,3760,3622,0.45872761118015504,1.0381004969630039,False,False,False,False,False,1,1.0
ISIC_0015353,data/raw/isic2018/images/ISIC2018_Task1-2_Training_Input/ISIC_0015353.jpg,data/raw/isic2018/masks/ISIC2018_Task1_Training_GroundTruth/ISIC_0015353_segmentation.png,4459,6688,3795910,0.12728644878215234,358,82,6210,4458,5853,4377,0.8590557200586739,1.3372172721041808,True,False,False,False,True,1,1.0
ISIC_0015355,data/raw/isic2018/images/ISIC2018_Task1-2_Training_Input/ISIC_0015355.jpg,data/raw/isic2018/masks/ISIC2018_Task1_Training_GroundTruth/ISIC_0015355_segmentation.png,4439,6668,2719418,0.09187455142447519,1725,1240,4741,2565,3017,1326,0.13515686139636232,2.27526395173454,False,False,False,False,False,1,1.0
ISIC_0015357,data/raw/isic2018/images/ISIC2018_Task1-2_Training_Input/ISIC_0015357.jpg,data/raw/isic2018/masks/ISIC2018_Task1_Training_GroundTruth/ISIC_0015357_segmentation.png,4439,6688,2643345,0.0890373939235851,2044,1328,3908,3228,1865,1901,0.11942068103402745,0.9810625986322988,False,False,False,False,False,1,1.0
ISIC_0015360,data/raw/isic2018/images/ISIC2018_Task1-2_Training_Input/ISIC_0015360.jpg,data/raw/isic2018/masks/ISIC2018_Task1_Training_GroundTruth/ISIC_0015360_segmentation.png,4419,6688,9381405,0.31742974416693465,832,1122,6248,3530,5417,2409,0.4415454050094687,2.2486508924865087,False,False,False,False,False,1,1.0
ISIC_0015363,data/raw/isic2018/images/ISIC2018_Task1-2_Training_Input/ISIC_0015363.jpg,data/raw/isic2018/masks/ISIC2018_Task1_Training_GroundTruth/ISIC_0015363_segmentation.png,4439,6687,17193541,0.5792270834598763,632,0,5320,4412,4689,4413,0.6971041881621272,1.062542488103331,True,False,False,True,False,1,1.0
ISIC_0015368,data/raw/isic2018/images/ISIC2018_Task1-2_Training_Input/ISIC_0015368.jpg,data/raw/isic2018/masks/ISIC2018_Task1_Training_GroundTruth/ISIC_0015368_segmentation.png,4399,6608,17823439,0.6131510944871358,492,164,6209,4398,5718,4235,0.8330547967373171,1.350177095631641,True,False,False,False,True,1,1.0
ISIC_0015369,data/raw/isic2018/images/ISIC2018_Task1-2_Training_Input/ISIC_0015369.jpg,data/raw/isic2018/masks/ISIC2018_Task1_Training_GroundTruth/ISIC_0015369_segmentation.png,4459,6688,2909445,0.09756103858547467,2572,1758,4524,3622,1953,1865,0.12213702650732726,1.0471849865951743,False,False,False,False,False,1,1.0
ISIC_0015383,data/raw/isic2018/images/ISIC2018_Task1-2_Training_Input/ISIC_0015383.jpg,data/raw/isic2018/masks/ISIC2018_Task1_Training_GroundTruth/ISIC_0015383_segmentation.png,4439,6688,4924016,0.16585861939248786,2082,413,4204,3974,2123,3562,0.25471967963386727,0.5960134755755194,False,False,False,False,False,1,1.0
ISIC_0015390,data/raw/isic2018/images/ISIC2018_Task1-2_Training_Input/ISIC_0015390.jpg,data/raw/isic2018/masks/ISIC2018_Task1_Training_GroundTruth/ISIC_0015390_segmentation.png,4439,6688,21918045,0.7382788121489494,760,22,6658,4420,5899,4399,0.8740795280738043,1.3409865878608775,False,False,False,False,False,1,1.0
ISIC_0015395,data/raw/isic2018/images/ISIC2018_Task1-2_Training_Input/ISIC_0015395.jpg,data/raw/isic2018/masks/ISIC2018_Task1_Training_GroundTruth/ISIC_0015395_segmentation.png,4439,6688,7796136,0.26260198048829914,1677,629,5035,3912,3359,3284,0.37156238581257256,1.0228380024360535,False,False,False,False,False,1,1.0
ISIC_0015401,data/raw/isic2018/images/ISIC2018_Task1-2_Training_Input/ISIC_0015401.jpg,data/raw/isic2018/masks/ISIC2018_Task1_Training_GroundTruth/ISIC_0015401_segmentation.png,4419,6648,6776275,0.23066197709322694,935,311,4466,3107,3532,2797,0.33627776239185947,1.2627815516624956,False,False,False,False,False,1,1.0
ISIC_0015403,data/raw/isic2018/images/ISIC2018_Task1-2_Training_Input/ISIC_0015403.jpg,data/raw/isic2018/masks/ISIC2018_Task1_Training_GroundTruth/ISIC_0015403_segmentation.png,4419,6648,5607566,0.19087954078616323,1556,1046,4901,3390,3346,2345,0.2670876281150017,1.4268656716417911,False,False,False,False,False,1,1.0
ISIC_0015404,data/raw/isic2018/images/ISIC2018_Task1-2_Training_Input/ISIC_0015404.jpg,data/raw/isic2018/masks/ISIC2018_Task1_Training_GroundTruth/ISIC_0015404_segmentation.png,4419,6648,16926117,0.5761589681250067,1292,18,5812,4394,4521,4377,0.6735906362662706,1.0328992460589446,False,False,False,False,False,1,1.0
ISIC_0015411,data/raw/isic2018/images/ISIC2018_Task1-2_Training_Input/ISIC_0015411.jpg,data/raw/isic2018/masks/ISIC2018_Task1_Training_GroundTruth/ISIC_0015411_segmentation.png,4419,6668,3215532,0.1091272580514447,2144,1733,4336,3778,2193,2046,0.1522736185960364,1.0718475073313782,False,False,False,False,False,1,1.0
ISIC_0015412,data/raw/isic2018/images/ISIC2018_Task1-2_Training_Input/ISIC_0015412.jpg,data/raw/isic2018/masks/ISIC2018_Task1_Training_GroundTruth/ISIC_0015412_segmentation.png,4419,6648,10702205,0.36429922996882785,1252,551,5515,3728,4264,3178,0.46127092042375817,1.341724354940214,False,False,False,False,False,1,1.0
ISIC_0015416,data/raw/isic2018/images/ISIC2018_Task1-2_Training_Input/ISIC_0015416.jpg,data/raw/isic2018/masks/ISIC2018_Task1_Training_GroundTruth/ISIC_0015416_segmentation.png,4419,6668,16450781,0.5582991005329144,1094,642,6622,4402,5529,3761,0.705716595988338,1.4700877426216432,False,False,False,False,False,1,1.0
ISIC_0015417,data/raw/isic2018/images/ISIC2018_Task1-2_Training_Input/ISIC_0015417.jpg,data/raw/isic2018/masks/ISIC2018_Task1_Training_GroundTruth/ISIC_0015417_segmentation.png,4439,6748,7188913,0.2399954504137159,1686,649,5188,3769,3503,3121,0.3649838828201773,1.1223966677347004,False,False,False,False,False,1,1.0
ISIC_0015418,data/raw/isic2018/images/ISIC2018_Task1-2_Training_Input/ISIC_0015418.jpg,data/raw/isic2018/masks/ISIC2018_Task1_Training_GroundTruth/ISIC_0015418_segmentation.png,4439,6668,8041019,0.2716629122925133,1234,1006,5669,3295,4436,2290,0.3431992132774166,1.937117903930131,False,False,False,False,False,1,1.0
ISIC_0015419,data/raw/isic2018/images/ISIC2018_Task1-2_Training_Input/ISIC_0015419.jpg,data/raw/isic2018/masks/ISIC2018_Task1_Training_GroundTruth/ISIC_0015419_segmentation.png,4459,6648,20297891,0.6847348512142588,18,22,5104,4441,5087,4420,0.7584998929948462,1.1509049773755655,False,False,False,False,False,1,1.0
ISIC_0015436,data/raw/isic2018/images/ISIC2018_Task1-2_Training_Input/ISIC_0015436.jpg,data/raw/isic2018/masks/ISIC2018_Task1_Training_GroundTruth/ISIC_0015436_segmentation.png,4440,6681,9693505,0.32678069852519787,892,778,5436,3564,4545,2787,0.42701822837655795,1.6307857911733046,False,False,False,False,False,1,1.0
ISIC_0015440,data/raw/isic2018/images/ISIC2018_Task1-2_Training_Input/ISIC_0015440.jpg,data/raw/isic2018/masks/ISIC2018_Task1_Training_GroundTruth/ISIC_0015440_segmentation.png,4421,6642,2605465,0.08872905525154676,2785,1157,4292,3238,1508,2082,0.10692091841373816,0.7243035542747358,False,False,False,False,False,1,1.0
ISIC_0015443,data/raw/isic2018/images/ISIC2018_Task1-2_Training_Input/ISIC_0015443.jpg,data/raw/isic2018/masks/ISIC2018_Task1_Training_GroundTruth/ISIC_0015443_segmentation.png,4401,6601,9732988,0.33503107173484314,1805,413,5363,3747,3559,3335,0.4085664724599335,1.0671664167916042,False,False,False,False,False,1,1.0
ISIC_0015445,data/raw/isic2018/images/ISIC2018_Task1-2_Training_Input/ISIC_0015445.jpg,data/raw/isic2018/masks/ISIC2018_Task1_Training_GroundTruth/ISIC_0015445_segmentation.png,4440,6641,12049938,0.4086658635747628,5,664,6600,4428,6596,3765,0.842227033538583,1.751925630810093,False,False,False,False,False,1,1.0
ISIC_0015447,data/raw/isic2018/images/ISIC2018_Task1-2_Training_Input/ISIC_0015447.jpg,data/raw/isic2018/masks/ISIC2018_Task1_Training_GroundTruth/ISIC_0015447_segmentation.png,4420,6641,25954350,0.8842079335759416,208,18,6626,4404,6419,4387,0.9593548169502358,1.4631866879416457,False,False,False,False,False,1,1.0
ISIC_0015455,data/raw/isic2018/images/ISIC2018_Task1-2_Training_Input/ISIC_0015455.jpg,data/raw/isic2018/masks/ISIC2018_Task1_Training_GroundTruth/ISIC_0015455_segmentation.png,4402,6641,9921249,0.33937733194197023,616,725,5258,3429,4643,2705,0.42961796601604957,1.7164510166358595,False,False,False,False,False,1,1.0
ISIC_0015464,data/raw/isic2018/images/ISIC2018_Task1-2_Training_Input/ISIC_0015464.jpg,data/raw/isic2018/masks/ISIC2018_Task1_Training_GroundTruth/ISIC_0015464_segmentation.png,4422,6641,13562636,0.46184036491646163,656,280,5552,4067,4897,3788,0.6316665158145155,1.292766631467793,False,False,False,False,False,1,1.0
ISIC_0015466,data/raw/isic2018/images/ISIC2018_Task1-2_Training_Input/ISIC_0015466.jpg,data/raw/isic2018/masks/ISIC2018_Task1_Training_GroundTruth/ISIC_0015466_segmentation.png,4459,6668,19025913,0.6399004904110005,1,17,5849,4329,5849,4313,0.8484534423009993,1.3561326223046604,False,False,False,False,False,1,1.0
ISIC_0015468,data/raw/isic2018/images/ISIC2018_Task1-2_Training_Input/ISIC_0015468.jpg,data/raw/isic2018/masks/ISIC2018_Task1_Training_GroundTruth/ISIC_0015468_segmentation.png,4439,6708,2309949,0.07757543017029493,2224,807,4259,3149,2036,2343,0.16020344958352156,0.8689714041826718,False,False,False,False,False,1,1.0
ISIC_0015476,data/raw/isic2018/images/ISIC2018_Task1-2_Training_Input/ISIC_0015476.jpg,data/raw/isic2018/masks/ISIC2018_Task1_Training_GroundTruth/ISIC_0015476_segmentation.png,4439,6668,6285109,0.21234012940597283,1875,696,4599,3592,2725,2897,0.2667069086745841,0.9406282361063169,False,False,False,False,False,1,1.0
ISIC_0015481,data/raw/isic2018/images/ISIC2018_Task1-2_Training_Input/ISIC_0015481.jpg,data/raw/isic2018/masks/ISIC2018_Task1_Training_GroundTruth/ISIC_0015481_segmentation.png,4479,6648,2620513,0.08800639782012543,2926,1234,5192,3420,2267,2187,0.16650536438397237,1.0365797896662095,False,False,False,False,False,1,1.0
ISIC_0015482,data/raw/isic2018/images/ISIC2018_Task1-2_Training_Input/ISIC_0015482.jpg,data/raw/isic2018/masks/ISIC2018_Task1_Training_GroundTruth/ISIC_0015482_segmentation.png,4399,6608,10239161,0.3522413813507032,1081,0,5133,4105,4053,4106,0.5724948081420662,0.9870920603994154,True,False,False,True,False,1,1.0
ISIC_0015483,data/raw/isic2018/images/ISIC2018_Task1-2_Training_Input/ISIC_0015483.jpg,data/raw/isic2018/masks/ISIC2018_Task1_Training_GroundTruth/ISIC_0015483_segmentation.png,4459,6668,8856478,0.2978708362386729,1042,941,4843,3935,3802,2995,0.38297980681952865,1.269449081803005,False,False,False,False,False,1,1.0
ISIC_0015485,data/raw/isic2018/images/ISIC2018_Task1-2_Training_Input/ISIC_0015485.jpg,data/raw/isic2018/masks/ISIC2018_Task1_Training_GroundTruth/ISIC_0015485_segmentation.png,4439,6648,18277720,0.6193638651391276,361,0,5332,4438,4972,4439,0.7478941034897714,1.1200720883081776,True,False,False,True,True,1,1.0
ISIC_0015496,data/raw/isic2018/images/ISIC2018_Task1-2_Training_Input/ISIC_0015496.jpg,data/raw/isic2018/masks/ISIC2018_Task1_Training_GroundTruth/ISIC_0015496_segmentation.png,4459,6688,8951522,0.3001671395199859,1254,349,4806,3657,3553,3309,0.39423777752859385,1.0737382895134482,False,False,False,False,False,1,1.0
ISIC_0015510,data/raw/isic2018/images/ISIC2018_Task1-2_Training_Input/ISIC_0015510.jpg,data/raw/isic2018/masks/ISIC2018_Task1_Training_GroundTruth/ISIC_0015510_segmentation.png,4440,6681,3102740,0.10459741285964905,2054,1451,4190,3574,2137,2124,0.15301520649522446,1.006120527306968,False,False,False,False,False,1,1.0
ISIC_0015526,data/raw/isic2018/images/ISIC2018_Task1-2_Training_Input/ISIC_0015526.jpg,data/raw/isic2018/masks/ISIC2018_Task1_Training_GroundTruth/ISIC_0015526_segmentation.png,4401,6621,3151572,0.10815641335376366,1940,777,3802,3234,1863,2458,0.15715195098696005,0.75793327908869,False,False,False,False,False,1,1.0
ISIC_0015537,data/raw/isic2018/images/ISIC2018_Task1-2_Training_Input/ISIC_0015537.jpg,data/raw/isic2018/masks/ISIC2018_Task1_Training_GroundTruth/ISIC_0015537_segmentation.png,4402,6641,14143059,0.48379328337771477,1284,9,5287,4283,4004,4275,0.5855266538098075,0.9366081871345029,False,False,False,False,False,1,1.0
ISIC_0015544,data/raw/isic2018/images/ISIC2018_Task1-2_Training_Input/ISIC_0015544.jpg,data/raw/isic2018/masks/ISIC2018_Task1_Training_GroundTruth/ISIC_0015544_segmentation.png,4440,6621,6422669,0.2184786394913264,2638,0,5049,4439,2412,4440,0.36429542365201634,0.5432432432432432,True,False,False,True,True,1,1.0
ISIC_0015559,data/raw/isic2018/images/ISIC2018_Task1-2_Training_Input/ISIC_0015559.jpg,data/raw/isic2018/masks/ISIC2018_Task1_Training_GroundTruth/ISIC_0015559_segmentation.png,4419,6688,6515981,0.2204750974749099,984,558,3456,3924,2473,3367,0.28173899868012314,0.7344817344817345,False,False,False,False,False,1,1.0
ISIC_0015563,data/raw/isic2018/images/ISIC2018_Task1-2_Training_Input/ISIC_0015563.jpg,data/raw/isic2018/masks/ISIC2018_Task1_Training_GroundTruth/ISIC_0015563_segmentation.png,4419,6668,1513462,0.05136318289634673,2691,1854,4416,3147,1726,1294,0.07579760354785797,1.3338485316846986,False,False,False,False,False,1,1.0
ISIC_0015566,data/raw/isic2018/images/ISIC2018_Task1-2_Training_Input/ISIC_0015566.jpg,data/raw/isic2018/masks/ISIC2018_Task1_Training_GroundTruth/ISIC_0015566_segmentation.png,4479,6688,9264897,0.30928814131016513,1118,396,3960,4252,2843,3857,0.3660573839533987,0.7371013741249676,False,False,False,False,False,1,1.0
ISIC_0015568,data/raw/isic2018/images/ISIC2018_Task1-2_Training_Input/ISIC_0015568.jpg,data/raw/isic2018/masks/ISIC2018_Task1_Training_GroundTruth/ISIC_0015568_segmentation.png,4439,6688,5057169,0.17034369270418465,1069,778,3809,3219,2741,2442,0.22546196393213266,1.1224406224406225,False,False,False,False,False,1,1.0
ISIC_0015582,data/raw/isic2018/images/ISIC2018_Task1-2_Training_Input/ISIC_0015582.jpg,data/raw/isic2018/masks/ISIC2018_Task1_Training_GroundTruth/ISIC_0015582_segmentation.png,4419,6688,3816082,0.1291211639386685,2281,890,5046,2838,2766,1949,0.18240794427282797,1.4191893278604413,False,False,False,False,False,1,1.0
ISIC_0015593,data/raw/isic2018/images/ISIC2018_Task1-2_Training_Input/ISIC_0015593.jpg,data/raw/isic2018/masks/ISIC2018_Task1_Training_GroundTruth/ISIC_0015593_segmentation.png,4402,6661,8829437,0.3011227307864115,922,803,5119,3727,4198,2925,0.4187731539095828,1.4352136752136753,False,False,False,False,False,1,1.0
ISIC_0015603,data/raw/isic2018/images/ISIC2018_Task1-2_Training_Input/ISIC_0015603.jpg,data/raw/isic2018/masks/ISIC2018_Task1_Training_GroundTruth/ISIC_0015603_segmentation.png,4420,6662,2064620,0.07011537035200659,2830,1332,4558,3163,1729,1832,0.10757059353312025,0.9437772925764192,False,False,False,False,False,1,1.0
ISIC_0015607,data/raw/isic2018/images/ISIC2018_Task1-2_Training_Input/ISIC_0015607.jpg,data/raw/isic2018/masks/ISIC2018_Task1_Training_GroundTruth/ISIC_0015607_segmentation.png,4380,6620,18259887,0.629746823656003,4,22,6110,4377,6107,4356,0.9174527169639531,1.4019742883379247,False,False,False,False,False,1,1.0
ISIC_0015614,data/raw/isic2018/images/ISIC2018_Task1-2_Training_Input/ISIC_0015614.jpg,data/raw/isic2018/masks/ISIC2018_Task1_Training_GroundTruth/ISIC_0015614_segmentation.png,4439,6648,2675225,0.09065341279529518,2105,1654,4937,3529,2833,1876,0.18009566231268684,1.5101279317697227,False,False,False,False,False,1,1.0
ISIC_0015617,data/raw/isic2018/images/ISIC2018_Task1-2_Training_Input/ISIC_0015617.jpg,data/raw/isic2018/masks/ISIC2018_Task1_Training_GroundTruth/ISIC_0015617_segmentation.png,4419,6648,17889681,0.6089583420134421,44,470,6276,4230,6233,3761,0.7979679490897663,1.657272002127094,False,False,False,False,False,1,1.0
ISIC_0015625,data/raw/isic2018/images/ISIC2018_Task1-2_Training_Input/ISIC_0015625.jpg,data/raw/isic2018/masks/ISIC2018_Task1_Training_GroundTruth/ISIC_0015625_segmentation.png,4419,6688,11889867,0.4023062046664523,1367,183,5532,4372,4166,4190,0.5906266275142896,0.9942720763723151,False,False,False,False,False,1,1.0
ISIC_0015627,data/raw/isic2018/images/ISIC2018_Task1-2_Training_Input/ISIC_0015627.jpg,data/raw/isic2018/masks/ISIC2018_Task1_Training_GroundTruth/ISIC_0015627_segmentation.png,4379,6608,3193093,0.11034853917027504,1653,1095,4026,3078,2374,1984,0.1627711391646351,1.1965725806451613,False,False,False,False,False,1,1.0
ISIC_0015631,data/raw/isic2018/images/ISIC2018_Task1-2_Training_Input/ISIC_0015631.jpg,data/raw/isic2018/masks/ISIC2018_Task1_Training_GroundTruth/ISIC_0015631_segmentation.png,4459,6688,6922052,0.2321138850408453,1288,876,4917,3539,3630,2664,0.32427025176756646,1.3626126126126126,False,False,False,False,False,1,1.0
ISIC_0015636,data/raw/isic2018/images/ISIC2018_Task1-2_Training_Input/ISIC_0015636.jpg,data/raw/isic2018/masks/ISIC2018_Task1_Training_GroundTruth/ISIC_0015636_segmentation.png,4441,6641,19195003,0.6508395421901454,1332,0,5728,4440,4397,4441,0.6620990814636349,0.9900923215492007,True,False,False,True,True,1,1.0
ISIC_0015638,data/raw/isic2018/images/ISIC2018_Task1-2_Training_Input/ISIC_0015638.jpg,data/raw/isic2018/masks/ISIC2018_Task1_Training_GroundTruth/ISIC_0015638_segmentation.png,4420,6641,6342980,0.21609145436173613,1435,0,4056,4419,2622,4420,0.39482005722029817,0.5932126696832579,True,False,False,True,True,1,1.0
ISIC_0015641,data/raw/isic2018/images/ISIC2018_Task1-2_Training_Input/ISIC_0015641.jpg,data/raw/isic2018/masks/ISIC2018_Task1_Training_GroundTruth/ISIC_0015641_segmentation.png,4400,6641,9433108,0.32282610778771,1637,353,5583,3774,3947,3422,0.4622330289797539,1.1534190531852717,False,False,False,False,False,1,1.0
ISIC_0015645,data/raw/isic2018/images/ISIC2018_Task1-2_Training_Input/ISIC_0015645.jpg,data/raw/isic2018/masks/ISIC2018_Task1_Training_GroundTruth/ISIC_0015645_segmentation.png,4442,6682,4644478,0.15647749482808182,2215,1033,4701,3804,2487,2772,0.2322651148643577,0.8971861471861472,False,False,False,False,False,1,1.0
ISIC_0015936,data/raw/isic2018/images/ISIC2018_Task1-2_Training_Input/ISIC_0015936.jpg,data/raw/isic2018/masks/ISIC2018_Task1_Training_GroundTruth/ISIC_0015936_segmentation.png,1536,2304,153176,0.04328296802662037,837,640,1287,1210,451,571,0.07276775218822339,0.7898423817863398,False,False,False,False,False,1,1.0
ISIC_0015937,data/raw/isic2018/images/ISIC2018_Task1-2_Training_Input/ISIC_0015937.jpg,data/raw/isic2018/masks/ISIC2018_Task1_Training_GroundTruth/ISIC_0015937_segmentation.png,1536,2304,88391,0.024976659704137733,925,488,1328,856,404,369,0.042124430338541664,1.094850948509485,False,False,False,False,False,1,1.0
ISIC_0015939,data/raw/isic2018/images/ISIC2018_Task1-2_Training_Input/ISIC_0015939.jpg,data/raw/isic2018/masks/ISIC2018_Task1_Training_GroundTruth/ISIC_0015939_segmentation.png,2000,3008,162028,0.026932845744680852,1286,656,1751,1211,466,556,0.04306781914893617,0.8381294964028777,False,False,False,False,False,1,1.0
ISIC_0015940,data/raw/isic2018/images/ISIC2018_Task1-2_Training_Input/ISIC_0015940.jpg,data/raw/isic2018/masks/ISIC2018_Task1_Training_GroundTruth/ISIC_0015940_segmentation.png,2000,3008,95985,0.015954953457446807,1280,812,1631,1177,352,366,0.021414893617021275,0.9617486338797814,False,False,False,False,False,1,1.0
ISIC_0015941,data/raw/isic2018/images/ISIC2018_Task1-2_Training_Input/ISIC_0015941.jpg,data/raw/isic2018/masks/ISIC2018_Task1_Training_GroundTruth/ISIC_0015941_segmentation.png,2000,3008,130313,0.021661070478723406,1141,739,1626,1166,486,428,0.03457579787234043,1.1355140186915889,False,False,False,False,False,1,1.0
ISIC_0015942,data/raw/isic2018/images/ISIC2018_Task1-2_Training_Input/ISIC_0015942.jpg,data/raw/isic2018/masks/ISIC2018_Task1_Training_GroundTruth/ISIC_0015942_segmentation.png,2000,3008,65778,0.010933843085106382,1409,806,1675,1193,267,388,0.01722007978723404,0.6881443298969072,False,False,False,False,False,1,1.0
ISIC_0015943,data/raw/isic2018/images/ISIC2018_Task1-2_Training_Input/ISIC_0015943.jpg,data/raw/isic2018/masks/ISIC2018_Task1_Training_GroundTruth/ISIC_0015943_segmentation.png,2000,3008,72537,0.012057347074468086,1333,774,1651,1152,319,379,0.02009657579787234,0.841688654353562,False,False,False,False,False,1,1.0
ISIC_0015944,data/raw/isic2018/images/ISIC2018_Task1-2_Training_Input/ISIC_0015944.jpg,data/raw/isic2018/masks/ISIC2018_Task1_Training_GroundTruth/ISIC_0015944_segmentation.png,2000,3008,205233,0.034114527925531914,1197,666,1774,1285,578,620,0.05956781914893617,0.932258064516129,False,False,False,False,False,1,1.0
ISIC_0015945,data/raw/isic2018/images/ISIC2018_Task1-2_Training_Input/ISIC_0015945.jpg,data/raw/isic2018/masks/ISIC2018_Task1_Training_GroundTruth/ISIC_0015945_segmentation.png,2000,3008,143624,0.023873670212765957,1346,644,1731,1234,386,591,0.03791988031914894,0.6531302876480541,False,False,False,False,False,1,1.0
ISIC_0015946,data/raw/isic2018/images/ISIC2018_Task1-2_Training_Input/ISIC_0015946.jpg,data/raw/isic2018/masks/ISIC2018_Task1_Training_GroundTruth/ISIC_0015946_segmentation.png,2000,3008,139853,0.023246841755319148,1312,633,1676,1225,365,593,0.03597822473404255,0.6155143338954469,False,False,False,False,False,1,1.0
ISIC_0015947,data/raw/isic2018/images/ISIC2018_Task1-2_Training_Input/ISIC_0015947.jpg,data/raw/isic2018/masks/ISIC2018_Task1_Training_GroundTruth/ISIC_0015947_segmentation.png,2000,3008,432401,0.07187516622340426,1089,604,1952,1270,864,667,0.09579255319148937,1.2953523238380809,False,False,False,False,False,1,1.0
ISIC_0015948,data/raw/isic2018/images/ISIC2018_Task1-2_Training_Input/ISIC_0015948.jpg,data/raw/isic2018/masks/ISIC2018_Task1_Training_GroundTruth/ISIC_0015948_segmentation.png,2000,3008,416553,0.06924085771276596,1038,743,1848,1408,811,666,0.0897815824468085,1.2177177177177176,False,False,False,False,False,1,1.0
ISIC_0015949,data/raw/isic2018/images/ISIC2018_Task1-2_Training_Input/ISIC_0015949.jpg,data/raw/isic2018/masks/ISIC2018_Task1_Training_GroundTruth/ISIC_0015949_segmentation.png,2000,3008,90597,0.01505934175531915,1345,760,1761,1070,417,311,0.021557014627659573,1.3408360128617363,False,False,False,False,False,1,1.0
ISIC_0015950,data/raw/isic2018/images/ISIC2018_Task1-2_Training_Input/ISIC_0015950.jpg,data/raw/isic2018/masks/ISIC2018_Task1_Training_GroundTruth/ISIC_0015950_segmentation.png,2000,3008,170250,0.028299534574468085,1225,712,1775,1199,551,488,0.04469547872340426,1.1290983606557377,False,False,False,False,False,1,1.0
ISIC_0015951,data/raw/isic2018/images/ISIC2018_Task1-2_Training_Input/ISIC_0015951.jpg,data/raw/isic2018/masks/ISIC2018_Task1_Training_GroundTruth/ISIC_0015951_segmentation.png,2000,3008,19261,0.003201628989361702,1448,911,1619,1073,172,163,0.0046602393617021275,1.0552147239263803,False,False,False,False,False,1,1.0
ISIC_0015952,data/raw/isic2018/images/ISIC2018_Task1-2_Training_Input/ISIC_0015952.jpg,data/raw/isic2018/masks/ISIC2018_Task1_Training_GroundTruth/ISIC_0015952_segmentation.png,2000,3008,108492,0.018033909574468085,1227,808,1664,1285,438,478,0.03480119680851064,0.9163179916317992,False,False,False,False,False,1,1.0
ISIC_0015953,data/raw/isic2018/images/ISIC2018_Task1-2_Training_Input/ISIC_0015953.jpg,data/raw/isic2018/masks/ISIC2018_Task1_Training_GroundTruth/ISIC_0015953_segmentation.png,2000,3008,526710,0.08755152925531914,1032,509,1841,1481,810,973,0.13100565159574468,0.8324768756423433,False,False,False,False,False,1,1.0
ISIC_0015955,data/raw/isic2018/images/ISIC2018_Task1-2_Training_Input/ISIC_0015955.jpg,data/raw/isic2018/masks/ISIC2018_Task1_Training_GroundTruth/ISIC_0015955_segmentation.png,2000,3008,1573203,0.26150315824468084,673,50,2287,1459,1615,1410,0.378515625,1.1453900709219857,False,False,False,False,False,1,1.0
ISIC_0015956,data/raw/isic2018/images/ISIC2018_Task1-2_Training_Input/ISIC_0015956.jpg,data/raw/isic2018/masks/ISIC2018_Task1_Training_GroundTruth/ISIC_0015956_segmentation.png,2000,3008,703470,0.11693317819148936,1055,457,2255,1323,1201,867,0.1730829454787234,1.3852364475201846,False,False,False,False,False,1,1.0
ISIC_0015957,data/raw/isic2018/images/ISIC2018_Task1-2_Training_Input/ISIC_0015957.jpg,data/raw/isic2018/masks/ISIC2018_Task1_Training_GroundTruth/ISIC_0015957_segmentation.png,2592,3872,1270948,0.12663607348739925,1356,565,2650,1934,1295,1370,0.1767746515023977,0.9452554744525548,False,False,False,False,False,1,1.0
ISIC_0015958,data/raw/isic2018/images/ISIC2018_Task1-2_Training_Input/ISIC_0015958.jpg,data/raw/isic2018/masks/ISIC2018_Task1_Training_GroundTruth/ISIC_0015958_segmentation.png,2592,3872,340150,0.033892228790429545,1423,1010,2213,1621,791,612,0.04823447543617998,1.292483660130719,False,False,False,False,False,1,1.0
ISIC_0015960,data/raw/isic2018/images/ISIC2018_Task1-2_Training_Input/ISIC_0015960.jpg,data/raw/isic2018/masks/ISIC2018_Task1_Training_GroundTruth/ISIC_0015960_segmentation.png,2000,3008,410521,0.06823819813829787,1027,578,1758,1343,732,766,0.09320345744680851,0.9556135770234987,False,False,False,False,False,1,1.0
ISIC_0015961,data/raw/isic2018/images/ISIC2018_Task1-2_Training_Input/ISIC_0015961.jpg,data/raw/isic2018/masks/ISIC2018_Task1_Training_GroundTruth/ISIC_0015961_segmentation.png,2000,3008,345712,0.057465425531914895,1234,610,1883,1395,650,786,0.08492353723404256,0.8269720101781171,False,False,False,False,False,1,1.0
ISIC_0015962,data/raw/isic2018/images/ISIC2018_Task1-2_Training_Input/ISIC_0015962.jpg,data/raw/isic2018/masks/ISIC2018_Task1_Training_GroundTruth/ISIC_0015962_segmentation.png,2000,3008,130159,0.021635472074468084,1393,716,1790,1209,398,494,0.03268151595744681,0.805668016194332,False,False,False,False,False,1,1.0
ISIC_0015963,data/raw/isic2018/images/ISIC2018_Task1-2_Training_Input/ISIC_0015963.jpg,data/raw/isic2018/masks/ISIC2018_Task1_Training_GroundTruth/ISIC_0015963_segmentation.png,2592,3872,341703,0.034046968262167125,1488,1048,2395,1633,908,586,0.0530167521171309,1.5494880546075085,False,False,False,False,False,1,1.0
ISIC_0015964,data/raw/isic2018/images/ISIC2018_Task1-2_Training_Input/ISIC_0015964.jpg,data/raw/isic2018/masks/ISIC2018_Task1_Training_GroundTruth/ISIC_0015964_segmentation.png,2000,3008,174310,0.02897440159574468,1245,631,1667,1164,423,534,0.037546875,0.7921348314606742,False,False,False,False,False,1,1.0
ISIC_0015965,data/raw/isic2018/images/ISIC2018_Task1-2_Training_Input/ISIC_0015965.jpg,data/raw/isic2018/masks/ISIC2018_Task1_Training_GroundTruth/ISIC_0015965_segmentation.png,2000,3008,192062,0.03192519946808511,1232,808,1858,1279,627,472,0.04919281914893617,1.3283898305084745,False,False,False,False,False,1,1.0
ISIC_0015966,data/raw/isic2018/images/ISIC2018_Task1-2_Training_Input/ISIC_0015966.jpg,data/raw/isic2018/masks/ISIC2018_Task1_Training_GroundTruth/ISIC_0015966_segmentation.png,2592,3872,726765,0.07241418684955617,1599,580,2439,1765,841,1186,0.09938259648250179,0.709106239460371,False,False,False,False,False,1,1.0
ISIC_0015967,data/raw/isic2018/images/ISIC2018_Task1-2_Training_Input/ISIC_0015967.jpg,data/raw/isic2018/masks/ISIC2018_Task1_Training_GroundTruth/ISIC_0015967_segmentation.png,2000,3008,1329684,0.2210246010638298,864,299,2180,1650,1317,1352,0.2959747340425532,0.974112426035503,False,False,False,False,False,1,1.0
ISIC_0015968,data/raw/isic2018/images/ISIC2018_Task1-2_Training_Input/ISIC_0015968.jpg,data/raw/isic2018/masks/ISIC2018_Task1_Training_GroundTruth/ISIC_0015968_segmentation.png,2000,3008,492124,0.08180252659574468,1223,488,1913,1441,691,954,0.10957679521276596,0.7243186582809225,False,False,False,False,False,1,1.0
ISIC_0015969,data/raw/isic2018/images/ISIC2018_Task1-2_Training_Input/ISIC_0015969.jpg,data/raw/isic2018/masks/ISIC2018_Task1_Training_GroundTruth/ISIC_0015969_segmentation.png,2000,3008,913868,0.15190625,1121,525,2201,1623,1081,1099,0.1974765625,0.9836214740673339,False,False,False,False,False,1,1.0
ISIC_0015971,data/raw/isic2018/images/ISIC2018_Task1-2_Training_Input/ISIC_0015971.jpg,data/raw/isic2018/masks/ISIC2018_Task1_Training_GroundTruth/ISIC_0015971_segmentation.png,2000,3008,106736,0.017742021276595743,1284,750,1646,1207,363,458,0.02763530585106383,0.7925764192139738,False,False,False,False,False,1,1.0
ISIC_0015972,data/raw/isic2018/images/ISIC2018_Task1-2_Training_Input/ISIC_0015972.jpg,data/raw/isic2018/masks/ISIC2018_Task1_Training_GroundTruth/ISIC_0015972_segmentation.png,2592,3872,756933,0.07542009823614937,1249,469,2292,1495,1044,1027,0.10683181244260789,1.0165530671859786,False,False,False,False,False,1,1.0
ISIC_0015973,data/raw/isic2018/images/ISIC2018_Task1-2_Training_Input/ISIC_0015973.jpg,data/raw/isic2018/masks/ISIC2018_Task1_Training_GroundTruth/ISIC_0015973_segmentation.png,753,1028,188768,0.24385983950062268,274,148,809,599,536,452,0.31297895318854285,1.1858407079646018,False,False,False,False,False,1,1.0
ISIC_0015974,data/raw/isic2018/images/ISIC2018_Task1-2_Training_Input/ISIC_0015974.jpg,data/raw/isic2018/masks/ISIC2018_Task1_Training_GroundTruth/ISIC_0015974_segmentation.png,753,1028,151457,0.19565964417298382,227,91,742,540,516,450,0.29996744539352316,1.1466666666666667,False,False,False,False,False,1,1.0
ISIC_0015975,data/raw/isic2018/images/ISIC2018_Task1-2_Training_Input/ISIC_0015975.jpg,data/raw/isic2018/masks/ISIC2018_Task1_Training_GroundTruth/ISIC_0015975_segmentation.png,2000,3008,280947,0.04669996675531915,1291,710,1995,1240,705,531,0.0622265625,1.3276836158192091,False,False,False,False,False,1,1.0
ISIC_0015976,data/raw/isic2018/images/ISIC2018_Task1-2_Training_Input/ISIC_0015976.jpg,data/raw/isic2018/masks/ISIC2018_Task1_Training_GroundTruth/ISIC_0015976_segmentation.png,2000,3008,211394,0.035138630319148934,1254,758,1854,1267,601,510,0.05094913563829787,1.1784313725490196,False,False,False,False,False,1,1.0
ISIC_0015978,data/raw/isic2018/images/ISIC2018_Task1-2_Training_Input/ISIC_0015978.jpg,data/raw/isic2018/masks/ISIC2018_Task1_Training_GroundTruth/ISIC_0015978_segmentation.png,2592,3872,324476,0.03233048604734211,1631,647,2272,1306,642,660,0.042219065656565656,0.9727272727272728,False,False,False,False,False,1,1.0
ISIC_0015980,data/raw/isic2018/images/ISIC2018_Task1-2_Training_Input/ISIC_0015980.jpg,data/raw/isic2018/masks/ISIC2018_Task1_Training_GroundTruth/ISIC_0015980_segmentation.png,2000,3008,285101,0.04739045877659574,1181,660,1952,1165,772,506,0.06493218085106384,1.5256916996047432,False,False,False,False,False,1,1.0
ISIC_0015981,data/raw/isic2018/images/ISIC2018_Task1-2_Training_Input/ISIC_0015981.jpg,data/raw/isic2018/masks/ISIC2018_Task1_Training_GroundTruth/ISIC_0015981_segmentation.png,2000,3008,229710,0.038183178191489364,1190,656,1729,1285,540,630,0.05654920212765958,0.8571428571428571,False,False,False,False,False,1,1.0
ISIC_0015982,data/raw/isic2018/images/ISIC2018_Task1-2_Training_Input/ISIC_0015982.jpg,data/raw/isic2018/masks/ISIC2018_Task1_Training_GroundTruth/ISIC_0015982_segmentation.png,2000,3008,419743,0.06977111037234042,1239,457,2016,1338,778,882,0.11406183510638297,0.8820861678004536,False,False,False,False,False,1,1.0
ISIC_0015983,data/raw/isic2018/images/ISIC2018_Task1-2_Training_Input/ISIC_0015983.jpg,data/raw/isic2018/masks/ISIC2018_Task1_Training_GroundTruth/ISIC_0015983_segmentation.png,2592,3872,2493383,0.24843835689598,827,0,2822,2462,1996,2463,0.48984040212733393,0.8103938286642306,True,False,False,True,False,1,1.0
ISIC_0015984,data/raw/isic2018/images/ISIC2018_Task1-2_Training_Input/ISIC_0015984.jpg,data/raw/isic2018/masks/ISIC2018_Task1_Training_GroundTruth/ISIC_0015984_segmentation.png,2592,3872,1031917,0.10281924755764718,1687,818,3000,1917,1314,1100,0.1440183080808081,1.1945454545454546,False,False,False,False,False,1,1.0
ISIC_0015985,data/raw/isic2018/images/ISIC2018_Task1-2_Training_Input/ISIC_0015985.jpg,data/raw/isic2018/masks/ISIC2018_Task1_Training_GroundTruth/ISIC_0015985_segmentation.png,2592,3872,218971,0.021818066236863585,1853,1108,2395,1660,543,553,0.02991951953244567,0.9819168173598554,False,False,False,False,False,1,1.0
ISIC_0015986,data/raw/isic2018/images/ISIC2018_Task1-2_Training_Input/ISIC_0015986.jpg,data/raw/isic2018/masks/ISIC2018_Task1_Training_GroundTruth/ISIC_0015986_segmentation.png,2000,3008,245594,0.04082347074468085,1197,590,1674,1401,478,812,0.06451728723404256,0.5886699507389163,False,False,False,False,False,1,1.0
ISIC_0015987,data/raw/isic2018/images/ISIC2018_Task1-2_Training_Input/ISIC_0015987.jpg,data/raw/isic2018/masks/ISIC2018_Task1_Training_GroundTruth/ISIC_0015987_segmentation.png,2000,3008,182633,0.0303578789893617,1212,608,1665,1284,454,677,0.05109009308510638,0.670605612998523,False,False,False,False,False,1,1.0
ISIC_0015989,data/raw/isic2018/images/ISIC2018_Task1-2_Training_Input/ISIC_0015989.jpg,data/raw/isic2018/masks/ISIC2018_Task1_Training_GroundTruth/ISIC_0015989_segmentation.png,2000,3008,166701,0.027709607712765958,1265,684,1675,1187,411,504,0.03443218085106383,0.8154761904761905,False,False,False,False,False,1,1.0
ISIC_0015990,data/raw/isic2018/images/ISIC2018_Task1-2_Training_Input/ISIC_0015990.jpg,data/raw/isic2018/masks/ISIC2018_Task1_Training_GroundTruth/ISIC_0015990_segmentation.png,2000,3008,468679,0.07790541888297872,985,698,1965,1362,981,665,0.10843833111702128,1.475187969924812,False,False,False,False,False,1,1.0
ISIC_0015991,data/raw/isic2018/images/ISIC2018_Task1-2_Training_Input/ISIC_0015991.jpg,data/raw/isic2018/masks/ISIC2018_Task1_Training_GroundTruth/ISIC_0015991_segmentation.png,2000,3008,205636,0.03418151595744681,1159,780,1926,1197,768,418,0.053361702127659574,1.8373205741626795,False,False,False,False,False,1,1.0
ISIC_0015993,data/raw/isic2018/images/ISIC2018_Task1-2_Training_Input/ISIC_0015993.jpg,data/raw/isic2018/masks/ISIC2018_Task1_Training_GroundTruth/ISIC_0015993_segmentation.png,2000,3008,184733,0.03070694813829787,1149,802,1857,1217,709,416,0.04902659574468085,1.7043269230769231,False,False,False,False,False,1,1.0
ISIC_0015994,data/raw/isic2018/images/ISIC2018_Task1-2_Training_Input/ISIC_0015994.jpg,data/raw/isic2018/masks/ISIC2018_Task1_Training_GroundTruth/ISIC_0015994_segmentation.png,2592,3872,154681,0.01541227059101112,1701,983,2162,1438,462,456,0.020991161616161616,1.013157894736842,False,False,False,False,False,1,1.0
ISIC_0015995,data/raw/isic2018/images/ISIC2018_Task1-2_Training_Input/ISIC_0015995.jpg,data/raw/isic2018/masks/ISIC2018_Task1_Training_GroundTruth/ISIC_0015995_segmentation.png,2000,3008,502669,0.08355535239361703,1193,732,2013,1557,821,826,0.11272373670212767,0.9939467312348669,False,False,False,False,False,1,1.0
ISIC_0015996,data/raw/isic2018/images/ISIC2018_Task1-2_Training_Input/ISIC_0015996.jpg,data/raw/isic2018/masks/ISIC2018_Task1_Training_GroundTruth/ISIC_0015996_segmentation.png,2000,3008,262023,0.04355435505319149,1182,996,1809,1651,628,656,0.06847872340425532,0.9573170731707317,False,False,False,False,False,1,1.0
ISIC_0015997,data/raw/isic2018/images/ISIC2018_Task1-2_Training_Input/ISIC_0015997.jpg,data/raw/isic2018/masks/ISIC2018_Task1_Training_GroundTruth/ISIC_0015997_segmentation.png,2592,3872,364658,0.03633418305530048,1560,1031,2244,1745,685,715,0.048800724256453425,0.958041958041958,False,False,False,False,False,1,1.0
ISIC_0015998,data/raw/isic2018/images/ISIC2018_Task1-2_Training_Input/ISIC_0015998.jpg,data/raw/isic2018/masks/ISIC2018_Task1_Training_GroundTruth/ISIC_0015998_segmentation.png,2592,3872,285049,0.02840201653530252,1607,992,2401,1552,795,561,0.044438525883838384,1.4171122994652405,False,False,False,False,False,1,1.0
ISIC_0015999,data/raw/isic2018/images/ISIC2018_Task1-2_Training_Input/ISIC_0015999.jpg,data/raw/isic2018/masks/ISIC2018_Task1_Training_GroundTruth/ISIC_0015999_segmentation.png,2000,3008,94707,0.01574251994680851,1379,770,1758,1160,380,391,0.024697473404255318,0.9718670076726342,False,False,False,False,False,1,1.0
ISIC_0016000,data/raw/isic2018/images/ISIC2018_Task1-2_Training_Input/ISIC_0016000.jpg,data/raw/isic2018/masks/ISIC2018_Task1_Training_GroundTruth/ISIC_0016000_segmentation.png,2592,3872,331855,0.033065722725997344,1648,917,2340,1622,693,706,0.048749210858585856,0.9815864022662889,False,False,False,False,False,1,1.0
ISIC_0016003,data/raw/isic2018/images/ISIC2018_Task1-2_Training_Input/ISIC_0016003.jpg,data/raw/isic2018/masks/ISIC2018_Task1_Training_GroundTruth/ISIC_0016003_segmentation.png,2000,3008,233306,0.03878091755319149,1152,715,1755,1310,604,596,0.05983776595744681,1.0134228187919463,False,False,False,False,False,1,1.0
ISIC_0016004,data/raw/isic2018/images/ISIC2018_Task1-2_Training_Input/ISIC_0016004.jpg,data/raw/isic2018/masks/ISIC2018_Task1_Training_GroundTruth/ISIC_0016004_segmentation.png,2848,4288,673667,0.05516333470463693,1635,744,2648,1999,1014,1256,0.10428763835317793,0.8073248407643312,False,False,False,False,False,1,1.0
ISIC_0016005,data/raw/isic2018/images/ISIC2018_Task1-2_Training_Input/ISIC_0016005.jpg,data/raw/isic2018/masks/ISIC2018_Task1_Training_GroundTruth/ISIC_0016005_segmentation.png,2848,4288,1276787,0.10454991654263793,1485,997,2939,2157,1455,1161,0.13832492754800435,1.2532299741602067,False,False,False,False,False,1,1.0
ISIC_0016006,data/raw/isic2018/images/ISIC2018_Task1-2_Training_Input/ISIC_0016006.jpg,data/raw/isic2018/masks/ISIC2018_Task1_Training_GroundTruth/ISIC_0016006_segmentation.png,2848,4288,531966,0.04356012467507966,1688,1483,2489,2353,802,871,0.05720022823033708,0.9207807118254879,False,False,False,False,False,1,1.0
ISIC_0016007,data/raw/isic2018/images/ISIC2018_Task1-2_Training_Input/ISIC_0016007.jpg,data/raw/isic2018/masks/ISIC2018_Task1_Training_GroundTruth/ISIC_0016007_segmentation.png,2848,4288,608745,0.049847185901601546,1757,1286,2721,2174,965,889,0.07024805637367935,1.0854893138357706,False,False,False,False,False,1,1.0
ISIC_0016008,data/raw/isic2018/images/ISIC2018_Task1-2_Training_Input/ISIC_0016008.jpg,data/raw/isic2018/masks/ISIC2018_Task1_Training_GroundTruth/ISIC_0016008_segmentation.png,2848,4288,1932687,0.15825839748763207,1010,581,2353,2610,1344,2030,0.22340893845379842,0.6620689655172414,False,False,False,False,False,1,1.0
ISIC_0016009,data/raw/isic2018/images/ISIC2018_Task1-2_Training_Input/ISIC_0016009.jpg,data/raw/isic2018/masks/ISIC2018_Task1_Training_GroundTruth/ISIC_0016009_segmentation.png,2848,4288,685710,0.056149477769159815,1725,974,2657,1970,933,997,0.07616966410049472,0.9358074222668004,False,False,False,False,False,1,1.0
ISIC_0016011,data/raw/isic2018/images/ISIC2018_Task1-2_Training_Input/ISIC_0016011.jpg,data/raw/isic2018/masks/ISIC2018_Task1_Training_GroundTruth/ISIC_0016011_segmentation.png,2848,4288,176746,0.01447287570224719,1861,1087,2369,1650,509,564,0.023507266162166696,0.9024822695035462,False,False,False,False,False,1,1.0
ISIC_0016012,data/raw/isic2018/images/ISIC2018_Task1-2_Training_Input/ISIC_0016012.jpg,data/raw/isic2018/masks/ISIC2018_Task1_Training_GroundTruth/ISIC_0016012_segmentation.png,2848,4288,339867,0.027830066005995305,1636,1648,2563,2253,928,606,0.04604959751802784,1.5313531353135315,False,False,False,False,False,1,1.0
ISIC_0016013,data/raw/isic2018/images/ISIC2018_Task1-2_Training_Input/ISIC_0016013.jpg,data/raw/isic2018/masks/ISIC2018_Task1_Training_GroundTruth/ISIC_0016013_segmentation.png,2848,4288,449094,0.03677413712686567,1735,1177,2367,2031,633,855,0.04431748058338923,0.7403508771929824,False,False,False,False,False,1,1.0
ISIC_0016014,data/raw/isic2018/images/ISIC2018_Task1-2_Training_Input/ISIC_0016014.jpg,data/raw/isic2018/masks/ISIC2018_Task1_Training_GroundTruth/ISIC_0016014_segmentation.png,2848,4288,575528,0.04712720631393594,1404,1378,2478,2209,1075,832,0.07323809324165688,1.2920673076923077,False,False,False,False,False,1,1.0
ISIC_0016015,data/raw/isic2018/images/ISIC2018_Task1-2_Training_Input/ISIC_0016015.jpg,data/raw/isic2018/masks/ISIC2018_Task1_Training_GroundTruth/ISIC_0016015_segmentation.png,2848,4288,854498,0.06997071131351669,1673,1024,2661,2173,989,1150,0.09313209453085695,0.86,False,False,False,False,False,1,1.0
ISIC_0016016,data/raw/isic2018/images/ISIC2018_Task1-2_Training_Input/ISIC_0016016.jpg,data/raw/isic2018/masks/ISIC2018_Task1_Training_GroundTruth/ISIC_0016016_segmentation.png,2848,4288,1942305,0.15904596902251383,607,452,2077,2205,1471,1754,0.21127470311713903,0.838654503990878,False,False,False,False,False,1,1.0
ISIC_0016017,data/raw/isic2018/images/ISIC2018_Task1-2_Training_Input/ISIC_0016017.jpg,data/raw/isic2018/masks/ISIC2018_Task1_Training_GroundTruth/ISIC_0016017_segmentation.png,2848,4288,271056,0.022195465789032365,1731,1180,2465,1742,735,563,0.03388449147346134,1.3055062166962699,False,False,False,False,False,1,1.0
ISIC_0016019,data/raw/isic2018/images/ISIC2018_Task1-2_Training_Input/ISIC_0016019.jpg,data/raw/isic2018/masks/ISIC2018_Task1_Training_GroundTruth/ISIC_0016019_segmentation.png,2000,3008,267782,0.044511635638297874,1216,687,1816,1278,601,592,0.05914095744680851,1.0152027027027026,False,False,False,False,False,1,1.0
ISIC_0016022,data/raw/isic2018/images/ISIC2018_Task1-2_Training_Input/ISIC_0016022.jpg,data/raw/isic2018/masks/ISIC2018_Task1_Training_GroundTruth/ISIC_0016022_segmentation.png,2848,4288,432452,0.035411404179942985,1210,1633,2056,2424,847,792,0.05493053517524736,1.0694444444444444,False,False,False,False,False,1,1.0
ISIC_0016023,data/raw/isic2018/images/ISIC2018_Task1-2_Training_Input/ISIC_0016023.jpg,data/raw/isic2018/masks/ISIC2018_Task1_Training_GroundTruth/ISIC_0016023_segmentation.png,2592,3872,410668,0.040918576548311394,1560,845,2315,1489,756,645,0.0485860020661157,1.172093023255814,False,False,False,False,False,1,1.0
ISIC_0016024,data/raw/isic2018/images/ISIC2018_Task1-2_Training_Input/ISIC_0016024.jpg,data/raw/isic2018/masks/ISIC2018_Task1_Training_GroundTruth/ISIC_0016024_segmentation.png,2592,3872,947779,0.09443581570120396,1388,783,2401,2044,1014,1262,0.12750492615549433,0.803486529318542,False,False,False,False,False,1,1.0
ISIC_0016025,data/raw/isic2018/images/ISIC2018_Task1-2_Training_Input/ISIC_0016025.jpg,data/raw/isic2018/masks/ISIC2018_Task1_Training_GroundTruth/ISIC_0016025_segmentation.png,2000,3008,1358484,0.22581183510638297,729,351,2050,1798,1322,1448,0.3181941489361702,0.9129834254143646,False,False,False,False,False,1,1.0
ISIC_0016026,data/raw/isic2018/images/ISIC2018_Task1-2_Training_Input/ISIC_0016026.jpg,data/raw/isic2018/masks/ISIC2018_Task1_Training_GroundTruth/ISIC_0016026_segmentation.png,2000,3008,125272,0.02082313829787234,1304,778,1771,1252,468,475,0.03695146276595745,0.9852631578947368,False,False,False,False,False,1,1.0
ISIC_0016027,data/raw/isic2018/images/ISIC2018_Task1-2_Training_Input/ISIC_0016027.jpg,data/raw/isic2018/masks/ISIC2018_Task1_Training_GroundTruth/ISIC_0016027_segmentation.png,2848,4288,105240,0.008617594960590306,2003,1168,2368,1603,366,436,0.013066907387221197,0.8394495412844036,False,False,False,False,False,1,1.0
ISIC_0016028,data/raw/isic2018/images/ISIC2018_Task1-2_Training_Input/ISIC_0016028.jpg,data/raw/isic2018/masks/ISIC2018_Task1_Training_GroundTruth/ISIC_0016028_segmentation.png,2592,3872,202473,0.020174220902203856,1618,690,2226,1245,609,556,0.03373818679216407,1.0953237410071943,False,False,False,False,False,1,1.0
ISIC_0016029,data/raw/isic2018/images/ISIC2018_Task1-2_Training_Input/ISIC_0016029.jpg,data/raw/isic2018/masks/ISIC2018_Task1_Training_GroundTruth/ISIC_0016029_segmentation.png,2848,4288,1304768,0.10684114539661245,1301,949,2769,2101,1469,1153,0.13869357456921852,1.2740676496097139,False,False,False,False,False,1,1.0
ISIC_0016030,data/raw/isic2018/images/ISIC2018_Task1-2_Training_Input/ISIC_0016030.jpg,data/raw/isic2018/masks/ISIC2018_Task1_Training_GroundTruth/ISIC_0016030_segmentation.png,2848,4288,1131607,0.09266182801756666,1013,469,2236,1726,1224,1258,0.1260861248532618,0.972972972972973,False,False,False,False,False,1,1.0
ISIC_0016033,data/raw/isic2018/images/ISIC2018_Task1-2_Training_Input/ISIC_0016033.jpg,data/raw/isic2018/masks/ISIC2018_Task1_Training_GroundTruth/ISIC_0016033_segmentation.png,2592,3872,914207,0.09109073292903785,1295,478,2518,1635,1224,1158,0.14122761707988982,1.0569948186528497,False,False,False,False,False,1,1.0
ISIC_0016034,data/raw/isic2018/images/ISIC2018_Task1-2_Training_Input/ISIC_0016034.jpg,data/raw/isic2018/masks/ISIC2018_Task1_Training_GroundTruth/ISIC_0016034_segmentation.png,2848,4288,331416,0.02713805446084186,3115,681,3870,1428,756,748,0.04630507923863827,1.0106951871657754,False,False,False,False,False,1,1.0
ISIC_0016035,data/raw/isic2018/images/ISIC2018_Task1-2_Training_Input/ISIC_0016035.jpg,data/raw/isic2018/masks/ISIC2018_Task1_Training_GroundTruth/ISIC_0016035_segmentation.png,2848,4288,6621784,0.542225887766225,906,39,4126,2534,3221,2496,0.6583252976689585,1.2904647435897436,False,False,False,False,False,1,1.0
ISIC_0016036,data/raw/isic2018/images/ISIC2018_Task1-2_Training_Input/ISIC_0016036.jpg,data/raw/isic2018/masks/ISIC2018_Task1_Training_GroundTruth/ISIC_0016036_segmentation.png,2848,4288,3529990,0.28905382017231257,941,724,3211,2719,2271,1996,0.3711785830328694,1.1377755511022045,False,False,False,False,False,1,1.0
ISIC_0016037,data/raw/isic2018/images/ISIC2018_Task1-2_Training_Input/ISIC_0016037.jpg,data/raw/isic2018/masks/ISIC2018_Task1_Training_GroundTruth/ISIC_0016037_segmentation.png,2848,4288,1606568,0.1315540887556599,1552,1131,3415,2269,1864,1139,0.1738500702247191,1.636523266022827,False,False,False,False,False,1,1.0
ISIC_0016038,data/raw/isic2018/images/ISIC2018_Task1-2_Training_Input/ISIC_0016038.jpg,data/raw/isic2018/masks/ISIC2018_Task1_Training_GroundTruth/ISIC_0016038_segmentation.png,2000,3008,107070,0.017797539893617022,1350,770,1802,1108,453,339,0.025526429521276595,1.336283185840708,False,False,False,False,False,1,1.0
ISIC_0016040,data/raw/isic2018/images/ISIC2018_Task1-2_Training_Input/ISIC_0016040.jpg,data/raw/isic2018/masks/ISIC2018_Task1_Training_GroundTruth/ISIC_0016040_segmentation.png,2848,4288,414863,0.033971125980001675,1641,772,2522,1618,882,847,0.06117264144516183,1.0413223140495869,False,False,False,False,False,1,1.0
ISIC_0016041,data/raw/isic2018/images/ISIC2018_Task1-2_Training_Input/ISIC_0016041.jpg,data/raw/isic2018/masks/ISIC2018_Task1_Training_GroundTruth/ISIC_0016041_segmentation.png,2000,3008,278766,0.0463374335106383,1253,778,1791,1423,539,646,0.057877992021276595,0.8343653250773994,False,False,False,False,False,1,1.0
ISIC_0016042,data/raw/isic2018/images/ISIC2018_Task1-2_Training_Input/ISIC_0016042.jpg,data/raw/isic2018/masks/ISIC2018_Task1_Training_GroundTruth/ISIC_0016042_segmentation.png,2848,4288,314909,0.02578637601144558,1776,988,2684,1783,909,796,0.05924915887556599,1.1419597989949748,False,False,False,False,False,1,1.0
ISIC_0016043,data/raw/isic2018/images/ISIC2018_Task1-2_Training_Input/ISIC_0016043.jpg,data/raw/isic2018/masks/ISIC2018_Task1_Training_GroundTruth/ISIC_0016043_segmentation.png,2848,4288,387357,0.031718792580286766,1651,1382,2451,2003,801,622,0.04079699160447761,1.287781350482315,False,False,False,False,False,1,1.0
ISIC_0016044,data/raw/isic2018/images/ISIC2018_Task1-2_Training_Input/ISIC_0016044.jpg,data/raw/isic2018/masks/ISIC2018_Task1_Training_GroundTruth/ISIC_0016044_segmentation.png,2848,4288,706687,0.05786718291443065,1731,841,2638,1895,908,1055,0.07844107674408854,0.8606635071090047,False,False,False,False,False,1,1.0
ISIC_0016045,data/raw/isic2018/images/ISIC2018_Task1-2_Training_Input/ISIC_0016045.jpg,data/raw/isic2018/masks/ISIC2018_Task1_Training_GroundTruth/ISIC_0016045_segmentation.png,2592,3872,203288,0.020255426742169166,1607,882,2214,1382,608,501,0.03035085705540251,1.2135728542914173,False,False,False,False,False,1,1.0
ISIC_0016046,data/raw/isic2018/images/ISIC2018_Task1-2_Training_Input/ISIC_0016046.jpg,data/raw/isic2018/masks/ISIC2018_Task1_Training_GroundTruth/ISIC_0016046_segmentation.png,2000,3008,269026,0.04471841755319149,1240,580,1826,1275,587,696,0.06791090425531915,0.8433908045977011,False,False,False,False,False,1,1.0
ISIC_0016048,data/raw/isic2018/images/ISIC2018_Task1-2_Training_Input/ISIC_0016048.jpg,data/raw/isic2018/masks/ISIC2018_Task1_Training_GroundTruth/ISIC_0016048_segmentation.png,2848,4288,159084,0.013026619885124937,1824,1426,2286,1911,463,486,0.018425636477024988,0.9526748971193416,False,False,False,False,False,1,1.0
ISIC_0016050,data/raw/isic2018/images/ISIC2018_Task1-2_Training_Input/ISIC_0016050.jpg,data/raw/isic2018/masks/ISIC2018_Task1_Training_GroundTruth/ISIC_0016050_segmentation.png,2848,4288,200192,0.01639275532450109,1892,1551,2417,2154,526,604,0.02601524505282576,0.8708609271523179,False,False,False,False,False,1,1.0
ISIC_0016051,data/raw/isic2018/images/ISIC2018_Task1-2_Training_Input/ISIC_0016051.jpg,data/raw/isic2018/masks/ISIC2018_Task1_Training_GroundTruth/ISIC_0016051_segmentation.png,2848,4288,350005,0.02866021782764548,1541,1118,2282,1736,742,619,0.03760969336952876,1.198707592891761,False,False,False,False,False,1,1.0
ISIC_0016052,data/raw/isic2018/images/ISIC2018_Task1-2_Training_Input/ISIC_0016052.jpg,data/raw/isic2018/masks/ISIC2018_Task1_Training_GroundTruth/ISIC_0016052_segmentation.png,2848,4288,2228822,0.1825074613764045,1323,523,2919,2363,1597,1841,0.2407486957330622,0.8674633351439435,False,False,False,False,False,1,1.0
ISIC_0016053,data/raw/isic2018/images/ISIC2018_Task1-2_Training_Input/ISIC_0016053.jpg,data/raw/isic2018/masks/ISIC2018_Task1_Training_GroundTruth/ISIC_0016053_segmentation.png,2848,4288,104867,0.008587051793350663,1643,1232,2006,1651,364,420,0.012518604309911118,0.8666666666666667,False,False,False,False,False,1,1.0
ISIC_0016054,data/raw/isic2018/images/ISIC2018_Task1-2_Training_Input/ISIC_0016054.jpg,data/raw/isic2018/masks/ISIC2018_Task1_Training_GroundTruth/ISIC_0016054_segmentation.png,2848,4288,1246796,0.10209409850327017,1753,1114,2976,2412,1224,1299,0.13019545006708033,0.9422632794457275,False,False,False,False,False,1,1.0
ISIC_0016055,data/raw/isic2018/images/ISIC2018_Task1-2_Training_Input/ISIC_0016055.jpg,data/raw/isic2018/masks/ISIC2018_Task1_Training_GroundTruth/ISIC_0016055_segmentation.png,2848,4288,3356767,0.27486942591292135,1153,242,3223,2421,2071,2180,0.36969351364665437,0.95,False,False,False,False,False,1,1.0
ISIC_0016056,data/raw/isic2018/images/ISIC2018_Task1-2_Training_Input/ISIC_0016056.jpg,data/raw/isic2018/masks/ISIC2018_Task1_Training_GroundTruth/ISIC_0016056_segmentation.png,2848,4288,148708,0.01217697939376153,2038,1039,2450,1604,413,566,0.019141312835401644,0.7296819787985865,False,False,False,False,False,1,1.0
ISIC_0016057,data/raw/isic2018/images/ISIC2018_Task1-2_Training_Input/ISIC_0016057.jpg,data/raw/isic2018/masks/ISIC2018_Task1_Training_GroundTruth/ISIC_0016057_segmentation.png,2848,4288,540865,0.04428882077498742,1566,1074,2709,1866,1144,793,0.07428556829615965,1.4426229508196722,False,False,False,False,False,1,1.0
ISIC_0016058,data/raw/isic2018/images/ISIC2018_Task1-2_Training_Input/ISIC_0016058.jpg,data/raw/isic2018/masks/ISIC2018_Task1_Training_GroundTruth/ISIC_0016058_segmentation.png,2848,4288,247725,0.020285002960967635,1844,1734,2318,2458,475,725,0.02819920433821063,0.6551724137931034,False,False,False,False,False,1,1.0
ISIC_0016059,data/raw/isic2018/images/ISIC2018_Task1-2_Training_Input/ISIC_0016059.jpg,data/raw/isic2018/masks/ISIC2018_Task1_Training_GroundTruth/ISIC_0016059_segmentation.png,2848,4288,220891,0.018087696393384204,1869,1507,2437,2088,569,582,0.02711692808779138,0.9776632302405498,False,False,False,False,False,1,1.0
ISIC_0016060,data/raw/isic2018/images/ISIC2018_Task1-2_Training_Input/ISIC_0016060.jpg,data/raw/isic2018/masks/ISIC2018_Task1_Training_GroundTruth/ISIC_0016060_segmentation.png,2848,4288,292177,0.023924962398331376,1908,981,2591,1597,684,617,0.03455783320057018,1.1085899513776336,False,False,False,False,False,1,1.0
ISIC_0016061,data/raw/isic2018/images/ISIC2018_Task1-2_Training_Input/ISIC_0016061.jpg,data/raw/isic2018/masks/ISIC2018_Task1_Training_GroundTruth/ISIC_0016061_segmentation.png,2848,4288,152696,0.012503537439208453,1891,1485,2332,1921,442,437,0.015816447520124097,1.011441647597254,False,False,False,False,False,1,1.0
ISIC_0016062,data/raw/isic2018/images/ISIC2018_Task1-2_Training_Input/ISIC_0016062.jpg,data/raw/isic2018/masks/ISIC2018_Task1_Training_GroundTruth/ISIC_0016062_segmentation.png,2848,4288,383846,0.03143129375943317,1731,1113,2532,1797,802,685,0.044985254119151434,1.1708029197080292,False,False,False,False,False,1,1.0
ISIC_0016063,data/raw/isic2018/images/ISIC2018_Task1-2_Training_Input/ISIC_0016063.jpg,data/raw/isic2018/masks/ISIC2018_Task1_Training_GroundTruth/ISIC_0016063_segmentation.png,2848,4288,178165,0.01458907075402482,2025,1509,2556,2028,532,520,0.022652712560791547,1.023076923076923,False,False,False,False,False,1,1.0
ISIC_0016064,data/raw/isic2018/images/ISIC2018_Task1-2_Training_Input/ISIC_0016064.jpg,data/raw/isic2018/masks/ISIC2018_Task1_Training_GroundTruth/ISIC_0016064_segmentation.png,2848,4288,221387,0.01812831143614791,1828,1018,2444,1572,617,555,0.028040347114497734,1.1117117117117117,False,False,False,False,False,1,1.0
ISIC_0016065,data/raw/isic2018/images/ISIC2018_Task1-2_Training_Input/ISIC_0016065.jpg,data/raw/isic2018/masks/ISIC2018_Task1_Training_GroundTruth/ISIC_0016065_segmentation.png,2848,4288,138478,0.01133929413676002,1927,1095,2384,1599,458,505,0.018939220243585443,0.906930693069307,False,False,False,False,False,1,1.0
ISIC_0016066,data/raw/isic2018/images/ISIC2018_Task1-2_Training_Input/ISIC_0016066.jpg,data/raw/isic2018/masks/ISIC2018_Task1_Training_GroundTruth/ISIC_0016066_segmentation.png,2848,4288,1108091,0.0907362164336324,1745,1430,2927,2645,1183,1216,0.11779410531611605,0.9728618421052632,False,False,False,False,False,1,1.0
ISIC_0016068,data/raw/isic2018/images/ISIC2018_Task1-2_Training_Input/ISIC_0016068.jpg,data/raw/isic2018/masks/ISIC2018_Task1_Training_GroundTruth/ISIC_0016068_segmentation.png,2848,4288,1567055,0.12831856015742915,1465,782,2949,2387,1485,1606,0.19528875330160994,0.9246575342465754,False,False,False,False,False,1,1.0
ISIC_0016069,data/raw/isic2018/images/ISIC2018_Task1-2_Training_Input/ISIC_0016069.jpg,data/raw/isic2018/masks/ISIC2018_Task1_Training_GroundTruth/ISIC_0016069_segmentation.png,2848,4288,273238,0.022374139223125943,1885,1481,2501,2110,617,630,0.03182958321105148,0.9793650793650793,False,False,False,False,False,1,1.0
ISIC_0016070,data/raw/isic2018/images/ISIC2018_Task1-2_Training_Input/ISIC_0016070.jpg,data/raw/isic2018/masks/ISIC2018_Task1_Training_GroundTruth/ISIC_0016070_segmentation.png,2848,4288,302964,0.024808257693275198,1895,1332,2603,1901,709,570,0.03309225248406842,1.243859649122807,False,False,False,False,False,1,1.0
ISIC_0016071,data/raw/isic2018/images/ISIC2018_Task1-2_Training_Input/ISIC_0016071.jpg,data/raw/isic2018/masks/ISIC2018_Task1_Training_GroundTruth/ISIC_0016071_segmentation.png,2848,4288,384937,0.03152063047647996,1590,1230,2570,1797,981,568,0.04562707005701828,1.727112676056338,False,False,False,False,False,1,1.0
ISIC_0016072,data/raw/isic2018/images/ISIC2018_Task1-2_Training_Input/ISIC_0016072.jpg,data/raw/isic2018/masks/ISIC2018_Task1_Training_GroundTruth/ISIC_0016072_segmentation.png,2848,4288,1265311,0.10361020236772597,1649,1266,2927,2551,1279,1286,0.13468423114413886,0.994556765163297,False,False,False,False,False,1,1.0
