split,image_id,area_fraction,overlaps_isic2019
train,ISIC_0000000,0.46973238045910437,True
train,ISIC_0000001,0.07050367788700736,True
train,ISIC_0000003,0.3365693976327828,True
train,ISIC_0000004,0.3449738095663334,True
train,ISIC_0000006,0.09172264930333192,True
train,ISIC_0000007,0.08805879516350842,True
train,ISIC_0000008,0.33748408545250896,True
train,ISIC_0000009,0.2313790226490482,True
train,ISIC_0000011,0.18024708052569674,True
train,ISIC_0000012,0.0503218629524643,True
train,ISIC_0000013,0.2757675340679752,True
train,ISIC_0000014,0.28055784475566226,True
train,ISIC_0000015,0.2277419585290493,True
train,ISIC_0000016,0.20810104685191752,True
train,ISIC_0000017,0.15428888773721802,False
train,ISIC_0000018,0.23557198518741873,False
train,ISIC_0000019,0.32150698226636265,False
train,ISIC_0000020,0.239541912443699,False
train,ISIC_0000021,0.25398288355351184,False
train,ISIC_0000022,0.40905091589242976,False
train,ISIC_0000023,0.17712495053050148,False
train,ISIC_0000024,0.33282313005295594,False
train,ISIC_0000025,0.1961406724082694,False
train,ISIC_0000026,0.5335939119537154,False
train,ISIC_0000027,0.19029797127942258,False
train,ISIC_0000028,0.24007606524320146,False
train,ISIC_0000029,0.3876859817575335,False
train,ISIC_0000030,0.49775559598252567,False
train,ISIC_0000031,0.32612001300341104,False
train,ISIC_0000035,0.4655362493639636,False
train,ISIC_0000036,0.3923155023274221,False
train,ISIC_0000037,0.4297815803855794,False
train,ISIC_0000038,0.5224461960311328,False
train,ISIC_0000039,0.22121228539660404,False
train,ISIC_0000040,0.2685840416109153,False
train,ISIC_0000041,0.06928262160073874,False
train,ISIC_0000042,0.33521651150519194,False
train,ISIC_0000043,0.4100002591259446,False
train,ISIC_0000044,0.5100511420387087,False
train,ISIC_0000045,0.32183147861975386,False
train,ISIC_0000046,0.3805947647136423,False
train,ISIC_0000049,0.655867789231668,False
train,ISIC_0000050,0.28205387935096016,False
train,ISIC_0000051,0.2873111914139796,False
train,ISIC_0000054,0.21147975048527223,False
train,ISIC_0000056,0.4973262913894804,False
train,ISIC_0000057,0.19623961140531068,False
train,ISIC_0000058,0.47335949720143977,False
train,ISIC_0000059,0.42730928330475093,False
train,ISIC_0000062,0.0821264346154571,False
train,ISIC_0000063,0.43302065469347756,False
train,ISIC_0000064,0.3378360392363794,False
train,ISIC_0000065,0.2574257250815069,False
train,ISIC_0000066,0.5062888373137681,True
train,ISIC_0000067,0.2761790130211183,True
train,ISIC_0000068,0.36380664704764426,True
train,ISIC_0000069,0.13102105695558214,True
train,ISIC_0000071,0.09008973380926016,True
train,ISIC_0000073,0.343955788812998,True
train,ISIC_0000077,0.41464921414168066,False
train,ISIC_0000078,0.11222214631664248,False
train,ISIC_0000080,0.18533323489813544,False
train,ISIC_0000081,0.1140899658203125,False
train,ISIC_0000085,0.12877559661865234,False
train,ISIC_0000086,0.2349634281486562,False
train,ISIC_0000087,0.38705889383951825,False
train,ISIC_0000088,0.220306396484375,False
train,ISIC_0000089,0.12315845489501953,False
train,ISIC_0000091,0.13789685567220053,False
train,ISIC_0000092,0.08748308817545573,False
train,ISIC_0000093,0.10937086741129558,False
train,ISIC_0000094,0.059680938720703125,False
train,ISIC_0000095,0.0778656005859375,False
train,ISIC_0000096,0.2753582000732422,False
train,ISIC_0000097,0.243467648824056,False
train,ISIC_0000098,0.022532145182291668,False
train,ISIC_0000099,0.39893849690755206,False
train,ISIC_0000100,0.3857860336904053,False
train,ISIC_0000101,0.38988833234146664,False
train,ISIC_0000103,0.39398924509684247,False
train,ISIC_0000104,0.23731231689453125,False
train,ISIC_0000107,0.19564247131347656,False
train,ISIC_0000108,0.18654314676920572,False
train,ISIC_0000109,0.3553476333618164,False
train,ISIC_0000111,0.6033420562744141,False
train,ISIC_0000112,0.20266342163085938,False
train,ISIC_0000113,0.1806818854381887,False
train,ISIC_0000115,0.2164281209309896,False
train,ISIC_0000116,0.3614047368367513,False
train,ISIC_0000117,0.22948710123697916,False
train,ISIC_0000119,0.16963672637939453,False
train,ISIC_0000120,0.42151832580566406,False
train,ISIC_0000122,0.39069175720214844,False
train,ISIC_0000124,0.2411184310913086,False
train,ISIC_0000125,0.014539082845052084,False
train,ISIC_0000126,0.2548942565917969,False
train,ISIC_0000127,0.4293721516927083,False
train,ISIC_0000128,0.15173848470052084,False
train,ISIC_0000129,0.09349950154622395,False
train,ISIC_0000131,0.26021448771158856,False
train,ISIC_0000132,0.04575475056966146,False
train,ISIC_0000133,0.14201068878173828,False
train,ISIC_0000134,0.08986759185791016,False
train,ISIC_0000135,0.10120423981683528,False
train,ISIC_0000136,0.5140606562296549,False
train,ISIC_0000138,0.1796410878499349,False
train,ISIC_0000139,0.2677491243220558,False
train,ISIC_0000140,0.3477774796078685,False
train,ISIC_0000141,0.17194843292236328,False
train,ISIC_0000142,0.36233774820963544,False
train,ISIC_0000143,0.2782270868261952,False
train,ISIC_0000145,0.30443795522054035,False
train,ISIC_0000146,0.370327631632487,False
train,ISIC_0000147,0.4887584050496419,False
train,ISIC_0000150,0.32337220509847003,False
train,ISIC_0000151,0.09932549794514973,False
train,ISIC_0000152,0.22641464874511,False
train,ISIC_0000153,0.27922453703703703,False
train,ISIC_0000154,0.09933535257975261,False
train,ISIC_0000156,0.31413841247558594,False
train,ISIC_0000157,0.33345880239777986,True
train,ISIC_0000159,0.38197549594938884,True
train,ISIC_0000160,0.7110546834923567,True
train,ISIC_0000161,0.4914942904557148,True
train,ISIC_0000162,0.4143720824688797,True
train,ISIC_0000163,0.295245774687243,True
train,ISIC_0000165,0.11401836492226093,True
train,ISIC_0000166,0.49441639153233635,True
train,ISIC_0000167,0.2677112395376644,True
train,ISIC_0000169,0.28178440371661334,True
train,ISIC_0000170,0.38522298657889625,True
train,ISIC_0000171,0.4114799446749654,True
train,ISIC_0000172,0.3582392024528523,True
train,ISIC_0000175,0.22449814054011955,True
train,ISIC_0000176,0.17048223121230807,False
train,ISIC_0000177,0.12244197326172611,False
train,ISIC_0000179,0.41237953103117225,False
train,ISIC_0000181,0.21526895316235506,False
train,ISIC_0000183,0.45996884428055923,False
train,ISIC_0000184,0.4106174369295289,False
train,ISIC_0000186,0.10526851316325,False
train,ISIC_0000188,0.5846181924743842,False
train,ISIC_0000190,0.6023017707105799,True
train,ISIC_0000191,0.13083031695132782,False
train,ISIC_0000193,0.30713398770104067,False
train,ISIC_0000197,0.30208057509112496,False
train,ISIC_0000198,0.19495101157908132,True
train,ISIC_0000201,0.1671120540176659,False
train,ISIC_0000202,0.8070406600270366,False
train,ISIC_0000203,0.9324706290755999,False
train,ISIC_0000204,0.5064349942788057,False
train,ISIC_0000205,0.6826940297926352,False
train,ISIC_0000206,0.1711267311203204,False
train,ISIC_0000207,0.8530039142360524,False
train,ISIC_0000208,0.7230144140194932,False
train,ISIC_0000210,0.08871932209626805,True
train,ISIC_0000211,0.14149398199843305,True
train,ISIC_0000212,0.6873613680735146,True
train,ISIC_0000213,0.38333727348415547,True
train,ISIC_0000214,0.24908948419279522,True
train,ISIC_0000216,0.45780491992580047,True
train,ISIC_0000218,0.23441710265577656,False
train,ISIC_0000219,0.37349549960825923,True
train,ISIC_0000221,0.15792669891030547,True
train,ISIC_0000222,0.5258253486767137,True
train,ISIC_0000223,0.5359864869754575,True
train,ISIC_0000224,0.6144363897596656,True
train,ISIC_0000225,0.0998134153091944,True
train,ISIC_0000226,0.47487372801817823,True
train,ISIC_0000227,0.1646092849715226,True
train,ISIC_0000228,0.38866614121060505,True
train,ISIC_0000230,0.6324762333664411,True
train,ISIC_0000234,0.42727644576757,True
train,ISIC_0000235,0.6482666000693156,True
train,ISIC_0000236,0.4908650716145833,True
train,ISIC_0000239,0.41310373942057294,True
train,ISIC_0000240,0.17276636759440103,True
train,ISIC_0000243,0.44239185474537035,True
train,ISIC_0000244,0.2880744934082031,True
train,ISIC_0000246,0.49055735270182294,True
train,ISIC_0000247,0.11869303385416667,True
train,ISIC_0000249,0.1637751261393229,True
train,ISIC_0000250,0.3130238850911458,True
train,ISIC_0000251,0.10718154907226562,True
train,ISIC_0000252,0.20945909288194445,True
train,ISIC_0000253,0.09870515046296297,True
train,ISIC_0000255,0.19980494181315103,True
train,ISIC_0000258,0.5331637064615885,True
train,ISIC_0000260,0.1643651326497396,True
train,ISIC_0000261,0.08427937825520833,True
train,ISIC_0000262,0.06553593388310185,True
train,ISIC_0000264,0.4820289611816406,True
train,ISIC_0000268,0.5565745035807291,True
train,ISIC_0000269,0.19575783058449073,True
train,ISIC_0000271,0.2064666748046875,True
train,ISIC_0000274,0.3070119222005208,True
train,ISIC_0000275,0.08864847819010417,True
train,ISIC_0000276,0.42429478963216144,True
train,ISIC_0000279,0.57122802734375,True
train,ISIC_0000281,0.2785085042317708,True
train,ISIC_0000282,0.42823537190755206,True
train,ISIC_0000288,0.7910029093424479,True
train,ISIC_0000292,0.6444524129231771,True
train,ISIC_0000293,0.7845878601074219,True
train,ISIC_0000295,0.699125380269448,True
train,ISIC_0000298,0.1138997537302622,True
train,ISIC_0000300,0.47097955599014923,True
train,ISIC_0000301,0.8423986853541938,True
train,ISIC_0000303,0.9089978994640011,True
train,ISIC_0000306,0.13894094958713601,True
train,ISIC_0000307,0.7655254056207446,True
train,ISIC_0000310,0.7384493155149935,True
train,ISIC_0000311,0.7632279443720121,True
train,ISIC_0000313,0.22764106185716354,True
train,ISIC_0000314,0.3300648268868608,True
train,ISIC_0000315,0.16670514631319716,True
train,ISIC_0000316,0.40084700492539477,True
train,ISIC_0000317,0.034962154135882946,True
train,ISIC_0000319,0.15714408590467913,True
train,ISIC_0000320,0.36156154932637985,True
train,ISIC_0000321,0.4384438830943068,True
train,ISIC_0000322,0.2956051716644937,True
train,ISIC_0000323,0.08556515283210199,True
train,ISIC_0000325,0.28284803708532524,True
train,ISIC_0000326,0.15401365348399246,True
train,ISIC_0000328,0.42267628205128205,True
train,ISIC_0000329,0.15083568738229755,True
train,ISIC_0000330,0.1762050919889903,True
train,ISIC_0000331,0.29655584528465884,True
train,ISIC_0000332,0.14013834564682023,True
train,ISIC_0000336,0.13714146023468057,True
train,ISIC_0000338,0.1512770715630885,True
train,ISIC_0000340,0.15486246921628277,True
train,ISIC_0000341,0.23250307837172243,True
train,ISIC_0000342,0.1694394647254817,True
train,ISIC_0000343,0.3242159206142257,True
train,ISIC_0000345,0.05047850572214979,True
train,ISIC_0000348,0.2101169781254527,True
train,ISIC_0000349,0.1278995545415037,True
train,ISIC_0000350,0.19087262784296682,True
train,ISIC_0000351,0.12868951904968853,True
train,ISIC_0000352,0.10923239895697523,True
train,ISIC_0000353,0.23968519122120818,True
train,ISIC_0000354,0.4248085071707953,True
train,ISIC_0000355,0.3912293568013907,True
train,ISIC_0000357,0.08936784731276257,True
train,ISIC_0000358,0.1751797225843836,True
train,ISIC_0000359,0.6798402868318123,True
train,ISIC_0000360,0.08206803201506592,True
train,ISIC_0000361,0.3392456178473128,True
train,ISIC_0000363,0.22772481167608286,True
train,ISIC_0000364,0.47001077430102856,True
train,ISIC_0000365,0.1438074931189338,True
train,ISIC_0000367,0.3623650948862813,True
train,ISIC_0000368,0.6424765500507026,True
train,ISIC_0000372,0.2822640518615095,True
train,ISIC_0000374,0.14529009126466755,True
train,ISIC_0000378,0.3499195329933354,False
train,ISIC_0000380,0.4079786893676724,False
train,ISIC_0000381,0.33649221763623577,False
train,ISIC_0000382,0.2713250448773353,False
train,ISIC_0000383,0.2836739378167921,False
train,ISIC_0000384,0.06663596829534271,False
train,ISIC_0000385,0.17683594315140336,False
train,ISIC_0000386,0.16218637537073205,False
train,ISIC_0000388,0.10199144151475695,False
train,ISIC_0000390,0.4301673041449653,False
train,ISIC_0000391,0.38071950276692706,False
train,ISIC_0000392,0.2781444125705295,False
train,ISIC_0000393,0.5375915809913918,False
train,ISIC_0000395,0.41756269666883683,False
train,ISIC_0000396,0.3266970760233918,False
train,ISIC_0000397,0.22346920437282985,False
train,ISIC_0000403,0.1295622366446036,False
train,ISIC_0000407,0.31840472751193577,False
train,ISIC_0000408,0.6752145555284288,False
train,ISIC_0000409,0.08942122232473347,False
train,ISIC_0000410,0.17296738073380008,False
train,ISIC_0000412,0.3843272778218839,False
train,ISIC_0000415,0.5082842508951823,False
train,ISIC_0000416,0.132276040536386,False
train,ISIC_0000418,0.21953455607096353,False
train,ISIC_0000419,0.32861285739474827,False
train,ISIC_0000420,0.22713512844509548,False
train,ISIC_0000425,0.4251728764286748,False
train,ISIC_0000426,0.5616832309299045,False
train,ISIC_0000427,0.2753659001103154,False
train,ISIC_0000431,0.11140526665581597,False
train,ISIC_0000433,0.5744620429144965,False
train,ISIC_0000434,0.28839874267578125,False
train,ISIC_0000436,0.5073598225911459,False
train,ISIC_0000439,0.07700955426251446,False
train,ISIC_0000442,0.19801132767288773,False
train,ISIC_0000443,0.10394668579101562,False
train,ISIC_0000444,0.10305150349934895,False
train,ISIC_0000447,0.07762245545134103,False
train,ISIC_0000451,0.16254552205403647,False
train,ISIC_0000453,0.2319723058629919,False
train,ISIC_0000455,0.28059681205861786,False
train,ISIC_0000456,0.26063240898980033,False
train,ISIC_0000457,0.35787330573942877,False
train,ISIC_0000458,0.24932228731761455,True
train,ISIC_0000460,0.17658790998564525,True
train,ISIC_0000461,0.3285529375690263,True
train,ISIC_0000463,0.29086170212765955,False
train,ISIC_0000465,0.155712459873168,True
train,ISIC_0000466,0.34529698604413883,True
train,ISIC_0000469,0.26389955470409937,True
train,ISIC_0000470,0.17378344128796616,True
train,ISIC_0000471,0.14650533622418382,True
train,ISIC_0000473,0.17269082446808512,False
train,ISIC_0000474,0.48907383337087096,True
train,ISIC_0000476,0.4611906034695633,True
train,ISIC_0000477,0.3714408212330979,True
train,ISIC_0000480,0.19408090220585641,True
train,ISIC_0000481,0.6889522656905072,True
train,ISIC_0000482,0.24152893066571873,True
train,ISIC_0000483,0.31508009085013255,True
train,ISIC_0000484,0.5254640873333533,True
train,ISIC_0000486,0.18341388096678868,True
train,ISIC_0000487,0.4058718817754308,True
train,ISIC_0000488,0.1652872714839669,True
train,ISIC_0000489,0.27915656994619004,True
train,ISIC_0000490,0.2975029781368125,True
train,ISIC_0000491,0.5196380647944883,True
train,ISIC_0000492,0.15656316227928546,True
train,ISIC_0000493,0.4545179488710216,True
train,ISIC_0000495,0.20909233987935494,True
train,ISIC_0000496,0.2477146216311285,True
train,ISIC_0000498,0.2932209736811399,True
train,ISIC_0000499,0.155613414776443,True
train,ISIC_0000503,0.2369375798805489,True
train,ISIC_0000506,0.10232443917409957,True
train,ISIC_0000507,0.25438564074769066,True
train,ISIC_0000509,0.299607347246682,True
train,ISIC_0000510,0.29849478588620937,True
train,ISIC_0000511,0.5089751139018612,True
train,ISIC_0000513,0.26376116292511376,True
train,ISIC_0000514,0.1300502823463648,True
train,ISIC_0000517,0.7666253300372572,True
train,ISIC_0000519,0.47724363538953996,False
train,ISIC_0000520,0.15613259209526908,False
train,ISIC_0000521,0.5357805887858073,False
train,ISIC_0000522,0.2722532623826723,True
train,ISIC_0000523,0.21649901361937918,True
train,ISIC_0000524,0.3124927072959603,True
train,ISIC_0000525,0.3697283571958317,True
train,ISIC_0000528,0.13485505547741836,True
train,ISIC_0000531,0.18607724432118833,True
train,ISIC_0000534,0.4290867169882658,True
train,ISIC_0000536,0.06319353365065798,True
train,ISIC_0000538,0.17156379545485234,True
train,ISIC_0000539,0.5543669065719649,True
train,ISIC_0000541,0.3158276732786907,True
train,ISIC_0000543,0.2878163574925867,True
train,ISIC_0000544,0.2531344099815007,True
train,ISIC_0000545,0.3948191933240612,True
train,ISIC_0000546,0.33400623843795996,True
train,ISIC_0000548,0.22344314742758323,True
train,ISIC_0000549,0.5317761994139649,True
train,ISIC_0000550,0.3738218534372173,True
train,ISIC_0000552,0.5520121567260105,True
train,ISIC_0000554,0.34008432693735907,True
train,ISIC_0000555,0.19456959254289952,True
train,ISIC_0000882,0.09253616570084824,False
train,ISIC_0000900,0.06837610622952885,False
train,ISIC_0000999,0.08589025888133031,False
train,ISIC_0001102,0.45055544817889176,False
train,ISIC_0001106,0.24810337035123967,False
train,ISIC_0001118,0.5971819680389756,False
train,ISIC_0001119,0.055193583170572914,False
train,ISIC_0001126,0.20535405476888022,False
train,ISIC_0001128,0.1762717918113426,False
train,ISIC_0001131,0.3430283157913773,False
train,ISIC_0001134,0.08148871527777778,False
train,ISIC_0001140,0.2944932573765453,False
train,ISIC_0001142,0.4923270896629051,False
train,ISIC_0001148,0.28751585218641496,False
train,ISIC_0001152,0.6078369713549637,False
train,ISIC_0001163,0.09776795556185437,False
train,ISIC_0001186,0.031198658000377327,False
train,ISIC_0001190,0.030009685377536476,False
train,ISIC_0001191,0.025814462623679355,False
train,ISIC_0001213,0.04206318193966963,False
train,ISIC_0001216,0.033933868229079324,False
train,ISIC_0001242,0.030026226181242663,False
train,ISIC_0001247,0.0574394591941715,False
train,ISIC_0001254,0.06709895570882674,False
train,ISIC_0001262,0.04701426288107836,False
train,ISIC_0001267,0.05747702244478038,False
train,ISIC_0001275,0.05595890941253044,False
train,ISIC_0001292,0.05464452370454355,False
train,ISIC_0001296,0.05382945037582934,False
train,ISIC_0001306,0.033609759490215836,False
train,ISIC_0001367,0.06297618391492399,False
train,ISIC_0001372,0.05982611987696313,False
train,ISIC_0001374,0.07240341159611993,False
train,ISIC_0001385,0.07475956238977072,False
train,ISIC_0001423,0.07457781530822205,False
train,ISIC_0001427,0.06527459556353406,False
train,ISIC_0001442,0.07891776502267574,False
train,ISIC_0001871,0.03380052831317712,False
train,ISIC_0001960,0.04755458317586294,False
train,ISIC_0002093,0.20460981460485428,False
train,ISIC_0002107,0.13427270985554715,False
train,ISIC_0002206,0.050129224143361045,False
train,ISIC_0002246,0.07069108507600572,False
train,ISIC_0002251,0.10983888154027042,False
train,ISIC_0002287,0.11461991239396993,False
train,ISIC_0002374,0.05160928183001596,False
train,ISIC_0002438,0.07394399696607037,False
train,ISIC_0002459,0.08755370396615436,False
train,ISIC_0002469,0.08863664099899218,False
train,ISIC_0002476,0.06532675763206518,False
train,ISIC_0002488,0.05026077753632317,False
train,ISIC_0002647,0.0407766021979289,False
train,ISIC_0002780,0.05556449013709542,False
train,ISIC_0002829,0.08479206690392206,False
train,ISIC_0002836,0.09690044990986081,False
train,ISIC_0002871,0.04004610462435016,False
train,ISIC_0002879,0.07789912840136054,False
train,ISIC_0002885,0.07491829498050478,False
train,ISIC_0002948,0.056959502551020405,False
train,ISIC_0002975,0.04016713090097267,False
train,ISIC_0002976,0.039831811142671474,False
train,ISIC_0003005,0.08506419543125893,False
train,ISIC_0003056,0.032907355777293305,False
train,ISIC_0003174,0.04732411869068615,False
train,ISIC_0003346,0.029249381603219857,False
train,ISIC_0003462,0.026524739911396658,False
train,ISIC_0003539,0.052004598135550514,False
train,ISIC_0003559,0.04789078549492705,False
train,ISIC_0003582,0.1762498884584698,False
train,ISIC_0003657,0.055994668314856805,False
train,ISIC_0003728,0.050940032648862016,False
train,ISIC_0003805,0.02244806101452927,False
train,ISIC_0004110,0.13321011274880323,False
train,ISIC_0004168,0.030971099121666946,False
train,ISIC_0004309,0.03358200766707194,False
train,ISIC_0004337,0.03415844539976484,False
train,ISIC_0004346,0.0397974193725893,False
train,ISIC_0004715,0.08089040979045939,False
train,ISIC_0004985,0.055772724116426295,False
train,ISIC_0005000,0.03273749023189997,False
train,ISIC_0005187,0.05657271589191232,False
train,ISIC_0005247,0.09525449840429999,False
train,ISIC_0005620,0.06526048884059797,False
train,ISIC_0005787,0.10687515747039557,False
train,ISIC_0006021,0.06719529546788529,False
train,ISIC_0006114,0.04916996698370706,False
train,ISIC_0006350,0.11938109541656168,False
train,ISIC_0006612,0.06255428986562972,False
train,ISIC_0006651,0.04654070347274712,False
train,ISIC_0006671,0.028506570452254975,False
train,ISIC_0006711,0.035324851558569514,False
train,ISIC_0006776,0.06760236887965063,False
train,ISIC_0006795,0.05917898328756498,False
train,ISIC_0006800,0.08000709929033342,False
train,ISIC_0006940,0.06212201806976354,False
train,ISIC_0006982,0.18728347820609725,False
train,ISIC_0007038,0.03333381372631226,False
train,ISIC_0007087,0.11619412425464012,False
train,ISIC_0007141,0.16460528076971528,False
train,ISIC_0007156,0.06311298632107164,False
train,ISIC_0007241,0.05690586419753087,False
train,ISIC_0007322,0.0650676731773017,False
train,ISIC_0007332,0.08706242913832199,False
train,ISIC_0007344,0.08575099600025195,False
train,ISIC_0007475,0.12893675988914083,False
train,ISIC_0007528,0.02720596340388007,False
train,ISIC_0007557,0.12883358397371295,False
train,ISIC_0007760,0.07419824604224406,False
train,ISIC_0007788,0.10161842756896697,False
train,ISIC_0008029,0.05798624394704847,False
train,ISIC_0008116,0.06525425563744017,False
train,ISIC_0008207,0.03470768305592822,False
train,ISIC_0008236,0.06593852192688245,False
train,ISIC_0008280,0.05933550117577895,False
train,ISIC_0008294,0.030307146006550767,False
train,ISIC_0008347,0.033973173109173235,False
train,ISIC_0008396,0.02984272152230421,False
train,ISIC_0008406,0.038477594253102466,False
train,ISIC_0008507,0.04951235745430153,False
train,ISIC_0008528,0.0858842746415395,False
train,ISIC_0008541,0.03112389684303203,False
train,ISIC_0008552,0.040001640978743924,False
train,ISIC_0008626,0.10025250110053664,False
train,ISIC_0008659,0.033764775359508635,False
train,ISIC_0008879,0.031692834982391414,False
train,ISIC_0008913,0.16613755201345798,False
train,ISIC_0008992,0.04130287816535301,False
train,ISIC_0008993,0.07118514844209288,False
train,ISIC_0008998,0.36467886602800603,False
train,ISIC_0009035,0.11656206109550561,False
train,ISIC_0009078,0.05937700118627698,False
train,ISIC_0009083,0.06045434476144558,False
train,ISIC_0009160,0.06897744630259511,False
train,ISIC_0009165,0.054211419639862486,False
train,ISIC_0009201,0.136972102706272,False
train,ISIC_0009252,0.0616383416792643,False
train,ISIC_0009297,0.05196326238365755,False
train,ISIC_0009298,0.07149320222098776,False
train,ISIC_0009344,0.06015341677322656,False
train,ISIC_0009430,0.07729893654992862,False
train,ISIC_0009504,0.030911650490524904,False
train,ISIC_0009533,0.06117714512933926,False
train,ISIC_0009564,0.031151737799765218,False
train,ISIC_0009583,0.0478947978681033,False
train,ISIC_0009758,0.12369808069832872,False
train,ISIC_0009800,0.05476545467885292,False
train,ISIC_0009860,0.04114836085548382,False
train,ISIC_0009869,0.057950337727864586,True
train,ISIC_0009873,0.26189295450846356,True
train,ISIC_0009877,0.24605941772460938,True
train,ISIC_0009879,0.2823346455891927,True
train,ISIC_0009883,0.17577997843424478,True
train,ISIC_0009884,0.10867563883463542,True
train,ISIC_0009885,0.059757232666015625,True
train,ISIC_0009888,0.10805511474609375,True
train,ISIC_0009889,0.10344187418619792,True
train,ISIC_0009891,0.18711980183919272,True
train,ISIC_0009896,0.3431816101074219,True
train,ISIC_0009897,0.609717051188151,True
train,ISIC_0009898,0.20577112833658853,True
train,ISIC_0009899,0.33490626017252606,True
train,ISIC_0009901,0.32477696736653644,True
train,ISIC_0009904,0.4584808349609375,True
train,ISIC_0009909,0.2045745849609375,True
train,ISIC_0009910,0.3956947326660156,True
train,ISIC_0009914,0.19785944620768228,True
train,ISIC_0009915,0.3694877624511719,True
train,ISIC_0009917,0.10887781778971355,True
train,ISIC_0009918,0.5366312662760416,True
train,ISIC_0009919,0.33491261800130206,True
train,ISIC_0009920,0.3166160583496094,True
train,ISIC_0009921,0.649389902750651,True
train,ISIC_0009925,0.3154767354329427,True
train,ISIC_0009927,0.15371322631835938,True
train,ISIC_0009928,0.6059544881184896,True
train,ISIC_0009929,0.021859486897786457,True
train,ISIC_0009930,0.024401346842447918,True
train,ISIC_0009931,0.31331125895182294,True
train,ISIC_0009932,0.2458648681640625,True
train,ISIC_0009933,0.19576263427734375,True
train,ISIC_0009934,0.8597462972005209,True
train,ISIC_0009935,0.14170455932617188,True
train,ISIC_0009936,0.0364532470703125,True
train,ISIC_0009937,0.07423655192057292,True
train,ISIC_0009938,0.2515856424967448,True
train,ISIC_0009939,0.24803924560546875,True
train,ISIC_0009941,0.16626103719075522,True
train,ISIC_0009942,0.19519678751627603,True
train,ISIC_0009943,0.12137858072916667,True
train,ISIC_0009944,0.13037618001302084,True
train,ISIC_0009946,0.2756601969401042,True
train,ISIC_0009947,0.162078857421875,True
train,ISIC_0009948,0.5015474955240885,True
train,ISIC_0009949,0.20463689168294272,True
train,ISIC_0009950,0.255035400390625,True
train,ISIC_0009951,0.3275413513183594,True
train,ISIC_0009953,0.3777313232421875,True
train,ISIC_0009954,0.1302490234375,True
train,ISIC_0009955,0.14735539754231772,True
train,ISIC_0009956,0.2709147135416667,True
train,ISIC_0009958,0.15007654825846353,True
train,ISIC_0009960,0.036557515462239586,True
train,ISIC_0009961,0.3815409342447917,True
train,ISIC_0009962,0.6786053975423177,True
train,ISIC_0009964,0.06544876098632812,True
train,ISIC_0009965,0.3989512125651042,True
train,ISIC_0009966,0.20275243123372397,True
train,ISIC_0009967,0.1793085734049479,True
train,ISIC_0009970,0.6512336730957031,True
train,ISIC_0009971,0.031361897786458336,True
train,ISIC_0009972,0.10383351643880208,True
train,ISIC_0009973,0.2700309753417969,True
train,ISIC_0009974,0.4135576883951823,True
train,ISIC_0009975,0.21889114379882812,True
train,ISIC_0009976,0.12169392903645833,True
train,ISIC_0009977,0.14774958292643228,True
train,ISIC_0009978,0.20202000935872397,True
train,ISIC_0009979,0.10319900512695312,True
train,ISIC_0009980,0.8788223266601562,True
train,ISIC_0009981,0.0699323018391927,True
train,ISIC_0009982,0.13428115844726562,True
train,ISIC_0009987,0.24824396769205728,True
train,ISIC_0009988,0.9541473388671875,True
train,ISIC_0009990,0.972052256266276,True
train,ISIC_0009991,0.2657051086425781,True
train,ISIC_0009992,0.5163625081380209,True
train,ISIC_0009993,0.28316497802734375,True
train,ISIC_0009994,0.1670659383138021,True
train,ISIC_0009995,0.9240023295084635,True
train,ISIC_0009998,0.24921290079752603,True
train,ISIC_0010002,0.29693349202473956,True
train,ISIC_0010003,0.05585606892903646,True
train,ISIC_0010005,0.5600115458170573,True
train,ISIC_0010009,0.0628649393717448,True
train,ISIC_0010011,0.25733311971028644,True
train,ISIC_0010013,0.1703364054361979,True
train,ISIC_0010014,0.15669377644856772,True
train,ISIC_0010015,0.2853800455729167,True
train,ISIC_0010016,0.06443277994791667,True
train,ISIC_0010017,0.42193857828776044,True
train,ISIC_0010020,0.4676869710286458,True
train,ISIC_0010021,0.5331103006998698,True
train,ISIC_0010023,0.28891245524088544,True
train,ISIC_0010025,0.16356277465820312,True
train,ISIC_0010028,0.19183985392252603,True
train,ISIC_0010029,0.4354845682779948,True
train,ISIC_0010034,0.3618278503417969,True
train,ISIC_0010037,0.8284886678059896,True
train,ISIC_0010038,0.5370292663574219,True
train,ISIC_0010041,0.8342119852701823,True
train,ISIC_0010042,0.15080769856770834,True
train,ISIC_0010044,0.16457621256510416,True
train,ISIC_0010046,0.13302993774414062,True
train,ISIC_0010047,0.2967185974121094,True
train,ISIC_0010053,0.07439804077148438,True
train,ISIC_0010054,0.31338246663411456,True
train,ISIC_0010055,0.2231165568033854,True
train,ISIC_0010056,0.9608230590820312,True
train,ISIC_0010057,0.5755449930826823,True
train,ISIC_0010058,0.26485443115234375,True
train,ISIC_0010061,0.08742141723632812,True
train,ISIC_0010062,0.7452265421549479,True
train,ISIC_0010064,0.14105097452799478,True
train,ISIC_0010066,0.29105377197265625,True
train,ISIC_0010067,0.2124455769856771,True
train,ISIC_0010069,0.08292516072591145,True
train,ISIC_0010070,0.2933947245279948,True
train,ISIC_0010071,0.8017807006835938,True
train,ISIC_0010073,0.2915153503417969,True
train,ISIC_0010074,0.2362187703450521,True
train,ISIC_0010075,0.6243006388346354,True
train,ISIC_0010077,0.12833277384440103,True
train,ISIC_0010078,0.4688097635904948,True
train,ISIC_0010081,0.12132898966471355,True
train,ISIC_0010086,0.18331019083658853,True
train,ISIC_0010088,0.06863657633463542,True
train,ISIC_0010092,0.1405614217122396,True
train,ISIC_0010093,0.6356366475423177,True
train,ISIC_0010094,0.20243453979492188,True
train,ISIC_0010100,0.3179003397623698,True
train,ISIC_0010102,0.28481292724609375,True
train,ISIC_0010104,0.052736918131510414,True
train,ISIC_0010105,0.14485677083333334,True
train,ISIC_0010169,0.83770751953125,True
train,ISIC_0010171,0.30262502034505206,True
train,ISIC_0010173,0.11269887288411458,True
train,ISIC_0010174,0.27364349365234375,True
train,ISIC_0010175,0.6676483154296875,True
train,ISIC_0010176,0.080718994140625,True
train,ISIC_0010177,0.042826334635416664,True
train,ISIC_0010178,0.1186993916829427,True
train,ISIC_0010182,0.042415618896484375,True
train,ISIC_0010184,0.09406534830729167,True
train,ISIC_0010185,0.08594131469726562,True
train,ISIC_0010186,0.34545135498046875,True
train,ISIC_0010187,0.37839635213216144,True
train,ISIC_0010189,0.9819183349609375,True
train,ISIC_0010190,0.847296396891276,True
train,ISIC_0010191,0.3844617207845052,True
train,ISIC_0010194,0.22310765584309897,True
train,ISIC_0010201,0.5108655293782552,True
train,ISIC_0010202,0.6942049662272135,True
train,ISIC_0010204,0.9812482198079427,True
train,ISIC_0010205,0.0915082295735677,True
train,ISIC_0010206,0.09230677286783855,True
train,ISIC_0010207,0.053530375162760414,True
train,ISIC_0010212,0.3356590270996094,True
train,ISIC_0010213,0.2564493815104167,True
train,ISIC_0010216,0.11602147420247395,True
train,ISIC_0010220,0.07546742757161458,True
train,ISIC_0010222,0.8430760701497396,True
train,ISIC_0010225,0.1323420206705729,True
train,ISIC_0010226,0.15104039510091147,True
train,ISIC_0010227,0.10173924763997395,True
train,ISIC_0010228,0.871728261311849,True
train,ISIC_0010229,0.18910725911458334,True
train,ISIC_0010231,0.5232823689778646,True
train,ISIC_0010232,0.7227325439453125,True
train,ISIC_0010233,0.33478037516276044,True
train,ISIC_0010234,0.07160441080729167,True
train,ISIC_0010235,0.8467674255371094,True
train,ISIC_0010236,0.06083806355794271,True
train,ISIC_0010237,0.05512364705403646,True
train,ISIC_0010240,0.18597539265950522,True
train,ISIC_0010244,0.03958002726236979,True
train,ISIC_0010247,0.25598780314127606,True
train,ISIC_0010249,0.6058260599772135,True
train,ISIC_0010251,0.035252888997395836,True
train,ISIC_0010252,0.8331629435221354,True
train,ISIC_0010256,0.03231938680013021,True
train,ISIC_0010257,0.7095133463541666,True
train,ISIC_0010263,0.03534825642903646,True
train,ISIC_0010264,0.5581499735514323,True
train,ISIC_0010265,0.14322280883789062,True
train,ISIC_0010317,0.0631090799967448,True
train,ISIC_0010318,0.12727864583333334,True
train,ISIC_0010319,0.49352773030598956,True
train,ISIC_0010320,0.6789398193359375,True
train,ISIC_0010321,0.3547986348470052,True
train,ISIC_0010323,0.9096514383951823,True
train,ISIC_0010327,0.18036015828450522,True
train,ISIC_0010329,0.8760693868001302,True
train,ISIC_0010330,0.3494008382161458,True
train,ISIC_0010332,0.37277984619140625,True
train,ISIC_0010333,0.3499615987141927,True
train,ISIC_0010334,0.5406850179036459,True
train,ISIC_0010335,0.6725552876790365,True
train,ISIC_0010337,0.19507598876953125,True
train,ISIC_0010339,0.1168505350748698,True
train,ISIC_0010340,0.298919677734375,True
train,ISIC_0010341,0.09879811604817708,True
train,ISIC_0010342,0.5053761800130209,True
train,ISIC_0010344,0.22312164306640625,True
train,ISIC_0010346,0.29353968302408856,True
train,ISIC_0010347,0.26154836018880206,True
train,ISIC_0010348,0.27777862548828125,True
train,ISIC_0010349,0.6740506490071615,True
train,ISIC_0010350,0.28966522216796875,True
train,ISIC_0010351,0.0762774149576823,True
train,ISIC_0010357,0.1127166748046875,True
train,ISIC_0010358,0.18903096516927084,True
train,ISIC_0010360,0.2583885192871094,True
train,ISIC_0010361,0.50634765625,True
train,ISIC_0010362,0.05090459187825521,True
train,ISIC_0010364,0.18619791666666666,True
train,ISIC_0010365,0.1579004923502604,True
train,ISIC_0010367,0.1158599853515625,True
train,ISIC_0010372,0.2112553914388021,True
train,ISIC_0010374,0.43240102132161456,True
train,ISIC_0010379,0.2227961222330729,True
train,ISIC_0010380,0.12653350830078125,True
train,ISIC_0010382,0.8445332845052084,True
train,ISIC_0010435,0.0860277811686198,True
train,ISIC_0010439,0.0189056396484375,True
train,ISIC_0010441,0.12010955810546875,True
train,ISIC_0010442,0.30902989705403644,True
train,ISIC_0010443,0.13868077596028647,True
train,ISIC_0010445,0.2402928670247396,True
train,ISIC_0010447,0.4085197448730469,True
train,ISIC_0010448,0.6870880126953125,True
train,ISIC_0010449,0.31407801310221356,True
train,ISIC_0010452,0.2729949951171875,True
train,ISIC_0010455,0.5427284240722656,True
train,ISIC_0010457,0.8392181396484375,True
train,ISIC_0010459,0.6818529764811198,True
train,ISIC_0010461,0.119140625,True
train,ISIC_0010462,0.08365758260091145,True
train,ISIC_0010463,0.3223368326822917,True
train,ISIC_0010466,0.10326512654622395,True
train,ISIC_0010467,0.10592397054036458,True
train,ISIC_0010468,0.16273625691731772,True
train,ISIC_0010472,0.046490987141927086,True
train,ISIC_0010474,0.06572723388671875,True
train,ISIC_0010476,0.13660430908203125,True
train,ISIC_0010477,0.8112907409667969,True
train,ISIC_0010479,0.44529469807942706,True
train,ISIC_0010480,0.4569892883300781,True
train,ISIC_0010483,0.12263997395833333,True
train,ISIC_0010487,0.2277069091796875,True
train,ISIC_0010488,0.45177586873372394,True
train,ISIC_0010490,0.34818776448567706,True
train,ISIC_0010492,0.8121121724446615,True
train,ISIC_0010493,0.42947642008463544,True
train,ISIC_0010494,0.3290723164876302,True
train,ISIC_0010496,0.3610687255859375,True
train,ISIC_0010497,0.550970713297526,True
train,ISIC_0010498,0.2655436197916667,True
train,ISIC_0010552,0.3662274678548177,True
train,ISIC_0010553,0.14363733927408853,True
train,ISIC_0010557,0.12360636393229167,True
train,ISIC_0010562,0.1307398478190104,True
train,ISIC_0010565,0.23625818888346353,True
train,ISIC_0010566,0.1422271728515625,True
train,ISIC_0010567,0.11050923665364583,True
train,ISIC_0010568,0.5182838439941406,True
train,ISIC_0010569,0.019439697265625,True
train,ISIC_0010570,0.37533315022786456,True
train,ISIC_0010571,0.2857564290364583,True
train,ISIC_0010572,0.48765818277994794,True
train,ISIC_0010573,0.38229624430338544,True
train,ISIC_0010574,0.13798395792643228,True
train,ISIC_0010576,0.3058357238769531,True
train,ISIC_0010581,0.18233617146809897,True
train,ISIC_0010584,0.09109242757161458,True
train,ISIC_0010585,0.02454376220703125,True
train,ISIC_0010587,0.15170796712239584,True
train,ISIC_0010588,0.910943349202474,True
train,ISIC_0010589,0.5571695963541666,True
train,ISIC_0010590,0.0715929667154948,True
train,ISIC_0010591,0.25214513142903644,True
train,ISIC_0010592,0.019339243570963543,True
train,ISIC_0010595,0.40206019083658856,True
train,ISIC_0010596,0.4070167541503906,True
train,ISIC_0010597,0.3338979085286458,True
train,ISIC_0010598,0.06258392333984375,True
train,ISIC_0010599,0.3516591389973958,True
train,ISIC_0010602,0.5481160481770834,True
train,ISIC_0010603,0.7219683329264323,True
train,ISIC_0010604,0.9302279154459635,True
train,ISIC_0010605,0.7671585083007812,True
train,ISIC_0010606,0.18591435750325522,True
train,ISIC_0010607,0.04782231648763021,True
train,ISIC_0010844,0.2516924540201823,True
train,ISIC_0010848,0.13052876790364584,True
train,ISIC_0010849,0.3372357686360677,True
train,ISIC_0010850,0.13634872436523438,True
train,ISIC_0010851,0.16175969441731772,True
train,ISIC_0010852,0.08050155639648438,True
train,ISIC_0010853,0.054737091064453125,True
train,ISIC_0010854,0.12179946899414062,True
train,ISIC_0010856,0.2601114908854167,True
train,ISIC_0010857,0.8464304606119791,True
train,ISIC_0010858,0.25350189208984375,True
train,ISIC_0010861,0.03671137491861979,True
train,ISIC_0010862,0.15654500325520834,True
train,ISIC_0010864,0.16392008463541666,True
train,ISIC_0011079,0.4731330871582031,True
train,ISIC_0011081,0.33527247111002606,True
train,ISIC_0011082,0.019830067952473957,True
train,ISIC_0011083,0.030497233072916668,True
train,ISIC_0011084,0.2771199544270833,True
train,ISIC_0011085,0.11618932088216145,True
train,ISIC_0011088,0.3074696858723958,True
train,ISIC_0011089,0.23865127563476562,True
train,ISIC_0011090,0.3545341491699219,True
train,ISIC_0011092,0.11314646402994792,True
train,ISIC_0011095,0.22255833943684897,True
train,ISIC_0011098,0.10045115152994792,True
train,ISIC_0011099,0.28593699137369794,True
train,ISIC_0011101,0.22359593709309897,True
train,ISIC_0011102,0.3188425699869792,True
train,ISIC_0011104,0.43123626708984375,True
train,ISIC_0011107,0.5996564229329427,True
train,ISIC_0011109,0.619683583577474,True
train,ISIC_0011114,0.16199239095052084,True
train,ISIC_0011115,0.031505584716796875,True
train,ISIC_0011117,0.4646008809407552,True
train,ISIC_0011119,0.1299769083658854,True
train,ISIC_0011120,0.9487330118815104,True
train,ISIC_0011121,0.9407437642415365,True
train,ISIC_0011123,0.28010813395182294,True
train,ISIC_0011124,0.27075831095377606,True
train,ISIC_0011128,0.39610926310221356,True
train,ISIC_0011129,0.4463462829589844,True
train,ISIC_0011130,0.11910502115885417,True
train,ISIC_0011131,0.22750345865885416,True
train,ISIC_0011132,0.18906275431315103,True
train,ISIC_0011135,0.17945353190104166,True
train,ISIC_0011137,0.33382415771484375,True
train,ISIC_0011143,0.012175242106119791,True
train,ISIC_0011144,0.2760785420735677,True
train,ISIC_0011146,0.13517125447591147,True
train,ISIC_0011149,0.5861180623372396,True
train,ISIC_0011151,0.8335838317871094,True
train,ISIC_0011155,0.3943227132161458,True
train,ISIC_0011157,0.15247217814127603,True
train,ISIC_0011158,0.6506334940592448,True
train,ISIC_0011159,0.6074409484863281,True
train,ISIC_0011162,0.13556035359700522,True
train,ISIC_0011163,0.1210467020670573,True
train,ISIC_0011164,0.08914693196614583,True
train,ISIC_0011165,0.31906763712565106,True
train,ISIC_0011167,0.7870165506998698,True
train,ISIC_0011168,0.05892054239908854,True
train,ISIC_0011169,0.22582117716471353,True
train,ISIC_0011170,0.21489969889322916,True
train,ISIC_0011173,0.034679412841796875,True
train,ISIC_0011176,0.2808837890625,True
train,ISIC_0011177,0.38444773356119794,True
train,ISIC_0011199,0.046665191650390625,True
train,ISIC_0011202,0.1844202677408854,True
train,ISIC_0011204,0.18062718709309897,True
train,ISIC_0011205,0.09630966186523438,True
train,ISIC_0011208,0.08625157674153645,True
train,ISIC_0011210,0.042881011962890625,True
train,ISIC_0011212,0.5418268839518229,True
train,ISIC_0011213,0.03945287068684896,True
train,ISIC_0011214,0.5194142659505209,True
train,ISIC_0011219,0.10096486409505208,True
train,ISIC_0011220,0.03744633992513021,True
train,ISIC_0011223,0.1003265380859375,True
train,ISIC_0011225,0.023649851481119793,True
train,ISIC_0011228,0.31322987874348956,True
train,ISIC_0011230,0.11436208089192708,True
train,ISIC_0011292,0.11819839477539062,True
train,ISIC_0011294,0.1772333780924479,True
train,ISIC_0011296,0.18754450480143228,True
train,ISIC_0011297,0.12399037679036458,True
train,ISIC_0011298,0.07523091634114583,True
train,ISIC_0011300,0.8829154968261719,True
train,ISIC_0011301,0.27863311767578125,True
train,ISIC_0011303,0.1244964599609375,True
train,ISIC_0011306,0.15374755859375,True
train,ISIC_0011315,0.3195813496907552,True
train,ISIC_0011322,0.406097412109375,True
train,ISIC_0011323,0.13911056518554688,True
train,ISIC_0011324,0.15104293823242188,True
train,ISIC_0011326,0.20880254109700522,True
train,ISIC_0011327,0.3713785807291667,True
train,ISIC_0011330,0.0876007080078125,True
train,ISIC_0011333,0.34587351481119794,True
train,ISIC_0011336,0.32279332478841144,True
train,ISIC_0011338,0.16231791178385416,True
train,ISIC_0011339,0.20212809244791666,True
train,ISIC_0011341,0.1223742167154948,True
train,ISIC_0011343,0.13767878214518228,True
train,ISIC_0011344,0.1653111775716146,True
train,ISIC_0011345,0.11667505900065105,True
train,ISIC_0011348,0.7595240275065104,True
train,ISIC_0011352,0.42835235595703125,True
train,ISIC_0011353,0.06164677937825521,True
train,ISIC_0011356,0.9866498311360677,True
train,ISIC_0011357,0.12854639689127603,True
train,ISIC_0011358,0.2514813741048177,True
train,ISIC_0011359,0.1788787841796875,True
train,ISIC_0011360,0.8290278116861979,True
train,ISIC_0011361,0.8213589986165365,True
train,ISIC_0011363,0.5929692586263021,True
train,ISIC_0011366,0.40484873453776044,True
train,ISIC_0011367,0.05299250284830729,True
train,ISIC_0011372,0.04185612996419271,True
train,ISIC_0011373,0.7632967631022135,True
train,ISIC_0011374,0.6377423604329427,True
train,ISIC_0011378,0.20681889851888022,True
train,ISIC_0011382,0.3095906575520833,True
train,ISIC_0011383,0.13171259562174478,True
train,ISIC_0011384,0.2599220275878906,True
train,ISIC_0011385,0.2425409952799479,True
train,ISIC_0011386,0.09258778889973958,True
train,ISIC_0011387,0.6165733337402344,True
train,ISIC_0011390,0.7651621500651041,True
train,ISIC_0011397,0.3664906819661458,True
train,ISIC_0011402,0.7151781717936198,True
train,ISIC_0012089,0.015072848319847391,False
train,ISIC_0012090,0.188426612548214,False
train,ISIC_0012092,0.10617345374601711,False
train,ISIC_0012094,0.02052227393617021,False
train,ISIC_0012095,0.0472313829787234,False
train,ISIC_0012097,0.031203291223404254,False
train,ISIC_0012099,0.014703291223404255,False
train,ISIC_0012105,0.02967436835106383,False
train,ISIC_0012107,0.15151695478723404,False
train,ISIC_0012108,0.05970561835106383,False
train,ISIC_0012109,0.021511801861702127,False
train,ISIC_0012116,0.04420146276595745,False
train,ISIC_0012126,0.012516788563829788,False
train,ISIC_0012127,0.01771343085106383,False
train,ISIC_0012134,0.804710272606383,False
train,ISIC_0012135,0.028114527925531915,False
train,ISIC_0012136,0.4435339095744681,False
train,ISIC_0012137,0.04803789893617021,False
train,ISIC_0012148,0.04870960771276596,False
train,ISIC_0012149,0.05197140957446809,False
train,ISIC_0012155,0.03863746675531915,False
train,ISIC_0012156,0.01862915558510638,False
train,ISIC_0012159,0.05453091755319149,False
train,ISIC_0012160,0.01825648271276596,False
train,ISIC_0012164,0.01875249335106383,False
train,ISIC_0012167,0.050309507978723404,False
train,ISIC_0012173,0.07776828457446809,False
train,ISIC_0012177,0.03128789893617021,False
train,ISIC_0012178,0.07386070478723404,False
train,ISIC_0012179,0.006070478723404256,False
train,ISIC_0012182,0.03075498670212766,False
train,ISIC_0012187,0.03426279920212766,False
train,ISIC_0012191,0.03676978058510638,False
train,ISIC_0012203,0.023566489361702126,False
train,ISIC_0012204,0.02849468085106383,False
train,ISIC_0012205,0.03887749335106383,False
train,ISIC_0012207,0.12664760638297873,False
train,ISIC_0012210,0.13162915558510638,False
train,ISIC_0012211,0.07852111037234043,False
train,ISIC_0012213,0.015117353723404255,False
train,ISIC_0012216,0.20784275265957447,False
train,ISIC_0012221,0.0324985039893617,False
train,ISIC_0012222,0.03226163563829787,False
train,ISIC_0012223,0.5747030188768237,False
train,ISIC_0012224,0.08274700824354352,False
train,ISIC_0012230,0.019671109865000837,False
train,ISIC_0012232,0.041337351820602046,False
train,ISIC_0012233,0.0373297279840265,False
train,ISIC_0012238,0.08119569375733691,False
train,ISIC_0012245,0.1804400246834647,False
train,ISIC_0012250,0.032169215425531916,False
train,ISIC_0012256,0.08774708030249036,False
train,ISIC_0012257,0.036967468005827606,False
train,ISIC_0012259,0.03852557896088378,False
train,ISIC_0012260,0.026675864361702127,False
train,ISIC_0012263,0.03941468810267483,False
train,ISIC_0012266,0.15230747487107998,False
train,ISIC_0012268,0.03329213417637934,False
train,ISIC_0012272,0.25883278917910446,False
train,ISIC_0012273,0.3946517619680851,False
train,ISIC_0012281,0.01953657253584605,False
train,ISIC_0012282,0.05392285631183968,False
train,ISIC_0012284,0.13119946808510638,False
train,ISIC_0012285,0.0149453125,False
train,ISIC_0012288,0.029615981495262452,False
train,ISIC_0012290,0.5387160904255319,False
train,ISIC_0012298,0.08456207485221365,False
train,ISIC_0012299,0.17653025265957448,False
train,ISIC_0012303,0.028775764627659576,False
train,ISIC_0012306,0.026188829787234042,False
train,ISIC_0012309,0.030704972329364415,False
train,ISIC_0012311,0.07797456781914894,False
train,ISIC_0012313,0.027477892287234042,False
train,ISIC_0012314,0.32067170877659573,False
train,ISIC_0012318,0.04261835106382979,False
train,ISIC_0012320,0.041938829787234046,False
train,ISIC_0012323,0.4966931515957447,False
train,ISIC_0012324,0.05501811835106383,False
train,ISIC_0012329,0.1116168550531915,False
train,ISIC_0012330,0.0761748670212766,False
train,ISIC_0012332,0.0708686835106383,False
train,ISIC_0012334,0.04640492021276596,False
train,ISIC_0012335,0.028206948138297872,False
train,ISIC_0012338,0.03598819813829787,False
train,ISIC_0012342,0.11549378720861982,False
train,ISIC_0012351,0.031148603723404257,False
train,ISIC_0012356,0.495727892287234,False
train,ISIC_0012357,0.07382895611702128,False
train,ISIC_0012358,0.07155302526595744,False
train,ISIC_0012363,0.05510683393950193,False
train,ISIC_0012369,0.13717255759475097,False
train,ISIC_0012374,0.04188264627659574,False
train,ISIC_0012376,0.009779753989361702,False
train,ISIC_0012378,0.019561170212765957,False
train,ISIC_0012379,0.47752742686170213,False
train,ISIC_0012382,0.3989554521276596,False
train,ISIC_0012384,0.05352251973104981,False
train,ISIC_0012391,0.033498337765957446,False
train,ISIC_0012395,0.10176695478723405,False
train,ISIC_0012400,0.13666904570371458,False
train,ISIC_0012413,0.04133194813829787,False
train,ISIC_0012415,0.014807679521276595,False
train,ISIC_0012417,0.48607550926022974,False
train,ISIC_0012425,0.016969554439879256,False
train,ISIC_0012432,0.1744609375,False
train,ISIC_0012434,0.03751845079787234,False
train,ISIC_0012435,0.0502265625,False
train,ISIC_0012442,0.07026429521276596,False
train,ISIC_0012447,0.15351645611702128,False
train,ISIC_0012448,0.01752593085106383,False
train,ISIC_0012450,0.03379097861290458,False
train,ISIC_0012453,0.03627070712099614,False
train,ISIC_0012455,0.054423204787234045,False
train,ISIC_0012464,0.02800235239707362,False
train,ISIC_0012473,0.15742898263248364,False
train,ISIC_0012475,0.11202341195182794,False
train,ISIC_0012478,0.1290990076827939,False
train,ISIC_0012481,0.007663632766644306,False
train,ISIC_0012484,0.11899986439816368,False
train,ISIC_0012487,0.0484453125,False
train,ISIC_0012493,0.07269822433653363,False
train,ISIC_0012494,0.08332536317709206,False
train,ISIC_0012495,0.025054895815864498,False
train,ISIC_0012496,0.05192690536957069,False
train,ISIC_0012503,0.04697350785573537,False
train,ISIC_0012506,0.017521378579364415,False
train,ISIC_0012508,0.05639562458074795,False
train,ISIC_0012510,0.9272833515009223,False
train,ISIC_0012511,0.05270964567960758,False
train,ISIC_0012512,0.09691469792889486,False
train,ISIC_0012516,0.1175621246383951,False
train,ISIC_0012517,0.10729036742201911,False
train,ISIC_0012518,0.14729184463042932,False
train,ISIC_0012521,0.06791400157743585,False
train,ISIC_0012523,0.005851022712980044,False
train,ISIC_0012526,0.050588082891371795,False
train,ISIC_0012529,0.022794701440130807,False
train,ISIC_0012538,0.022414181069721616,False
train,ISIC_0012539,0.019291572116593995,False
train,ISIC_0012544,0.005252196487715915,False
train,ISIC_0012547,0.04689407924387892,False
train,ISIC_0012548,0.26582496357747776,False
train,ISIC_0012549,0.0506413082498323,False
train,ISIC_0012550,0.04285894199123763,False
train,ISIC_0012551,0.032265621724593324,False
train,ISIC_0012653,0.042277018229166664,False
train,ISIC_0012654,0.020721152976707177,False
train,ISIC_0012655,0.0177001953125,False
train,ISIC_0012656,0.08655039469401042,False
train,ISIC_0012657,0.025166829427083332,False
train,ISIC_0012658,0.0989990234375,False
train,ISIC_0012659,0.0128173828125,False
train,ISIC_0012660,0.05971866183810764,False
train,ISIC_0012661,0.10110982259114583,False
train,ISIC_0012663,0.025702958776595744,False
train,ISIC_0012664,0.07131532579787234,False
train,ISIC_0012665,0.010393284574468085,False
train,ISIC_0012666,0.013433676861702128,False
train,ISIC_0012669,0.02815309175531915,False
train,ISIC_0012670,0.028225731382978722,False
train,ISIC_0012673,0.0728344414893617,False
train,ISIC_0012674,0.08685422207446808,False
train,ISIC_0012675,0.02265126329787234,False
train,ISIC_0012676,0.014843916223404256,False
train,ISIC_0012677,0.010319148936170213,False
train,ISIC_0012679,0.012162732712765958,False
train,ISIC_0012680,0.044437666223404254,False
train,ISIC_0012681,0.014839926861702128,False
train,ISIC_0012682,0.0079921875,False
train,ISIC_0012683,0.006227892287234043,False
train,ISIC_0012684,0.14285039893617021,False
train,ISIC_0012685,0.0412109375,False
train,ISIC_0012693,0.03786203457446809,False
train,ISIC_0012697,0.0320405585106383,False
train,ISIC_0012701,0.01837117686170213,False
train,ISIC_0012702,0.011214760638297872,False
train,ISIC_0012706,0.08198304521276596,False
train,ISIC_0012708,0.06566023936170212,False
train,ISIC_0012711,0.01312250664893617,False
train,ISIC_0012713,0.010225398936170213,False
train,ISIC_0012715,0.2370487034574468,False
train,ISIC_0012720,0.16296476063829787,False
train,ISIC_0012722,0.013274601063829787,False
train,ISIC_0012725,0.026173371010638297,False
train,ISIC_0012726,0.016114527925531915,False
train,ISIC_0012737,0.0609375,False
train,ISIC_0012739,0.013432180851063829,False
train,ISIC_0012740,0.011308676861702128,False
train,ISIC_0012742,0.00701811835106383,False
train,ISIC_0012744,0.011673204787234043,False
train,ISIC_0012746,0.02080718085106383,False
train,ISIC_0012749,0.6021909906914894,False
train,ISIC_0012770,0.022270777925531914,False
train,ISIC_0012777,0.010197972074468086,False
train,ISIC_0012786,0.21895814601188654,False
train,ISIC_0012789,0.011897440159574469,False
train,ISIC_0012792,0.09076695478723404,False
train,ISIC_0012793,0.007876329787234043,False
train,ISIC_0012803,0.05055967420212766,False
train,ISIC_0012804,0.03611668882978723,False
train,ISIC_0012806,0.16908032343638404,False
train,ISIC_0012810,0.024110362622436488,False
train,ISIC_0012813,0.4082026263297872,False
train,ISIC_0012814,0.057312333776595746,False
train,ISIC_0012826,0.12269524873099684,False
train,ISIC_0012828,0.20323270983190492,False
train,ISIC_0012835,0.011463597074468085,False
train,ISIC_0012836,0.017214760638297872,False
train,ISIC_0012837,0.7229878488164473,False
train,ISIC_0012844,0.07315508643617022,False
train,ISIC_0012852,0.09423394695056626,False
train,ISIC_0012855,0.038941655585106386,False
train,ISIC_0012856,0.025094796608764413,False
train,ISIC_0012865,0.06071008379247016,False
train,ISIC_0012871,0.05468670288746046,False
train,ISIC_0012876,0.011114239777828792,False
train,ISIC_0012877,0.08060441855422916,False
train,ISIC_0012879,0.028867021276595746,False
train,ISIC_0012883,0.030801225640240792,False
train,ISIC_0012884,0.08906648936170213,False
train,ISIC_0012887,0.019459607712765958,False
train,ISIC_0012888,0.04763946143617021,False
train,ISIC_0012889,0.08264860372340425,False
train,ISIC_0012891,0.040229222074468086,False
train,ISIC_0012897,0.010993351063829787,False
train,ISIC_0012898,0.03186566979772472,False
train,ISIC_0012903,0.03584356028721559,False
train,ISIC_0012907,0.03868765782828283,False
train,ISIC_0012930,0.0541108710106383,False
train,ISIC_0012932,0.17521658909574467,False
train,ISIC_0012939,0.01593089193704724,False
train,ISIC_0012940,0.03224081088664422,False
train,ISIC_0012941,0.09657267514156719,False
train,ISIC_0012944,0.06893598628328743,False
train,ISIC_0012945,0.005794547872340425,False
train,ISIC_0012949,0.01690874335106383,False
train,ISIC_0012950,0.06906651346163657,False
train,ISIC_0012956,0.019542309936486073,False
train,ISIC_0012961,0.06862882313829788,False
train,ISIC_0012966,0.011961271490154066,False
train,ISIC_0012969,0.02394880319148936,False
train,ISIC_0012976,0.010813030876951332,False
train,ISIC_0012981,0.02005804174956637,False
train,ISIC_0012986,0.057499115205081115,False
train,ISIC_0012987,0.024713976093000713,False
train,ISIC_0012989,0.03612034574468085,False
train,ISIC_0012999,0.3837249945796347,False
train,ISIC_0013000,0.01284058626033058,False
train,ISIC_0013007,0.1329077460106383,False
train,ISIC_0013010,0.020146941489361702,False
train,ISIC_0013015,0.06281399601063829,False
train,ISIC_0013023,0.03297273936170213,False
train,ISIC_0013024,0.13743617021276597,False
train,ISIC_0013025,0.01251197661590654,False
train,ISIC_0013026,0.006960585973370064,False
train,ISIC_0013027,0.004795030481583512,False
train,ISIC_0013031,0.05568367686170213,False
train,ISIC_0013032,0.04932413563829787,False
train,ISIC_0013034,0.07515724734042553,False
train,ISIC_0013035,0.06492320478723404,False
train,ISIC_0013039,0.03550478745791246,False
train,ISIC_0013044,0.018412901107029894,False
train,ISIC_0013045,0.037050388672074275,False
train,ISIC_0013047,0.09674983377659574,False
train,ISIC_0013048,0.03569031540148965,False
train,ISIC_0013052,0.24850548537234043,False
train,ISIC_0013053,0.02115526716023875,False
train,ISIC_0013054,0.01110078850372411,False
train,ISIC_0013055,0.005373036711815121,False
train,ISIC_0013056,0.05086502659574468,False
train,ISIC_0013063,0.16871006466176922,False
train,ISIC_0013065,0.014185414753596571,False
train,ISIC_0013070,0.040918775826446284,False
train,ISIC_0013071,0.03887916411590654,False
train,ISIC_0013073,0.553067652925532,False
train,ISIC_0013079,0.10213264627659574,False
train,ISIC_0013084,0.2693464095744681,False
train,ISIC_0013089,0.03719775485282114,False
train,ISIC_0013090,0.016788896276595744,False
train,ISIC_0013094,0.015100897606382979,False
train,ISIC_0013096,0.100046875,False
train,ISIC_0013106,0.03722905585106383,False
train,ISIC_0013109,0.01958194813829787,False
train,ISIC_0013112,0.08149484707446808,False
train,ISIC_0013114,0.1316499335106383,False
train,ISIC_0013118,0.031080618351063828,False
train,ISIC_0013120,0.024334650163248647,False
train,ISIC_0013121,0.02454936835106383,False
train,ISIC_0013124,0.035803903938373634,False
train,ISIC_0013126,0.01817884893760841,False
train,ISIC_0013128,0.0469197379412815,False
train,ISIC_0013129,0.059437666223404254,False
train,ISIC_0013134,0.0370722096278441,False
train,ISIC_0013136,0.04205069813829787,False
train,ISIC_0013140,0.025676389845423937,False
train,ISIC_0013141,0.07368666888297873,False
train,ISIC_0013146,0.15288597074468085,False
train,ISIC_0013147,0.039682347074468084,False
train,ISIC_0013150,0.061687666223404256,False
train,ISIC_0013155,0.004209275265957447,False
train,ISIC_0013163,0.01737965425531915,False
train,ISIC_0013164,0.010928025265957446,False
train,ISIC_0013165,0.06911523696561575,False
train,ISIC_0013166,0.12264345079787234,False
train,ISIC_0013169,0.6372333776595744,False
train,ISIC_0013172,0.024844747340425532,False
train,ISIC_0013173,0.007889022803795531,False
train,ISIC_0013176,0.04709375,False
train,ISIC_0013177,0.16233161569148935,False
train,ISIC_0013178,0.2506929853723404,False
train,ISIC_0013181,0.01701313164893617,False
train,ISIC_0013189,0.12498993645418835,False
train,ISIC_0013190,0.06748922702402817,False
train,ISIC_0013192,0.012633976063829787,False
train,ISIC_0013193,0.11669564494680851,False
train,ISIC_0013196,0.0029767287234042554,False
train,ISIC_0013197,0.004635472074468085,False
train,ISIC_0013198,0.1586559175531915,False
train,ISIC_0013201,0.019690159574468086,False
train,ISIC_0013203,0.26093550531914894,False
train,ISIC_0013205,0.0323091755319149,False
train,ISIC_0013207,0.04280917553191489,False
train,ISIC_0013212,0.01842121010638298,False
train,ISIC_0013213,0.05441539228723404,False
train,ISIC_0013216,0.04871363971150903,False
train,ISIC_0013217,0.009225880171666156,False
train,ISIC_0013219,0.015011801861702128,False
train,ISIC_0013222,0.0429365665812162,False
train,ISIC_0013223,0.11059940159574468,False
train,ISIC_0013226,0.025661942180644833,False
train,ISIC_0013229,0.05411856186064062,False
train,ISIC_0013232,0.07778523936170213,False
train,ISIC_0013233,0.00892220744680851,False
train,ISIC_0013235,0.06066655585106383,False
train,ISIC_0013238,0.054850609153402716,False
train,ISIC_0013242,0.10165496505458627,False
train,ISIC_0013244,0.09683726728723405,False
train,ISIC_0013248,0.024671708776595743,False
train,ISIC_0013257,0.03755523973356532,False
train,ISIC_0013258,0.04211851728723404,False
train,ISIC_0013269,0.02802454327729331,False
train,ISIC_0013274,0.03468794873071441,False
train,ISIC_0013275,0.016013545116761698,False
train,ISIC_0013277,0.2870925864361702,False
train,ISIC_0013287,0.034693516922061046,False
train,ISIC_0013288,0.036405244450150934,False
train,ISIC_0013294,0.037498984623930906,False
train,ISIC_0013304,0.06780509430550898,False
train,ISIC_0013306,0.024111742463944322,False
train,ISIC_0013310,0.23743169139380346,False
train,ISIC_0013314,0.04158980379003857,False
train,ISIC_0013315,0.12434180702876069,False
train,ISIC_0013319,0.06656207747253899,False
train,ISIC_0013320,0.08415797155374811,False
train,ISIC_0013321,0.5309479256194449,False
train,ISIC_0013325,0.03728878540059534,False
train,ISIC_0013326,0.034507391937782995,False
train,ISIC_0013333,0.029493481285636426,False
train,ISIC_0013334,0.25810270103136007,False
train,ISIC_0013335,0.1393455442677763,False
train,ISIC_0013340,0.01636589698977025,False
train,ISIC_0013359,0.29065262805529934,False
train,ISIC_0013360,0.020718093608502432,False
train,ISIC_0013369,0.007586906365294315,False
train,ISIC_0013371,0.07798694160867013,False
train,ISIC_0013374,0.5558012201544944,False
train,ISIC_0013378,0.03279869416086701,False
train,ISIC_0013383,0.030425989565864498,False
train,ISIC_0013385,0.06916569823809324,False
train,ISIC_0013390,0.05808516122861815,False
train,ISIC_0013393,0.28027785929901056,False
train,ISIC_0013394,0.027119630298297837,False
train,ISIC_0013395,0.031370698735955056,False
train,ISIC_0013397,0.08727124559785343,False
train,ISIC_0013398,0.00945192292575046,False
train,ISIC_0013399,0.050660633149211806,False
train,ISIC_0013400,0.15763844488931747,False
train,ISIC_0013403,0.037333249046201576,False
train,ISIC_0013405,0.050764463540793225,False
train,ISIC_0013410,0.04962830685057857,False
train,ISIC_0013411,0.3528604617799346,False
train,ISIC_0013414,0.022807311755827602,False
train,ISIC_0013416,0.013427120236248532,False
train,ISIC_0013417,0.01393972138080664,False
train,ISIC_0013423,0.3345892607276119,False
train,ISIC_0013424,0.14770241685707697,False
train,ISIC_0013428,0.18060715230903068,False
train,ISIC_0013429,0.05551224740063726,False
train,ISIC_0013432,0.040542738161370113,False
train,ISIC_0013433,0.04042940909043267,False
train,ISIC_0013434,0.0419413368113785,False
train,ISIC_0013438,0.05837511660447761,False
train,ISIC_0013443,0.17266723898939293,False
train,ISIC_0013455,0.24039478804188327,False
train,ISIC_0013456,0.004492547794734194,False
train,ISIC_0013457,0.3189206159336743,False
train,ISIC_0013458,0.04343041857076975,False
train,ISIC_0013459,0.1914275401433842,False
train,ISIC_0013461,0.06796837332823244,False
train,ISIC_0013472,0.05559650723733859,False
train,ISIC_0013473,0.8203488570140869,False
train,ISIC_0013474,0.12205933988764045,False
train,ISIC_0013487,0.035580952962239586,False
train,ISIC_0013488,0.0699039035373264,False
train,ISIC_0013489,0.047007242838541664,False
train,ISIC_0013490,0.06653108377659575,False
train,ISIC_0013491,0.06617303856382979,False
train,ISIC_0013492,0.055613198138297876,False
train,ISIC_0013493,0.18624691129150595,False
train,ISIC_0013495,0.051285007546536976,False
train,ISIC_0013498,0.054980239580144884,False
train,ISIC_0013500,0.048283099301091724,False
train,ISIC_0013501,0.06629922608691095,False
train,ISIC_0013511,0.07183992686170212,False
train,ISIC_0013512,0.01714461436170213,False
train,ISIC_0013516,0.06486238706397786,False
train,ISIC_0013517,0.012705302490357203,False
train,ISIC_0013525,0.07982829122340425,False
train,ISIC_0013527,0.005476063829787234,False
train,ISIC_0013529,0.03994481267294147,False
train,ISIC_0013549,0.07430309172186819,False
train,ISIC_0013552,0.011870974525197048,False
train,ISIC_0013553,0.13930353717717592,False
train,ISIC_0013554,0.018556570858837832,False
train,ISIC_0013558,0.03263497340425532,False
train,ISIC_0013559,0.047501329787234044,False
train,ISIC_0013561,0.07236502659574467,False
train,ISIC_0013562,0.055815713829029015,False
train,ISIC_0013565,0.024551302039661244,False
train,ISIC_0013567,0.04138771119822237,False
train,ISIC_0013568,0.01765625,False
train,ISIC_0013573,0.1058652138493521,False
train,ISIC_0013581,0.029738481704888478,False
train,ISIC_0013585,0.5184836930603304,False
train,ISIC_0013592,0.0121448804083515,False
train,ISIC_0013594,0.5383761635638298,False
train,ISIC_0013595,0.011901097074468086,False
train,ISIC_0013596,0.013844414893617022,False
train,ISIC_0013597,0.013630152925531915,False
train,ISIC_0013599,0.012195024742373228,False
train,ISIC_0013601,0.03269476647791042,False
train,ISIC_0013602,0.04290189218574635,False
train,ISIC_0013603,0.017921780143607794,False
train,ISIC_0013606,0.017297340762829114,False
train,ISIC_0013610,0.0631889960106383,False
train,ISIC_0013617,0.2983531455655035,False
train,ISIC_0013618,0.28619316186797755,False
train,ISIC_0013621,0.5216378191638609,False
train,ISIC_0013626,0.132704092694623,False
train,ISIC_0013634,0.16954733224677176,False
train,ISIC_0013635,0.06705347035887976,False
train,ISIC_0013636,0.3261935745692185,False
train,ISIC_0013637,0.0647994992558276,False
train,ISIC_0013643,0.04679074016329868,False
train,ISIC_0013644,0.09027782326953715,False
train,ISIC_0013663,0.1857741882232098,False
train,ISIC_0013664,0.04852686947111353,False
train,ISIC_0013670,0.011822334736080832,False
train,ISIC_0013671,0.15495318461240148,False
train,ISIC_0013672,0.19606731746813685,False
train,ISIC_0013673,0.02565059840425532,False
train,ISIC_0013674,0.21770768371100957,False
train,ISIC_0013675,0.07207532387221198,False
train,ISIC_0013676,0.06870853335150093,False
train,ISIC_0013678,0.03994281914893617,False
train,ISIC_0013680,0.03766356749311295,False
train,ISIC_0013684,0.07112849069148937,False
train,ISIC_0013685,0.4363716755319149,False
train,ISIC_0013688,0.04878587225389904,False
train,ISIC_0013689,0.008613418817080328,False
train,ISIC_0013690,0.011553505733271843,False
train,ISIC_0013691,0.10757164228723404,False
train,ISIC_0013695,0.05045837678706188,False
train,ISIC_0013702,0.14585566068883113,False
train,ISIC_0013708,0.6912277964302111,False
train,ISIC_0013709,0.28648686835106385,False
train,ISIC_0013713,0.0228431774589133,False
train,ISIC_0013719,0.05421359707446809,False
train,ISIC_0013721,0.12800880984042554,False
train,ISIC_0013733,0.03820270574794567,False
train,ISIC_0013737,0.011369427878165353,False
train,ISIC_0013738,0.008358919718472246,False
train,ISIC_0013739,0.07048653590425531,False
train,ISIC_0013740,0.10029521276595744,False
train,ISIC_0013748,0.08549843173528425,False
train,ISIC_0013749,0.06602106217507966,False
train,ISIC_0013758,0.11681598699794567,False
train,ISIC_0013762,0.0723347360808318,False
train,ISIC_0013765,0.43576084094101125,False
train,ISIC_0013767,0.40529834726686054,False
train,ISIC_0013772,0.020073411689795404,False
train,ISIC_0013775,0.046429544692268995,False
train,ISIC_0013777,0.0985393815246101,False
train,ISIC_0013778,0.12979666930446085,False
train,ISIC_0013782,0.05856283244680851,False
train,ISIC_0013783,0.3496807788655039,False
train,ISIC_0013789,0.013503823138297873,False
train,ISIC_0013792,0.069549560546875,False
train,ISIC_0013793,0.08513895670572917,False
train,ISIC_0013794,0.041197972074468084,False
train,ISIC_0013795,0.010414561170212767,False
train,ISIC_0013796,0.018328125,False
train,ISIC_0013797,0.1363348406731456,False
train,ISIC_0013798,0.004328719645954495,False
train,ISIC_0013799,0.04292004654255319,False
train,ISIC_0013800,0.0333891289893617,False
train,ISIC_0013801,0.14454155585106382,False
train,ISIC_0013802,0.018128989361702128,False
train,ISIC_0013803,0.010033909574468085,False
train,ISIC_0013804,0.01713813164893617,False
train,ISIC_0013806,0.02255412281988932,False
train,ISIC_0013807,0.007144972119738387,False
train,ISIC_0013809,0.25943497269620996,False
train,ISIC_0013813,0.5489127123773688,False
train,ISIC_0013816,0.1259140022325172,False
train,ISIC_0013828,0.3171013962765957,False
train,ISIC_0013830,0.020950319941723965,False
train,ISIC_0013831,0.03999779237590139,False
train,ISIC_0013833,0.9001705995566409,False
train,ISIC_0013835,0.09880477135041087,False
train,ISIC_0013836,0.01549603086219185,False
train,ISIC_0013839,0.010029868433464699,False
train,ISIC_0013840,0.42781050531914894,False
train,ISIC_0013843,0.02455186170212766,False
train,ISIC_0013844,0.04888946143617021,False
train,ISIC_0013861,0.3802259113491531,False
train,ISIC_0013862,0.38942562796096764,False
train,ISIC_0013863,0.008890518221742411,False
train,ISIC_0013865,0.08396226600494718,False
train,ISIC_0013867,0.4136815702037565,False
train,ISIC_0013874,0.3171247923392168,False
train,ISIC_0013879,0.03828516411097602,False
train,ISIC_0013886,0.022756666252168146,False
train,ISIC_0013888,0.010565724965411706,False
train,ISIC_0013896,0.08806061860640617,False
train,ISIC_0013897,0.031168688029305718,False
train,ISIC_0013898,0.048053491321482476,False
train,ISIC_0013908,0.14258078457446807,False
train,ISIC_0013911,0.029774434840425534,False
train,ISIC_0013917,0.04900581581209123,False
train,ISIC_0013921,0.03104862944469952,False
train,ISIC_0013922,0.033953848209793726,False
train,ISIC_0013925,0.6002523271276595,False
train,ISIC_0013929,0.30668402413843704,False
train,ISIC_0013935,0.02075690717759517,False
train,ISIC_0013936,0.023640625,False
train,ISIC_0013942,0.04236263599488513,False
train,ISIC_0013946,0.17113713430851063,False
train,ISIC_0013953,0.15515137964238343,False
train,ISIC_0013958,0.16691871675531914,False
train,ISIC_0013961,0.02547046303769076,False
train,ISIC_0013966,0.0265141289893617,False
train,ISIC_0013967,0.06506515957446808,False
train,ISIC_0013972,0.12042826924890994,False
train,ISIC_0013975,0.06483194813829787,False
train,ISIC_0013977,0.05307995345744681,False
train,ISIC_0013980,0.04346431902985075,False
train,ISIC_0013981,0.07193218860053664,False
train,ISIC_0013982,0.0776562893048801,False
train,ISIC_0013983,0.055094913563829784,False
train,ISIC_0013984,0.15071259973404255,False
train,ISIC_0013986,0.14539827127659574,False
train,ISIC_0013987,0.11322839095744681,False
train,ISIC_0013988,0.3672641289893617,False
train,ISIC_0013995,0.043780723314606744,False
train,ISIC_0013996,0.09390394411370116,False
train,ISIC_0013997,0.048297754774232766,False
train,ISIC_0013998,0.044603177930571856,False
train,ISIC_0014001,0.11796287064501929,False
train,ISIC_0014013,0.16773603723404254,False
train,ISIC_0014026,0.0390807603922103,False
train,ISIC_0014027,0.13221539336323998,False
train,ISIC_0014028,0.02474750664893617,False
train,ISIC_0014032,0.03077768635753815,False
train,ISIC_0014037,0.30386832079070936,False
train,ISIC_0014044,0.16531689887116385,False
train,ISIC_0014046,0.01081072538466376,False
train,ISIC_0014049,0.033218519411370113,False
train,ISIC_0014059,0.038494544482642966,False
train,ISIC_0014062,0.06948758882902902,False
train,ISIC_0014066,0.06217720867222874,False
train,ISIC_0014069,0.046819645627201076,False
train,ISIC_0014072,0.5821683257693275,False
train,ISIC_0014076,0.6399343805026833,False
train,ISIC_0014080,0.050346767304628545,False
train,ISIC_0014081,0.021564786233858796,False
train,ISIC_0014089,0.01102624714384538,False
train,ISIC_0014090,0.011354770433296997,False
train,ISIC_0014092,0.019550493014212644,False
train,ISIC_0014094,0.0141099606427134,False
train,ISIC_0014103,0.20561545546495053,False
train,ISIC_0014108,0.1298575918686064,False
train,ISIC_0014114,0.18840581371583096,False
train,ISIC_0014117,0.038315379737548214,False
train,ISIC_0014127,0.08935448612799765,False
train,ISIC_0014129,0.3447871575234781,False
train,ISIC_0014132,0.2030671890721952,False
train,ISIC_0014133,0.5096749781202834,False
train,ISIC_0014136,0.0573472939900218,False
train,ISIC_0014139,0.06614282541820392,False
train,ISIC_0014144,0.027605045567457655,False
train,ISIC_0014149,0.04115180003249203,False
train,ISIC_0014150,0.07884550758322154,False
train,ISIC_0014151,0.34576879690382356,False
train,ISIC_0014157,0.09646105410447761,False
train,ISIC_0014158,0.02120146174849069,False
train,ISIC_0014160,0.0588373583714154,False
train,ISIC_0014162,0.025166423413130974,False
train,ISIC_0014163,0.341826026119403,False
train,ISIC_0014164,0.07497479574563978,False
train,ISIC_0014166,0.08866124630534127,False
train,ISIC_0014171,0.2217203025427637,False
train,ISIC_0014173,0.3573823244644055,False
train,ISIC_0014174,0.016018130686105986,False
train,ISIC_0014178,0.04707610996981385,False
train,ISIC_0014181,0.45988126323264295,False
train,ISIC_0014183,0.13870225439690592,False
train,ISIC_0014185,0.07359584953567835,False
train,ISIC_0014186,0.1354853137315529,False
train,ISIC_0014187,0.008161822121834647,False
train,ISIC_0014190,0.044802895852549054,False
train,ISIC_0014195,0.018217238727360387,False
train,ISIC_0014197,0.14387461284693107,False
train,ISIC_0014217,0.35505989736185645,False
train,ISIC_0014219,0.18494436394222707,False
train,ISIC_0014221,0.2778524206565487,False
train,ISIC_0014222,0.29626773960254904,False
train,ISIC_0014233,0.20990779402670637,False
train,ISIC_0014238,0.07145709086240147,False
train,ISIC_0014248,0.006475151454804628,False
train,ISIC_0014249,0.1767302171987674,False
train,ISIC_0014253,0.01752408078987087,False
train,ISIC_0014255,0.28750586297794734,False
train,ISIC_0014263,0.027688404667323495,False
train,ISIC_0014270,0.09302089447425792,False
train,ISIC_0014273,0.11464349163592151,False
train,ISIC_0014274,0.027128801436986417,False
train,ISIC_0014284,0.026223233376656045,False
train,ISIC_0014286,0.009226165520711052,False
train,ISIC_0014290,0.05168288757232098,False
train,ISIC_0014291,0.09708239875062888,False
train,ISIC_0014302,0.04747014139275532,False
train,ISIC_0014308,0.07755974669314943,False
train,ISIC_0014311,0.24140426837896192,False
train,ISIC_0014316,0.0903865667711303,False
train,ISIC_0014317,0.04214293809219353,False
train,ISIC_0014324,0.38500415649106995,False
train,ISIC_0014325,0.2142344424733775,False
train,ISIC_0014327,0.12434549186126949,False
train,ISIC_0014328,0.0878152087613198,False
train,ISIC_0014331,0.3245195142178853,False
train,ISIC_0014337,0.055282723277922184,False
train,ISIC_0014347,0.14979769450674996,False
train,ISIC_0014349,0.12398265868690257,False
train,ISIC_0014353,0.014475577912753647,False
train,ISIC_0014360,0.04312957246771759,False
train,ISIC_0014361,0.053318625665562634,False
train,ISIC_0014365,0.5960794692268993,False
train,ISIC_0014366,0.11840971800058696,False
train,ISIC_0014372,0.2974753820434345,False
train,ISIC_0014382,0.22325597696209962,False
train,ISIC_0014385,0.4401439082676505,False
train,ISIC_0014386,0.2805296561871122,False
train,ISIC_0014392,0.24978537897765388,False
train,ISIC_0014393,0.06461886057772934,False
train,ISIC_0014394,0.036465430047794734,False
train,ISIC_0014395,0.15430760195685897,False
train,ISIC_0014397,0.18258295950025155,False
train,ISIC_0014410,0.06473554694050813,False
train,ISIC_0014419,0.298426068830706,False
train,ISIC_0014422,0.4014878043507882,False
train,ISIC_0014423,0.1034495436703421,False
train,ISIC_0014428,0.043060133846218346,False
train,ISIC_0014430,0.09803382250440215,False
train,ISIC_0014431,0.01472156095400805,False
train,ISIC_0014433,0.044900748626949524,False
train,ISIC_0014434,0.06963735679922019,False
train,ISIC_0014438,0.09787562036202414,False
train,ISIC_0014453,0.029379087707529766,False
train,ISIC_0014457,0.48372802529662084,False
train,ISIC_0014458,0.02687913356322321,False
train,ISIC_0014469,0.04747030516308905,False
train,ISIC_0014470,0.05716526326408687,False
train,ISIC_0014473,0.1240373579783666,False
train,ISIC_0014476,0.03811689009307396,False
train,ISIC_0014478,0.03363613376236794,False
train,ISIC_0014480,0.10298189748239141,False
train,ISIC_0014486,0.0498768283320057,False
train,ISIC_0014489,0.5678676545729918,False
train,ISIC_0014500,0.27644489652335236,False
train,ISIC_0014502,0.06107618071859802,False
train,ISIC_0014503,0.1191851705307731,False
train,ISIC_0014507,0.06257951049702332,False
train,ISIC_0014511,0.015215901706355861,False
train,ISIC_0014513,0.08440763942751132,False
train,ISIC_0014522,0.02659302679020627,False
train,ISIC_0014525,0.03874568628940969,False
train,ISIC_0014526,0.03657990551106825,False
train,ISIC_0014527,0.326120123574543,False
train,ISIC_0014529,0.0073296231710129126,False
train,ISIC_0014535,0.10657313524547207,False
train,ISIC_0014537,0.21865738787627872,False
train,ISIC_0014542,0.2773918165929482,False
train,ISIC_0014545,0.05952732278739728,False
train,ISIC_0014547,0.00733658341019621,False
train,ISIC_0014548,0.18941766872274862,False
train,ISIC_0014554,0.15748875880429314,False
train,ISIC_0014559,0.310553425813349,False
train,ISIC_0014567,0.10155134042444648,False
train,ISIC_0014573,0.036066153963881235,False
train,ISIC_0014574,0.035232972081930415,False
train,ISIC_0014576,0.05861586987297215,False
train,ISIC_0014580,0.20206603599122538,False
train,ISIC_0014581,0.2428644478242016,False
train,ISIC_0014585,0.029851466049382717,False
train,ISIC_0014586,0.22297775205761317,False
train,ISIC_0014587,0.041055281348841954,False
train,ISIC_0014596,0.018037062544638303,False
train,ISIC_0014599,0.30394558750382616,False
train,ISIC_0014600,0.04579351756198347,False
train,ISIC_0014601,0.1451681429190899,False
train,ISIC_0014609,0.35206169172788493,False
train,ISIC_0014610,0.03656355218855219,False
train,ISIC_0014617,0.02557196810274462,False
train,ISIC_0014619,0.08097866289154168,False
train,ISIC_0014625,0.22163953295582084,False
train,ISIC_0014628,0.06231267855320886,False
train,ISIC_0014632,0.010057567467605347,False
train,ISIC_0014633,0.019442172673706765,False
train,ISIC_0014640,0.16173214149066423,False
train,ISIC_0014642,0.09120721099887767,False
train,ISIC_0014643,0.1394008344174064,False
train,ISIC_0014651,0.04643220398428732,False
train,ISIC_0014652,0.5809200751198857,False
train,ISIC_0014658,0.18927519874023896,False
train,ISIC_0014661,0.16541322168761377,False
train,ISIC_0014663,0.4546692469945395,False
train,ISIC_0014666,0.5353891037516759,False
train,ISIC_0014667,0.11003637876623913,False
train,ISIC_0014675,0.10255664709842008,False
train,ISIC_0014677,0.19738763061335993,False
train,ISIC_0014682,0.6861398864036554,False
train,ISIC_0014687,0.3608196585508309,False
train,ISIC_0014688,0.8329429838746307,False
train,ISIC_0014692,0.0941630795691616,False
train,ISIC_0014698,0.09561953871451159,False
train,ISIC_0014702,0.09126363773254302,False
train,ISIC_0014703,0.771058648577638,False
train,ISIC_0014707,0.10375381582729874,False
train,ISIC_0014708,0.25845968258765534,False
train,ISIC_0014714,0.6798774311632851,False
train,ISIC_0014715,0.13572540567255156,False
train,ISIC_0014723,0.4169522990073545,False
train,ISIC_0014724,0.701061987931347,False
train,ISIC_0014726,0.4121259755463942,False
train,ISIC_0014729,0.5712157365697167,False
train,ISIC_0014730,0.12200092083408054,False
train,ISIC_0014735,0.6823838505031639,False
train,ISIC_0014739,0.13927854833894007,False
train,ISIC_0014740,0.5516587716473376,False
train,ISIC_0014742,0.5845049437814883,False
train,ISIC_0014743,0.4127154591424534,False
train,ISIC_0014745,0.2514707610123837,False
train,ISIC_0014746,0.5815278407937423,False
train,ISIC_0014748,0.4297304150846681,False
train,ISIC_0014749,0.36266266335153097,False
train,ISIC_0014754,0.3103692270615053,False
train,ISIC_0014760,0.6615797266814303,False
train,ISIC_0014762,0.7515790498673706,False
train,ISIC_0014763,0.566934073170936,False
train,ISIC_0014765,0.2716081838143915,False
train,ISIC_0014768,0.11863010987294019,False
train,ISIC_0014769,0.42520654099952726,False
train,ISIC_0014770,0.15102007737293227,False
train,ISIC_0014771,0.4276123003661051,False
train,ISIC_0014775,0.6418465089748224,False
train,ISIC_0014778,0.07812964569614243,False
train,ISIC_0014779,0.18402603658070618,False
train,ISIC_0014780,0.21886153627786467,False
train,ISIC_0014782,0.23352831217050143,False
train,ISIC_0014783,0.27061414685522045,False
train,ISIC_0014784,0.6522712053594228,False
train,ISIC_0014785,0.21320980550444713,False
train,ISIC_0014787,0.6095364688545358,False
train,ISIC_0014788,0.11222790081521877,False
train,ISIC_0014790,0.885768777684199,False
train,ISIC_0014791,0.6252626880547075,False
train,ISIC_0014792,0.042552209208650923,False
train,ISIC_0014797,0.04031454308672448,False
train,ISIC_0014798,0.31603834010084925,False
train,ISIC_0014800,0.27376169711242315,False
train,ISIC_0014802,0.12542445509925185,False
train,ISIC_0014803,0.580901121479792,False
train,ISIC_0014805,0.07098269574868295,False
train,ISIC_0014806,0.2056114067095744,False
train,ISIC_0014807,0.6258124114739476,False
train,ISIC_0014808,0.2197261141665138,False
train,ISIC_0014809,0.16381737965563575,False
train,ISIC_0014812,0.07355890471814915,False
train,ISIC_0014815,0.2175729120883973,False
train,ISIC_0014818,0.46057570453334634,False
train,ISIC_0014820,0.04745843537651375,False
train,ISIC_0014821,0.13838352514888533,False
train,ISIC_0014823,0.08325458572888704,False
train,ISIC_0014825,0.38091682300395274,False
train,ISIC_0014826,0.473400358920775,False
train,ISIC_0014829,0.08942862290090538,False
train,ISIC_0014830,0.32862563232800884,False
train,ISIC_0014831,0.36532875258365455,False
train,ISIC_0014832,0.2667111895092925,False
train,ISIC_0014833,0.8617322040000365,False
train,ISIC_0014834,0.19579988387098046,False
train,ISIC_0014835,0.4299877321593141,False
train,ISIC_0014836,0.22898831166772385,False
train,ISIC_0014838,0.45573784958839886,False
train,ISIC_0014843,0.27451663895613043,False
train,ISIC_0014844,0.13874861587674808,False
train,ISIC_0014845,0.14920790701929237,False
train,ISIC_0014846,0.5465470439570725,False
train,ISIC_0014848,0.09028430750354773,False
train,ISIC_0014849,0.21153677482418365,False
train,ISIC_0014850,0.155200222570422,False
train,ISIC_0014853,0.08274757516585976,False
train,ISIC_0014854,0.46507016936534373,False
train,ISIC_0014855,0.23894443167520293,False
train,ISIC_0014857,0.6217757632701749,False
train,ISIC_0014860,0.23064380140417062,False
train,ISIC_0014862,0.4082676481148916,False
train,ISIC_0014867,0.1409189344010543,False
train,ISIC_0014868,0.5085999641076564,False
train,ISIC_0014872,0.6878454540085479,False
train,ISIC_0014879,0.031008450152881322,False
train,ISIC_0014883,0.3392847224652839,False
train,ISIC_0014897,0.21788425450142088,False
train,ISIC_0014898,0.4277007158679129,False
train,ISIC_0014901,0.18841275479811204,False
train,ISIC_0014903,0.19449740095094142,False
train,ISIC_0014904,0.18566236065695174,False
train,ISIC_0014907,0.14767113927962477,False
train,ISIC_0014908,0.14660345286612464,False
train,ISIC_0014912,0.4024168201753767,False
train,ISIC_0014913,0.3811791873488673,False
train,ISIC_0014919,0.17541472741173372,False
train,ISIC_0014920,0.13161150153389012,False
train,ISIC_0014921,0.2422000044867127,False
train,ISIC_0014922,0.3897449503115822,False
train,ISIC_0014923,0.08234168615221482,False
train,ISIC_0014925,0.10663559282303291,False
train,ISIC_0014926,0.1748553874739848,False
train,ISIC_0014928,0.09490315828277199,False
train,ISIC_0014929,0.05457229605372126,False
train,ISIC_0014931,0.26599813015561286,False
train,ISIC_0014933,0.06432393154816612,False
train,ISIC_0014937,0.7515129665718495,False
train,ISIC_0014940,0.2508063992881441,False
train,ISIC_0014941,0.3023791865855997,False
train,ISIC_0014943,0.15664436385081623,False
train,ISIC_0014944,0.12437729115894243,False
train,ISIC_0014945,0.05224408273340584,False
train,ISIC_0014946,0.310677346346164,False
train,ISIC_0014947,0.2329669747054975,False
train,ISIC_0014948,0.729937167947003,False
train,ISIC_0014949,0.3567365513899047,False
train,ISIC_0014951,0.5843582682190798,False
train,ISIC_0014955,0.12190579018508199,False
train,ISIC_0014956,0.3453418872628539,False
train,ISIC_0014957,0.3496028548288991,False
train,ISIC_0014958,0.3548811888970321,False
train,ISIC_0014961,0.5714261570867372,False
train,ISIC_0014962,0.4691841816931483,False
train,ISIC_0014963,0.7375760316482658,False
train,ISIC_0014964,0.40863622338079714,False
train,ISIC_0014966,0.3690179315850637,False
train,ISIC_0014968,0.4311765091064305,False
train,ISIC_0014973,0.6757177737532656,False
train,ISIC_0014974,0.15536452027827222,False
train,ISIC_0014975,0.37271687093786987,False
train,ISIC_0014979,0.5309858694363716,False
train,ISIC_0014983,0.3585008552931472,False
train,ISIC_0014985,0.5772181743436622,False
train,ISIC_0014989,0.24724959793926837,False
train,ISIC_0014992,0.2860782594068244,False
train,ISIC_0014994,0.08289769136867753,False
train,ISIC_0014998,0.4410712960357617,False
train,ISIC_0015002,0.4859096459046809,False
train,ISIC_0015003,0.4095008375331984,False
train,ISIC_0015007,0.22933869655606298,False
train,ISIC_0015009,0.7970189584520582,False
train,ISIC_0015011,0.7844947575570872,False
train,ISIC_0015013,0.524590050609831,False
train,ISIC_0015018,0.17181059170008756,False
train,ISIC_0015019,0.47876750327815837,False
train,ISIC_0015020,0.6747383703749282,False
train,ISIC_0015021,0.20216488491362597,False
train,ISIC_0015023,0.2050296489255636,False
train,ISIC_0015026,0.04006901931170423,False
train,ISIC_0015030,0.19986360854095775,False
train,ISIC_0015031,0.3823214508871805,False
train,ISIC_0015032,0.2297820888366412,False
train,ISIC_0015034,0.14915190550005267,False
train,ISIC_0015037,0.5774028875547355,False
train,ISIC_0015041,0.15083201804235433,False
train,ISIC_0015043,0.33528363907627506,False
train,ISIC_0015044,0.24116094159510967,False
train,ISIC_0015046,0.3041729655101585,False
train,ISIC_0015050,0.6455923687205326,False
train,ISIC_0015051,0.23573590275169323,False
train,ISIC_0015056,0.5225079507587364,False
train,ISIC_0015060,0.31547382901818877,False
train,ISIC_0015062,0.9581580716511808,False
train,ISIC_0015064,0.6248890613640247,False
train,ISIC_0015071,0.2757370500100496,False
train,ISIC_0015079,0.17077622477433269,False
train,ISIC_0015082,0.4695381090494174,False
train,ISIC_0015089,0.5701038067234994,False
train,ISIC_0015102,0.6515174540915819,False
train,ISIC_0015108,0.3760929012005052,False
train,ISIC_0015109,0.3449916892317263,False
train,ISIC_0015110,0.2593893476673414,False
train,ISIC_0015113,0.2085128770367223,False
train,ISIC_0015118,0.6508910604841877,False
train,ISIC_0015124,0.40783962098663684,False
train,ISIC_0015125,0.19910331397514217,False
train,ISIC_0015127,0.24233842938337938,False
train,ISIC_0015129,0.18351512951874996,False
train,ISIC_0015130,0.3234062177117762,False
train,ISIC_0015132,0.49503462399802434,False
train,ISIC_0015133,0.26678247124021265,False
train,ISIC_0015136,0.284920561904524,False
train,ISIC_0015139,0.1135195247256526,False
train,ISIC_0015140,0.6604071389452306,False
train,ISIC_0015142,0.5140133725151986,False
train,ISIC_0015146,0.25033605613481674,False
train,ISIC_0015149,0.38938884617775366,False
train,ISIC_0015150,0.3349163711938481,False
train,ISIC_0015152,0.3001072837386911,False
train,ISIC_0015153,0.7130338469232093,False
train,ISIC_0015156,0.2684799421539859,False
train,ISIC_0015157,0.3315060697803317,False
train,ISIC_0015158,0.10807101791151015,False
train,ISIC_0015160,0.3613325740515783,False
train,ISIC_0015161,0.3760315349921049,False
train,ISIC_0015166,0.4710499664075481,False
train,ISIC_0015167,0.6478740580539393,False
train,ISIC_0015171,0.884072176699104,False
train,ISIC_0015174,0.19645978552969265,False
train,ISIC_0015180,0.20369301301950038,False
train,ISIC_0015184,0.1537804954708359,False
train,ISIC_0015185,0.4962280423463067,False
train,ISIC_0015189,0.2510844868647356,False
train,ISIC_0015190,0.42808209898782446,False
train,ISIC_0015193,0.4061250578100739,False
train,ISIC_0015200,0.7020881589242308,False
train,ISIC_0015201,0.25343074860653414,False
train,ISIC_0015202,0.14929769376908342,False
train,ISIC_0015203,0.740845436119068,False
train,ISIC_0015204,0.47617998979328335,False
train,ISIC_0015206,0.1737090009247691,False
train,ISIC_0015207,0.3047588305473812,False
train,ISIC_0015208,0.3713343458320431,False
train,ISIC_0015211,0.4782509411557778,False
train,ISIC_0015212,0.07618590879354523,False
train,ISIC_0015215,0.1796135568751419,False
train,ISIC_0015218,0.28490400914863967,False
train,ISIC_0015219,0.2719720132500278,False
train,ISIC_0015220,0.7279423504727688,False
train,ISIC_0015229,0.9521736915292025,False
train,ISIC_0015232,0.3461328591998808,False
train,ISIC_0015233,0.24918841424966695,False
train,ISIC_0015237,0.4943758430852732,False
train,ISIC_0015241,0.15346338750528965,False
train,ISIC_0015243,0.6618032880116661,False
train,ISIC_0015244,0.34307275741943094,False
train,ISIC_0015245,0.4517898692445652,False
train,ISIC_0015250,0.1827817350776232,False
train,ISIC_0015254,0.28208944441208195,False
train,ISIC_0015258,0.7271393401893396,False
train,ISIC_0015260,0.20112378047723847,False
train,ISIC_0015264,0.06768478103028625,False
train,ISIC_0015270,0.22827554232273886,False
train,ISIC_0015273,0.044611646875077474,False
train,ISIC_0015274,0.8677776779248322,False
train,ISIC_0015276,0.047679247865755406,False
train,ISIC_0015283,0.38545551759213376,False
train,ISIC_0015284,0.3844212083779825,False
train,ISIC_0015291,0.19700747694840068,False
train,ISIC_0015295,0.729378491642693,False
train,ISIC_0015309,0.14632572471763813,False
train,ISIC_0015310,0.4114599782161377,False
train,ISIC_0015312,0.3632604450300044,False
train,ISIC_0015330,0.16326545323044653,False
train,ISIC_0015331,0.2745190048299598,False
train,ISIC_0015355,0.09187455142447519,False
train,ISIC_0015357,0.0890373939235851,False
train,ISIC_0015360,0.31742974416693465,False
train,ISIC_0015363,0.5792270834598763,False
train,ISIC_0015368,0.6131510944871358,False
train,ISIC_0015369,0.09756103858547467,False
train,ISIC_0015383,0.16585861939248786,False
train,ISIC_0015390,0.7382788121489494,False
train,ISIC_0015395,0.26260198048829914,False
train,ISIC_0015401,0.23066197709322694,False
train,ISIC_0015403,0.19087954078616323,False
train,ISIC_0015404,0.5761589681250067,False
train,ISIC_0015411,0.1091272580514447,False
train,ISIC_0015412,0.36429922996882785,False
train,ISIC_0015417,0.2399954504137159,False
train,ISIC_0015418,0.2716629122925133,False
train,ISIC_0015436,0.32678069852519787,False
train,ISIC_0015440,0.08872905525154676,False
train,ISIC_0015443,0.33503107173484314,False
train,ISIC_0015445,0.4086658635747628,False
train,ISIC_0015447,0.8842079335759416,False
train,ISIC_0015455,0.33937733194197023,False
train,ISIC_0015464,0.46184036491646163,False
train,ISIC_0015466,0.6399004904110005,False
train,ISIC_0015468,0.07757543017029493,False
train,ISIC_0015476,0.21234012940597283,False
train,ISIC_0015481,0.08800639782012543,False
train,ISIC_0015482,0.3522413813507032,False
train,ISIC_0015483,0.2978708362386729,False
train,ISIC_0015485,0.6193638651391276,False
train,ISIC_0015496,0.3001671395199859,False
train,ISIC_0015510,0.10459741285964905,False
train,ISIC_0015537,0.48379328337771477,False
train,ISIC_0015544,0.2184786394913264,False
train,ISIC_0015559,0.2204750974749099,False
train,ISIC_0015563,0.05136318289634673,False
train,ISIC_0015566,0.30928814131016513,False
train,ISIC_0015568,0.17034369270418465,False
train,ISIC_0015582,0.1291211639386685,False
train,ISIC_0015593,0.3011227307864115,False
train,ISIC_0015607,0.629746823656003,False
train,ISIC_0015617,0.6089583420134421,False
train,ISIC_0015627,0.11034853917027504,False
train,ISIC_0015631,0.2321138850408453,False
train,ISIC_0015636,0.6508395421901454,False
train,ISIC_0015641,0.32282610778771,False
train,ISIC_0015645,0.15647749482808182,False
train,ISIC_0015936,0.04328296802662037,False
train,ISIC_0015937,0.024976659704137733,False
train,ISIC_0015941,0.021661070478723406,False
train,ISIC_0015942,0.010933843085106382,False
train,ISIC_0015943,0.012057347074468086,False
train,ISIC_0015944,0.034114527925531914,False
train,ISIC_0015946,0.023246841755319148,False
train,ISIC_0015947,0.07187516622340426,False
train,ISIC_0015948,0.06924085771276596,False
train,ISIC_0015949,0.01505934175531915,False
train,ISIC_0015950,0.028299534574468085,False
train,ISIC_0015951,0.003201628989361702,False
train,ISIC_0015952,0.018033909574468085,False
train,ISIC_0015955,0.26150315824468084,False
train,ISIC_0015956,0.11693317819148936,False
train,ISIC_0015957,0.12663607348739925,False
train,ISIC_0015958,0.033892228790429545,False
train,ISIC_0015960,0.06823819813829787,False
train,ISIC_0015961,0.057465425531914895,False
train,ISIC_0015963,0.034046968262167125,False
train,ISIC_0015964,0.02897440159574468,False
train,ISIC_0015965,0.03192519946808511,False
train,ISIC_0015966,0.07241418684955617,False
train,ISIC_0015967,0.2210246010638298,False
train,ISIC_0015969,0.15190625,False
train,ISIC_0015972,0.07542009823614937,False
train,ISIC_0015973,0.24385983950062268,False
train,ISIC_0015974,0.19565964417298382,False
train,ISIC_0015975,0.04669996675531915,False
train,ISIC_0015976,0.035138630319148934,False
train,ISIC_0015978,0.03233048604734211,False
train,ISIC_0015982,0.06977111037234042,False
train,ISIC_0015983,0.24843835689598,False
train,ISIC_0015984,0.10281924755764718,False
train,ISIC_0015985,0.021818066236863585,False
train,ISIC_0015986,0.04082347074468085,False
train,ISIC_0015987,0.0303578789893617,False
train,ISIC_0015989,0.027709607712765958,False
train,ISIC_0015990,0.07790541888297872,False
train,ISIC_0015991,0.03418151595744681,False
train,ISIC_0015993,0.03070694813829787,False
train,ISIC_0015994,0.01541227059101112,False
train,ISIC_0015995,0.08355535239361703,False
train,ISIC_0015996,0.04355435505319149,False
train,ISIC_0015997,0.03633418305530048,False
train,ISIC_0015998,0.02840201653530252,False
train,ISIC_0015999,0.01574251994680851,False
train,ISIC_0016000,0.033065722725997344,False
train,ISIC_0016003,0.03878091755319149,False
train,ISIC_0016005,0.10454991654263793,False
train,ISIC_0016006,0.04356012467507966,False
train,ISIC_0016007,0.049847185901601546,False
train,ISIC_0016008,0.15825839748763207,False
train,ISIC_0016009,0.056149477769159815,False
train,ISIC_0016011,0.01447287570224719,False
train,ISIC_0016012,0.027830066005995305,False
train,ISIC_0016013,0.03677413712686567,False
train,ISIC_0016015,0.06997071131351669,False
train,ISIC_0016016,0.15904596902251383,False
train,ISIC_0016017,0.022195465789032365,False
train,ISIC_0016019,0.044511635638297874,False
train,ISIC_0016022,0.035411404179942985,False
train,ISIC_0016024,0.09443581570120396,False
train,ISIC_0016025,0.22581183510638297,False
train,ISIC_0016026,0.02082313829787234,False
train,ISIC_0016027,0.008617594960590306,False
train,ISIC_0016028,0.020174220902203856,False
train,ISIC_0016029,0.10684114539661245,False
train,ISIC_0016033,0.09109073292903785,False
train,ISIC_0016034,0.02713805446084186,False
train,ISIC_0016035,0.542225887766225,False
train,ISIC_0016036,0.28905382017231257,False
train,ISIC_0016037,0.1315540887556599,False
train,ISIC_0016040,0.033971125980001675,False
train,ISIC_0016041,0.0463374335106383,False
train,ISIC_0016042,0.02578637601144558,False
train,ISIC_0016043,0.031718792580286766,False
train,ISIC_0016044,0.05786718291443065,False
train,ISIC_0016045,0.020255426742169166,False
train,ISIC_0016048,0.013026619885124937,False
train,ISIC_0016050,0.01639275532450109,False
train,ISIC_0016051,0.02866021782764548,False
train,ISIC_0016053,0.008587051793350663,False
train,ISIC_0016054,0.10209409850327017,False
train,ISIC_0016055,0.27486942591292135,False
train,ISIC_0016057,0.04428882077498742,False
train,ISIC_0016058,0.020285002960967635,False
train,ISIC_0016059,0.018087696393384204,False
train,ISIC_0016060,0.023924962398331376,False
train,ISIC_0016061,0.012503537439208453,False
train,ISIC_0016062,0.03143129375943317,False
train,ISIC_0016063,0.01458907075402482,False
train,ISIC_0016064,0.01812831143614791,False
train,ISIC_0016065,0.01133929413676002,False
train,ISIC_0016066,0.0907362164336324,False
train,ISIC_0016068,0.12831856015742915,False
train,ISIC_0016069,0.022374139223125943,False
train,ISIC_0016070,0.024808257693275198,False
val,ISIC_0000032,0.32923835817801483,False
val,ISIC_0000034,0.20596861278103387,False
val,ISIC_0000047,0.24681451764883253,False
val,ISIC_0000048,0.12742812788572075,False
val,ISIC_0000055,0.4219047405913725,False
val,ISIC_0000060,0.505168973672804,False
val,ISIC_0000061,0.3197849725797637,False
val,ISIC_0000072,0.1231498939880644,True
val,ISIC_0000110,0.105499267578125,False
val,ISIC_0000121,0.27612845102945965,False
val,ISIC_0000123,0.1869939168294271,False
val,ISIC_0000149,0.5180390675862631,False
val,ISIC_0000185,0.2789616206861448,False
val,ISIC_0000189,0.4078216041788874,False
val,ISIC_0000199,0.3041248239780448,True
val,ISIC_0000209,0.5958004109126964,True
val,ISIC_0000220,0.12745300653312522,True
val,ISIC_0000229,0.42837172946377317,True
val,ISIC_0000233,0.7198837732962362,True
val,ISIC_0000245,0.4986712137858073,True
val,ISIC_0000254,0.19180933634440103,True
val,ISIC_0000259,0.8941930135091146,True
val,ISIC_0000278,0.5542856852213541,True
val,ISIC_0000283,0.14301427205403647,True
val,ISIC_0000287,0.3089154561360677,True
val,ISIC_0000324,0.3549158880197016,True
val,ISIC_0000327,0.16225735187599594,True
val,ISIC_0000339,0.13869875416485586,True
val,ISIC_0000344,0.3946449913081269,True
val,ISIC_0000346,0.2341192235260032,True
val,ISIC_0000376,0.23211996228044665,False
val,ISIC_0000379,0.3908119201660156,False
val,ISIC_0000423,0.3222140559443721,False
val,ISIC_0000448,0.19438298543294272,False
val,ISIC_0000500,0.21204334104890113,True
val,ISIC_0000501,0.17727579853413256,True
val,ISIC_0000504,0.12669177172609938,False
val,ISIC_0000505,0.15111161161296977,True
val,ISIC_0000508,0.19234680539758534,True
val,ISIC_0000527,0.2392185260868178,True
val,ISIC_0000532,0.21171499976934705,True
val,ISIC_0000533,0.3775111413859191,True
val,ISIC_0000537,0.3931616862686849,True
val,ISIC_0000547,0.514293044546768,True
val,ISIC_0001100,0.15331381338614006,False
val,ISIC_0001105,0.1440336439344618,False
val,ISIC_0001133,0.24240620930989584,False
val,ISIC_0001184,0.04868785570916485,False
val,ISIC_0001188,0.03775413880387389,False
val,ISIC_0001769,0.03560782916561686,False
val,ISIC_0001852,0.021522922440581172,False
val,ISIC_0002806,0.1288795554356029,False
val,ISIC_0003308,0.09377230830603847,False
val,ISIC_0004115,0.07850109857139863,False
val,ISIC_0006815,0.007762713818547711,False
val,ISIC_0007796,0.04604221125178466,False
val,ISIC_0008403,0.09383611662257496,False
val,ISIC_0008785,0.09555680875745359,False
val,ISIC_0008807,0.03903326699543015,False
val,ISIC_0009188,0.035412714342612776,False
val,ISIC_0009599,0.06893601034504444,False
val,ISIC_0009868,0.17874018351236978,True
val,ISIC_0009875,0.3316459655761719,True
val,ISIC_0009881,0.18461990356445312,True
val,ISIC_0009902,0.3165397644042969,True
val,ISIC_0009906,0.31580479939778644,True
val,ISIC_0009940,0.5276845296223959,True
val,ISIC_0009945,0.10476048787434895,True
val,ISIC_0009969,0.30205408732096356,True
val,ISIC_0010000,0.5387051900227865,True
val,ISIC_0010006,0.34757359822591144,True
val,ISIC_0010022,0.5461006164550781,True
val,ISIC_0010063,0.88165283203125,True
val,ISIC_0010168,0.2480646769205729,True
val,ISIC_0010183,0.0522613525390625,True
val,ISIC_0010215,0.21323776245117188,True
val,ISIC_0010219,0.20081965128580728,True
val,ISIC_0010241,0.21177037556966147,True
val,ISIC_0010248,0.3401743570963542,True
val,ISIC_0010255,0.032343546549479164,True
val,ISIC_0010262,0.10830179850260417,True
val,ISIC_0010267,0.5348078409830729,True
val,ISIC_0010322,0.8705088297526041,True
val,ISIC_0010336,0.2856699625651042,True
val,ISIC_0010356,0.09032567342122395,True
val,ISIC_0010368,0.17838668823242188,True
val,ISIC_0010444,0.040195465087890625,True
val,ISIC_0010458,0.1334228515625,True
val,ISIC_0010554,0.13818359375,True
val,ISIC_0010847,0.3560905456542969,True
val,ISIC_0010860,0.26297632853190106,True
val,ISIC_0011097,0.1308924357096354,True
val,ISIC_0011105,0.5279922485351562,True
val,ISIC_0011112,0.7688331604003906,True
val,ISIC_0011127,0.1235338846842448,True
val,ISIC_0011140,0.10499954223632812,True
val,ISIC_0011156,0.500726064046224,True
val,ISIC_0011161,0.5095367431640625,True
val,ISIC_0011166,0.10137557983398438,True
val,ISIC_0011207,0.05965550740559896,True
val,ISIC_0011211,0.3899688720703125,True
val,ISIC_0011218,0.08806610107421875,True
val,ISIC_0011224,0.2441584269205729,True
val,ISIC_0011295,0.46367772420247394,True
val,ISIC_0011304,0.08172098795572917,True
val,ISIC_0011328,0.24687703450520834,True
val,ISIC_0011347,0.7902234395345052,True
val,ISIC_0011393,0.042490641276041664,True
val,ISIC_0011398,0.3930066426595052,True
val,ISIC_0012086,0.472066267372757,False
val,ISIC_0012118,0.04060671542553192,False
val,ISIC_0012143,0.18688929521276595,False
val,ISIC_0012147,0.03517420212765957,False
val,ISIC_0012151,0.25902509973404253,False
val,ISIC_0012208,0.04621210106382979,False
val,ISIC_0012212,0.02748753324468085,False
val,ISIC_0012227,0.27255051987254736,False
val,ISIC_0012246,0.13332894974740064,False
val,ISIC_0012248,0.3737083433779138,False
val,ISIC_0012258,0.05342859744465873,False
val,ISIC_0012278,0.014296708776595744,False
val,ISIC_0012316,0.018127659574468085,False
val,ISIC_0012360,0.04773786569148936,False
val,ISIC_0012372,0.05157396941489362,False
val,ISIC_0012381,0.12332496675531915,False
val,ISIC_0012390,0.13104138962765957,False
val,ISIC_0012662,0.008793218085106382,False
val,ISIC_0012671,0.12881449468085107,False
val,ISIC_0012699,0.030027260638297873,False
val,ISIC_0012700,0.0376796875,False
val,ISIC_0012704,0.02674468085106383,False
val,ISIC_0012710,0.011782579787234043,False
val,ISIC_0012719,0.09194647606382979,False
val,ISIC_0012721,0.1200063164893617,False
val,ISIC_0012756,0.23683259759845934,False
val,ISIC_0012768,0.1908620345744681,False
val,ISIC_0012840,0.09908377891924293,False
val,ISIC_0012880,0.07789876994680851,False
val,ISIC_0012902,0.15990595666258545,False
val,ISIC_0012905,0.03746697961304969,False
val,ISIC_0012911,0.023133311170212768,False
val,ISIC_0012988,0.028626163563829788,False
val,ISIC_0013001,0.014111980760891745,False
val,ISIC_0013072,0.252656914893617,False
val,ISIC_0013082,0.02539162139067442,False
val,ISIC_0013087,0.054405751329787234,False
val,ISIC_0013104,0.08648142966916642,False
val,ISIC_0013184,0.23773722069176614,False
val,ISIC_0013187,0.09982164228723404,False
val,ISIC_0013191,0.11640292553191489,False
val,ISIC_0013204,0.03467087765957447,False
val,ISIC_0013220,0.07056366356382979,False
val,ISIC_0013227,0.02494503909039894,False
val,ISIC_0013291,0.05443881474823914,False
val,ISIC_0013311,0.03480504451932752,False
val,ISIC_0013330,0.016237582933297,False
val,ISIC_0013341,0.3594742448222371,False
val,ISIC_0013346,0.14068788780815025,False
val,ISIC_0013355,0.004272849892042596,False
val,ISIC_0013356,0.016605574873176255,False
val,ISIC_0013364,0.026444077671683715,False
val,ISIC_0013365,0.0957376805404159,False
val,ISIC_0013427,0.5521286704207194,False
val,ISIC_0013437,0.15248704904200905,False
val,ISIC_0013465,0.020922151444323328,False
val,ISIC_0013480,0.018543527924446485,False
val,ISIC_0013494,0.0645680917742747,False
val,ISIC_0013499,0.06968068867334966,False
val,ISIC_0013523,0.03235804521276596,False
val,ISIC_0013526,0.012067985372340426,False
val,ISIC_0013580,0.0356325760156381,False
val,ISIC_0013600,0.1275585319737782,False
val,ISIC_0013651,0.34440418059806305,False
val,ISIC_0013652,0.05587267287234043,False
val,ISIC_0013656,0.016415038165748394,False
val,ISIC_0013747,0.14585959117684053,False
val,ISIC_0013808,0.01240134475096428,False
val,ISIC_0013815,0.018760301153991278,False
val,ISIC_0013819,0.053313057474216,False
val,ISIC_0013837,0.00958344414893617,False
val,ISIC_0013842,0.04302908909574468,False
val,ISIC_0013969,0.05874638395103136,False
val,ISIC_0013970,0.005434145328483984,False
val,ISIC_0014029,0.04039311835106383,False
val,ISIC_0014077,0.34974030938181283,False
val,ISIC_0014110,0.15535761545153445,False
val,ISIC_0014156,0.06253430988491532,False
val,ISIC_0014169,0.10276301843136844,False
val,ISIC_0014225,0.023173747877536476,False
val,ISIC_0014229,0.04447363559659567,False
val,ISIC_0014288,0.1703349856668204,False
val,ISIC_0014289,0.36434313684387054,False
val,ISIC_0014441,0.05187376189627704,False
val,ISIC_0014454,0.43297723657869364,False
val,ISIC_0014475,0.05450514173339762,False
val,ISIC_0014490,0.025963084201534464,False
val,ISIC_0014498,0.044704060456146236,False
val,ISIC_0014501,0.1244365481668204,False
val,ISIC_0014518,0.1417730300394097,False
val,ISIC_0014541,0.24671443956481637,False
val,ISIC_0014543,0.07212379989099446,False
val,ISIC_0014546,0.5826833015837246,False
val,ISIC_0014558,0.17147417210820895,False
val,ISIC_0014583,0.05110049357208448,False
val,ISIC_0014603,0.11659644105193348,False
val,ISIC_0014623,0.3860350267192123,False
val,ISIC_0014637,0.05789707364044485,False
val,ISIC_0014664,0.5660046190511894,False
val,ISIC_0014680,0.222408949168473,False
val,ISIC_0014685,0.03974039734882927,False
val,ISIC_0014713,0.2415652689988595,False
val,ISIC_0014720,0.49514739706258176,False
val,ISIC_0014725,0.3061285815284882,False
val,ISIC_0014731,0.1046555500794412,False
val,ISIC_0014786,0.5518143828999879,False
val,ISIC_0014795,0.18780239442214516,False
val,ISIC_0014814,0.14570651802436058,False
val,ISIC_0014863,0.17950621550252452,False
val,ISIC_0014869,0.28478119537575813,False
val,ISIC_0014876,0.41218014563340993,False
val,ISIC_0014890,0.11613510151023657,False
val,ISIC_0014891,0.5314508285547216,False
val,ISIC_0014911,0.47467630181498277,False
val,ISIC_0014927,0.542547088689944,False
val,ISIC_0014932,0.5882136950000593,False
val,ISIC_0014938,0.19024443924070145,False
val,ISIC_0014952,0.3417539433893009,False
val,ISIC_0014969,0.3081457009692778,False
val,ISIC_0015005,0.1740147514916695,False
val,ISIC_0015008,0.9150768165599109,False
val,ISIC_0015035,0.0304760452096991,False
val,ISIC_0015040,0.0748996576777168,False
val,ISIC_0015057,0.33559682655142126,False
val,ISIC_0015115,0.4032693345670445,False
val,ISIC_0015155,0.2610385931562881,False
val,ISIC_0015163,0.35017790899368406,False
val,ISIC_0015170,0.317679764020734,False
val,ISIC_0015179,0.23670711357974455,False
val,ISIC_0015216,0.8741509088386671,False
val,ISIC_0015223,0.05501295460061939,False
val,ISIC_0015224,0.8236989327116996,False
val,ISIC_0015251,0.007946370224834243,False
val,ISIC_0015279,0.19615988692008954,False
val,ISIC_0015293,0.11649760608815385,False
val,ISIC_0015298,0.1181845141968665,False
val,ISIC_0015311,0.4637192666289815,False
val,ISIC_0015353,0.12728644878215234,False
val,ISIC_0015603,0.07011537035200659,False
val,ISIC_0015625,0.4023062046664523,False
val,ISIC_0015940,0.015954953457446807,False
val,ISIC_0015953,0.08755152925531914,False
val,ISIC_0015962,0.021635472074468084,False
val,ISIC_0015971,0.017742021276595743,False
val,ISIC_0015980,0.04739045877659574,False
val,ISIC_0015981,0.038183178191489364,False
val,ISIC_0016004,0.05516333470463693,False
val,ISIC_0016014,0.04712720631393594,False
val,ISIC_0016052,0.1825074613764045,False
val,ISIC_0016071,0.03152063047647996,False
test,ISIC_0000052,0.6176066656615721,False
test,ISIC_0000053,0.5533881895105818,False
test,ISIC_0000074,0.3710009516835614,True
test,ISIC_0000075,0.6189094165643968,True
test,ISIC_0000079,0.05949767257787913,False
test,ISIC_0000082,0.2588062286376953,False
test,ISIC_0000102,0.028177579243977863,False
test,ISIC_0000105,0.07218574563074734,False
test,ISIC_0000137,0.24634170532226562,False
test,ISIC_0000148,0.14763412265409778,False
test,ISIC_0000155,0.4820880889892578,False
test,ISIC_0000164,0.34546990889804885,True
test,ISIC_0000173,0.33555109405575745,True
test,ISIC_0000182,0.2669247853480485,False
test,ISIC_0000187,0.812523637701751,True
test,ISIC_0000192,0.5278176513142642,False
test,ISIC_0000196,0.31973195226207274,False
test,ISIC_0000200,0.26058584416793373,True
test,ISIC_0000215,0.7340944002665071,True
test,ISIC_0000217,0.58505954151562,True
test,ISIC_0000231,0.31670706774441215,True
test,ISIC_0000232,0.17919412144702843,True
test,ISIC_0000242,0.36190160115559894,True
test,ISIC_0000256,0.07339859008789062,True
test,ISIC_0000263,0.2193018595377604,True
test,ISIC_0000265,0.25005849202473956,True
test,ISIC_0000277,0.4552001953125,True
test,ISIC_0000290,0.3134956359863281,True
test,ISIC_0000294,0.7353388468424479,True
test,ISIC_0000297,0.1147417789366942,True
test,ISIC_0000299,0.6715943249311893,True
test,ISIC_0000337,0.5380246812979864,True
test,ISIC_0000366,0.06838738591916559,True
test,ISIC_0000370,0.3780987433000145,True
test,ISIC_0000377,0.17711893717447916,False
test,ISIC_0000387,0.10244708591037327,False
test,ISIC_0000413,0.4690855520742911,False
test,ISIC_0000421,0.17775994760018807,False
test,ISIC_0000449,0.034879189950448496,False
test,ISIC_0000479,0.49973814104564485,True
test,ISIC_0000485,0.6126237724513526,True
test,ISIC_0000494,0.13680298709157465,True
test,ISIC_0000515,0.45263744881539353,True
test,ISIC_0000518,0.1871192530100212,True
test,ISIC_0000529,0.3960590840270565,False
test,ISIC_0000530,0.23290115299346845,True
test,ISIC_0000535,0.21124775510755228,True
test,ISIC_0000540,0.5128498994018121,True
test,ISIC_0000542,0.4249007521233644,True
test,ISIC_0000556,0.5105678733948175,True
test,ISIC_0001103,0.19433962414549535,False
test,ISIC_0001181,0.031031120948977024,False
test,ISIC_0001185,0.041780678113994635,False
test,ISIC_0001204,0.09987494226085496,False
test,ISIC_0001212,0.10606782188076472,False
test,ISIC_0001286,0.06000097762870581,False
test,ISIC_0001299,0.06212994457042076,False
test,ISIC_0001449,0.052332005332997394,False
test,ISIC_0002353,0.06946937725707567,False
test,ISIC_0002439,0.08939807597421685,False
test,ISIC_0002453,0.061845349636768285,False
test,ISIC_0002489,0.08423124265138154,False
test,ISIC_0002616,0.032087930912502095,False
test,ISIC_0002673,0.055614770985554715,False
test,ISIC_0005548,0.1155373414798018,False
test,ISIC_0005555,0.08035845511043924,False
test,ISIC_0005639,0.18679515594818175,False
test,ISIC_0005666,0.08352131361803981,False
test,ISIC_0006193,0.06178957887167213,False
test,ISIC_0006914,0.11427626606198035,False
test,ISIC_0007693,0.05619855967078189,False
test,ISIC_0008145,0.02525494127850914,False
test,ISIC_0008256,0.0435461223115462,False
test,ISIC_0008524,0.02660006891455643,False
test,ISIC_0008600,0.13614808384773663,False
test,ISIC_0009874,0.1359736124674479,True
test,ISIC_0009880,0.24005254109700522,True
test,ISIC_0009895,0.22251383463541666,True
test,ISIC_0009923,0.2928937276204427,True
test,ISIC_0010010,0.11248270670572917,True
test,ISIC_0010018,0.13681920369466147,True
test,ISIC_0010019,0.36522547403971356,True
test,ISIC_0010024,0.14721552530924478,True
test,ISIC_0010032,0.13175328572591147,True
test,ISIC_0010036,0.44290796915690106,True
test,ISIC_0010043,0.33089447021484375,True
test,ISIC_0010059,0.0815277099609375,True
test,ISIC_0010060,0.052745819091796875,True
test,ISIC_0010089,0.06858317057291667,True
test,ISIC_0010090,0.04389317830403646,True
test,ISIC_0010180,0.14828872680664062,True
test,ISIC_0010192,0.18966166178385416,True
test,ISIC_0010238,0.3536389668782552,True
test,ISIC_0010239,0.7393900553385416,True
test,ISIC_0010326,0.35331090291341144,True
test,ISIC_0010370,0.3342908223470052,True
test,ISIC_0010456,0.034487406412760414,True
test,ISIC_0010465,0.1914647420247396,True
test,ISIC_0010473,0.40569178263346356,True
test,ISIC_0010475,0.1573359171549479,True
test,ISIC_0010481,0.1275355021158854,True
test,ISIC_0010558,0.44166310628255206,True
test,ISIC_0010593,0.08253987630208333,True
test,ISIC_0010846,0.5176111857096354,True
test,ISIC_0010863,0.5679804484049479,True
test,ISIC_0011110,0.15406672159830728,True
test,ISIC_0011118,0.14706293741861978,True
test,ISIC_0011139,0.3648821512858073,True
test,ISIC_0011150,0.12118021647135417,True
test,ISIC_0011171,0.08719507853190105,True
test,ISIC_0011203,0.3795204162597656,True
test,ISIC_0011227,0.35077158610026044,True
test,ISIC_0011229,0.3747698465983073,True
test,ISIC_0011305,0.13070170084635416,True
test,ISIC_0011317,0.047536214192708336,True
test,ISIC_0011329,0.884161631266276,True
test,ISIC_0011334,0.9566663106282552,True
test,ISIC_0011349,0.6387888590494791,True
test,ISIC_0011362,0.17571258544921875,True
test,ISIC_0012102,0.0384453125,False
test,ISIC_0012201,0.060056183510638295,False
test,ISIC_0012206,0.10473703457446809,False
test,ISIC_0012228,0.05409276803307899,False
test,ISIC_0012235,0.04814053525385712,False
test,ISIC_0012253,0.10381344135187826,False
test,ISIC_0012261,0.04164376611500084,False
test,ISIC_0012271,0.02685727022367097,False
test,ISIC_0012325,0.10453723404255319,False
test,ISIC_0012333,0.0178359375,False
test,ISIC_0012348,0.11195711436170212,False
test,ISIC_0012406,0.008244116714531275,False
test,ISIC_0012445,0.038737825313390914,False
test,ISIC_0012469,0.23211472373909944,False
test,ISIC_0012489,0.1307729042637934,False
test,ISIC_0012520,0.05097130547228744,False
test,ISIC_0012672,0.07296077127659574,False
test,ISIC_0012678,0.06642170877659574,False
test,ISIC_0012690,0.06549867021276595,False
test,ISIC_0012705,0.014482878989361701,False
test,ISIC_0012735,0.02776811835106383,False
test,ISIC_0012741,0.03181748670212766,False
test,ISIC_0012773,0.4317746010638298,False
test,ISIC_0012823,0.012691426576369758,False
test,ISIC_0012873,0.011774767287234042,False
test,ISIC_0012878,0.06192657716687073,False
test,ISIC_0012901,0.04073055186170213,False
test,ISIC_0012904,0.10756794587287012,False
test,ISIC_0012957,0.024633168809305172,False
test,ISIC_0012965,0.008537732712765957,False
test,ISIC_0012990,0.028077958776595746,False
test,ISIC_0013012,0.05064561170212766,False
test,ISIC_0013037,0.030583414638812367,False
test,ISIC_0013075,0.05737297214569942,False
test,ISIC_0013086,0.0502436835106383,False
test,ISIC_0013159,0.1058741813654219,False
test,ISIC_0013160,0.15635588430851063,False
test,ISIC_0013167,0.11455663006325885,False
test,ISIC_0013170,0.4294597739361702,False
test,ISIC_0013200,0.03931499335106383,False
test,ISIC_0013208,0.00775249335106383,False
test,ISIC_0013224,0.0252052963345577,False
test,ISIC_0013230,0.035065990691489364,False
test,ISIC_0013249,0.029703203117028874,False
test,ISIC_0013271,0.03657482863072279,False
test,ISIC_0013302,0.008511963095337917,False
test,ISIC_0013329,0.023082609686818717,False
test,ISIC_0013342,0.02358554838168707,False
test,ISIC_0013425,0.04745916878039577,False
test,ISIC_0013430,0.06375538149316619,False
test,ISIC_0013518,0.3832798186472832,False
test,ISIC_0013572,0.06381941569365253,False
test,ISIC_0013577,0.1051945165761781,False
test,ISIC_0013578,0.07158876221071608,False
test,ISIC_0013579,0.09559872141225055,False
test,ISIC_0013588,0.13018177524421432,False
test,ISIC_0013615,0.11020318657764548,False
test,ISIC_0013639,0.06346928884807673,False
test,ISIC_0013667,0.15417750739720437,False
test,ISIC_0013696,0.020740202603555257,False
test,ISIC_0013712,0.01738692313537649,False
test,ISIC_0013736,0.11271681554481805,False
test,ISIC_0013766,0.03775241921536978,False
test,ISIC_0013805,0.11488816451450612,False
test,ISIC_0013817,0.0855030991897954,False
test,ISIC_0013832,0.27222938829787235,False
test,ISIC_0013891,0.011167744712183465,False
test,ISIC_0013910,0.017511635638297874,False
test,ISIC_0013918,0.06653008643617021,False
test,ISIC_0013948,0.24175797872340427,False
test,ISIC_0013962,0.015873685251760857,False
test,ISIC_0014073,0.22462427810036895,False
test,ISIC_0014093,0.032270289179104475,False
test,ISIC_0014099,0.14809669393551902,False
test,ISIC_0014131,0.01582250702247191,False
test,ISIC_0014189,0.5284538672071525,False
test,ISIC_0014211,0.11013374795614624,False
test,ISIC_0014299,0.009319842151601542,False
test,ISIC_0014336,0.31481456612653025,False
test,ISIC_0014346,0.011047537287229582,False
test,ISIC_0014357,0.1281370207424954,False
test,ISIC_0014440,0.006784677385544189,False
test,ISIC_0014506,0.5028735961606993,False
test,ISIC_0014572,0.05462353171870217,False
test,ISIC_0014577,0.12047618705999388,False
test,ISIC_0014605,0.32800284250331596,False
test,ISIC_0014624,0.09900476513876134,False
test,ISIC_0014635,0.12266665231864096,False
test,ISIC_0014639,0.12178883213447607,False
test,ISIC_0014657,0.11115186027234178,False
test,ISIC_0014665,0.10276947440965556,False
test,ISIC_0014683,0.24109794464455003,False
test,ISIC_0014684,0.0655674944549398,False
test,ISIC_0014693,0.6537586281577552,False
test,ISIC_0014694,0.29861064235095935,False
test,ISIC_0014696,0.4941873464583993,False
test,ISIC_0014697,0.1706174467889747,False
test,ISIC_0014716,0.39359032274255884,False
test,ISIC_0014722,0.5411328138279796,False
test,ISIC_0014728,0.4750218448552703,False
test,ISIC_0014753,0.5085518377288724,False
test,ISIC_0014755,0.2660625680675985,False
test,ISIC_0014772,0.4723288026639261,False
test,ISIC_0014773,0.2032094201032508,False
test,ISIC_0014794,0.3739158609136399,False
test,ISIC_0014796,0.1395792011915558,False
test,ISIC_0014804,0.22376313073913767,False
test,ISIC_0014839,0.13951815375127744,False
test,ISIC_0014851,0.17230259820988292,False
test,ISIC_0014910,0.5008617859047505,False
test,ISIC_0014915,0.461606831098635,False
test,ISIC_0014930,0.15651544032176903,False
test,ISIC_0014936,0.2061286210881275,False
test,ISIC_0014942,0.09954349931099998,False
test,ISIC_0014982,0.381183018421829,False
test,ISIC_0014987,0.17498928747895937,False
test,ISIC_0015015,0.46963582721158853,False
test,ISIC_0015016,0.514223535108252,False
test,ISIC_0015078,0.5137612841435047,False
test,ISIC_0015144,0.09982567500260618,False
test,ISIC_0015173,0.40438010011796205,False
test,ISIC_0015175,0.18702286429034412,False
test,ISIC_0015176,0.5748596307785426,False
test,ISIC_0015226,0.032043708667792076,False
test,ISIC_0015255,0.8548735770137489,False
test,ISIC_0015256,0.8482803663532824,False
test,ISIC_0015313,0.628838362183308,False
test,ISIC_0015416,0.5582991005329144,False
test,ISIC_0015419,0.6847348512142588,False
test,ISIC_0015526,0.10815641335376366,False
test,ISIC_0015614,0.09065341279529518,False
test,ISIC_0015638,0.21609145436173613,False
test,ISIC_0015939,0.026932845744680852,False
test,ISIC_0015945,0.023873670212765957,False
test,ISIC_0015968,0.08180252659574468,False
test,ISIC_0016023,0.040918576548311394,False
test,ISIC_0016030,0.09266182801756666,False
test,ISIC_0016038,0.017797539893617022,False
test,ISIC_0016046,0.04471841755319149,False
test,ISIC_0016056,0.01217697939376153,False
test,ISIC_0016072,0.10361020236772597,False
